2025-12-10 00:44:07 - core.page_navigator - ERROR - Error during page scroll: HTTPConnectionPool(host='localhost', port=53538): Read timed out. (read timeout=120)
2025-12-10 00:51:41 - scraping.match_scraper - ERROR - Error scraping match 1473511: column "player_of_the_series" of relation "match_metadata" does not exist
LINE 2: ...venue, toss, series, season, player_of_the_match, player_of_...
                                                             ^
Traceback (most recent call last):
  File "C:\Users\prade\Pycharm\Cricinfo_scraper\scraping\match_scraper.py", line 344, in scrape
    save_to_db("raw", "match_metadata", metadata_df)
  File "C:\Users\prade\Pycharm\Cricinfo_scraper\configs\db_config.py", line 112, in save_to_db
    execute_values(cur, insert_query, values)
  File "C:\Users\prade\PycharmProjects\Cricinfo_scraper\.venv\Lib\site-packages\psycopg2\extras.py", line 1299, in execute_values
    cur.execute(b''.join(parts))
psycopg2.errors.UndefinedColumn: column "player_of_the_series" of relation "match_metadata" does not exist
LINE 2: ...venue, toss, series, season, player_of_the_match, player_of_...
                                                             ^

2025-12-10 00:51:44 - __main__ - ERROR - Non-retryable error for match 1473511: column "player_of_the_series" of relation "match_metadata" does not exist
LINE 2: ...venue, toss, series, season, player_of_the_match, player_of_...
                                                             ^

2025-12-10 00:51:44 - __main__ - ERROR - Failed match 1473511: column "player_of_the_series" of relation "match_metadata" does not exist
LINE 2: ...venue, toss, series, season, player_of_the_match, player_of_...
                                                             ^

2025-12-10 00:51:49 - medallionlayer.silver_layer - ERROR - Error processing match_metadata: value too long for type character varying(255)

2025-12-10 00:53:25 - medallionlayer.silver_layer - ERROR -   Error during player name enrichment: unterminated character set at position 0
Traceback (most recent call last):
  File "C:\Users\prade\Pycharm\Cricinfo_scraper\medallionlayer\silver_layer.py", line 180, in _enrich_player_names
    df, stats = self._enrich_column(df, column, players_df)
                ^^^^^^^^^^^^^^^^^^^^^^^^^^^^^^^^^^^^^^^^^^^
  File "C:\Users\prade\Pycharm\Cricinfo_scraper\medallionlayer\silver_layer.py", line 256, in _enrich_column
    full_name = self._find_full_player_name(
                ^^^^^^^^^^^^^^^^^^^^^^^^^^^^
  File "C:\Users\prade\Pycharm\Cricinfo_scraper\medallionlayer\silver_layer.py", line 364, in _find_full_player_name
    match_players['player_name'].str.lower().str.contains(part.lower(), na=False)
  File "C:\Users\prade\PycharmProjects\Cricinfo_scraper\.venv\Lib\site-packages\pandas\core\strings\accessor.py", line 136, in wrapper
    return func(self, *args, **kwargs)
           ^^^^^^^^^^^^^^^^^^^^^^^^^^^
  File "C:\Users\prade\PycharmProjects\Cricinfo_scraper\.venv\Lib\site-packages\pandas\core\strings\accessor.py", line 1303, in contains
    if regex and re.compile(pat).groups:
                 ^^^^^^^^^^^^^^^
  File "C:\Users\prade\AppData\Local\Programs\Python\Python311\Lib\re\__init__.py", line 227, in compile
    return _compile(pattern, flags)
           ^^^^^^^^^^^^^^^^^^^^^^^^
  File "C:\Users\prade\AppData\Local\Programs\Python\Python311\Lib\re\__init__.py", line 294, in _compile
    p = _compiler.compile(pattern, flags)
        ^^^^^^^^^^^^^^^^^^^^^^^^^^^^^^^^^
  File "C:\Users\prade\AppData\Local\Programs\Python\Python311\Lib\re\_compiler.py", line 745, in compile
    p = _parser.parse(p, flags)
        ^^^^^^^^^^^^^^^^^^^^^^^
  File "C:\Users\prade\AppData\Local\Programs\Python\Python311\Lib\re\_parser.py", line 989, in parse
    p = _parse_sub(source, state, flags & SRE_FLAG_VERBOSE, 0)
        ^^^^^^^^^^^^^^^^^^^^^^^^^^^^^^^^^^^^^^^^^^^^^^^^^^^^^^
  File "C:\Users\prade\AppData\Local\Programs\Python\Python311\Lib\re\_parser.py", line 464, in _parse_sub
    itemsappend(_parse(source, state, verbose, nested + 1,
                ^^^^^^^^^^^^^^^^^^^^^^^^^^^^^^^^^^^^^^^^^^
  File "C:\Users\prade\AppData\Local\Programs\Python\Python311\Lib\re\_parser.py", line 572, in _parse
    raise source.error("unterminated character set",
re.error: unterminated character set at position 0
2025-12-10 00:53:26 - medallionlayer.silver_layer - ERROR - Error processing match_events: column "fielder_name_enriched" of relation "match_events" does not exist
LINE 2: ..._at, runs_scored, dismissal_method, fielder_name, fielder_na...
                                                             ^

2025-12-10 00:53:26 - medallionlayer.gold_layer - ERROR - Error processing match_summary: Length mismatch: Expected axis has 1 elements, new values have 3 elements
2025-12-10 00:53:26 - medallionlayer.gold_layer - ERROR - Full error details:
Traceback (most recent call last):
  File "C:\Users\prade\Pycharm\Cricinfo_scraper\medallionlayer\gold_layer.py", line 46, in run
    rows_created = self._process_aggregation(agg_name, agg_config)
                   ^^^^^^^^^^^^^^^^^^^^^^^^^^^^^^^^^^^^^^^^^^^^^^^
  File "C:\Users\prade\Pycharm\Cricinfo_scraper\medallionlayer\gold_layer.py", line 77, in _process_aggregation
    return self._process_match_summary()
           ^^^^^^^^^^^^^^^^^^^^^^^^^^^^^
  File "C:\Users\prade\Pycharm\Cricinfo_scraper\medallionlayer\gold_layer.py", line 143, in _process_match_summary
    df_scores_pivot.columns = ['matchid', 'first_innings_score', 'second_innings_score']
    ^^^^^^^^^^^^^^^^^^^^^^^
  File "C:\Users\prade\PycharmProjects\Cricinfo_scraper\.venv\Lib\site-packages\pandas\core\generic.py", line 6218, in __setattr__
    return object.__setattr__(self, name, value)
           ^^^^^^^^^^^^^^^^^^^^^^^^^^^^^^^^^^^^^
  File "properties.pyx", line 69, in pandas._libs.properties.AxisProperty.__set__
  File "C:\Users\prade\PycharmProjects\Cricinfo_scraper\.venv\Lib\site-packages\pandas\core\generic.py", line 767, in _set_axis
    self._mgr.set_axis(axis, labels)
  File "C:\Users\prade\PycharmProjects\Cricinfo_scraper\.venv\Lib\site-packages\pandas\core\internals\managers.py", line 227, in set_axis
    self._validate_set_axis(axis, new_labels)
  File "C:\Users\prade\PycharmProjects\Cricinfo_scraper\.venv\Lib\site-packages\pandas\core\internals\base.py", line 85, in _validate_set_axis
    raise ValueError(
ValueError: Length mismatch: Expected axis has 1 elements, new values have 3 elements
2025-12-10 00:53:28 - pipeline.orchestrator - ERROR -     - Error processing match_metadata: value too long for type character varying(255)

2025-12-10 00:53:28 - pipeline.orchestrator - ERROR -     - Error processing match_events: column "fielder_name_enriched" of relation "match_events" does not exist
LINE 2: ..._at, runs_scored, dismissal_method, fielder_name, fielder_na...
                                                             ^

2025-12-10 00:53:28 - pipeline.orchestrator - ERROR -     - Error processing match_summary: Length mismatch: Expected axis has 1 elements, new values have 3 elements
2025-12-10 13:10:19 - medallionlayer.silver_layer - ERROR - Error processing match_metadata: value too long for type character varying(255)

2025-12-10 13:12:40 - medallionlayer.silver_layer - ERROR -   Error during player name enrichment: unterminated character set at position 0
Traceback (most recent call last):
  File "C:\Users\prade\Pycharm\Cricinfo_scraper\medallionlayer\silver_layer.py", line 180, in _enrich_player_names
    df, stats = self._enrich_column(df, column, players_df)
                ^^^^^^^^^^^^^^^^^^^^^^^^^^^^^^^^^^^^^^^^^^^
  File "C:\Users\prade\Pycharm\Cricinfo_scraper\medallionlayer\silver_layer.py", line 256, in _enrich_column
    full_name = self._find_full_player_name(
                ^^^^^^^^^^^^^^^^^^^^^^^^^^^^
  File "C:\Users\prade\Pycharm\Cricinfo_scraper\medallionlayer\silver_layer.py", line 364, in _find_full_player_name
    match_players['player_name'].str.lower().str.contains(part.lower(), na=False)
  File "C:\Users\prade\PycharmProjects\Cricinfo_scraper\.venv\Lib\site-packages\pandas\core\strings\accessor.py", line 136, in wrapper
    return func(self, *args, **kwargs)
           ^^^^^^^^^^^^^^^^^^^^^^^^^^^
  File "C:\Users\prade\PycharmProjects\Cricinfo_scraper\.venv\Lib\site-packages\pandas\core\strings\accessor.py", line 1303, in contains
    if regex and re.compile(pat).groups:
                 ^^^^^^^^^^^^^^^
  File "C:\Users\prade\AppData\Local\Programs\Python\Python311\Lib\re\__init__.py", line 227, in compile
    return _compile(pattern, flags)
           ^^^^^^^^^^^^^^^^^^^^^^^^
  File "C:\Users\prade\AppData\Local\Programs\Python\Python311\Lib\re\__init__.py", line 294, in _compile
    p = _compiler.compile(pattern, flags)
        ^^^^^^^^^^^^^^^^^^^^^^^^^^^^^^^^^
  File "C:\Users\prade\AppData\Local\Programs\Python\Python311\Lib\re\_compiler.py", line 745, in compile
    p = _parser.parse(p, flags)
        ^^^^^^^^^^^^^^^^^^^^^^^
  File "C:\Users\prade\AppData\Local\Programs\Python\Python311\Lib\re\_parser.py", line 989, in parse
    p = _parse_sub(source, state, flags & SRE_FLAG_VERBOSE, 0)
        ^^^^^^^^^^^^^^^^^^^^^^^^^^^^^^^^^^^^^^^^^^^^^^^^^^^^^^
  File "C:\Users\prade\AppData\Local\Programs\Python\Python311\Lib\re\_parser.py", line 464, in _parse_sub
    itemsappend(_parse(source, state, verbose, nested + 1,
                ^^^^^^^^^^^^^^^^^^^^^^^^^^^^^^^^^^^^^^^^^^
  File "C:\Users\prade\AppData\Local\Programs\Python\Python311\Lib\re\_parser.py", line 572, in _parse
    raise source.error("unterminated character set",
re.error: unterminated character set at position 0
2025-12-10 13:12:41 - medallionlayer.silver_layer - ERROR - Error processing match_events: column "fielder_name_enriched" of relation "match_events" does not exist
LINE 2: ..._at, runs_scored, dismissal_method, fielder_name, fielder_na...
                                                             ^

2025-12-10 13:12:42 - medallionlayer.gold_layer - ERROR - Error processing match_summary: Length mismatch: Expected axis has 1 elements, new values have 3 elements
2025-12-10 13:12:42 - medallionlayer.gold_layer - ERROR - Full error details:
Traceback (most recent call last):
  File "C:\Users\prade\Pycharm\Cricinfo_scraper\medallionlayer\gold_layer.py", line 46, in run
    rows_created = self._process_aggregation(agg_name, agg_config)
                   ^^^^^^^^^^^^^^^^^^^^^^^^^^^^^^^^^^^^^^^^^^^^^^^
  File "C:\Users\prade\Pycharm\Cricinfo_scraper\medallionlayer\gold_layer.py", line 77, in _process_aggregation
    return self._process_match_summary()
           ^^^^^^^^^^^^^^^^^^^^^^^^^^^^^
  File "C:\Users\prade\Pycharm\Cricinfo_scraper\medallionlayer\gold_layer.py", line 143, in _process_match_summary
    df_scores_pivot.columns = ['matchid', 'first_innings_score', 'second_innings_score']
    ^^^^^^^^^^^^^^^^^^^^^^^
  File "C:\Users\prade\PycharmProjects\Cricinfo_scraper\.venv\Lib\site-packages\pandas\core\generic.py", line 6218, in __setattr__
    return object.__setattr__(self, name, value)
           ^^^^^^^^^^^^^^^^^^^^^^^^^^^^^^^^^^^^^
  File "properties.pyx", line 69, in pandas._libs.properties.AxisProperty.__set__
  File "C:\Users\prade\PycharmProjects\Cricinfo_scraper\.venv\Lib\site-packages\pandas\core\generic.py", line 767, in _set_axis
    self._mgr.set_axis(axis, labels)
  File "C:\Users\prade\PycharmProjects\Cricinfo_scraper\.venv\Lib\site-packages\pandas\core\internals\managers.py", line 227, in set_axis
    self._validate_set_axis(axis, new_labels)
  File "C:\Users\prade\PycharmProjects\Cricinfo_scraper\.venv\Lib\site-packages\pandas\core\internals\base.py", line 85, in _validate_set_axis
    raise ValueError(
ValueError: Length mismatch: Expected axis has 1 elements, new values have 3 elements
2025-12-10 13:12:44 - pipeline.orchestrator - ERROR -     - Error processing match_metadata: value too long for type character varying(255)

2025-12-10 13:12:44 - pipeline.orchestrator - ERROR -     - Error processing match_events: column "fielder_name_enriched" of relation "match_events" does not exist
LINE 2: ..._at, runs_scored, dismissal_method, fielder_name, fielder_na...
                                                             ^

2025-12-10 13:12:44 - pipeline.orchestrator - ERROR -     - Error processing match_summary: Length mismatch: Expected axis has 1 elements, new values have 3 elements
2025-12-10 13:14:34 - configs.db_config - ERROR - Error initializing medallion schema: syntax error at or near "-"
LINE 223: - Fix SILVER layer column limits (this is where the error is...
          ^

2025-12-10 13:14:34 - __main__ - ERROR - Fatal error: syntax error at or near "-"
LINE 223: - Fix SILVER layer column limits (this is where the error is...
          ^
Traceback (most recent call last):
  File "C:\Users\prade\Pycharm\Cricinfo_scraper\main.py", line 525, in main
    initialize_medallion_schema()
  File "C:\Users\prade\Pycharm\Cricinfo_scraper\configs\db_config.py", line 76, in initialize_medallion_schema
    cursor.execute(sql)
psycopg2.errors.SyntaxError: syntax error at or near "-"
LINE 223: - Fix SILVER layer column limits (this is where the error is...
          ^

2025-12-10 13:16:44 - medallionlayer.silver_layer - ERROR -   Error during player name enrichment: unterminated character set at position 0
Traceback (most recent call last):
  File "C:\Users\prade\Pycharm\Cricinfo_scraper\medallionlayer\silver_layer.py", line 180, in _enrich_player_names
    df, stats = self._enrich_column(df, column, players_df)
                ^^^^^^^^^^^^^^^^^^^^^^^^^^^^^^^^^^^^^^^^^^^
  File "C:\Users\prade\Pycharm\Cricinfo_scraper\medallionlayer\silver_layer.py", line 256, in _enrich_column
    full_name = self._find_full_player_name(
                ^^^^^^^^^^^^^^^^^^^^^^^^^^^^
  File "C:\Users\prade\Pycharm\Cricinfo_scraper\medallionlayer\silver_layer.py", line 364, in _find_full_player_name
    match_players['player_name'].str.lower().str.contains(part.lower(), na=False)
  File "C:\Users\prade\PycharmProjects\Cricinfo_scraper\.venv\Lib\site-packages\pandas\core\strings\accessor.py", line 136, in wrapper
    return func(self, *args, **kwargs)
           ^^^^^^^^^^^^^^^^^^^^^^^^^^^
  File "C:\Users\prade\PycharmProjects\Cricinfo_scraper\.venv\Lib\site-packages\pandas\core\strings\accessor.py", line 1303, in contains
    if regex and re.compile(pat).groups:
                 ^^^^^^^^^^^^^^^
  File "C:\Users\prade\AppData\Local\Programs\Python\Python311\Lib\re\__init__.py", line 227, in compile
    return _compile(pattern, flags)
           ^^^^^^^^^^^^^^^^^^^^^^^^
  File "C:\Users\prade\AppData\Local\Programs\Python\Python311\Lib\re\__init__.py", line 294, in _compile
    p = _compiler.compile(pattern, flags)
        ^^^^^^^^^^^^^^^^^^^^^^^^^^^^^^^^^
  File "C:\Users\prade\AppData\Local\Programs\Python\Python311\Lib\re\_compiler.py", line 745, in compile
    p = _parser.parse(p, flags)
        ^^^^^^^^^^^^^^^^^^^^^^^
  File "C:\Users\prade\AppData\Local\Programs\Python\Python311\Lib\re\_parser.py", line 989, in parse
    p = _parse_sub(source, state, flags & SRE_FLAG_VERBOSE, 0)
        ^^^^^^^^^^^^^^^^^^^^^^^^^^^^^^^^^^^^^^^^^^^^^^^^^^^^^^
  File "C:\Users\prade\AppData\Local\Programs\Python\Python311\Lib\re\_parser.py", line 464, in _parse_sub
    itemsappend(_parse(source, state, verbose, nested + 1,
                ^^^^^^^^^^^^^^^^^^^^^^^^^^^^^^^^^^^^^^^^^^
  File "C:\Users\prade\AppData\Local\Programs\Python\Python311\Lib\re\_parser.py", line 572, in _parse
    raise source.error("unterminated character set",
re.error: unterminated character set at position 0
2025-12-10 13:16:45 - medallionlayer.silver_layer - ERROR - Error processing match_events: column "fielder_name_enriched" of relation "match_events" does not exist
LINE 2: ..._at, runs_scored, dismissal_method, fielder_name, fielder_na...
                                                             ^

2025-12-10 13:16:46 - medallionlayer.gold_layer - ERROR - Error processing match_summary: Length mismatch: Expected axis has 1 elements, new values have 3 elements
2025-12-10 13:16:46 - medallionlayer.gold_layer - ERROR - Full error details:
Traceback (most recent call last):
  File "C:\Users\prade\Pycharm\Cricinfo_scraper\medallionlayer\gold_layer.py", line 46, in run
    rows_created = self._process_aggregation(agg_name, agg_config)
                   ^^^^^^^^^^^^^^^^^^^^^^^^^^^^^^^^^^^^^^^^^^^^^^^
  File "C:\Users\prade\Pycharm\Cricinfo_scraper\medallionlayer\gold_layer.py", line 77, in _process_aggregation
    return self._process_match_summary()
           ^^^^^^^^^^^^^^^^^^^^^^^^^^^^^
  File "C:\Users\prade\Pycharm\Cricinfo_scraper\medallionlayer\gold_layer.py", line 143, in _process_match_summary
    df_scores_pivot.columns = ['matchid', 'first_innings_score', 'second_innings_score']
    ^^^^^^^^^^^^^^^^^^^^^^^
  File "C:\Users\prade\PycharmProjects\Cricinfo_scraper\.venv\Lib\site-packages\pandas\core\generic.py", line 6218, in __setattr__
    return object.__setattr__(self, name, value)
           ^^^^^^^^^^^^^^^^^^^^^^^^^^^^^^^^^^^^^
  File "properties.pyx", line 69, in pandas._libs.properties.AxisProperty.__set__
  File "C:\Users\prade\PycharmProjects\Cricinfo_scraper\.venv\Lib\site-packages\pandas\core\generic.py", line 767, in _set_axis
    self._mgr.set_axis(axis, labels)
  File "C:\Users\prade\PycharmProjects\Cricinfo_scraper\.venv\Lib\site-packages\pandas\core\internals\managers.py", line 227, in set_axis
    self._validate_set_axis(axis, new_labels)
  File "C:\Users\prade\PycharmProjects\Cricinfo_scraper\.venv\Lib\site-packages\pandas\core\internals\base.py", line 85, in _validate_set_axis
    raise ValueError(
ValueError: Length mismatch: Expected axis has 1 elements, new values have 3 elements
2025-12-10 13:16:48 - pipeline.orchestrator - ERROR -     - Error processing match_events: column "fielder_name_enriched" of relation "match_events" does not exist
LINE 2: ..._at, runs_scored, dismissal_method, fielder_name, fielder_na...
                                                             ^

2025-12-10 13:16:48 - pipeline.orchestrator - ERROR -     - Error processing match_summary: Length mismatch: Expected axis has 1 elements, new values have 3 elements
2025-12-10 13:20:21 - medallionlayer.silver_layer - ERROR -   Error during player name enrichment: SilverLayer._find_full_player_name() takes 4 positional arguments but 5 were given
Traceback (most recent call last):
  File "C:\Users\prade\Pycharm\Cricinfo_scraper\medallionlayer\silver_layer.py", line 180, in _enrich_player_names
    df, stats = self._enrich_column(df, column, players_df)
                ^^^^^^^^^^^^^^^^^^^^^^^^^^^^^^^^^^^^^^^^^^^
  File "C:\Users\prade\Pycharm\Cricinfo_scraper\medallionlayer\silver_layer.py", line 256, in _enrich_column
    full_name = self._find_full_player_name(
                ^^^^^^^^^^^^^^^^^^^^^^^^^^^^
TypeError: SilverLayer._find_full_player_name() takes 4 positional arguments but 5 were given
2025-12-10 13:20:22 - medallionlayer.silver_layer - ERROR - Error processing match_events: column "batsman_enriched" of relation "match_events" does not exist
LINE 2: ..._at, runs_scored, dismissal_method, fielder_name, batsman_en...
                                                             ^

2025-12-10 13:20:23 - medallionlayer.gold_layer - ERROR - Error processing match_summary: Length mismatch: Expected axis has 1 elements, new values have 3 elements
2025-12-10 13:20:23 - medallionlayer.gold_layer - ERROR - Full error details:
Traceback (most recent call last):
  File "C:\Users\prade\Pycharm\Cricinfo_scraper\medallionlayer\gold_layer.py", line 46, in run
    rows_created = self._process_aggregation(agg_name, agg_config)
                   ^^^^^^^^^^^^^^^^^^^^^^^^^^^^^^^^^^^^^^^^^^^^^^^
  File "C:\Users\prade\Pycharm\Cricinfo_scraper\medallionlayer\gold_layer.py", line 77, in _process_aggregation
    return self._process_match_summary()
           ^^^^^^^^^^^^^^^^^^^^^^^^^^^^^
  File "C:\Users\prade\Pycharm\Cricinfo_scraper\medallionlayer\gold_layer.py", line 143, in _process_match_summary
    df_scores_pivot.columns = ['matchid', 'first_innings_score', 'second_innings_score']
    ^^^^^^^^^^^^^^^^^^^^^^^
  File "C:\Users\prade\PycharmProjects\Cricinfo_scraper\.venv\Lib\site-packages\pandas\core\generic.py", line 6218, in __setattr__
    return object.__setattr__(self, name, value)
           ^^^^^^^^^^^^^^^^^^^^^^^^^^^^^^^^^^^^^
  File "properties.pyx", line 69, in pandas._libs.properties.AxisProperty.__set__
  File "C:\Users\prade\PycharmProjects\Cricinfo_scraper\.venv\Lib\site-packages\pandas\core\generic.py", line 767, in _set_axis
    self._mgr.set_axis(axis, labels)
  File "C:\Users\prade\PycharmProjects\Cricinfo_scraper\.venv\Lib\site-packages\pandas\core\internals\managers.py", line 227, in set_axis
    self._validate_set_axis(axis, new_labels)
  File "C:\Users\prade\PycharmProjects\Cricinfo_scraper\.venv\Lib\site-packages\pandas\core\internals\base.py", line 85, in _validate_set_axis
    raise ValueError(
ValueError: Length mismatch: Expected axis has 1 elements, new values have 3 elements
2025-12-10 13:20:24 - pipeline.orchestrator - ERROR -     - Error processing match_events: column "batsman_enriched" of relation "match_events" does not exist
LINE 2: ..._at, runs_scored, dismissal_method, fielder_name, batsman_en...
                                                             ^

2025-12-10 13:20:24 - pipeline.orchestrator - ERROR -     - Error processing match_summary: Length mismatch: Expected axis has 1 elements, new values have 3 elements
2025-12-10 13:26:49 - medallionlayer.gold_layer - ERROR - Error processing match_summary: Length mismatch: Expected axis has 13 elements, new values have 3 elements
2025-12-10 13:26:49 - medallionlayer.gold_layer - ERROR - Full error details:
Traceback (most recent call last):
  File "C:\Users\prade\Pycharm\Cricinfo_scraper\medallionlayer\gold_layer.py", line 46, in run
    rows_created = self._process_aggregation(agg_name, agg_config)
                   ^^^^^^^^^^^^^^^^^^^^^^^^^^^^^^^^^^^^^^^^^^^^^^^
  File "C:\Users\prade\Pycharm\Cricinfo_scraper\medallionlayer\gold_layer.py", line 77, in _process_aggregation
    return self._process_match_summary()
           ^^^^^^^^^^^^^^^^^^^^^^^^^^^^^
  File "C:\Users\prade\Pycharm\Cricinfo_scraper\medallionlayer\gold_layer.py", line 143, in _process_match_summary
    df_scores_pivot.columns = ['matchid', 'first_innings_score', 'second_innings_score']
    ^^^^^^^^^^^^^^^^^^^^^^^
  File "C:\Users\prade\PycharmProjects\Cricinfo_scraper\.venv\Lib\site-packages\pandas\core\generic.py", line 6218, in __setattr__
    return object.__setattr__(self, name, value)
           ^^^^^^^^^^^^^^^^^^^^^^^^^^^^^^^^^^^^^
  File "properties.pyx", line 69, in pandas._libs.properties.AxisProperty.__set__
  File "C:\Users\prade\PycharmProjects\Cricinfo_scraper\.venv\Lib\site-packages\pandas\core\generic.py", line 767, in _set_axis
    self._mgr.set_axis(axis, labels)
  File "C:\Users\prade\PycharmProjects\Cricinfo_scraper\.venv\Lib\site-packages\pandas\core\internals\managers.py", line 227, in set_axis
    self._validate_set_axis(axis, new_labels)
  File "C:\Users\prade\PycharmProjects\Cricinfo_scraper\.venv\Lib\site-packages\pandas\core\internals\base.py", line 85, in _validate_set_axis
    raise ValueError(
ValueError: Length mismatch: Expected axis has 13 elements, new values have 3 elements
2025-12-10 13:26:51 - pipeline.orchestrator - ERROR -     - Error processing match_summary: Length mismatch: Expected axis has 13 elements, new values have 3 elements
2025-12-10 13:39:39 - medallionlayer.silver_layer - ERROR - Error processing match_events: cannot insert innings, already exists
Traceback (most recent call last):
  File "C:\Users\prade\Pycharm\Cricinfo_scraper\medallionlayer\silver_layer.py", line 58, in run
    rows_processed = self._process_table(table_name, transforms)
                     ^^^^^^^^^^^^^^^^^^^^^^^^^^^^^^^^^^^^^^^^^^^
  File "C:\Users\prade\Pycharm\Cricinfo_scraper\medallionlayer\silver_layer.py", line 116, in _process_table
    df = self._enrich_team_names(df, table_name)
         ^^^^^^^^^^^^^^^^^^^^^^^^^^^^^^^^^^^^^^^
  File "C:\Users\prade\Pycharm\Cricinfo_scraper\medallionlayer\silver_layer.py", line 898, in _enrich_team_names
    innings_mapping = df.groupby([original_innings, df['innings']]).size().reset_index(name='count')
                      ^^^^^^^^^^^^^^^^^^^^^^^^^^^^^^^^^^^^^^^^^^^^^^^^^^^^^^^^^^^^^^^^^^^^^^^^^^^^^^
  File "C:\Users\prade\PycharmProjects\Cricinfo_scraper\.venv\Lib\site-packages\pandas\core\series.py", line 1671, in reset_index
    return df.reset_index(
           ^^^^^^^^^^^^^^^
  File "C:\Users\prade\PycharmProjects\Cricinfo_scraper\.venv\Lib\site-packages\pandas\core\frame.py", line 6220, in reset_index
    new_obj.insert(
  File "C:\Users\prade\PycharmProjects\Cricinfo_scraper\.venv\Lib\site-packages\pandas\core\frame.py", line 4931, in insert
    raise ValueError(f"cannot insert {column}, already exists")
ValueError: cannot insert innings, already exists
2025-12-10 13:39:40 - medallionlayer.gold_layer - ERROR - Error processing match_summary: Length mismatch: Expected axis has 1 elements, new values have 3 elements
2025-12-10 13:39:40 - medallionlayer.gold_layer - ERROR - Full error details:
Traceback (most recent call last):
  File "C:\Users\prade\Pycharm\Cricinfo_scraper\medallionlayer\gold_layer.py", line 46, in run
    rows_created = self._process_aggregation(agg_name, agg_config)
                   ^^^^^^^^^^^^^^^^^^^^^^^^^^^^^^^^^^^^^^^^^^^^^^^
  File "C:\Users\prade\Pycharm\Cricinfo_scraper\medallionlayer\gold_layer.py", line 77, in _process_aggregation
    return self._process_match_summary()
           ^^^^^^^^^^^^^^^^^^^^^^^^^^^^^
  File "C:\Users\prade\Pycharm\Cricinfo_scraper\medallionlayer\gold_layer.py", line 143, in _process_match_summary
    df_scores_pivot.columns = ['matchid', 'first_innings_score', 'second_innings_score']
    ^^^^^^^^^^^^^^^^^^^^^^^
  File "C:\Users\prade\PycharmProjects\Cricinfo_scraper\.venv\Lib\site-packages\pandas\core\generic.py", line 6218, in __setattr__
    return object.__setattr__(self, name, value)
           ^^^^^^^^^^^^^^^^^^^^^^^^^^^^^^^^^^^^^
  File "properties.pyx", line 69, in pandas._libs.properties.AxisProperty.__set__
  File "C:\Users\prade\PycharmProjects\Cricinfo_scraper\.venv\Lib\site-packages\pandas\core\generic.py", line 767, in _set_axis
    self._mgr.set_axis(axis, labels)
  File "C:\Users\prade\PycharmProjects\Cricinfo_scraper\.venv\Lib\site-packages\pandas\core\internals\managers.py", line 227, in set_axis
    self._validate_set_axis(axis, new_labels)
  File "C:\Users\prade\PycharmProjects\Cricinfo_scraper\.venv\Lib\site-packages\pandas\core\internals\base.py", line 85, in _validate_set_axis
    raise ValueError(
ValueError: Length mismatch: Expected axis has 1 elements, new values have 3 elements
2025-12-10 13:39:42 - pipeline.orchestrator - ERROR -     - Error processing match_events: cannot insert innings, already exists
2025-12-10 13:39:42 - pipeline.orchestrator - ERROR -     - Error processing match_summary: Length mismatch: Expected axis has 1 elements, new values have 3 elements
2025-12-10 13:43:44 - medallionlayer.gold_layer - ERROR - Error processing match_summary: Length mismatch: Expected axis has 14 elements, new values have 3 elements
2025-12-10 13:43:44 - medallionlayer.gold_layer - ERROR - Full error details:
Traceback (most recent call last):
  File "C:\Users\prade\Pycharm\Cricinfo_scraper\medallionlayer\gold_layer.py", line 46, in run
    rows_created = self._process_aggregation(agg_name, agg_config)
                   ^^^^^^^^^^^^^^^^^^^^^^^^^^^^^^^^^^^^^^^^^^^^^^^
  File "C:\Users\prade\Pycharm\Cricinfo_scraper\medallionlayer\gold_layer.py", line 77, in _process_aggregation
    return self._process_match_summary()
           ^^^^^^^^^^^^^^^^^^^^^^^^^^^^^
  File "C:\Users\prade\Pycharm\Cricinfo_scraper\medallionlayer\gold_layer.py", line 143, in _process_match_summary
    df_scores_pivot.columns = ['matchid', 'first_innings_score', 'second_innings_score']
    ^^^^^^^^^^^^^^^^^^^^^^^
  File "C:\Users\prade\PycharmProjects\Cricinfo_scraper\.venv\Lib\site-packages\pandas\core\generic.py", line 6218, in __setattr__
    return object.__setattr__(self, name, value)
           ^^^^^^^^^^^^^^^^^^^^^^^^^^^^^^^^^^^^^
  File "properties.pyx", line 69, in pandas._libs.properties.AxisProperty.__set__
  File "C:\Users\prade\PycharmProjects\Cricinfo_scraper\.venv\Lib\site-packages\pandas\core\generic.py", line 767, in _set_axis
    self._mgr.set_axis(axis, labels)
  File "C:\Users\prade\PycharmProjects\Cricinfo_scraper\.venv\Lib\site-packages\pandas\core\internals\managers.py", line 227, in set_axis
    self._validate_set_axis(axis, new_labels)
  File "C:\Users\prade\PycharmProjects\Cricinfo_scraper\.venv\Lib\site-packages\pandas\core\internals\base.py", line 85, in _validate_set_axis
    raise ValueError(
ValueError: Length mismatch: Expected axis has 14 elements, new values have 3 elements
2025-12-10 13:43:47 - pipeline.orchestrator - ERROR -     - Error processing match_summary: Length mismatch: Expected axis has 14 elements, new values have 3 elements
2025-12-10 13:48:24 - medallionlayer.gold_layer - ERROR - Error processing match_summary: Length mismatch: Expected axis has 12 elements, new values have 3 elements
2025-12-10 13:48:24 - medallionlayer.gold_layer - ERROR - Full error details:
Traceback (most recent call last):
  File "C:\Users\prade\Pycharm\Cricinfo_scraper\medallionlayer\gold_layer.py", line 46, in run
    rows_created = self._process_aggregation(agg_name, agg_config)
                   ^^^^^^^^^^^^^^^^^^^^^^^^^^^^^^^^^^^^^^^^^^^^^^^
  File "C:\Users\prade\Pycharm\Cricinfo_scraper\medallionlayer\gold_layer.py", line 77, in _process_aggregation
    return self._process_match_summary()
           ^^^^^^^^^^^^^^^^^^^^^^^^^^^^^
  File "C:\Users\prade\Pycharm\Cricinfo_scraper\medallionlayer\gold_layer.py", line 143, in _process_match_summary
    df_scores_pivot.columns = ['matchid', 'first_innings_score', 'second_innings_score']
    ^^^^^^^^^^^^^^^^^^^^^^^
  File "C:\Users\prade\PycharmProjects\Cricinfo_scraper\.venv\Lib\site-packages\pandas\core\generic.py", line 6218, in __setattr__
    return object.__setattr__(self, name, value)
           ^^^^^^^^^^^^^^^^^^^^^^^^^^^^^^^^^^^^^
  File "properties.pyx", line 69, in pandas._libs.properties.AxisProperty.__set__
  File "C:\Users\prade\PycharmProjects\Cricinfo_scraper\.venv\Lib\site-packages\pandas\core\generic.py", line 767, in _set_axis
    self._mgr.set_axis(axis, labels)
  File "C:\Users\prade\PycharmProjects\Cricinfo_scraper\.venv\Lib\site-packages\pandas\core\internals\managers.py", line 227, in set_axis
    self._validate_set_axis(axis, new_labels)
  File "C:\Users\prade\PycharmProjects\Cricinfo_scraper\.venv\Lib\site-packages\pandas\core\internals\base.py", line 85, in _validate_set_axis
    raise ValueError(
ValueError: Length mismatch: Expected axis has 12 elements, new values have 3 elements
2025-12-10 13:48:28 - pipeline.orchestrator - ERROR -     - Error processing match_summary: Length mismatch: Expected axis has 12 elements, new values have 3 elements
2025-12-10 13:54:20 - medallionlayer.gold_layer - ERROR - Error processing match_summary: Length mismatch: Expected axis has 12 elements, new values have 3 elements
2025-12-10 13:54:20 - medallionlayer.gold_layer - ERROR - Full error details:
Traceback (most recent call last):
  File "C:\Users\prade\Pycharm\Cricinfo_scraper\medallionlayer\gold_layer.py", line 46, in run
    rows_created = self._process_aggregation(agg_name, agg_config)
                   ^^^^^^^^^^^^^^^^^^^^^^^^^^^^^^^^^^^^^^^^^^^^^^^
  File "C:\Users\prade\Pycharm\Cricinfo_scraper\medallionlayer\gold_layer.py", line 77, in _process_aggregation
    return self._process_match_summary()
           ^^^^^^^^^^^^^^^^^^^^^^^^^^^^^
  File "C:\Users\prade\Pycharm\Cricinfo_scraper\medallionlayer\gold_layer.py", line 143, in _process_match_summary
    df_scores_pivot.columns = ['matchid', 'first_innings_score', 'second_innings_score']
    ^^^^^^^^^^^^^^^^^^^^^^^
  File "C:\Users\prade\PycharmProjects\Cricinfo_scraper\.venv\Lib\site-packages\pandas\core\generic.py", line 6218, in __setattr__
    return object.__setattr__(self, name, value)
           ^^^^^^^^^^^^^^^^^^^^^^^^^^^^^^^^^^^^^
  File "properties.pyx", line 69, in pandas._libs.properties.AxisProperty.__set__
  File "C:\Users\prade\PycharmProjects\Cricinfo_scraper\.venv\Lib\site-packages\pandas\core\generic.py", line 767, in _set_axis
    self._mgr.set_axis(axis, labels)
  File "C:\Users\prade\PycharmProjects\Cricinfo_scraper\.venv\Lib\site-packages\pandas\core\internals\managers.py", line 227, in set_axis
    self._validate_set_axis(axis, new_labels)
  File "C:\Users\prade\PycharmProjects\Cricinfo_scraper\.venv\Lib\site-packages\pandas\core\internals\base.py", line 85, in _validate_set_axis
    raise ValueError(
ValueError: Length mismatch: Expected axis has 12 elements, new values have 3 elements
2025-12-10 13:54:24 - pipeline.orchestrator - ERROR -     - Error processing match_summary: Length mismatch: Expected axis has 12 elements, new values have 3 elements
2025-12-10 14:06:59 - medallionlayer.gold_layer - ERROR - Error processing match_summary: Length mismatch: Expected axis has 12 elements, new values have 3 elements
2025-12-10 14:06:59 - medallionlayer.gold_layer - ERROR - Full error details:
Traceback (most recent call last):
  File "C:\Users\prade\Pycharm\Cricinfo_scraper\medallionlayer\gold_layer.py", line 46, in run
    rows_created = self._process_aggregation(agg_name, agg_config)
                   ^^^^^^^^^^^^^^^^^^^^^^^^^^^^^^^^^^^^^^^^^^^^^^^
  File "C:\Users\prade\Pycharm\Cricinfo_scraper\medallionlayer\gold_layer.py", line 77, in _process_aggregation
    return self._process_match_summary()
           ^^^^^^^^^^^^^^^^^^^^^^^^^^^^^
  File "C:\Users\prade\Pycharm\Cricinfo_scraper\medallionlayer\gold_layer.py", line 143, in _process_match_summary
    df_scores_pivot.columns = ['matchid', 'first_innings_score', 'second_innings_score']
    ^^^^^^^^^^^^^^^^^^^^^^^
  File "C:\Users\prade\PycharmProjects\Cricinfo_scraper\.venv\Lib\site-packages\pandas\core\generic.py", line 6218, in __setattr__
    return object.__setattr__(self, name, value)
           ^^^^^^^^^^^^^^^^^^^^^^^^^^^^^^^^^^^^^
  File "properties.pyx", line 69, in pandas._libs.properties.AxisProperty.__set__
  File "C:\Users\prade\PycharmProjects\Cricinfo_scraper\.venv\Lib\site-packages\pandas\core\generic.py", line 767, in _set_axis
    self._mgr.set_axis(axis, labels)
  File "C:\Users\prade\PycharmProjects\Cricinfo_scraper\.venv\Lib\site-packages\pandas\core\internals\managers.py", line 227, in set_axis
    self._validate_set_axis(axis, new_labels)
  File "C:\Users\prade\PycharmProjects\Cricinfo_scraper\.venv\Lib\site-packages\pandas\core\internals\base.py", line 85, in _validate_set_axis
    raise ValueError(
ValueError: Length mismatch: Expected axis has 12 elements, new values have 3 elements
2025-12-10 14:07:03 - pipeline.orchestrator - ERROR -     - Error processing match_summary: Length mismatch: Expected axis has 12 elements, new values have 3 elements
2025-12-10 14:25:00 - medallionlayer.gold_layer - ERROR - Error processing match_summary: Length mismatch: Expected axis has 11 elements, new values have 3 elements
2025-12-10 14:25:00 - medallionlayer.gold_layer - ERROR - Full error details:
Traceback (most recent call last):
  File "C:\Users\prade\Pycharm\Cricinfo_scraper\medallionlayer\gold_layer.py", line 46, in run
    rows_created = self._process_aggregation(agg_name, agg_config)
                   ^^^^^^^^^^^^^^^^^^^^^^^^^^^^^^^^^^^^^^^^^^^^^^^
  File "C:\Users\prade\Pycharm\Cricinfo_scraper\medallionlayer\gold_layer.py", line 77, in _process_aggregation
    return self._process_match_summary()
           ^^^^^^^^^^^^^^^^^^^^^^^^^^^^^
  File "C:\Users\prade\Pycharm\Cricinfo_scraper\medallionlayer\gold_layer.py", line 143, in _process_match_summary
    df_scores_pivot.columns = ['matchid', 'first_innings_score', 'second_innings_score']
    ^^^^^^^^^^^^^^^^^^^^^^^
  File "C:\Users\prade\PycharmProjects\Cricinfo_scraper\.venv\Lib\site-packages\pandas\core\generic.py", line 6218, in __setattr__
    return object.__setattr__(self, name, value)
           ^^^^^^^^^^^^^^^^^^^^^^^^^^^^^^^^^^^^^
  File "properties.pyx", line 69, in pandas._libs.properties.AxisProperty.__set__
  File "C:\Users\prade\PycharmProjects\Cricinfo_scraper\.venv\Lib\site-packages\pandas\core\generic.py", line 767, in _set_axis
    self._mgr.set_axis(axis, labels)
  File "C:\Users\prade\PycharmProjects\Cricinfo_scraper\.venv\Lib\site-packages\pandas\core\internals\managers.py", line 227, in set_axis
    self._validate_set_axis(axis, new_labels)
  File "C:\Users\prade\PycharmProjects\Cricinfo_scraper\.venv\Lib\site-packages\pandas\core\internals\base.py", line 85, in _validate_set_axis
    raise ValueError(
ValueError: Length mismatch: Expected axis has 11 elements, new values have 3 elements
2025-12-10 14:25:03 - pipeline.orchestrator - ERROR -     - Error processing match_summary: Length mismatch: Expected axis has 11 elements, new values have 3 elements
2025-12-10 14:38:45 - medallionlayer.gold_layer - ERROR - Error processing match_summary: Length mismatch: Expected axis has 11 elements, new values have 3 elements
2025-12-10 14:38:45 - medallionlayer.gold_layer - ERROR - Full error details:
Traceback (most recent call last):
  File "C:\Users\prade\Pycharm\Cricinfo_scraper\medallionlayer\gold_layer.py", line 46, in run
    rows_created = self._process_aggregation(agg_name, agg_config)
                   ^^^^^^^^^^^^^^^^^^^^^^^^^^^^^^^^^^^^^^^^^^^^^^^
  File "C:\Users\prade\Pycharm\Cricinfo_scraper\medallionlayer\gold_layer.py", line 77, in _process_aggregation
    return self._process_match_summary()
           ^^^^^^^^^^^^^^^^^^^^^^^^^^^^^
  File "C:\Users\prade\Pycharm\Cricinfo_scraper\medallionlayer\gold_layer.py", line 143, in _process_match_summary
    df_scores_pivot.columns = ['matchid', 'first_innings_score', 'second_innings_score']
    ^^^^^^^^^^^^^^^^^^^^^^^
  File "C:\Users\prade\PycharmProjects\Cricinfo_scraper\.venv\Lib\site-packages\pandas\core\generic.py", line 6218, in __setattr__
    return object.__setattr__(self, name, value)
           ^^^^^^^^^^^^^^^^^^^^^^^^^^^^^^^^^^^^^
  File "properties.pyx", line 69, in pandas._libs.properties.AxisProperty.__set__
  File "C:\Users\prade\PycharmProjects\Cricinfo_scraper\.venv\Lib\site-packages\pandas\core\generic.py", line 767, in _set_axis
    self._mgr.set_axis(axis, labels)
  File "C:\Users\prade\PycharmProjects\Cricinfo_scraper\.venv\Lib\site-packages\pandas\core\internals\managers.py", line 227, in set_axis
    self._validate_set_axis(axis, new_labels)
  File "C:\Users\prade\PycharmProjects\Cricinfo_scraper\.venv\Lib\site-packages\pandas\core\internals\base.py", line 85, in _validate_set_axis
    raise ValueError(
ValueError: Length mismatch: Expected axis has 11 elements, new values have 3 elements
2025-12-10 14:38:48 - pipeline.orchestrator - ERROR -     - Error processing match_summary: Length mismatch: Expected axis has 11 elements, new values have 3 elements
2025-12-10 14:40:46 - medallionlayer.gold_layer - ERROR - Error processing match_summary: Length mismatch: Expected axis has 11 elements, new values have 3 elements
2025-12-10 14:40:46 - medallionlayer.gold_layer - ERROR - Full error details:
Traceback (most recent call last):
  File "C:\Users\prade\Pycharm\Cricinfo_scraper\medallionlayer\gold_layer.py", line 46, in run
    rows_created = self._process_aggregation(agg_name, agg_config)
                   ^^^^^^^^^^^^^^^^^^^^^^^^^^^^^^^^^^^^^^^^^^^^^^^
  File "C:\Users\prade\Pycharm\Cricinfo_scraper\medallionlayer\gold_layer.py", line 77, in _process_aggregation
    return self._process_match_summary()
           ^^^^^^^^^^^^^^^^^^^^^^^^^^^^^
  File "C:\Users\prade\Pycharm\Cricinfo_scraper\medallionlayer\gold_layer.py", line 143, in _process_match_summary
    df_scores_pivot.columns = ['matchid', 'first_innings_score', 'second_innings_score']
    ^^^^^^^^^^^^^^^^^^^^^^^
  File "C:\Users\prade\PycharmProjects\Cricinfo_scraper\.venv\Lib\site-packages\pandas\core\generic.py", line 6218, in __setattr__
    return object.__setattr__(self, name, value)
           ^^^^^^^^^^^^^^^^^^^^^^^^^^^^^^^^^^^^^
  File "properties.pyx", line 69, in pandas._libs.properties.AxisProperty.__set__
  File "C:\Users\prade\PycharmProjects\Cricinfo_scraper\.venv\Lib\site-packages\pandas\core\generic.py", line 767, in _set_axis
    self._mgr.set_axis(axis, labels)
  File "C:\Users\prade\PycharmProjects\Cricinfo_scraper\.venv\Lib\site-packages\pandas\core\internals\managers.py", line 227, in set_axis
    self._validate_set_axis(axis, new_labels)
  File "C:\Users\prade\PycharmProjects\Cricinfo_scraper\.venv\Lib\site-packages\pandas\core\internals\base.py", line 85, in _validate_set_axis
    raise ValueError(
ValueError: Length mismatch: Expected axis has 11 elements, new values have 3 elements
2025-12-10 14:40:48 - pipeline.orchestrator - ERROR -     - Error processing match_summary: Length mismatch: Expected axis has 11 elements, new values have 3 elements
2025-12-10 14:54:50 - medallionlayer.gold_layer - ERROR - Error processing match_summary: Length mismatch: Expected axis has 11 elements, new values have 3 elements
2025-12-10 14:54:50 - medallionlayer.gold_layer - ERROR - Full error details:
Traceback (most recent call last):
  File "C:\Users\prade\Pycharm\Cricinfo_scraper\medallionlayer\gold_layer.py", line 46, in run
    rows_created = self._process_aggregation(agg_name, agg_config)
                   ^^^^^^^^^^^^^^^^^^^^^^^^^^^^^^^^^^^^^^^^^^^^^^^
  File "C:\Users\prade\Pycharm\Cricinfo_scraper\medallionlayer\gold_layer.py", line 77, in _process_aggregation
    return self._process_match_summary()
           ^^^^^^^^^^^^^^^^^^^^^^^^^^^^^
  File "C:\Users\prade\Pycharm\Cricinfo_scraper\medallionlayer\gold_layer.py", line 143, in _process_match_summary
    df_scores_pivot.columns = ['matchid', 'first_innings_score', 'second_innings_score']
    ^^^^^^^^^^^^^^^^^^^^^^^
  File "C:\Users\prade\PycharmProjects\Cricinfo_scraper\.venv\Lib\site-packages\pandas\core\generic.py", line 6218, in __setattr__
    return object.__setattr__(self, name, value)
           ^^^^^^^^^^^^^^^^^^^^^^^^^^^^^^^^^^^^^
  File "properties.pyx", line 69, in pandas._libs.properties.AxisProperty.__set__
  File "C:\Users\prade\PycharmProjects\Cricinfo_scraper\.venv\Lib\site-packages\pandas\core\generic.py", line 767, in _set_axis
    self._mgr.set_axis(axis, labels)
  File "C:\Users\prade\PycharmProjects\Cricinfo_scraper\.venv\Lib\site-packages\pandas\core\internals\managers.py", line 227, in set_axis
    self._validate_set_axis(axis, new_labels)
  File "C:\Users\prade\PycharmProjects\Cricinfo_scraper\.venv\Lib\site-packages\pandas\core\internals\base.py", line 85, in _validate_set_axis
    raise ValueError(
ValueError: Length mismatch: Expected axis has 11 elements, new values have 3 elements
2025-12-10 14:54:53 - pipeline.orchestrator - ERROR -     - Error processing match_summary: Length mismatch: Expected axis has 11 elements, new values have 3 elements
2025-12-10 14:56:04 - medallionlayer.gold_layer - ERROR - Error processing match_summary: Length mismatch: Expected axis has 11 elements, new values have 3 elements
2025-12-10 14:56:04 - medallionlayer.gold_layer - ERROR - Full error details:
Traceback (most recent call last):
  File "C:\Users\prade\Pycharm\Cricinfo_scraper\medallionlayer\gold_layer.py", line 46, in run
    rows_created = self._process_aggregation(agg_name, agg_config)
                   ^^^^^^^^^^^^^^^^^^^^^^^^^^^^^^^^^^^^^^^^^^^^^^^
  File "C:\Users\prade\Pycharm\Cricinfo_scraper\medallionlayer\gold_layer.py", line 77, in _process_aggregation
    return self._process_match_summary()
           ^^^^^^^^^^^^^^^^^^^^^^^^^^^^^
  File "C:\Users\prade\Pycharm\Cricinfo_scraper\medallionlayer\gold_layer.py", line 143, in _process_match_summary
    df_scores_pivot.columns = ['matchid', 'first_innings_score', 'second_innings_score']
    ^^^^^^^^^^^^^^^^^^^^^^^
  File "C:\Users\prade\PycharmProjects\Cricinfo_scraper\.venv\Lib\site-packages\pandas\core\generic.py", line 6218, in __setattr__
    return object.__setattr__(self, name, value)
           ^^^^^^^^^^^^^^^^^^^^^^^^^^^^^^^^^^^^^
  File "properties.pyx", line 69, in pandas._libs.properties.AxisProperty.__set__
  File "C:\Users\prade\PycharmProjects\Cricinfo_scraper\.venv\Lib\site-packages\pandas\core\generic.py", line 767, in _set_axis
    self._mgr.set_axis(axis, labels)
  File "C:\Users\prade\PycharmProjects\Cricinfo_scraper\.venv\Lib\site-packages\pandas\core\internals\managers.py", line 227, in set_axis
    self._validate_set_axis(axis, new_labels)
  File "C:\Users\prade\PycharmProjects\Cricinfo_scraper\.venv\Lib\site-packages\pandas\core\internals\base.py", line 85, in _validate_set_axis
    raise ValueError(
ValueError: Length mismatch: Expected axis has 11 elements, new values have 3 elements
2025-12-10 14:56:08 - pipeline.orchestrator - ERROR -     - Error processing match_summary: Length mismatch: Expected axis has 11 elements, new values have 3 elements
2025-12-10 15:07:10 - medallionlayer.gold_layer - ERROR - Error processing match_summary: Length mismatch: Expected axis has 11 elements, new values have 3 elements
2025-12-10 15:07:10 - medallionlayer.gold_layer - ERROR - Full error details:
Traceback (most recent call last):
  File "C:\Users\prade\Pycharm\Cricinfo_scraper\medallionlayer\gold_layer.py", line 46, in run
    rows_created = self._process_aggregation(agg_name, agg_config)
                   ^^^^^^^^^^^^^^^^^^^^^^^^^^^^^^^^^^^^^^^^^^^^^^^
  File "C:\Users\prade\Pycharm\Cricinfo_scraper\medallionlayer\gold_layer.py", line 77, in _process_aggregation
    return self._process_match_summary()
           ^^^^^^^^^^^^^^^^^^^^^^^^^^^^^
  File "C:\Users\prade\Pycharm\Cricinfo_scraper\medallionlayer\gold_layer.py", line 143, in _process_match_summary
    df_scores_pivot.columns = ['matchid', 'first_innings_score', 'second_innings_score']
    ^^^^^^^^^^^^^^^^^^^^^^^
  File "C:\Users\prade\PycharmProjects\Cricinfo_scraper\.venv\Lib\site-packages\pandas\core\generic.py", line 6218, in __setattr__
    return object.__setattr__(self, name, value)
           ^^^^^^^^^^^^^^^^^^^^^^^^^^^^^^^^^^^^^
  File "properties.pyx", line 69, in pandas._libs.properties.AxisProperty.__set__
  File "C:\Users\prade\PycharmProjects\Cricinfo_scraper\.venv\Lib\site-packages\pandas\core\generic.py", line 767, in _set_axis
    self._mgr.set_axis(axis, labels)
  File "C:\Users\prade\PycharmProjects\Cricinfo_scraper\.venv\Lib\site-packages\pandas\core\internals\managers.py", line 227, in set_axis
    self._validate_set_axis(axis, new_labels)
  File "C:\Users\prade\PycharmProjects\Cricinfo_scraper\.venv\Lib\site-packages\pandas\core\internals\base.py", line 85, in _validate_set_axis
    raise ValueError(
ValueError: Length mismatch: Expected axis has 11 elements, new values have 3 elements
2025-12-10 15:07:14 - pipeline.orchestrator - ERROR -     - Error processing match_summary: Length mismatch: Expected axis has 11 elements, new values have 3 elements
2025-12-10 15:10:21 - medallionlayer.gold_layer - ERROR - Error processing match_summary: Length mismatch: Expected axis has 11 elements, new values have 3 elements
2025-12-10 15:10:21 - medallionlayer.gold_layer - ERROR - Full error details:
Traceback (most recent call last):
  File "C:\Users\prade\Pycharm\Cricinfo_scraper\medallionlayer\gold_layer.py", line 46, in run
    rows_created = self._process_aggregation(agg_name, agg_config)
                   ^^^^^^^^^^^^^^^^^^^^^^^^^^^^^^^^^^^^^^^^^^^^^^^
  File "C:\Users\prade\Pycharm\Cricinfo_scraper\medallionlayer\gold_layer.py", line 77, in _process_aggregation
    return self._process_match_summary()
           ^^^^^^^^^^^^^^^^^^^^^^^^^^^^^
  File "C:\Users\prade\Pycharm\Cricinfo_scraper\medallionlayer\gold_layer.py", line 143, in _process_match_summary
    df_scores_pivot.columns = ['matchid', 'first_innings_score', 'second_innings_score']
    ^^^^^^^^^^^^^^^^^^^^^^^
  File "C:\Users\prade\PycharmProjects\Cricinfo_scraper\.venv\Lib\site-packages\pandas\core\generic.py", line 6218, in __setattr__
    return object.__setattr__(self, name, value)
           ^^^^^^^^^^^^^^^^^^^^^^^^^^^^^^^^^^^^^
  File "properties.pyx", line 69, in pandas._libs.properties.AxisProperty.__set__
  File "C:\Users\prade\PycharmProjects\Cricinfo_scraper\.venv\Lib\site-packages\pandas\core\generic.py", line 767, in _set_axis
    self._mgr.set_axis(axis, labels)
  File "C:\Users\prade\PycharmProjects\Cricinfo_scraper\.venv\Lib\site-packages\pandas\core\internals\managers.py", line 227, in set_axis
    self._validate_set_axis(axis, new_labels)
  File "C:\Users\prade\PycharmProjects\Cricinfo_scraper\.venv\Lib\site-packages\pandas\core\internals\base.py", line 85, in _validate_set_axis
    raise ValueError(
ValueError: Length mismatch: Expected axis has 11 elements, new values have 3 elements
2025-12-10 15:10:24 - pipeline.orchestrator - ERROR -     - Error processing match_summary: Length mismatch: Expected axis has 11 elements, new values have 3 elements
2025-12-10 15:17:36 - medallionlayer.gold_layer - ERROR - Error processing match_summary: Length mismatch: Expected axis has 11 elements, new values have 3 elements
2025-12-10 15:17:36 - medallionlayer.gold_layer - ERROR - Full error details:
Traceback (most recent call last):
  File "C:\Users\prade\Pycharm\Cricinfo_scraper\medallionlayer\gold_layer.py", line 46, in run
    rows_created = self._process_aggregation(agg_name, agg_config)
                   ^^^^^^^^^^^^^^^^^^^^^^^^^^^^^^^^^^^^^^^^^^^^^^^
  File "C:\Users\prade\Pycharm\Cricinfo_scraper\medallionlayer\gold_layer.py", line 77, in _process_aggregation
    return self._process_match_summary()
           ^^^^^^^^^^^^^^^^^^^^^^^^^^^^^
  File "C:\Users\prade\Pycharm\Cricinfo_scraper\medallionlayer\gold_layer.py", line 143, in _process_match_summary
    df_scores_pivot.columns = ['matchid', 'first_innings_score', 'second_innings_score']
    ^^^^^^^^^^^^^^^^^^^^^^^
  File "C:\Users\prade\PycharmProjects\Cricinfo_scraper\.venv\Lib\site-packages\pandas\core\generic.py", line 6218, in __setattr__
    return object.__setattr__(self, name, value)
           ^^^^^^^^^^^^^^^^^^^^^^^^^^^^^^^^^^^^^
  File "properties.pyx", line 69, in pandas._libs.properties.AxisProperty.__set__
  File "C:\Users\prade\PycharmProjects\Cricinfo_scraper\.venv\Lib\site-packages\pandas\core\generic.py", line 767, in _set_axis
    self._mgr.set_axis(axis, labels)
  File "C:\Users\prade\PycharmProjects\Cricinfo_scraper\.venv\Lib\site-packages\pandas\core\internals\managers.py", line 227, in set_axis
    self._validate_set_axis(axis, new_labels)
  File "C:\Users\prade\PycharmProjects\Cricinfo_scraper\.venv\Lib\site-packages\pandas\core\internals\base.py", line 85, in _validate_set_axis
    raise ValueError(
ValueError: Length mismatch: Expected axis has 11 elements, new values have 3 elements
2025-12-10 15:17:39 - pipeline.orchestrator - ERROR -     - Error processing match_summary: Length mismatch: Expected axis has 11 elements, new values have 3 elements
2025-12-10 15:19:23 - medallionlayer.gold_layer - ERROR - Error processing match_summary: Length mismatch: Expected axis has 11 elements, new values have 3 elements
2025-12-10 15:19:23 - medallionlayer.gold_layer - ERROR - Full error details:
Traceback (most recent call last):
  File "C:\Users\prade\Pycharm\Cricinfo_scraper\medallionlayer\gold_layer.py", line 46, in run
    rows_created = self._process_aggregation(agg_name, agg_config)
                   ^^^^^^^^^^^^^^^^^^^^^^^^^^^^^^^^^^^^^^^^^^^^^^^
  File "C:\Users\prade\Pycharm\Cricinfo_scraper\medallionlayer\gold_layer.py", line 77, in _process_aggregation
    return self._process_match_summary()
           ^^^^^^^^^^^^^^^^^^^^^^^^^^^^^
  File "C:\Users\prade\Pycharm\Cricinfo_scraper\medallionlayer\gold_layer.py", line 143, in _process_match_summary
    df_scores_pivot.columns = ['matchid', 'first_innings_score', 'second_innings_score']
    ^^^^^^^^^^^^^^^^^^^^^^^
  File "C:\Users\prade\PycharmProjects\Cricinfo_scraper\.venv\Lib\site-packages\pandas\core\generic.py", line 6218, in __setattr__
    return object.__setattr__(self, name, value)
           ^^^^^^^^^^^^^^^^^^^^^^^^^^^^^^^^^^^^^
  File "properties.pyx", line 69, in pandas._libs.properties.AxisProperty.__set__
  File "C:\Users\prade\PycharmProjects\Cricinfo_scraper\.venv\Lib\site-packages\pandas\core\generic.py", line 767, in _set_axis
    self._mgr.set_axis(axis, labels)
  File "C:\Users\prade\PycharmProjects\Cricinfo_scraper\.venv\Lib\site-packages\pandas\core\internals\managers.py", line 227, in set_axis
    self._validate_set_axis(axis, new_labels)
  File "C:\Users\prade\PycharmProjects\Cricinfo_scraper\.venv\Lib\site-packages\pandas\core\internals\base.py", line 85, in _validate_set_axis
    raise ValueError(
ValueError: Length mismatch: Expected axis has 11 elements, new values have 3 elements
2025-12-10 15:19:26 - pipeline.orchestrator - ERROR -     - Error processing match_summary: Length mismatch: Expected axis has 11 elements, new values have 3 elements
2025-12-10 15:22:40 - medallionlayer.gold_layer - ERROR - Error processing match_summary: Length mismatch: Expected axis has 11 elements, new values have 3 elements
2025-12-10 15:22:40 - medallionlayer.gold_layer - ERROR - Full error details:
Traceback (most recent call last):
  File "C:\Users\prade\Pycharm\Cricinfo_scraper\medallionlayer\gold_layer.py", line 46, in run
    rows_created = self._process_aggregation(agg_name, agg_config)
                   ^^^^^^^^^^^^^^^^^^^^^^^^^^^^^^^^^^^^^^^^^^^^^^^
  File "C:\Users\prade\Pycharm\Cricinfo_scraper\medallionlayer\gold_layer.py", line 77, in _process_aggregation
    return self._process_match_summary()
           ^^^^^^^^^^^^^^^^^^^^^^^^^^^^^
  File "C:\Users\prade\Pycharm\Cricinfo_scraper\medallionlayer\gold_layer.py", line 143, in _process_match_summary
    df_scores_pivot.columns = ['matchid', 'first_innings_score', 'second_innings_score']
    ^^^^^^^^^^^^^^^^^^^^^^^
  File "C:\Users\prade\PycharmProjects\Cricinfo_scraper\.venv\Lib\site-packages\pandas\core\generic.py", line 6218, in __setattr__
    return object.__setattr__(self, name, value)
           ^^^^^^^^^^^^^^^^^^^^^^^^^^^^^^^^^^^^^
  File "properties.pyx", line 69, in pandas._libs.properties.AxisProperty.__set__
  File "C:\Users\prade\PycharmProjects\Cricinfo_scraper\.venv\Lib\site-packages\pandas\core\generic.py", line 767, in _set_axis
    self._mgr.set_axis(axis, labels)
  File "C:\Users\prade\PycharmProjects\Cricinfo_scraper\.venv\Lib\site-packages\pandas\core\internals\managers.py", line 227, in set_axis
    self._validate_set_axis(axis, new_labels)
  File "C:\Users\prade\PycharmProjects\Cricinfo_scraper\.venv\Lib\site-packages\pandas\core\internals\base.py", line 85, in _validate_set_axis
    raise ValueError(
ValueError: Length mismatch: Expected axis has 11 elements, new values have 3 elements
2025-12-10 15:22:43 - pipeline.orchestrator - ERROR -     - Error processing match_summary: Length mismatch: Expected axis has 11 elements, new values have 3 elements
2025-12-10 15:24:35 - medallionlayer.gold_layer - ERROR - Error processing match_summary: Length mismatch: Expected axis has 11 elements, new values have 3 elements
2025-12-10 15:24:35 - medallionlayer.gold_layer - ERROR - Full error details:
Traceback (most recent call last):
  File "C:\Users\prade\Pycharm\Cricinfo_scraper\medallionlayer\gold_layer.py", line 46, in run
    rows_created = self._process_aggregation(agg_name, agg_config)
                   ^^^^^^^^^^^^^^^^^^^^^^^^^^^^^^^^^^^^^^^^^^^^^^^
  File "C:\Users\prade\Pycharm\Cricinfo_scraper\medallionlayer\gold_layer.py", line 77, in _process_aggregation
    return self._process_match_summary()
           ^^^^^^^^^^^^^^^^^^^^^^^^^^^^^
  File "C:\Users\prade\Pycharm\Cricinfo_scraper\medallionlayer\gold_layer.py", line 143, in _process_match_summary
    df_scores_pivot.columns = ['matchid', 'first_innings_score', 'second_innings_score']
    ^^^^^^^^^^^^^^^^^^^^^^^
  File "C:\Users\prade\PycharmProjects\Cricinfo_scraper\.venv\Lib\site-packages\pandas\core\generic.py", line 6218, in __setattr__
    return object.__setattr__(self, name, value)
           ^^^^^^^^^^^^^^^^^^^^^^^^^^^^^^^^^^^^^
  File "properties.pyx", line 69, in pandas._libs.properties.AxisProperty.__set__
  File "C:\Users\prade\PycharmProjects\Cricinfo_scraper\.venv\Lib\site-packages\pandas\core\generic.py", line 767, in _set_axis
    self._mgr.set_axis(axis, labels)
  File "C:\Users\prade\PycharmProjects\Cricinfo_scraper\.venv\Lib\site-packages\pandas\core\internals\managers.py", line 227, in set_axis
    self._validate_set_axis(axis, new_labels)
  File "C:\Users\prade\PycharmProjects\Cricinfo_scraper\.venv\Lib\site-packages\pandas\core\internals\base.py", line 85, in _validate_set_axis
    raise ValueError(
ValueError: Length mismatch: Expected axis has 11 elements, new values have 3 elements
2025-12-10 15:24:39 - pipeline.orchestrator - ERROR -     - Error processing match_summary: Length mismatch: Expected axis has 11 elements, new values have 3 elements
2025-12-10 15:30:03 - medallionlayer.gold_layer - ERROR - Error processing match_summary: Length mismatch: Expected axis has 11 elements, new values have 3 elements
2025-12-10 15:30:03 - medallionlayer.gold_layer - ERROR - Full error details:
Traceback (most recent call last):
  File "C:\Users\prade\Pycharm\Cricinfo_scraper\medallionlayer\gold_layer.py", line 46, in run
    rows_created = self._process_aggregation(agg_name, agg_config)
                   ^^^^^^^^^^^^^^^^^^^^^^^^^^^^^^^^^^^^^^^^^^^^^^^
  File "C:\Users\prade\Pycharm\Cricinfo_scraper\medallionlayer\gold_layer.py", line 77, in _process_aggregation
    return self._process_match_summary()
           ^^^^^^^^^^^^^^^^^^^^^^^^^^^^^
  File "C:\Users\prade\Pycharm\Cricinfo_scraper\medallionlayer\gold_layer.py", line 143, in _process_match_summary
    df_scores_pivot.columns = ['matchid', 'first_innings_score', 'second_innings_score']
    ^^^^^^^^^^^^^^^^^^^^^^^
  File "C:\Users\prade\PycharmProjects\Cricinfo_scraper\.venv\Lib\site-packages\pandas\core\generic.py", line 6218, in __setattr__
    return object.__setattr__(self, name, value)
           ^^^^^^^^^^^^^^^^^^^^^^^^^^^^^^^^^^^^^
  File "properties.pyx", line 69, in pandas._libs.properties.AxisProperty.__set__
  File "C:\Users\prade\PycharmProjects\Cricinfo_scraper\.venv\Lib\site-packages\pandas\core\generic.py", line 767, in _set_axis
    self._mgr.set_axis(axis, labels)
  File "C:\Users\prade\PycharmProjects\Cricinfo_scraper\.venv\Lib\site-packages\pandas\core\internals\managers.py", line 227, in set_axis
    self._validate_set_axis(axis, new_labels)
  File "C:\Users\prade\PycharmProjects\Cricinfo_scraper\.venv\Lib\site-packages\pandas\core\internals\base.py", line 85, in _validate_set_axis
    raise ValueError(
ValueError: Length mismatch: Expected axis has 11 elements, new values have 3 elements
2025-12-10 15:30:07 - pipeline.orchestrator - ERROR -     - Error processing match_summary: Length mismatch: Expected axis has 11 elements, new values have 3 elements
2025-12-10 15:38:29 - medallionlayer.gold_layer - ERROR - Error processing match_summary: column "batting_first" of relation "match_summary" does not exist
LINE 2: ..., series, series_id, season, player_of_the_match, batting_fi...
                                                             ^

2025-12-10 15:38:29 - medallionlayer.gold_layer - ERROR - Full error details:
Traceback (most recent call last):
  File "C:\Users\prade\Pycharm\Cricinfo_scraper\medallionlayer\gold_layer.py", line 47, in run
    rows_created = self._process_aggregation(agg_name, agg_config)
                   ^^^^^^^^^^^^^^^^^^^^^^^^^^^^^^^^^^^^^^^^^^^^^^^
  File "C:\Users\prade\Pycharm\Cricinfo_scraper\medallionlayer\gold_layer.py", line 78, in _process_aggregation
    return self._process_match_summary()
           ^^^^^^^^^^^^^^^^^^^^^^^^^^^^^
  File "C:\Users\prade\Pycharm\Cricinfo_scraper\medallionlayer\gold_layer.py", line 277, in _process_match_summary
    save_to_db(self.target_schema, 'match_summary', df_result)
  File "C:\Users\prade\Pycharm\Cricinfo_scraper\configs\db_config.py", line 112, in save_to_db
    execute_values(cur, insert_query, values)
  File "C:\Users\prade\PycharmProjects\Cricinfo_scraper\.venv\Lib\site-packages\psycopg2\extras.py", line 1299, in execute_values
    cur.execute(b''.join(parts))
psycopg2.errors.UndefinedColumn: column "batting_first" of relation "match_summary" does not exist
LINE 2: ..., series, series_id, season, player_of_the_match, batting_fi...
                                                             ^

2025-12-10 15:38:32 - pipeline.orchestrator - ERROR -     - Error processing match_summary: column "batting_first" of relation "match_summary" does not exist
LINE 2: ..., series, series_id, season, player_of_the_match, batting_fi...
                                                             ^

2025-12-10 15:40:52 - configs.db_config - ERROR - Error initializing medallion schema: column "has_super_over" does not exist
LINE 445: ..._over ON gold.match_summary(has_super_over) WHERE has_super_...
                                                               ^

2025-12-10 15:40:52 - __main__ - ERROR - Fatal error: column "has_super_over" does not exist
LINE 445: ..._over ON gold.match_summary(has_super_over) WHERE has_super_...
                                                               ^
Traceback (most recent call last):
  File "C:\Users\prade\Pycharm\Cricinfo_scraper\main.py", line 525, in main
    initialize_medallion_schema()
  File "C:\Users\prade\Pycharm\Cricinfo_scraper\configs\db_config.py", line 76, in initialize_medallion_schema
    cursor.execute(sql)
psycopg2.errors.UndefinedColumn: column "has_super_over" does not exist
LINE 445: ..._over ON gold.match_summary(has_super_over) WHERE has_super_...
                                                               ^

2025-12-10 21:39:32 - core.page_navigator - ERROR - Error during page scroll: HTTPConnectionPool(host='localhost', port=60033): Read timed out. (read timeout=120)
2025-12-10 22:12:40 - core.page_navigator - ERROR - Error during page scroll: HTTPConnectionPool(host='localhost', port=59187): Read timed out. (read timeout=120)
2025-12-10 22:14:43 - scraping.match_scraper - ERROR - Error scraping match 1473457: HTTPConnectionPool(host='localhost', port=59187): Read timed out. (read timeout=120)
Traceback (most recent call last):
  File "C:\Users\prade\PycharmProjects\Cricinfo_scraper\.venv\Lib\site-packages\urllib3\connectionpool.py", line 534, in _make_request
    response = conn.getresponse()
               ^^^^^^^^^^^^^^^^^^
  File "C:\Users\prade\PycharmProjects\Cricinfo_scraper\.venv\Lib\site-packages\urllib3\connection.py", line 516, in getresponse
    httplib_response = super().getresponse()
                       ^^^^^^^^^^^^^^^^^^^^^
  File "C:\Users\prade\AppData\Local\Programs\Python\Python311\Lib\http\client.py", line 1395, in getresponse
    response.begin()
  File "C:\Users\prade\AppData\Local\Programs\Python\Python311\Lib\http\client.py", line 325, in begin
    version, status, reason = self._read_status()
                              ^^^^^^^^^^^^^^^^^^^
  File "C:\Users\prade\AppData\Local\Programs\Python\Python311\Lib\http\client.py", line 286, in _read_status
    line = str(self.fp.readline(_MAXLINE + 1), "iso-8859-1")
               ^^^^^^^^^^^^^^^^^^^^^^^^^^^^^^
  File "C:\Users\prade\AppData\Local\Programs\Python\Python311\Lib\socket.py", line 706, in readinto
    return self._sock.recv_into(b)
           ^^^^^^^^^^^^^^^^^^^^^^^
TimeoutError: timed out

The above exception was the direct cause of the following exception:

Traceback (most recent call last):
  File "C:\Users\prade\Pycharm\Cricinfo_scraper\scraping\match_scraper.py", line 197, in scrape
    default_innings = self.get_current_innings_team(driver)
                      ^^^^^^^^^^^^^^^^^^^^^^^^^^^^^^^^^^^^^
  File "C:\Users\prade\Pycharm\Cricinfo_scraper\scraping\match_scraper.py", line 409, in get_current_innings_team
    team_element = driver.find_element("css selector", "div.ds-cursor-pointer.ds-min-w-max")
                   ^^^^^^^^^^^^^^^^^^^^^^^^^^^^^^^^^^^^^^^^^^^^^^^^^^^^^^^^^^^^^^^^^^^^^^^^^
  File "C:\Users\prade\PycharmProjects\Cricinfo_scraper\.venv\Lib\site-packages\selenium\webdriver\remote\webdriver.py", line 914, in find_element
    return self.execute(Command.FIND_ELEMENT, {"using": by, "value": value})["value"]
           ^^^^^^^^^^^^^^^^^^^^^^^^^^^^^^^^^^^^^^^^^^^^^^^^^^^^^^^^^^^^^^^^^
  File "C:\Users\prade\PycharmProjects\Cricinfo_scraper\.venv\Lib\site-packages\selenium\webdriver\remote\webdriver.py", line 445, in execute
    response = self.command_executor.execute(driver_command, params)
               ^^^^^^^^^^^^^^^^^^^^^^^^^^^^^^^^^^^^^^^^^^^^^^^^^^^^^
  File "C:\Users\prade\PycharmProjects\Cricinfo_scraper\.venv\Lib\site-packages\selenium\webdriver\remote\remote_connection.py", line 404, in execute
    return self._request(command_info[0], url, body=data)
           ^^^^^^^^^^^^^^^^^^^^^^^^^^^^^^^^^^^^^^^^^^^^^^
  File "C:\Users\prade\PycharmProjects\Cricinfo_scraper\.venv\Lib\site-packages\selenium\webdriver\remote\remote_connection.py", line 428, in _request
    response = self._conn.request(method, url, body=body, headers=headers, timeout=self._client_config.timeout)
               ^^^^^^^^^^^^^^^^^^^^^^^^^^^^^^^^^^^^^^^^^^^^^^^^^^^^^^^^^^^^^^^^^^^^^^^^^^^^^^^^^^^^^^^^^^^^^^^^
  File "C:\Users\prade\PycharmProjects\Cricinfo_scraper\.venv\Lib\site-packages\urllib3\_request_methods.py", line 143, in request
    return self.request_encode_body(
           ^^^^^^^^^^^^^^^^^^^^^^^^^
  File "C:\Users\prade\PycharmProjects\Cricinfo_scraper\.venv\Lib\site-packages\urllib3\_request_methods.py", line 278, in request_encode_body
    return self.urlopen(method, url, **extra_kw)
           ^^^^^^^^^^^^^^^^^^^^^^^^^^^^^^^^^^^^^
  File "C:\Users\prade\PycharmProjects\Cricinfo_scraper\.venv\Lib\site-packages\urllib3\poolmanager.py", line 443, in urlopen
    response = conn.urlopen(method, u.request_uri, **kw)
               ^^^^^^^^^^^^^^^^^^^^^^^^^^^^^^^^^^^^^^^^^
  File "C:\Users\prade\PycharmProjects\Cricinfo_scraper\.venv\Lib\site-packages\urllib3\connectionpool.py", line 841, in urlopen
    retries = retries.increment(
              ^^^^^^^^^^^^^^^^^^
  File "C:\Users\prade\PycharmProjects\Cricinfo_scraper\.venv\Lib\site-packages\urllib3\util\retry.py", line 474, in increment
    raise reraise(type(error), error, _stacktrace)
          ^^^^^^^^^^^^^^^^^^^^^^^^^^^^^^^^^^^^^^^^
  File "C:\Users\prade\PycharmProjects\Cricinfo_scraper\.venv\Lib\site-packages\urllib3\util\util.py", line 39, in reraise
    raise value
  File "C:\Users\prade\PycharmProjects\Cricinfo_scraper\.venv\Lib\site-packages\urllib3\connectionpool.py", line 787, in urlopen
    response = self._make_request(
               ^^^^^^^^^^^^^^^^^^^
  File "C:\Users\prade\PycharmProjects\Cricinfo_scraper\.venv\Lib\site-packages\urllib3\connectionpool.py", line 536, in _make_request
    self._raise_timeout(err=e, url=url, timeout_value=read_timeout)
  File "C:\Users\prade\PycharmProjects\Cricinfo_scraper\.venv\Lib\site-packages\urllib3\connectionpool.py", line 367, in _raise_timeout
    raise ReadTimeoutError(
urllib3.exceptions.ReadTimeoutError: HTTPConnectionPool(host='localhost', port=59187): Read timed out. (read timeout=120)
2025-12-10 23:54:26 - scraping.match_scraper - ERROR - Error scraping match 1473439: HTTPConnectionPool(host='localhost', port=55317): Max retries exceeded with url: /session/2fb85d92fb2ece3f830332c5f93d0580/source (Caused by ReadTimeoutError("HTTPConnectionPool(host='localhost', port=55317): Read timed out. (read timeout=120)"))
Traceback (most recent call last):
  File "C:\Users\prade\PycharmProjects\Cricinfo_scraper\.venv\Lib\site-packages\urllib3\connectionpool.py", line 534, in _make_request
    response = conn.getresponse()
               ^^^^^^^^^^^^^^^^^^
  File "C:\Users\prade\PycharmProjects\Cricinfo_scraper\.venv\Lib\site-packages\urllib3\connection.py", line 516, in getresponse
    httplib_response = super().getresponse()
                       ^^^^^^^^^^^^^^^^^^^^^
  File "C:\Users\prade\AppData\Local\Programs\Python\Python311\Lib\http\client.py", line 1395, in getresponse
    response.begin()
  File "C:\Users\prade\AppData\Local\Programs\Python\Python311\Lib\http\client.py", line 325, in begin
    version, status, reason = self._read_status()
                              ^^^^^^^^^^^^^^^^^^^
  File "C:\Users\prade\AppData\Local\Programs\Python\Python311\Lib\http\client.py", line 286, in _read_status
    line = str(self.fp.readline(_MAXLINE + 1), "iso-8859-1")
               ^^^^^^^^^^^^^^^^^^^^^^^^^^^^^^
  File "C:\Users\prade\AppData\Local\Programs\Python\Python311\Lib\socket.py", line 706, in readinto
    return self._sock.recv_into(b)
           ^^^^^^^^^^^^^^^^^^^^^^^
TimeoutError: timed out

The above exception was the direct cause of the following exception:

Traceback (most recent call last):
  File "C:\Users\prade\PycharmProjects\Cricinfo_scraper\.venv\Lib\site-packages\urllib3\connectionpool.py", line 787, in urlopen
    response = self._make_request(
               ^^^^^^^^^^^^^^^^^^^
  File "C:\Users\prade\PycharmProjects\Cricinfo_scraper\.venv\Lib\site-packages\urllib3\connectionpool.py", line 536, in _make_request
    self._raise_timeout(err=e, url=url, timeout_value=read_timeout)
  File "C:\Users\prade\PycharmProjects\Cricinfo_scraper\.venv\Lib\site-packages\urllib3\connectionpool.py", line 367, in _raise_timeout
    raise ReadTimeoutError(
urllib3.exceptions.ReadTimeoutError: HTTPConnectionPool(host='localhost', port=55317): Read timed out. (read timeout=120)

The above exception was the direct cause of the following exception:

Traceback (most recent call last):
  File "C:\Users\prade\Pycharm\Cricinfo_scraper\scraping\match_scraper.py", line 163, in scrape
    metadata = MetadataExtractor.extract_metadata(driver.page_source, match_id)
                                                  ^^^^^^^^^^^^^^^^^^
  File "C:\Users\prade\PycharmProjects\Cricinfo_scraper\.venv\Lib\site-packages\selenium\webdriver\remote\webdriver.py", line 586, in page_source
    return self.execute(Command.GET_PAGE_SOURCE)["value"]
           ^^^^^^^^^^^^^^^^^^^^^^^^^^^^^^^^^^^^^
  File "C:\Users\prade\PycharmProjects\Cricinfo_scraper\.venv\Lib\site-packages\selenium\webdriver\remote\webdriver.py", line 445, in execute
    response = self.command_executor.execute(driver_command, params)
               ^^^^^^^^^^^^^^^^^^^^^^^^^^^^^^^^^^^^^^^^^^^^^^^^^^^^^
  File "C:\Users\prade\PycharmProjects\Cricinfo_scraper\.venv\Lib\site-packages\selenium\webdriver\remote\remote_connection.py", line 404, in execute
    return self._request(command_info[0], url, body=data)
           ^^^^^^^^^^^^^^^^^^^^^^^^^^^^^^^^^^^^^^^^^^^^^^
  File "C:\Users\prade\PycharmProjects\Cricinfo_scraper\.venv\Lib\site-packages\selenium\webdriver\remote\remote_connection.py", line 428, in _request
    response = self._conn.request(method, url, body=body, headers=headers, timeout=self._client_config.timeout)
               ^^^^^^^^^^^^^^^^^^^^^^^^^^^^^^^^^^^^^^^^^^^^^^^^^^^^^^^^^^^^^^^^^^^^^^^^^^^^^^^^^^^^^^^^^^^^^^^^
  File "C:\Users\prade\PycharmProjects\Cricinfo_scraper\.venv\Lib\site-packages\urllib3\_request_methods.py", line 135, in request
    return self.request_encode_url(
           ^^^^^^^^^^^^^^^^^^^^^^^^
  File "C:\Users\prade\PycharmProjects\Cricinfo_scraper\.venv\Lib\site-packages\urllib3\_request_methods.py", line 182, in request_encode_url
    return self.urlopen(method, url, **extra_kw)
           ^^^^^^^^^^^^^^^^^^^^^^^^^^^^^^^^^^^^^
  File "C:\Users\prade\PycharmProjects\Cricinfo_scraper\.venv\Lib\site-packages\urllib3\poolmanager.py", line 443, in urlopen
    response = conn.urlopen(method, u.request_uri, **kw)
               ^^^^^^^^^^^^^^^^^^^^^^^^^^^^^^^^^^^^^^^^^
  File "C:\Users\prade\PycharmProjects\Cricinfo_scraper\.venv\Lib\site-packages\urllib3\connectionpool.py", line 871, in urlopen
    return self.urlopen(
           ^^^^^^^^^^^^^
  File "C:\Users\prade\PycharmProjects\Cricinfo_scraper\.venv\Lib\site-packages\urllib3\connectionpool.py", line 871, in urlopen
    return self.urlopen(
           ^^^^^^^^^^^^^
  File "C:\Users\prade\PycharmProjects\Cricinfo_scraper\.venv\Lib\site-packages\urllib3\connectionpool.py", line 871, in urlopen
    return self.urlopen(
           ^^^^^^^^^^^^^
  File "C:\Users\prade\PycharmProjects\Cricinfo_scraper\.venv\Lib\site-packages\urllib3\connectionpool.py", line 841, in urlopen
    retries = retries.increment(
              ^^^^^^^^^^^^^^^^^^
  File "C:\Users\prade\PycharmProjects\Cricinfo_scraper\.venv\Lib\site-packages\urllib3\util\retry.py", line 519, in increment
    raise MaxRetryError(_pool, url, reason) from reason  # type: ignore[arg-type]
    ^^^^^^^^^^^^^^^^^^^^^^^^^^^^^^^^^^^^^^^^^^^^^^^^^^^
urllib3.exceptions.MaxRetryError: HTTPConnectionPool(host='localhost', port=55317): Max retries exceeded with url: /session/2fb85d92fb2ece3f830332c5f93d0580/source (Caused by ReadTimeoutError("HTTPConnectionPool(host='localhost', port=55317): Read timed out. (read timeout=120)"))
2025-12-11 00:17:04 - core.page_navigator - ERROR - Error during page scroll: HTTPConnectionPool(host='localhost', port=55445): Read timed out. (read timeout=120)
2025-12-11 00:19:07 - scraping.match_scraper - ERROR - Error scraping match 1473441: HTTPConnectionPool(host='localhost', port=55445): Read timed out. (read timeout=120)
Traceback (most recent call last):
  File "C:\Users\prade\PycharmProjects\Cricinfo_scraper\.venv\Lib\site-packages\urllib3\connectionpool.py", line 534, in _make_request
    response = conn.getresponse()
               ^^^^^^^^^^^^^^^^^^
  File "C:\Users\prade\PycharmProjects\Cricinfo_scraper\.venv\Lib\site-packages\urllib3\connection.py", line 516, in getresponse
    httplib_response = super().getresponse()
                       ^^^^^^^^^^^^^^^^^^^^^
  File "C:\Users\prade\AppData\Local\Programs\Python\Python311\Lib\http\client.py", line 1395, in getresponse
    response.begin()
  File "C:\Users\prade\AppData\Local\Programs\Python\Python311\Lib\http\client.py", line 325, in begin
    version, status, reason = self._read_status()
                              ^^^^^^^^^^^^^^^^^^^
  File "C:\Users\prade\AppData\Local\Programs\Python\Python311\Lib\http\client.py", line 286, in _read_status
    line = str(self.fp.readline(_MAXLINE + 1), "iso-8859-1")
               ^^^^^^^^^^^^^^^^^^^^^^^^^^^^^^
  File "C:\Users\prade\AppData\Local\Programs\Python\Python311\Lib\socket.py", line 706, in readinto
    return self._sock.recv_into(b)
           ^^^^^^^^^^^^^^^^^^^^^^^
TimeoutError: timed out

The above exception was the direct cause of the following exception:

Traceback (most recent call last):
  File "C:\Users\prade\Pycharm\Cricinfo_scraper\scraping\match_scraper.py", line 197, in scrape
    default_innings = self.get_current_innings_team(driver)
                      ^^^^^^^^^^^^^^^^^^^^^^^^^^^^^^^^^^^^^
  File "C:\Users\prade\Pycharm\Cricinfo_scraper\scraping\match_scraper.py", line 409, in get_current_innings_team
    team_element = driver.find_element("css selector", "div.ds-cursor-pointer.ds-min-w-max")
                   ^^^^^^^^^^^^^^^^^^^^^^^^^^^^^^^^^^^^^^^^^^^^^^^^^^^^^^^^^^^^^^^^^^^^^^^^^
  File "C:\Users\prade\PycharmProjects\Cricinfo_scraper\.venv\Lib\site-packages\selenium\webdriver\remote\webdriver.py", line 914, in find_element
    return self.execute(Command.FIND_ELEMENT, {"using": by, "value": value})["value"]
           ^^^^^^^^^^^^^^^^^^^^^^^^^^^^^^^^^^^^^^^^^^^^^^^^^^^^^^^^^^^^^^^^^
  File "C:\Users\prade\PycharmProjects\Cricinfo_scraper\.venv\Lib\site-packages\selenium\webdriver\remote\webdriver.py", line 445, in execute
    response = self.command_executor.execute(driver_command, params)
               ^^^^^^^^^^^^^^^^^^^^^^^^^^^^^^^^^^^^^^^^^^^^^^^^^^^^^
  File "C:\Users\prade\PycharmProjects\Cricinfo_scraper\.venv\Lib\site-packages\selenium\webdriver\remote\remote_connection.py", line 404, in execute
    return self._request(command_info[0], url, body=data)
           ^^^^^^^^^^^^^^^^^^^^^^^^^^^^^^^^^^^^^^^^^^^^^^
  File "C:\Users\prade\PycharmProjects\Cricinfo_scraper\.venv\Lib\site-packages\selenium\webdriver\remote\remote_connection.py", line 428, in _request
    response = self._conn.request(method, url, body=body, headers=headers, timeout=self._client_config.timeout)
               ^^^^^^^^^^^^^^^^^^^^^^^^^^^^^^^^^^^^^^^^^^^^^^^^^^^^^^^^^^^^^^^^^^^^^^^^^^^^^^^^^^^^^^^^^^^^^^^^
  File "C:\Users\prade\PycharmProjects\Cricinfo_scraper\.venv\Lib\site-packages\urllib3\_request_methods.py", line 143, in request
    return self.request_encode_body(
           ^^^^^^^^^^^^^^^^^^^^^^^^^
  File "C:\Users\prade\PycharmProjects\Cricinfo_scraper\.venv\Lib\site-packages\urllib3\_request_methods.py", line 278, in request_encode_body
    return self.urlopen(method, url, **extra_kw)
           ^^^^^^^^^^^^^^^^^^^^^^^^^^^^^^^^^^^^^
  File "C:\Users\prade\PycharmProjects\Cricinfo_scraper\.venv\Lib\site-packages\urllib3\poolmanager.py", line 443, in urlopen
    response = conn.urlopen(method, u.request_uri, **kw)
               ^^^^^^^^^^^^^^^^^^^^^^^^^^^^^^^^^^^^^^^^^
  File "C:\Users\prade\PycharmProjects\Cricinfo_scraper\.venv\Lib\site-packages\urllib3\connectionpool.py", line 841, in urlopen
    retries = retries.increment(
              ^^^^^^^^^^^^^^^^^^
  File "C:\Users\prade\PycharmProjects\Cricinfo_scraper\.venv\Lib\site-packages\urllib3\util\retry.py", line 474, in increment
    raise reraise(type(error), error, _stacktrace)
          ^^^^^^^^^^^^^^^^^^^^^^^^^^^^^^^^^^^^^^^^
  File "C:\Users\prade\PycharmProjects\Cricinfo_scraper\.venv\Lib\site-packages\urllib3\util\util.py", line 39, in reraise
    raise value
  File "C:\Users\prade\PycharmProjects\Cricinfo_scraper\.venv\Lib\site-packages\urllib3\connectionpool.py", line 787, in urlopen
    response = self._make_request(
               ^^^^^^^^^^^^^^^^^^^
  File "C:\Users\prade\PycharmProjects\Cricinfo_scraper\.venv\Lib\site-packages\urllib3\connectionpool.py", line 536, in _make_request
    self._raise_timeout(err=e, url=url, timeout_value=read_timeout)
  File "C:\Users\prade\PycharmProjects\Cricinfo_scraper\.venv\Lib\site-packages\urllib3\connectionpool.py", line 367, in _raise_timeout
    raise ReadTimeoutError(
urllib3.exceptions.ReadTimeoutError: HTTPConnectionPool(host='localhost', port=55445): Read timed out. (read timeout=120)
2025-12-11 00:36:28 - core.page_navigator - ERROR - Error during page scroll: HTTPConnectionPool(host='localhost', port=55590): Read timed out. (read timeout=120)
2025-12-11 00:38:31 - scraping.match_scraper - ERROR - Error scraping match 1473442: HTTPConnectionPool(host='localhost', port=55590): Read timed out. (read timeout=120)
Traceback (most recent call last):
  File "C:\Users\prade\PycharmProjects\Cricinfo_scraper\.venv\Lib\site-packages\urllib3\connectionpool.py", line 534, in _make_request
    response = conn.getresponse()
               ^^^^^^^^^^^^^^^^^^
  File "C:\Users\prade\PycharmProjects\Cricinfo_scraper\.venv\Lib\site-packages\urllib3\connection.py", line 516, in getresponse
    httplib_response = super().getresponse()
                       ^^^^^^^^^^^^^^^^^^^^^
  File "C:\Users\prade\AppData\Local\Programs\Python\Python311\Lib\http\client.py", line 1395, in getresponse
    response.begin()
  File "C:\Users\prade\AppData\Local\Programs\Python\Python311\Lib\http\client.py", line 325, in begin
    version, status, reason = self._read_status()
                              ^^^^^^^^^^^^^^^^^^^
  File "C:\Users\prade\AppData\Local\Programs\Python\Python311\Lib\http\client.py", line 286, in _read_status
    line = str(self.fp.readline(_MAXLINE + 1), "iso-8859-1")
               ^^^^^^^^^^^^^^^^^^^^^^^^^^^^^^
  File "C:\Users\prade\AppData\Local\Programs\Python\Python311\Lib\socket.py", line 706, in readinto
    return self._sock.recv_into(b)
           ^^^^^^^^^^^^^^^^^^^^^^^
TimeoutError: timed out

The above exception was the direct cause of the following exception:

Traceback (most recent call last):
  File "C:\Users\prade\Pycharm\Cricinfo_scraper\scraping\match_scraper.py", line 197, in scrape
    default_innings = self.get_current_innings_team(driver)
                      ^^^^^^^^^^^^^^^^^^^^^^^^^^^^^^^^^^^^^
  File "C:\Users\prade\Pycharm\Cricinfo_scraper\scraping\match_scraper.py", line 409, in get_current_innings_team
    team_element = driver.find_element("css selector", "div.ds-cursor-pointer.ds-min-w-max")
                   ^^^^^^^^^^^^^^^^^^^^^^^^^^^^^^^^^^^^^^^^^^^^^^^^^^^^^^^^^^^^^^^^^^^^^^^^^
  File "C:\Users\prade\PycharmProjects\Cricinfo_scraper\.venv\Lib\site-packages\selenium\webdriver\remote\webdriver.py", line 914, in find_element
    return self.execute(Command.FIND_ELEMENT, {"using": by, "value": value})["value"]
           ^^^^^^^^^^^^^^^^^^^^^^^^^^^^^^^^^^^^^^^^^^^^^^^^^^^^^^^^^^^^^^^^^
  File "C:\Users\prade\PycharmProjects\Cricinfo_scraper\.venv\Lib\site-packages\selenium\webdriver\remote\webdriver.py", line 445, in execute
    response = self.command_executor.execute(driver_command, params)
               ^^^^^^^^^^^^^^^^^^^^^^^^^^^^^^^^^^^^^^^^^^^^^^^^^^^^^
  File "C:\Users\prade\PycharmProjects\Cricinfo_scraper\.venv\Lib\site-packages\selenium\webdriver\remote\remote_connection.py", line 404, in execute
    return self._request(command_info[0], url, body=data)
           ^^^^^^^^^^^^^^^^^^^^^^^^^^^^^^^^^^^^^^^^^^^^^^
  File "C:\Users\prade\PycharmProjects\Cricinfo_scraper\.venv\Lib\site-packages\selenium\webdriver\remote\remote_connection.py", line 428, in _request
    response = self._conn.request(method, url, body=body, headers=headers, timeout=self._client_config.timeout)
               ^^^^^^^^^^^^^^^^^^^^^^^^^^^^^^^^^^^^^^^^^^^^^^^^^^^^^^^^^^^^^^^^^^^^^^^^^^^^^^^^^^^^^^^^^^^^^^^^
  File "C:\Users\prade\PycharmProjects\Cricinfo_scraper\.venv\Lib\site-packages\urllib3\_request_methods.py", line 143, in request
    return self.request_encode_body(
           ^^^^^^^^^^^^^^^^^^^^^^^^^
  File "C:\Users\prade\PycharmProjects\Cricinfo_scraper\.venv\Lib\site-packages\urllib3\_request_methods.py", line 278, in request_encode_body
    return self.urlopen(method, url, **extra_kw)
           ^^^^^^^^^^^^^^^^^^^^^^^^^^^^^^^^^^^^^
  File "C:\Users\prade\PycharmProjects\Cricinfo_scraper\.venv\Lib\site-packages\urllib3\poolmanager.py", line 443, in urlopen
    response = conn.urlopen(method, u.request_uri, **kw)
               ^^^^^^^^^^^^^^^^^^^^^^^^^^^^^^^^^^^^^^^^^
  File "C:\Users\prade\PycharmProjects\Cricinfo_scraper\.venv\Lib\site-packages\urllib3\connectionpool.py", line 841, in urlopen
    retries = retries.increment(
              ^^^^^^^^^^^^^^^^^^
  File "C:\Users\prade\PycharmProjects\Cricinfo_scraper\.venv\Lib\site-packages\urllib3\util\retry.py", line 474, in increment
    raise reraise(type(error), error, _stacktrace)
          ^^^^^^^^^^^^^^^^^^^^^^^^^^^^^^^^^^^^^^^^
  File "C:\Users\prade\PycharmProjects\Cricinfo_scraper\.venv\Lib\site-packages\urllib3\util\util.py", line 39, in reraise
    raise value
  File "C:\Users\prade\PycharmProjects\Cricinfo_scraper\.venv\Lib\site-packages\urllib3\connectionpool.py", line 787, in urlopen
    response = self._make_request(
               ^^^^^^^^^^^^^^^^^^^
  File "C:\Users\prade\PycharmProjects\Cricinfo_scraper\.venv\Lib\site-packages\urllib3\connectionpool.py", line 536, in _make_request
    self._raise_timeout(err=e, url=url, timeout_value=read_timeout)
  File "C:\Users\prade\PycharmProjects\Cricinfo_scraper\.venv\Lib\site-packages\urllib3\connectionpool.py", line 367, in _raise_timeout
    raise ReadTimeoutError(
urllib3.exceptions.ReadTimeoutError: HTTPConnectionPool(host='localhost', port=55590): Read timed out. (read timeout=120)
2025-12-11 00:57:39 - core.page_navigator - ERROR - Error during page scroll: HTTPConnectionPool(host='localhost', port=55443): Read timed out. (read timeout=120)
2025-12-11 00:59:42 - scraping.match_scraper - ERROR - Error scraping match 1473443: HTTPConnectionPool(host='localhost', port=55443): Read timed out. (read timeout=120)
Traceback (most recent call last):
  File "C:\Users\prade\PycharmProjects\Cricinfo_scraper\.venv\Lib\site-packages\urllib3\connectionpool.py", line 534, in _make_request
    response = conn.getresponse()
               ^^^^^^^^^^^^^^^^^^
  File "C:\Users\prade\PycharmProjects\Cricinfo_scraper\.venv\Lib\site-packages\urllib3\connection.py", line 516, in getresponse
    httplib_response = super().getresponse()
                       ^^^^^^^^^^^^^^^^^^^^^
  File "C:\Users\prade\AppData\Local\Programs\Python\Python311\Lib\http\client.py", line 1395, in getresponse
    response.begin()
  File "C:\Users\prade\AppData\Local\Programs\Python\Python311\Lib\http\client.py", line 325, in begin
    version, status, reason = self._read_status()
                              ^^^^^^^^^^^^^^^^^^^
  File "C:\Users\prade\AppData\Local\Programs\Python\Python311\Lib\http\client.py", line 286, in _read_status
    line = str(self.fp.readline(_MAXLINE + 1), "iso-8859-1")
               ^^^^^^^^^^^^^^^^^^^^^^^^^^^^^^
  File "C:\Users\prade\AppData\Local\Programs\Python\Python311\Lib\socket.py", line 706, in readinto
    return self._sock.recv_into(b)
           ^^^^^^^^^^^^^^^^^^^^^^^
TimeoutError: timed out

The above exception was the direct cause of the following exception:

Traceback (most recent call last):
  File "C:\Users\prade\Pycharm\Cricinfo_scraper\scraping\match_scraper.py", line 197, in scrape
    default_innings = self.get_current_innings_team(driver)
                      ^^^^^^^^^^^^^^^^^^^^^^^^^^^^^^^^^^^^^
  File "C:\Users\prade\Pycharm\Cricinfo_scraper\scraping\match_scraper.py", line 409, in get_current_innings_team
    team_element = driver.find_element("css selector", "div.ds-cursor-pointer.ds-min-w-max")
                   ^^^^^^^^^^^^^^^^^^^^^^^^^^^^^^^^^^^^^^^^^^^^^^^^^^^^^^^^^^^^^^^^^^^^^^^^^
  File "C:\Users\prade\PycharmProjects\Cricinfo_scraper\.venv\Lib\site-packages\selenium\webdriver\remote\webdriver.py", line 914, in find_element
    return self.execute(Command.FIND_ELEMENT, {"using": by, "value": value})["value"]
           ^^^^^^^^^^^^^^^^^^^^^^^^^^^^^^^^^^^^^^^^^^^^^^^^^^^^^^^^^^^^^^^^^
  File "C:\Users\prade\PycharmProjects\Cricinfo_scraper\.venv\Lib\site-packages\selenium\webdriver\remote\webdriver.py", line 445, in execute
    response = self.command_executor.execute(driver_command, params)
               ^^^^^^^^^^^^^^^^^^^^^^^^^^^^^^^^^^^^^^^^^^^^^^^^^^^^^
  File "C:\Users\prade\PycharmProjects\Cricinfo_scraper\.venv\Lib\site-packages\selenium\webdriver\remote\remote_connection.py", line 404, in execute
    return self._request(command_info[0], url, body=data)
           ^^^^^^^^^^^^^^^^^^^^^^^^^^^^^^^^^^^^^^^^^^^^^^
  File "C:\Users\prade\PycharmProjects\Cricinfo_scraper\.venv\Lib\site-packages\selenium\webdriver\remote\remote_connection.py", line 428, in _request
    response = self._conn.request(method, url, body=body, headers=headers, timeout=self._client_config.timeout)
               ^^^^^^^^^^^^^^^^^^^^^^^^^^^^^^^^^^^^^^^^^^^^^^^^^^^^^^^^^^^^^^^^^^^^^^^^^^^^^^^^^^^^^^^^^^^^^^^^
  File "C:\Users\prade\PycharmProjects\Cricinfo_scraper\.venv\Lib\site-packages\urllib3\_request_methods.py", line 143, in request
    return self.request_encode_body(
           ^^^^^^^^^^^^^^^^^^^^^^^^^
  File "C:\Users\prade\PycharmProjects\Cricinfo_scraper\.venv\Lib\site-packages\urllib3\_request_methods.py", line 278, in request_encode_body
    return self.urlopen(method, url, **extra_kw)
           ^^^^^^^^^^^^^^^^^^^^^^^^^^^^^^^^^^^^^
  File "C:\Users\prade\PycharmProjects\Cricinfo_scraper\.venv\Lib\site-packages\urllib3\poolmanager.py", line 443, in urlopen
    response = conn.urlopen(method, u.request_uri, **kw)
               ^^^^^^^^^^^^^^^^^^^^^^^^^^^^^^^^^^^^^^^^^
  File "C:\Users\prade\PycharmProjects\Cricinfo_scraper\.venv\Lib\site-packages\urllib3\connectionpool.py", line 841, in urlopen
    retries = retries.increment(
              ^^^^^^^^^^^^^^^^^^
  File "C:\Users\prade\PycharmProjects\Cricinfo_scraper\.venv\Lib\site-packages\urllib3\util\retry.py", line 474, in increment
    raise reraise(type(error), error, _stacktrace)
          ^^^^^^^^^^^^^^^^^^^^^^^^^^^^^^^^^^^^^^^^
  File "C:\Users\prade\PycharmProjects\Cricinfo_scraper\.venv\Lib\site-packages\urllib3\util\util.py", line 39, in reraise
    raise value
  File "C:\Users\prade\PycharmProjects\Cricinfo_scraper\.venv\Lib\site-packages\urllib3\connectionpool.py", line 787, in urlopen
    response = self._make_request(
               ^^^^^^^^^^^^^^^^^^^
  File "C:\Users\prade\PycharmProjects\Cricinfo_scraper\.venv\Lib\site-packages\urllib3\connectionpool.py", line 536, in _make_request
    self._raise_timeout(err=e, url=url, timeout_value=read_timeout)
  File "C:\Users\prade\PycharmProjects\Cricinfo_scraper\.venv\Lib\site-packages\urllib3\connectionpool.py", line 367, in _raise_timeout
    raise ReadTimeoutError(
urllib3.exceptions.ReadTimeoutError: HTTPConnectionPool(host='localhost', port=55443): Read timed out. (read timeout=120)
2025-12-11 01:25:20 - core.page_navigator - ERROR - Error during page scroll: HTTPConnectionPool(host='localhost', port=62176): Read timed out. (read timeout=120)
2025-12-11 01:27:23 - scraping.match_scraper - ERROR - Error scraping match 1473447: HTTPConnectionPool(host='localhost', port=62176): Read timed out. (read timeout=120)
Traceback (most recent call last):
  File "C:\Users\prade\PycharmProjects\Cricinfo_scraper\.venv\Lib\site-packages\urllib3\connectionpool.py", line 534, in _make_request
    response = conn.getresponse()
               ^^^^^^^^^^^^^^^^^^
  File "C:\Users\prade\PycharmProjects\Cricinfo_scraper\.venv\Lib\site-packages\urllib3\connection.py", line 516, in getresponse
    httplib_response = super().getresponse()
                       ^^^^^^^^^^^^^^^^^^^^^
  File "C:\Users\prade\AppData\Local\Programs\Python\Python311\Lib\http\client.py", line 1395, in getresponse
    response.begin()
  File "C:\Users\prade\AppData\Local\Programs\Python\Python311\Lib\http\client.py", line 325, in begin
    version, status, reason = self._read_status()
                              ^^^^^^^^^^^^^^^^^^^
  File "C:\Users\prade\AppData\Local\Programs\Python\Python311\Lib\http\client.py", line 286, in _read_status
    line = str(self.fp.readline(_MAXLINE + 1), "iso-8859-1")
               ^^^^^^^^^^^^^^^^^^^^^^^^^^^^^^
  File "C:\Users\prade\AppData\Local\Programs\Python\Python311\Lib\socket.py", line 706, in readinto
    return self._sock.recv_into(b)
           ^^^^^^^^^^^^^^^^^^^^^^^
TimeoutError: timed out

The above exception was the direct cause of the following exception:

Traceback (most recent call last):
  File "C:\Users\prade\Pycharm\Cricinfo_scraper\scraping\match_scraper.py", line 197, in scrape
    default_innings = self.get_current_innings_team(driver)
                      ^^^^^^^^^^^^^^^^^^^^^^^^^^^^^^^^^^^^^
  File "C:\Users\prade\Pycharm\Cricinfo_scraper\scraping\match_scraper.py", line 409, in get_current_innings_team
    team_element = driver.find_element("css selector", "div.ds-cursor-pointer.ds-min-w-max")
                   ^^^^^^^^^^^^^^^^^^^^^^^^^^^^^^^^^^^^^^^^^^^^^^^^^^^^^^^^^^^^^^^^^^^^^^^^^
  File "C:\Users\prade\PycharmProjects\Cricinfo_scraper\.venv\Lib\site-packages\selenium\webdriver\remote\webdriver.py", line 914, in find_element
    return self.execute(Command.FIND_ELEMENT, {"using": by, "value": value})["value"]
           ^^^^^^^^^^^^^^^^^^^^^^^^^^^^^^^^^^^^^^^^^^^^^^^^^^^^^^^^^^^^^^^^^
  File "C:\Users\prade\PycharmProjects\Cricinfo_scraper\.venv\Lib\site-packages\selenium\webdriver\remote\webdriver.py", line 445, in execute
    response = self.command_executor.execute(driver_command, params)
               ^^^^^^^^^^^^^^^^^^^^^^^^^^^^^^^^^^^^^^^^^^^^^^^^^^^^^
  File "C:\Users\prade\PycharmProjects\Cricinfo_scraper\.venv\Lib\site-packages\selenium\webdriver\remote\remote_connection.py", line 404, in execute
    return self._request(command_info[0], url, body=data)
           ^^^^^^^^^^^^^^^^^^^^^^^^^^^^^^^^^^^^^^^^^^^^^^
  File "C:\Users\prade\PycharmProjects\Cricinfo_scraper\.venv\Lib\site-packages\selenium\webdriver\remote\remote_connection.py", line 428, in _request
    response = self._conn.request(method, url, body=body, headers=headers, timeout=self._client_config.timeout)
               ^^^^^^^^^^^^^^^^^^^^^^^^^^^^^^^^^^^^^^^^^^^^^^^^^^^^^^^^^^^^^^^^^^^^^^^^^^^^^^^^^^^^^^^^^^^^^^^^
  File "C:\Users\prade\PycharmProjects\Cricinfo_scraper\.venv\Lib\site-packages\urllib3\_request_methods.py", line 143, in request
    return self.request_encode_body(
           ^^^^^^^^^^^^^^^^^^^^^^^^^
  File "C:\Users\prade\PycharmProjects\Cricinfo_scraper\.venv\Lib\site-packages\urllib3\_request_methods.py", line 278, in request_encode_body
    return self.urlopen(method, url, **extra_kw)
           ^^^^^^^^^^^^^^^^^^^^^^^^^^^^^^^^^^^^^
  File "C:\Users\prade\PycharmProjects\Cricinfo_scraper\.venv\Lib\site-packages\urllib3\poolmanager.py", line 443, in urlopen
    response = conn.urlopen(method, u.request_uri, **kw)
               ^^^^^^^^^^^^^^^^^^^^^^^^^^^^^^^^^^^^^^^^^
  File "C:\Users\prade\PycharmProjects\Cricinfo_scraper\.venv\Lib\site-packages\urllib3\connectionpool.py", line 841, in urlopen
    retries = retries.increment(
              ^^^^^^^^^^^^^^^^^^
  File "C:\Users\prade\PycharmProjects\Cricinfo_scraper\.venv\Lib\site-packages\urllib3\util\retry.py", line 474, in increment
    raise reraise(type(error), error, _stacktrace)
          ^^^^^^^^^^^^^^^^^^^^^^^^^^^^^^^^^^^^^^^^
  File "C:\Users\prade\PycharmProjects\Cricinfo_scraper\.venv\Lib\site-packages\urllib3\util\util.py", line 39, in reraise
    raise value
  File "C:\Users\prade\PycharmProjects\Cricinfo_scraper\.venv\Lib\site-packages\urllib3\connectionpool.py", line 787, in urlopen
    response = self._make_request(
               ^^^^^^^^^^^^^^^^^^^
  File "C:\Users\prade\PycharmProjects\Cricinfo_scraper\.venv\Lib\site-packages\urllib3\connectionpool.py", line 536, in _make_request
    self._raise_timeout(err=e, url=url, timeout_value=read_timeout)
  File "C:\Users\prade\PycharmProjects\Cricinfo_scraper\.venv\Lib\site-packages\urllib3\connectionpool.py", line 367, in _raise_timeout
    raise ReadTimeoutError(
urllib3.exceptions.ReadTimeoutError: HTTPConnectionPool(host='localhost', port=62176): Read timed out. (read timeout=120)
2025-12-11 01:39:52 - core.page_navigator - ERROR - Error during page scroll: HTTPConnectionPool(host='localhost', port=49673): Read timed out. (read timeout=120)
2025-12-11 01:41:55 - scraping.match_scraper - ERROR - Error scraping match 1473447: HTTPConnectionPool(host='localhost', port=49673): Read timed out. (read timeout=120)
Traceback (most recent call last):
  File "C:\Users\prade\PycharmProjects\Cricinfo_scraper\.venv\Lib\site-packages\urllib3\connectionpool.py", line 534, in _make_request
    response = conn.getresponse()
               ^^^^^^^^^^^^^^^^^^
  File "C:\Users\prade\PycharmProjects\Cricinfo_scraper\.venv\Lib\site-packages\urllib3\connection.py", line 516, in getresponse
    httplib_response = super().getresponse()
                       ^^^^^^^^^^^^^^^^^^^^^
  File "C:\Users\prade\AppData\Local\Programs\Python\Python311\Lib\http\client.py", line 1395, in getresponse
    response.begin()
  File "C:\Users\prade\AppData\Local\Programs\Python\Python311\Lib\http\client.py", line 325, in begin
    version, status, reason = self._read_status()
                              ^^^^^^^^^^^^^^^^^^^
  File "C:\Users\prade\AppData\Local\Programs\Python\Python311\Lib\http\client.py", line 286, in _read_status
    line = str(self.fp.readline(_MAXLINE + 1), "iso-8859-1")
               ^^^^^^^^^^^^^^^^^^^^^^^^^^^^^^
  File "C:\Users\prade\AppData\Local\Programs\Python\Python311\Lib\socket.py", line 706, in readinto
    return self._sock.recv_into(b)
           ^^^^^^^^^^^^^^^^^^^^^^^
TimeoutError: timed out

The above exception was the direct cause of the following exception:

Traceback (most recent call last):
  File "C:\Users\prade\Pycharm\Cricinfo_scraper\scraping\match_scraper.py", line 197, in scrape
    default_innings = self.get_current_innings_team(driver)
                      ^^^^^^^^^^^^^^^^^^^^^^^^^^^^^^^^^^^^^
  File "C:\Users\prade\Pycharm\Cricinfo_scraper\scraping\match_scraper.py", line 409, in get_current_innings_team
    team_element = driver.find_element("css selector", "div.ds-cursor-pointer.ds-min-w-max")
                   ^^^^^^^^^^^^^^^^^^^^^^^^^^^^^^^^^^^^^^^^^^^^^^^^^^^^^^^^^^^^^^^^^^^^^^^^^
  File "C:\Users\prade\PycharmProjects\Cricinfo_scraper\.venv\Lib\site-packages\selenium\webdriver\remote\webdriver.py", line 914, in find_element
    return self.execute(Command.FIND_ELEMENT, {"using": by, "value": value})["value"]
           ^^^^^^^^^^^^^^^^^^^^^^^^^^^^^^^^^^^^^^^^^^^^^^^^^^^^^^^^^^^^^^^^^
  File "C:\Users\prade\PycharmProjects\Cricinfo_scraper\.venv\Lib\site-packages\selenium\webdriver\remote\webdriver.py", line 445, in execute
    response = self.command_executor.execute(driver_command, params)
               ^^^^^^^^^^^^^^^^^^^^^^^^^^^^^^^^^^^^^^^^^^^^^^^^^^^^^
  File "C:\Users\prade\PycharmProjects\Cricinfo_scraper\.venv\Lib\site-packages\selenium\webdriver\remote\remote_connection.py", line 404, in execute
    return self._request(command_info[0], url, body=data)
           ^^^^^^^^^^^^^^^^^^^^^^^^^^^^^^^^^^^^^^^^^^^^^^
  File "C:\Users\prade\PycharmProjects\Cricinfo_scraper\.venv\Lib\site-packages\selenium\webdriver\remote\remote_connection.py", line 428, in _request
    response = self._conn.request(method, url, body=body, headers=headers, timeout=self._client_config.timeout)
               ^^^^^^^^^^^^^^^^^^^^^^^^^^^^^^^^^^^^^^^^^^^^^^^^^^^^^^^^^^^^^^^^^^^^^^^^^^^^^^^^^^^^^^^^^^^^^^^^
  File "C:\Users\prade\PycharmProjects\Cricinfo_scraper\.venv\Lib\site-packages\urllib3\_request_methods.py", line 143, in request
    return self.request_encode_body(
           ^^^^^^^^^^^^^^^^^^^^^^^^^
  File "C:\Users\prade\PycharmProjects\Cricinfo_scraper\.venv\Lib\site-packages\urllib3\_request_methods.py", line 278, in request_encode_body
    return self.urlopen(method, url, **extra_kw)
           ^^^^^^^^^^^^^^^^^^^^^^^^^^^^^^^^^^^^^
  File "C:\Users\prade\PycharmProjects\Cricinfo_scraper\.venv\Lib\site-packages\urllib3\poolmanager.py", line 443, in urlopen
    response = conn.urlopen(method, u.request_uri, **kw)
               ^^^^^^^^^^^^^^^^^^^^^^^^^^^^^^^^^^^^^^^^^
  File "C:\Users\prade\PycharmProjects\Cricinfo_scraper\.venv\Lib\site-packages\urllib3\connectionpool.py", line 841, in urlopen
    retries = retries.increment(
              ^^^^^^^^^^^^^^^^^^
  File "C:\Users\prade\PycharmProjects\Cricinfo_scraper\.venv\Lib\site-packages\urllib3\util\retry.py", line 474, in increment
    raise reraise(type(error), error, _stacktrace)
          ^^^^^^^^^^^^^^^^^^^^^^^^^^^^^^^^^^^^^^^^
  File "C:\Users\prade\PycharmProjects\Cricinfo_scraper\.venv\Lib\site-packages\urllib3\util\util.py", line 39, in reraise
    raise value
  File "C:\Users\prade\PycharmProjects\Cricinfo_scraper\.venv\Lib\site-packages\urllib3\connectionpool.py", line 787, in urlopen
    response = self._make_request(
               ^^^^^^^^^^^^^^^^^^^
  File "C:\Users\prade\PycharmProjects\Cricinfo_scraper\.venv\Lib\site-packages\urllib3\connectionpool.py", line 536, in _make_request
    self._raise_timeout(err=e, url=url, timeout_value=read_timeout)
  File "C:\Users\prade\PycharmProjects\Cricinfo_scraper\.venv\Lib\site-packages\urllib3\connectionpool.py", line 367, in _raise_timeout
    raise ReadTimeoutError(
urllib3.exceptions.ReadTimeoutError: HTTPConnectionPool(host='localhost', port=49673): Read timed out. (read timeout=120)
2025-12-11 02:05:38 - core.page_navigator - ERROR - Error during page scroll: HTTPConnectionPool(host='localhost', port=65058): Read timed out. (read timeout=120)
2025-12-11 02:07:41 - scraping.match_scraper - ERROR - Error scraping match 1473449: HTTPConnectionPool(host='localhost', port=65058): Read timed out. (read timeout=120)
Traceback (most recent call last):
  File "C:\Users\prade\PycharmProjects\Cricinfo_scraper\.venv\Lib\site-packages\urllib3\connectionpool.py", line 534, in _make_request
    response = conn.getresponse()
               ^^^^^^^^^^^^^^^^^^
  File "C:\Users\prade\PycharmProjects\Cricinfo_scraper\.venv\Lib\site-packages\urllib3\connection.py", line 516, in getresponse
    httplib_response = super().getresponse()
                       ^^^^^^^^^^^^^^^^^^^^^
  File "C:\Users\prade\AppData\Local\Programs\Python\Python311\Lib\http\client.py", line 1395, in getresponse
    response.begin()
  File "C:\Users\prade\AppData\Local\Programs\Python\Python311\Lib\http\client.py", line 325, in begin
    version, status, reason = self._read_status()
                              ^^^^^^^^^^^^^^^^^^^
  File "C:\Users\prade\AppData\Local\Programs\Python\Python311\Lib\http\client.py", line 286, in _read_status
    line = str(self.fp.readline(_MAXLINE + 1), "iso-8859-1")
               ^^^^^^^^^^^^^^^^^^^^^^^^^^^^^^
  File "C:\Users\prade\AppData\Local\Programs\Python\Python311\Lib\socket.py", line 706, in readinto
    return self._sock.recv_into(b)
           ^^^^^^^^^^^^^^^^^^^^^^^
TimeoutError: timed out

The above exception was the direct cause of the following exception:

Traceback (most recent call last):
  File "C:\Users\prade\Pycharm\Cricinfo_scraper\scraping\match_scraper.py", line 197, in scrape
    default_innings = self.get_current_innings_team(driver)
                      ^^^^^^^^^^^^^^^^^^^^^^^^^^^^^^^^^^^^^
  File "C:\Users\prade\Pycharm\Cricinfo_scraper\scraping\match_scraper.py", line 409, in get_current_innings_team
    team_element = driver.find_element("css selector", "div.ds-cursor-pointer.ds-min-w-max")
                   ^^^^^^^^^^^^^^^^^^^^^^^^^^^^^^^^^^^^^^^^^^^^^^^^^^^^^^^^^^^^^^^^^^^^^^^^^
  File "C:\Users\prade\PycharmProjects\Cricinfo_scraper\.venv\Lib\site-packages\selenium\webdriver\remote\webdriver.py", line 914, in find_element
    return self.execute(Command.FIND_ELEMENT, {"using": by, "value": value})["value"]
           ^^^^^^^^^^^^^^^^^^^^^^^^^^^^^^^^^^^^^^^^^^^^^^^^^^^^^^^^^^^^^^^^^
  File "C:\Users\prade\PycharmProjects\Cricinfo_scraper\.venv\Lib\site-packages\selenium\webdriver\remote\webdriver.py", line 445, in execute
    response = self.command_executor.execute(driver_command, params)
               ^^^^^^^^^^^^^^^^^^^^^^^^^^^^^^^^^^^^^^^^^^^^^^^^^^^^^
  File "C:\Users\prade\PycharmProjects\Cricinfo_scraper\.venv\Lib\site-packages\selenium\webdriver\remote\remote_connection.py", line 404, in execute
    return self._request(command_info[0], url, body=data)
           ^^^^^^^^^^^^^^^^^^^^^^^^^^^^^^^^^^^^^^^^^^^^^^
  File "C:\Users\prade\PycharmProjects\Cricinfo_scraper\.venv\Lib\site-packages\selenium\webdriver\remote\remote_connection.py", line 428, in _request
    response = self._conn.request(method, url, body=body, headers=headers, timeout=self._client_config.timeout)
               ^^^^^^^^^^^^^^^^^^^^^^^^^^^^^^^^^^^^^^^^^^^^^^^^^^^^^^^^^^^^^^^^^^^^^^^^^^^^^^^^^^^^^^^^^^^^^^^^
  File "C:\Users\prade\PycharmProjects\Cricinfo_scraper\.venv\Lib\site-packages\urllib3\_request_methods.py", line 143, in request
    return self.request_encode_body(
           ^^^^^^^^^^^^^^^^^^^^^^^^^
  File "C:\Users\prade\PycharmProjects\Cricinfo_scraper\.venv\Lib\site-packages\urllib3\_request_methods.py", line 278, in request_encode_body
    return self.urlopen(method, url, **extra_kw)
           ^^^^^^^^^^^^^^^^^^^^^^^^^^^^^^^^^^^^^
  File "C:\Users\prade\PycharmProjects\Cricinfo_scraper\.venv\Lib\site-packages\urllib3\poolmanager.py", line 443, in urlopen
    response = conn.urlopen(method, u.request_uri, **kw)
               ^^^^^^^^^^^^^^^^^^^^^^^^^^^^^^^^^^^^^^^^^
  File "C:\Users\prade\PycharmProjects\Cricinfo_scraper\.venv\Lib\site-packages\urllib3\connectionpool.py", line 841, in urlopen
    retries = retries.increment(
              ^^^^^^^^^^^^^^^^^^
  File "C:\Users\prade\PycharmProjects\Cricinfo_scraper\.venv\Lib\site-packages\urllib3\util\retry.py", line 474, in increment
    raise reraise(type(error), error, _stacktrace)
          ^^^^^^^^^^^^^^^^^^^^^^^^^^^^^^^^^^^^^^^^
  File "C:\Users\prade\PycharmProjects\Cricinfo_scraper\.venv\Lib\site-packages\urllib3\util\util.py", line 39, in reraise
    raise value
  File "C:\Users\prade\PycharmProjects\Cricinfo_scraper\.venv\Lib\site-packages\urllib3\connectionpool.py", line 787, in urlopen
    response = self._make_request(
               ^^^^^^^^^^^^^^^^^^^
  File "C:\Users\prade\PycharmProjects\Cricinfo_scraper\.venv\Lib\site-packages\urllib3\connectionpool.py", line 536, in _make_request
    self._raise_timeout(err=e, url=url, timeout_value=read_timeout)
  File "C:\Users\prade\PycharmProjects\Cricinfo_scraper\.venv\Lib\site-packages\urllib3\connectionpool.py", line 367, in _raise_timeout
    raise ReadTimeoutError(
urllib3.exceptions.ReadTimeoutError: HTTPConnectionPool(host='localhost', port=65058): Read timed out. (read timeout=120)
2025-12-11 02:40:34 - scraping.match_scraper - ERROR - Error scraping match 1473452: HTTPConnectionPool(host='localhost', port=60693): Max retries exceeded with url: /session/a8cbd10c1d9de775ea3e34457819fe90/source (Caused by ReadTimeoutError("HTTPConnectionPool(host='localhost', port=60693): Read timed out. (read timeout=120)"))
Traceback (most recent call last):
  File "C:\Users\prade\PycharmProjects\Cricinfo_scraper\.venv\Lib\site-packages\urllib3\connectionpool.py", line 534, in _make_request
    response = conn.getresponse()
               ^^^^^^^^^^^^^^^^^^
  File "C:\Users\prade\PycharmProjects\Cricinfo_scraper\.venv\Lib\site-packages\urllib3\connection.py", line 516, in getresponse
    httplib_response = super().getresponse()
                       ^^^^^^^^^^^^^^^^^^^^^
  File "C:\Users\prade\AppData\Local\Programs\Python\Python311\Lib\http\client.py", line 1395, in getresponse
    response.begin()
  File "C:\Users\prade\AppData\Local\Programs\Python\Python311\Lib\http\client.py", line 325, in begin
    version, status, reason = self._read_status()
                              ^^^^^^^^^^^^^^^^^^^
  File "C:\Users\prade\AppData\Local\Programs\Python\Python311\Lib\http\client.py", line 286, in _read_status
    line = str(self.fp.readline(_MAXLINE + 1), "iso-8859-1")
               ^^^^^^^^^^^^^^^^^^^^^^^^^^^^^^
  File "C:\Users\prade\AppData\Local\Programs\Python\Python311\Lib\socket.py", line 706, in readinto
    return self._sock.recv_into(b)
           ^^^^^^^^^^^^^^^^^^^^^^^
TimeoutError: timed out

The above exception was the direct cause of the following exception:

Traceback (most recent call last):
  File "C:\Users\prade\PycharmProjects\Cricinfo_scraper\.venv\Lib\site-packages\urllib3\connectionpool.py", line 787, in urlopen
    response = self._make_request(
               ^^^^^^^^^^^^^^^^^^^
  File "C:\Users\prade\PycharmProjects\Cricinfo_scraper\.venv\Lib\site-packages\urllib3\connectionpool.py", line 536, in _make_request
    self._raise_timeout(err=e, url=url, timeout_value=read_timeout)
  File "C:\Users\prade\PycharmProjects\Cricinfo_scraper\.venv\Lib\site-packages\urllib3\connectionpool.py", line 367, in _raise_timeout
    raise ReadTimeoutError(
urllib3.exceptions.ReadTimeoutError: HTTPConnectionPool(host='localhost', port=60693): Read timed out. (read timeout=120)

The above exception was the direct cause of the following exception:

Traceback (most recent call last):
  File "C:\Users\prade\Pycharm\Cricinfo_scraper\scraping\match_scraper.py", line 163, in scrape
    metadata = MetadataExtractor.extract_metadata(driver.page_source, match_id)
                                                  ^^^^^^^^^^^^^^^^^^
  File "C:\Users\prade\PycharmProjects\Cricinfo_scraper\.venv\Lib\site-packages\selenium\webdriver\remote\webdriver.py", line 586, in page_source
    return self.execute(Command.GET_PAGE_SOURCE)["value"]
           ^^^^^^^^^^^^^^^^^^^^^^^^^^^^^^^^^^^^^
  File "C:\Users\prade\PycharmProjects\Cricinfo_scraper\.venv\Lib\site-packages\selenium\webdriver\remote\webdriver.py", line 445, in execute
    response = self.command_executor.execute(driver_command, params)
               ^^^^^^^^^^^^^^^^^^^^^^^^^^^^^^^^^^^^^^^^^^^^^^^^^^^^^
  File "C:\Users\prade\PycharmProjects\Cricinfo_scraper\.venv\Lib\site-packages\selenium\webdriver\remote\remote_connection.py", line 404, in execute
    return self._request(command_info[0], url, body=data)
           ^^^^^^^^^^^^^^^^^^^^^^^^^^^^^^^^^^^^^^^^^^^^^^
  File "C:\Users\prade\PycharmProjects\Cricinfo_scraper\.venv\Lib\site-packages\selenium\webdriver\remote\remote_connection.py", line 428, in _request
    response = self._conn.request(method, url, body=body, headers=headers, timeout=self._client_config.timeout)
               ^^^^^^^^^^^^^^^^^^^^^^^^^^^^^^^^^^^^^^^^^^^^^^^^^^^^^^^^^^^^^^^^^^^^^^^^^^^^^^^^^^^^^^^^^^^^^^^^
  File "C:\Users\prade\PycharmProjects\Cricinfo_scraper\.venv\Lib\site-packages\urllib3\_request_methods.py", line 135, in request
    return self.request_encode_url(
           ^^^^^^^^^^^^^^^^^^^^^^^^
  File "C:\Users\prade\PycharmProjects\Cricinfo_scraper\.venv\Lib\site-packages\urllib3\_request_methods.py", line 182, in request_encode_url
    return self.urlopen(method, url, **extra_kw)
           ^^^^^^^^^^^^^^^^^^^^^^^^^^^^^^^^^^^^^
  File "C:\Users\prade\PycharmProjects\Cricinfo_scraper\.venv\Lib\site-packages\urllib3\poolmanager.py", line 443, in urlopen
    response = conn.urlopen(method, u.request_uri, **kw)
               ^^^^^^^^^^^^^^^^^^^^^^^^^^^^^^^^^^^^^^^^^
  File "C:\Users\prade\PycharmProjects\Cricinfo_scraper\.venv\Lib\site-packages\urllib3\connectionpool.py", line 871, in urlopen
    return self.urlopen(
           ^^^^^^^^^^^^^
  File "C:\Users\prade\PycharmProjects\Cricinfo_scraper\.venv\Lib\site-packages\urllib3\connectionpool.py", line 871, in urlopen
    return self.urlopen(
           ^^^^^^^^^^^^^
  File "C:\Users\prade\PycharmProjects\Cricinfo_scraper\.venv\Lib\site-packages\urllib3\connectionpool.py", line 871, in urlopen
    return self.urlopen(
           ^^^^^^^^^^^^^
  File "C:\Users\prade\PycharmProjects\Cricinfo_scraper\.venv\Lib\site-packages\urllib3\connectionpool.py", line 841, in urlopen
    retries = retries.increment(
              ^^^^^^^^^^^^^^^^^^
  File "C:\Users\prade\PycharmProjects\Cricinfo_scraper\.venv\Lib\site-packages\urllib3\util\retry.py", line 519, in increment
    raise MaxRetryError(_pool, url, reason) from reason  # type: ignore[arg-type]
    ^^^^^^^^^^^^^^^^^^^^^^^^^^^^^^^^^^^^^^^^^^^^^^^^^^^
urllib3.exceptions.MaxRetryError: HTTPConnectionPool(host='localhost', port=60693): Max retries exceeded with url: /session/a8cbd10c1d9de775ea3e34457819fe90/source (Caused by ReadTimeoutError("HTTPConnectionPool(host='localhost', port=60693): Read timed out. (read timeout=120)"))
2025-12-11 02:52:17 - scraping.match_scraper - ERROR - Error scraping match 1473452: HTTPConnectionPool(host='localhost', port=62553): Read timed out. (read timeout=120)
Traceback (most recent call last):
  File "C:\Users\prade\PycharmProjects\Cricinfo_scraper\.venv\Lib\site-packages\urllib3\connectionpool.py", line 534, in _make_request
    response = conn.getresponse()
               ^^^^^^^^^^^^^^^^^^
  File "C:\Users\prade\PycharmProjects\Cricinfo_scraper\.venv\Lib\site-packages\urllib3\connection.py", line 516, in getresponse
    httplib_response = super().getresponse()
                       ^^^^^^^^^^^^^^^^^^^^^
  File "C:\Users\prade\AppData\Local\Programs\Python\Python311\Lib\http\client.py", line 1395, in getresponse
    response.begin()
  File "C:\Users\prade\AppData\Local\Programs\Python\Python311\Lib\http\client.py", line 325, in begin
    version, status, reason = self._read_status()
                              ^^^^^^^^^^^^^^^^^^^
  File "C:\Users\prade\AppData\Local\Programs\Python\Python311\Lib\http\client.py", line 286, in _read_status
    line = str(self.fp.readline(_MAXLINE + 1), "iso-8859-1")
               ^^^^^^^^^^^^^^^^^^^^^^^^^^^^^^
  File "C:\Users\prade\AppData\Local\Programs\Python\Python311\Lib\socket.py", line 706, in readinto
    return self._sock.recv_into(b)
           ^^^^^^^^^^^^^^^^^^^^^^^
TimeoutError: timed out

The above exception was the direct cause of the following exception:

Traceback (most recent call last):
  File "C:\Users\prade\Pycharm\Cricinfo_scraper\scraping\match_scraper.py", line 186, in scrape
    self._navigate_with_retry(driver, commentary_url, "commentary page")
  File "C:\Users\prade\Pycharm\Cricinfo_scraper\scraping\match_scraper.py", line 86, in _navigate_with_retry
    driver.get(url)
  File "C:\Users\prade\PycharmProjects\Cricinfo_scraper\.venv\Lib\site-packages\selenium\webdriver\remote\webdriver.py", line 472, in get
    self.execute(Command.GET, {"url": url})
  File "C:\Users\prade\PycharmProjects\Cricinfo_scraper\.venv\Lib\site-packages\selenium\webdriver\remote\webdriver.py", line 445, in execute
    response = self.command_executor.execute(driver_command, params)
               ^^^^^^^^^^^^^^^^^^^^^^^^^^^^^^^^^^^^^^^^^^^^^^^^^^^^^
  File "C:\Users\prade\PycharmProjects\Cricinfo_scraper\.venv\Lib\site-packages\selenium\webdriver\remote\remote_connection.py", line 404, in execute
    return self._request(command_info[0], url, body=data)
           ^^^^^^^^^^^^^^^^^^^^^^^^^^^^^^^^^^^^^^^^^^^^^^
  File "C:\Users\prade\PycharmProjects\Cricinfo_scraper\.venv\Lib\site-packages\selenium\webdriver\remote\remote_connection.py", line 428, in _request
    response = self._conn.request(method, url, body=body, headers=headers, timeout=self._client_config.timeout)
               ^^^^^^^^^^^^^^^^^^^^^^^^^^^^^^^^^^^^^^^^^^^^^^^^^^^^^^^^^^^^^^^^^^^^^^^^^^^^^^^^^^^^^^^^^^^^^^^^
  File "C:\Users\prade\PycharmProjects\Cricinfo_scraper\.venv\Lib\site-packages\urllib3\_request_methods.py", line 143, in request
    return self.request_encode_body(
           ^^^^^^^^^^^^^^^^^^^^^^^^^
  File "C:\Users\prade\PycharmProjects\Cricinfo_scraper\.venv\Lib\site-packages\urllib3\_request_methods.py", line 278, in request_encode_body
    return self.urlopen(method, url, **extra_kw)
           ^^^^^^^^^^^^^^^^^^^^^^^^^^^^^^^^^^^^^
  File "C:\Users\prade\PycharmProjects\Cricinfo_scraper\.venv\Lib\site-packages\urllib3\poolmanager.py", line 443, in urlopen
    response = conn.urlopen(method, u.request_uri, **kw)
               ^^^^^^^^^^^^^^^^^^^^^^^^^^^^^^^^^^^^^^^^^
  File "C:\Users\prade\PycharmProjects\Cricinfo_scraper\.venv\Lib\site-packages\urllib3\connectionpool.py", line 841, in urlopen
    retries = retries.increment(
              ^^^^^^^^^^^^^^^^^^
  File "C:\Users\prade\PycharmProjects\Cricinfo_scraper\.venv\Lib\site-packages\urllib3\util\retry.py", line 474, in increment
    raise reraise(type(error), error, _stacktrace)
          ^^^^^^^^^^^^^^^^^^^^^^^^^^^^^^^^^^^^^^^^
  File "C:\Users\prade\PycharmProjects\Cricinfo_scraper\.venv\Lib\site-packages\urllib3\util\util.py", line 39, in reraise
    raise value
  File "C:\Users\prade\PycharmProjects\Cricinfo_scraper\.venv\Lib\site-packages\urllib3\connectionpool.py", line 787, in urlopen
    response = self._make_request(
               ^^^^^^^^^^^^^^^^^^^
  File "C:\Users\prade\PycharmProjects\Cricinfo_scraper\.venv\Lib\site-packages\urllib3\connectionpool.py", line 536, in _make_request
    self._raise_timeout(err=e, url=url, timeout_value=read_timeout)
  File "C:\Users\prade\PycharmProjects\Cricinfo_scraper\.venv\Lib\site-packages\urllib3\connectionpool.py", line 367, in _raise_timeout
    raise ReadTimeoutError(
urllib3.exceptions.ReadTimeoutError: HTTPConnectionPool(host='localhost', port=62553): Read timed out. (read timeout=120)
2025-12-11 03:11:01 - core.page_navigator - ERROR - Error during page scroll: HTTPConnectionPool(host='localhost', port=61693): Read timed out. (read timeout=120)
2025-12-11 03:13:04 - scraping.match_scraper - ERROR - Error scraping match 1473453: HTTPConnectionPool(host='localhost', port=61693): Read timed out. (read timeout=120)
Traceback (most recent call last):
  File "C:\Users\prade\PycharmProjects\Cricinfo_scraper\.venv\Lib\site-packages\urllib3\connectionpool.py", line 534, in _make_request
    response = conn.getresponse()
               ^^^^^^^^^^^^^^^^^^
  File "C:\Users\prade\PycharmProjects\Cricinfo_scraper\.venv\Lib\site-packages\urllib3\connection.py", line 516, in getresponse
    httplib_response = super().getresponse()
                       ^^^^^^^^^^^^^^^^^^^^^
  File "C:\Users\prade\AppData\Local\Programs\Python\Python311\Lib\http\client.py", line 1395, in getresponse
    response.begin()
  File "C:\Users\prade\AppData\Local\Programs\Python\Python311\Lib\http\client.py", line 325, in begin
    version, status, reason = self._read_status()
                              ^^^^^^^^^^^^^^^^^^^
  File "C:\Users\prade\AppData\Local\Programs\Python\Python311\Lib\http\client.py", line 286, in _read_status
    line = str(self.fp.readline(_MAXLINE + 1), "iso-8859-1")
               ^^^^^^^^^^^^^^^^^^^^^^^^^^^^^^
  File "C:\Users\prade\AppData\Local\Programs\Python\Python311\Lib\socket.py", line 706, in readinto
    return self._sock.recv_into(b)
           ^^^^^^^^^^^^^^^^^^^^^^^
TimeoutError: timed out

The above exception was the direct cause of the following exception:

Traceback (most recent call last):
  File "C:\Users\prade\Pycharm\Cricinfo_scraper\scraping\match_scraper.py", line 197, in scrape
    default_innings = self.get_current_innings_team(driver)
                      ^^^^^^^^^^^^^^^^^^^^^^^^^^^^^^^^^^^^^
  File "C:\Users\prade\Pycharm\Cricinfo_scraper\scraping\match_scraper.py", line 409, in get_current_innings_team
    team_element = driver.find_element("css selector", "div.ds-cursor-pointer.ds-min-w-max")
                   ^^^^^^^^^^^^^^^^^^^^^^^^^^^^^^^^^^^^^^^^^^^^^^^^^^^^^^^^^^^^^^^^^^^^^^^^^
  File "C:\Users\prade\PycharmProjects\Cricinfo_scraper\.venv\Lib\site-packages\selenium\webdriver\remote\webdriver.py", line 914, in find_element
    return self.execute(Command.FIND_ELEMENT, {"using": by, "value": value})["value"]
           ^^^^^^^^^^^^^^^^^^^^^^^^^^^^^^^^^^^^^^^^^^^^^^^^^^^^^^^^^^^^^^^^^
  File "C:\Users\prade\PycharmProjects\Cricinfo_scraper\.venv\Lib\site-packages\selenium\webdriver\remote\webdriver.py", line 445, in execute
    response = self.command_executor.execute(driver_command, params)
               ^^^^^^^^^^^^^^^^^^^^^^^^^^^^^^^^^^^^^^^^^^^^^^^^^^^^^
  File "C:\Users\prade\PycharmProjects\Cricinfo_scraper\.venv\Lib\site-packages\selenium\webdriver\remote\remote_connection.py", line 404, in execute
    return self._request(command_info[0], url, body=data)
           ^^^^^^^^^^^^^^^^^^^^^^^^^^^^^^^^^^^^^^^^^^^^^^
  File "C:\Users\prade\PycharmProjects\Cricinfo_scraper\.venv\Lib\site-packages\selenium\webdriver\remote\remote_connection.py", line 428, in _request
    response = self._conn.request(method, url, body=body, headers=headers, timeout=self._client_config.timeout)
               ^^^^^^^^^^^^^^^^^^^^^^^^^^^^^^^^^^^^^^^^^^^^^^^^^^^^^^^^^^^^^^^^^^^^^^^^^^^^^^^^^^^^^^^^^^^^^^^^
  File "C:\Users\prade\PycharmProjects\Cricinfo_scraper\.venv\Lib\site-packages\urllib3\_request_methods.py", line 143, in request
    return self.request_encode_body(
           ^^^^^^^^^^^^^^^^^^^^^^^^^
  File "C:\Users\prade\PycharmProjects\Cricinfo_scraper\.venv\Lib\site-packages\urllib3\_request_methods.py", line 278, in request_encode_body
    return self.urlopen(method, url, **extra_kw)
           ^^^^^^^^^^^^^^^^^^^^^^^^^^^^^^^^^^^^^
  File "C:\Users\prade\PycharmProjects\Cricinfo_scraper\.venv\Lib\site-packages\urllib3\poolmanager.py", line 443, in urlopen
    response = conn.urlopen(method, u.request_uri, **kw)
               ^^^^^^^^^^^^^^^^^^^^^^^^^^^^^^^^^^^^^^^^^
  File "C:\Users\prade\PycharmProjects\Cricinfo_scraper\.venv\Lib\site-packages\urllib3\connectionpool.py", line 841, in urlopen
    retries = retries.increment(
              ^^^^^^^^^^^^^^^^^^
  File "C:\Users\prade\PycharmProjects\Cricinfo_scraper\.venv\Lib\site-packages\urllib3\util\retry.py", line 474, in increment
    raise reraise(type(error), error, _stacktrace)
          ^^^^^^^^^^^^^^^^^^^^^^^^^^^^^^^^^^^^^^^^
  File "C:\Users\prade\PycharmProjects\Cricinfo_scraper\.venv\Lib\site-packages\urllib3\util\util.py", line 39, in reraise
    raise value
  File "C:\Users\prade\PycharmProjects\Cricinfo_scraper\.venv\Lib\site-packages\urllib3\connectionpool.py", line 787, in urlopen
    response = self._make_request(
               ^^^^^^^^^^^^^^^^^^^
  File "C:\Users\prade\PycharmProjects\Cricinfo_scraper\.venv\Lib\site-packages\urllib3\connectionpool.py", line 536, in _make_request
    self._raise_timeout(err=e, url=url, timeout_value=read_timeout)
  File "C:\Users\prade\PycharmProjects\Cricinfo_scraper\.venv\Lib\site-packages\urllib3\connectionpool.py", line 367, in _raise_timeout
    raise ReadTimeoutError(
urllib3.exceptions.ReadTimeoutError: HTTPConnectionPool(host='localhost', port=61693): Read timed out. (read timeout=120)
2025-12-11 03:24:19 - core.page_navigator - ERROR - Error during page scroll: HTTPConnectionPool(host='localhost', port=58536): Read timed out. (read timeout=120)
2025-12-11 03:32:22 - scraping.match_scraper - ERROR - Error scraping match 1473453: HTTPConnectionPool(host='localhost', port=58536): Max retries exceeded with url: /session/1797b4089315d456cccc4d77c3fca9ee/source (Caused by ReadTimeoutError("HTTPConnectionPool(host='localhost', port=58536): Read timed out. (read timeout=120)"))
Traceback (most recent call last):
  File "C:\Users\prade\PycharmProjects\Cricinfo_scraper\.venv\Lib\site-packages\urllib3\connectionpool.py", line 534, in _make_request
    response = conn.getresponse()
               ^^^^^^^^^^^^^^^^^^
  File "C:\Users\prade\PycharmProjects\Cricinfo_scraper\.venv\Lib\site-packages\urllib3\connection.py", line 516, in getresponse
    httplib_response = super().getresponse()
                       ^^^^^^^^^^^^^^^^^^^^^
  File "C:\Users\prade\AppData\Local\Programs\Python\Python311\Lib\http\client.py", line 1395, in getresponse
    response.begin()
  File "C:\Users\prade\AppData\Local\Programs\Python\Python311\Lib\http\client.py", line 325, in begin
    version, status, reason = self._read_status()
                              ^^^^^^^^^^^^^^^^^^^
  File "C:\Users\prade\AppData\Local\Programs\Python\Python311\Lib\http\client.py", line 286, in _read_status
    line = str(self.fp.readline(_MAXLINE + 1), "iso-8859-1")
               ^^^^^^^^^^^^^^^^^^^^^^^^^^^^^^
  File "C:\Users\prade\AppData\Local\Programs\Python\Python311\Lib\socket.py", line 706, in readinto
    return self._sock.recv_into(b)
           ^^^^^^^^^^^^^^^^^^^^^^^
TimeoutError: timed out

The above exception was the direct cause of the following exception:

Traceback (most recent call last):
  File "C:\Users\prade\PycharmProjects\Cricinfo_scraper\.venv\Lib\site-packages\urllib3\connectionpool.py", line 787, in urlopen
    response = self._make_request(
               ^^^^^^^^^^^^^^^^^^^
  File "C:\Users\prade\PycharmProjects\Cricinfo_scraper\.venv\Lib\site-packages\urllib3\connectionpool.py", line 536, in _make_request
    self._raise_timeout(err=e, url=url, timeout_value=read_timeout)
  File "C:\Users\prade\PycharmProjects\Cricinfo_scraper\.venv\Lib\site-packages\urllib3\connectionpool.py", line 367, in _raise_timeout
    raise ReadTimeoutError(
urllib3.exceptions.ReadTimeoutError: HTTPConnectionPool(host='localhost', port=58536): Read timed out. (read timeout=120)

The above exception was the direct cause of the following exception:

Traceback (most recent call last):
  File "C:\Users\prade\Pycharm\Cricinfo_scraper\scraping\match_scraper.py", line 163, in scrape
    metadata = MetadataExtractor.extract_metadata(driver.page_source, match_id)
                                                  ^^^^^^^^^^^^^^^^^^
  File "C:\Users\prade\PycharmProjects\Cricinfo_scraper\.venv\Lib\site-packages\selenium\webdriver\remote\webdriver.py", line 586, in page_source
    return self.execute(Command.GET_PAGE_SOURCE)["value"]
           ^^^^^^^^^^^^^^^^^^^^^^^^^^^^^^^^^^^^^
  File "C:\Users\prade\PycharmProjects\Cricinfo_scraper\.venv\Lib\site-packages\selenium\webdriver\remote\webdriver.py", line 445, in execute
    response = self.command_executor.execute(driver_command, params)
               ^^^^^^^^^^^^^^^^^^^^^^^^^^^^^^^^^^^^^^^^^^^^^^^^^^^^^
  File "C:\Users\prade\PycharmProjects\Cricinfo_scraper\.venv\Lib\site-packages\selenium\webdriver\remote\remote_connection.py", line 404, in execute
    return self._request(command_info[0], url, body=data)
           ^^^^^^^^^^^^^^^^^^^^^^^^^^^^^^^^^^^^^^^^^^^^^^
  File "C:\Users\prade\PycharmProjects\Cricinfo_scraper\.venv\Lib\site-packages\selenium\webdriver\remote\remote_connection.py", line 428, in _request
    response = self._conn.request(method, url, body=body, headers=headers, timeout=self._client_config.timeout)
               ^^^^^^^^^^^^^^^^^^^^^^^^^^^^^^^^^^^^^^^^^^^^^^^^^^^^^^^^^^^^^^^^^^^^^^^^^^^^^^^^^^^^^^^^^^^^^^^^
  File "C:\Users\prade\PycharmProjects\Cricinfo_scraper\.venv\Lib\site-packages\urllib3\_request_methods.py", line 135, in request
    return self.request_encode_url(
           ^^^^^^^^^^^^^^^^^^^^^^^^
  File "C:\Users\prade\PycharmProjects\Cricinfo_scraper\.venv\Lib\site-packages\urllib3\_request_methods.py", line 182, in request_encode_url
    return self.urlopen(method, url, **extra_kw)
           ^^^^^^^^^^^^^^^^^^^^^^^^^^^^^^^^^^^^^
  File "C:\Users\prade\PycharmProjects\Cricinfo_scraper\.venv\Lib\site-packages\urllib3\poolmanager.py", line 443, in urlopen
    response = conn.urlopen(method, u.request_uri, **kw)
               ^^^^^^^^^^^^^^^^^^^^^^^^^^^^^^^^^^^^^^^^^
  File "C:\Users\prade\PycharmProjects\Cricinfo_scraper\.venv\Lib\site-packages\urllib3\connectionpool.py", line 871, in urlopen
    return self.urlopen(
           ^^^^^^^^^^^^^
  File "C:\Users\prade\PycharmProjects\Cricinfo_scraper\.venv\Lib\site-packages\urllib3\connectionpool.py", line 871, in urlopen
    return self.urlopen(
           ^^^^^^^^^^^^^
  File "C:\Users\prade\PycharmProjects\Cricinfo_scraper\.venv\Lib\site-packages\urllib3\connectionpool.py", line 871, in urlopen
    return self.urlopen(
           ^^^^^^^^^^^^^
  File "C:\Users\prade\PycharmProjects\Cricinfo_scraper\.venv\Lib\site-packages\urllib3\connectionpool.py", line 841, in urlopen
    retries = retries.increment(
              ^^^^^^^^^^^^^^^^^^
  File "C:\Users\prade\PycharmProjects\Cricinfo_scraper\.venv\Lib\site-packages\urllib3\util\retry.py", line 519, in increment
    raise MaxRetryError(_pool, url, reason) from reason  # type: ignore[arg-type]
    ^^^^^^^^^^^^^^^^^^^^^^^^^^^^^^^^^^^^^^^^^^^^^^^^^^^
urllib3.exceptions.MaxRetryError: HTTPConnectionPool(host='localhost', port=58536): Max retries exceeded with url: /session/1797b4089315d456cccc4d77c3fca9ee/source (Caused by ReadTimeoutError("HTTPConnectionPool(host='localhost', port=58536): Read timed out. (read timeout=120)"))
2025-12-11 03:47:55 - scraping.match_scraper - ERROR - Error scraping match 1473453: HTTPConnectionPool(host='localhost', port=63457): Read timed out. (read timeout=120)
Traceback (most recent call last):
  File "C:\Users\prade\PycharmProjects\Cricinfo_scraper\.venv\Lib\site-packages\urllib3\connectionpool.py", line 534, in _make_request
    response = conn.getresponse()
               ^^^^^^^^^^^^^^^^^^
  File "C:\Users\prade\PycharmProjects\Cricinfo_scraper\.venv\Lib\site-packages\urllib3\connection.py", line 516, in getresponse
    httplib_response = super().getresponse()
                       ^^^^^^^^^^^^^^^^^^^^^
  File "C:\Users\prade\AppData\Local\Programs\Python\Python311\Lib\http\client.py", line 1395, in getresponse
    response.begin()
  File "C:\Users\prade\AppData\Local\Programs\Python\Python311\Lib\http\client.py", line 325, in begin
    version, status, reason = self._read_status()
                              ^^^^^^^^^^^^^^^^^^^
  File "C:\Users\prade\AppData\Local\Programs\Python\Python311\Lib\http\client.py", line 286, in _read_status
    line = str(self.fp.readline(_MAXLINE + 1), "iso-8859-1")
               ^^^^^^^^^^^^^^^^^^^^^^^^^^^^^^
  File "C:\Users\prade\AppData\Local\Programs\Python\Python311\Lib\socket.py", line 706, in readinto
    return self._sock.recv_into(b)
           ^^^^^^^^^^^^^^^^^^^^^^^
TimeoutError: timed out

The above exception was the direct cause of the following exception:

Traceback (most recent call last):
  File "C:\Users\prade\Pycharm\Cricinfo_scraper\scraping\match_scraper.py", line 149, in scrape
    self._navigate_with_retry(driver, self.url, "full scorecard")
  File "C:\Users\prade\Pycharm\Cricinfo_scraper\scraping\match_scraper.py", line 86, in _navigate_with_retry
    driver.get(url)
  File "C:\Users\prade\PycharmProjects\Cricinfo_scraper\.venv\Lib\site-packages\selenium\webdriver\remote\webdriver.py", line 472, in get
    self.execute(Command.GET, {"url": url})
  File "C:\Users\prade\PycharmProjects\Cricinfo_scraper\.venv\Lib\site-packages\selenium\webdriver\remote\webdriver.py", line 445, in execute
    response = self.command_executor.execute(driver_command, params)
               ^^^^^^^^^^^^^^^^^^^^^^^^^^^^^^^^^^^^^^^^^^^^^^^^^^^^^
  File "C:\Users\prade\PycharmProjects\Cricinfo_scraper\.venv\Lib\site-packages\selenium\webdriver\remote\remote_connection.py", line 404, in execute
    return self._request(command_info[0], url, body=data)
           ^^^^^^^^^^^^^^^^^^^^^^^^^^^^^^^^^^^^^^^^^^^^^^
  File "C:\Users\prade\PycharmProjects\Cricinfo_scraper\.venv\Lib\site-packages\selenium\webdriver\remote\remote_connection.py", line 428, in _request
    response = self._conn.request(method, url, body=body, headers=headers, timeout=self._client_config.timeout)
               ^^^^^^^^^^^^^^^^^^^^^^^^^^^^^^^^^^^^^^^^^^^^^^^^^^^^^^^^^^^^^^^^^^^^^^^^^^^^^^^^^^^^^^^^^^^^^^^^
  File "C:\Users\prade\PycharmProjects\Cricinfo_scraper\.venv\Lib\site-packages\urllib3\_request_methods.py", line 143, in request
    return self.request_encode_body(
           ^^^^^^^^^^^^^^^^^^^^^^^^^
  File "C:\Users\prade\PycharmProjects\Cricinfo_scraper\.venv\Lib\site-packages\urllib3\_request_methods.py", line 278, in request_encode_body
    return self.urlopen(method, url, **extra_kw)
           ^^^^^^^^^^^^^^^^^^^^^^^^^^^^^^^^^^^^^
  File "C:\Users\prade\PycharmProjects\Cricinfo_scraper\.venv\Lib\site-packages\urllib3\poolmanager.py", line 443, in urlopen
    response = conn.urlopen(method, u.request_uri, **kw)
               ^^^^^^^^^^^^^^^^^^^^^^^^^^^^^^^^^^^^^^^^^
  File "C:\Users\prade\PycharmProjects\Cricinfo_scraper\.venv\Lib\site-packages\urllib3\connectionpool.py", line 841, in urlopen
    retries = retries.increment(
              ^^^^^^^^^^^^^^^^^^
  File "C:\Users\prade\PycharmProjects\Cricinfo_scraper\.venv\Lib\site-packages\urllib3\util\retry.py", line 474, in increment
    raise reraise(type(error), error, _stacktrace)
          ^^^^^^^^^^^^^^^^^^^^^^^^^^^^^^^^^^^^^^^^
  File "C:\Users\prade\PycharmProjects\Cricinfo_scraper\.venv\Lib\site-packages\urllib3\util\util.py", line 39, in reraise
    raise value
  File "C:\Users\prade\PycharmProjects\Cricinfo_scraper\.venv\Lib\site-packages\urllib3\connectionpool.py", line 787, in urlopen
    response = self._make_request(
               ^^^^^^^^^^^^^^^^^^^
  File "C:\Users\prade\PycharmProjects\Cricinfo_scraper\.venv\Lib\site-packages\urllib3\connectionpool.py", line 536, in _make_request
    self._raise_timeout(err=e, url=url, timeout_value=read_timeout)
  File "C:\Users\prade\PycharmProjects\Cricinfo_scraper\.venv\Lib\site-packages\urllib3\connectionpool.py", line 367, in _raise_timeout
    raise ReadTimeoutError(
urllib3.exceptions.ReadTimeoutError: HTTPConnectionPool(host='localhost', port=63457): Read timed out. (read timeout=120)
2025-12-11 04:00:46 - core.page_navigator - ERROR - Error during page scroll: HTTPConnectionPool(host='localhost', port=61551): Read timed out. (read timeout=120)
2025-12-11 04:08:50 - scraping.match_scraper - ERROR - Error scraping match 1473453: HTTPConnectionPool(host='localhost', port=61551): Max retries exceeded with url: /session/902fd6acd9c7bf7ef6b1f7b205164b8a/source (Caused by ReadTimeoutError("HTTPConnectionPool(host='localhost', port=61551): Read timed out. (read timeout=120)"))
Traceback (most recent call last):
  File "C:\Users\prade\PycharmProjects\Cricinfo_scraper\.venv\Lib\site-packages\urllib3\connectionpool.py", line 534, in _make_request
    response = conn.getresponse()
               ^^^^^^^^^^^^^^^^^^
  File "C:\Users\prade\PycharmProjects\Cricinfo_scraper\.venv\Lib\site-packages\urllib3\connection.py", line 516, in getresponse
    httplib_response = super().getresponse()
                       ^^^^^^^^^^^^^^^^^^^^^
  File "C:\Users\prade\AppData\Local\Programs\Python\Python311\Lib\http\client.py", line 1395, in getresponse
    response.begin()
  File "C:\Users\prade\AppData\Local\Programs\Python\Python311\Lib\http\client.py", line 325, in begin
    version, status, reason = self._read_status()
                              ^^^^^^^^^^^^^^^^^^^
  File "C:\Users\prade\AppData\Local\Programs\Python\Python311\Lib\http\client.py", line 286, in _read_status
    line = str(self.fp.readline(_MAXLINE + 1), "iso-8859-1")
               ^^^^^^^^^^^^^^^^^^^^^^^^^^^^^^
  File "C:\Users\prade\AppData\Local\Programs\Python\Python311\Lib\socket.py", line 706, in readinto
    return self._sock.recv_into(b)
           ^^^^^^^^^^^^^^^^^^^^^^^
TimeoutError: timed out

The above exception was the direct cause of the following exception:

Traceback (most recent call last):
  File "C:\Users\prade\PycharmProjects\Cricinfo_scraper\.venv\Lib\site-packages\urllib3\connectionpool.py", line 787, in urlopen
    response = self._make_request(
               ^^^^^^^^^^^^^^^^^^^
  File "C:\Users\prade\PycharmProjects\Cricinfo_scraper\.venv\Lib\site-packages\urllib3\connectionpool.py", line 536, in _make_request
    self._raise_timeout(err=e, url=url, timeout_value=read_timeout)
  File "C:\Users\prade\PycharmProjects\Cricinfo_scraper\.venv\Lib\site-packages\urllib3\connectionpool.py", line 367, in _raise_timeout
    raise ReadTimeoutError(
urllib3.exceptions.ReadTimeoutError: HTTPConnectionPool(host='localhost', port=61551): Read timed out. (read timeout=120)

The above exception was the direct cause of the following exception:

Traceback (most recent call last):
  File "C:\Users\prade\Pycharm\Cricinfo_scraper\scraping\match_scraper.py", line 163, in scrape
    metadata = MetadataExtractor.extract_metadata(driver.page_source, match_id)
                                                  ^^^^^^^^^^^^^^^^^^
  File "C:\Users\prade\PycharmProjects\Cricinfo_scraper\.venv\Lib\site-packages\selenium\webdriver\remote\webdriver.py", line 586, in page_source
    return self.execute(Command.GET_PAGE_SOURCE)["value"]
           ^^^^^^^^^^^^^^^^^^^^^^^^^^^^^^^^^^^^^
  File "C:\Users\prade\PycharmProjects\Cricinfo_scraper\.venv\Lib\site-packages\selenium\webdriver\remote\webdriver.py", line 445, in execute
    response = self.command_executor.execute(driver_command, params)
               ^^^^^^^^^^^^^^^^^^^^^^^^^^^^^^^^^^^^^^^^^^^^^^^^^^^^^
  File "C:\Users\prade\PycharmProjects\Cricinfo_scraper\.venv\Lib\site-packages\selenium\webdriver\remote\remote_connection.py", line 404, in execute
    return self._request(command_info[0], url, body=data)
           ^^^^^^^^^^^^^^^^^^^^^^^^^^^^^^^^^^^^^^^^^^^^^^
  File "C:\Users\prade\PycharmProjects\Cricinfo_scraper\.venv\Lib\site-packages\selenium\webdriver\remote\remote_connection.py", line 428, in _request
    response = self._conn.request(method, url, body=body, headers=headers, timeout=self._client_config.timeout)
               ^^^^^^^^^^^^^^^^^^^^^^^^^^^^^^^^^^^^^^^^^^^^^^^^^^^^^^^^^^^^^^^^^^^^^^^^^^^^^^^^^^^^^^^^^^^^^^^^
  File "C:\Users\prade\PycharmProjects\Cricinfo_scraper\.venv\Lib\site-packages\urllib3\_request_methods.py", line 135, in request
    return self.request_encode_url(
           ^^^^^^^^^^^^^^^^^^^^^^^^
  File "C:\Users\prade\PycharmProjects\Cricinfo_scraper\.venv\Lib\site-packages\urllib3\_request_methods.py", line 182, in request_encode_url
    return self.urlopen(method, url, **extra_kw)
           ^^^^^^^^^^^^^^^^^^^^^^^^^^^^^^^^^^^^^
  File "C:\Users\prade\PycharmProjects\Cricinfo_scraper\.venv\Lib\site-packages\urllib3\poolmanager.py", line 443, in urlopen
    response = conn.urlopen(method, u.request_uri, **kw)
               ^^^^^^^^^^^^^^^^^^^^^^^^^^^^^^^^^^^^^^^^^
  File "C:\Users\prade\PycharmProjects\Cricinfo_scraper\.venv\Lib\site-packages\urllib3\connectionpool.py", line 871, in urlopen
    return self.urlopen(
           ^^^^^^^^^^^^^
  File "C:\Users\prade\PycharmProjects\Cricinfo_scraper\.venv\Lib\site-packages\urllib3\connectionpool.py", line 871, in urlopen
    return self.urlopen(
           ^^^^^^^^^^^^^
  File "C:\Users\prade\PycharmProjects\Cricinfo_scraper\.venv\Lib\site-packages\urllib3\connectionpool.py", line 871, in urlopen
    return self.urlopen(
           ^^^^^^^^^^^^^
  File "C:\Users\prade\PycharmProjects\Cricinfo_scraper\.venv\Lib\site-packages\urllib3\connectionpool.py", line 841, in urlopen
    retries = retries.increment(
              ^^^^^^^^^^^^^^^^^^
  File "C:\Users\prade\PycharmProjects\Cricinfo_scraper\.venv\Lib\site-packages\urllib3\util\retry.py", line 519, in increment
    raise MaxRetryError(_pool, url, reason) from reason  # type: ignore[arg-type]
    ^^^^^^^^^^^^^^^^^^^^^^^^^^^^^^^^^^^^^^^^^^^^^^^^^^^
urllib3.exceptions.MaxRetryError: HTTPConnectionPool(host='localhost', port=61551): Max retries exceeded with url: /session/902fd6acd9c7bf7ef6b1f7b205164b8a/source (Caused by ReadTimeoutError("HTTPConnectionPool(host='localhost', port=61551): Read timed out. (read timeout=120)"))
2025-12-11 04:17:02 - __main__ - ERROR - Max retries exceeded for match 1473453: Failed after 4 attempts: HTTPConnectionPool(host='localhost', port=61551): Max retries exceeded with url: /session/902fd6acd9c7bf7ef6b1f7b205164b8a/source (Caused by ReadTimeoutError("HTTPConnectionPool(host='localhost', port
2025-12-11 04:23:18 - scraping.match_scraper - ERROR - Error scraping match 1473454: HTTPConnectionPool(host='localhost', port=55016): Read timed out. (read timeout=120)
Traceback (most recent call last):
  File "C:\Users\prade\PycharmProjects\Cricinfo_scraper\.venv\Lib\site-packages\urllib3\connectionpool.py", line 534, in _make_request
    response = conn.getresponse()
               ^^^^^^^^^^^^^^^^^^
  File "C:\Users\prade\PycharmProjects\Cricinfo_scraper\.venv\Lib\site-packages\urllib3\connection.py", line 516, in getresponse
    httplib_response = super().getresponse()
                       ^^^^^^^^^^^^^^^^^^^^^
  File "C:\Users\prade\AppData\Local\Programs\Python\Python311\Lib\http\client.py", line 1395, in getresponse
    response.begin()
  File "C:\Users\prade\AppData\Local\Programs\Python\Python311\Lib\http\client.py", line 325, in begin
    version, status, reason = self._read_status()
                              ^^^^^^^^^^^^^^^^^^^
  File "C:\Users\prade\AppData\Local\Programs\Python\Python311\Lib\http\client.py", line 286, in _read_status
    line = str(self.fp.readline(_MAXLINE + 1), "iso-8859-1")
               ^^^^^^^^^^^^^^^^^^^^^^^^^^^^^^
  File "C:\Users\prade\AppData\Local\Programs\Python\Python311\Lib\socket.py", line 706, in readinto
    return self._sock.recv_into(b)
           ^^^^^^^^^^^^^^^^^^^^^^^
TimeoutError: timed out

The above exception was the direct cause of the following exception:

Traceback (most recent call last):
  File "C:\Users\prade\Pycharm\Cricinfo_scraper\scraping\match_scraper.py", line 149, in scrape
    self._navigate_with_retry(driver, self.url, "full scorecard")
  File "C:\Users\prade\Pycharm\Cricinfo_scraper\scraping\match_scraper.py", line 86, in _navigate_with_retry
    driver.get(url)
  File "C:\Users\prade\PycharmProjects\Cricinfo_scraper\.venv\Lib\site-packages\selenium\webdriver\remote\webdriver.py", line 472, in get
    self.execute(Command.GET, {"url": url})
  File "C:\Users\prade\PycharmProjects\Cricinfo_scraper\.venv\Lib\site-packages\selenium\webdriver\remote\webdriver.py", line 445, in execute
    response = self.command_executor.execute(driver_command, params)
               ^^^^^^^^^^^^^^^^^^^^^^^^^^^^^^^^^^^^^^^^^^^^^^^^^^^^^
  File "C:\Users\prade\PycharmProjects\Cricinfo_scraper\.venv\Lib\site-packages\selenium\webdriver\remote\remote_connection.py", line 404, in execute
    return self._request(command_info[0], url, body=data)
           ^^^^^^^^^^^^^^^^^^^^^^^^^^^^^^^^^^^^^^^^^^^^^^
  File "C:\Users\prade\PycharmProjects\Cricinfo_scraper\.venv\Lib\site-packages\selenium\webdriver\remote\remote_connection.py", line 428, in _request
    response = self._conn.request(method, url, body=body, headers=headers, timeout=self._client_config.timeout)
               ^^^^^^^^^^^^^^^^^^^^^^^^^^^^^^^^^^^^^^^^^^^^^^^^^^^^^^^^^^^^^^^^^^^^^^^^^^^^^^^^^^^^^^^^^^^^^^^^
  File "C:\Users\prade\PycharmProjects\Cricinfo_scraper\.venv\Lib\site-packages\urllib3\_request_methods.py", line 143, in request
    return self.request_encode_body(
           ^^^^^^^^^^^^^^^^^^^^^^^^^
  File "C:\Users\prade\PycharmProjects\Cricinfo_scraper\.venv\Lib\site-packages\urllib3\_request_methods.py", line 278, in request_encode_body
    return self.urlopen(method, url, **extra_kw)
           ^^^^^^^^^^^^^^^^^^^^^^^^^^^^^^^^^^^^^
  File "C:\Users\prade\PycharmProjects\Cricinfo_scraper\.venv\Lib\site-packages\urllib3\poolmanager.py", line 443, in urlopen
    response = conn.urlopen(method, u.request_uri, **kw)
               ^^^^^^^^^^^^^^^^^^^^^^^^^^^^^^^^^^^^^^^^^
  File "C:\Users\prade\PycharmProjects\Cricinfo_scraper\.venv\Lib\site-packages\urllib3\connectionpool.py", line 841, in urlopen
    retries = retries.increment(
              ^^^^^^^^^^^^^^^^^^
  File "C:\Users\prade\PycharmProjects\Cricinfo_scraper\.venv\Lib\site-packages\urllib3\util\retry.py", line 474, in increment
    raise reraise(type(error), error, _stacktrace)
          ^^^^^^^^^^^^^^^^^^^^^^^^^^^^^^^^^^^^^^^^
  File "C:\Users\prade\PycharmProjects\Cricinfo_scraper\.venv\Lib\site-packages\urllib3\util\util.py", line 39, in reraise
    raise value
  File "C:\Users\prade\PycharmProjects\Cricinfo_scraper\.venv\Lib\site-packages\urllib3\connectionpool.py", line 787, in urlopen
    response = self._make_request(
               ^^^^^^^^^^^^^^^^^^^
  File "C:\Users\prade\PycharmProjects\Cricinfo_scraper\.venv\Lib\site-packages\urllib3\connectionpool.py", line 536, in _make_request
    self._raise_timeout(err=e, url=url, timeout_value=read_timeout)
  File "C:\Users\prade\PycharmProjects\Cricinfo_scraper\.venv\Lib\site-packages\urllib3\connectionpool.py", line 367, in _raise_timeout
    raise ReadTimeoutError(
urllib3.exceptions.ReadTimeoutError: HTTPConnectionPool(host='localhost', port=55016): Read timed out. (read timeout=120)
2025-12-11 04:34:20 - scraping.match_scraper - ERROR - Error scraping match 1473454: HTTPConnectionPool(host='localhost', port=55502): Read timed out. (read timeout=120)
Traceback (most recent call last):
  File "C:\Users\prade\PycharmProjects\Cricinfo_scraper\.venv\Lib\site-packages\urllib3\connectionpool.py", line 534, in _make_request
    response = conn.getresponse()
               ^^^^^^^^^^^^^^^^^^
  File "C:\Users\prade\PycharmProjects\Cricinfo_scraper\.venv\Lib\site-packages\urllib3\connection.py", line 516, in getresponse
    httplib_response = super().getresponse()
                       ^^^^^^^^^^^^^^^^^^^^^
  File "C:\Users\prade\AppData\Local\Programs\Python\Python311\Lib\http\client.py", line 1395, in getresponse
    response.begin()
  File "C:\Users\prade\AppData\Local\Programs\Python\Python311\Lib\http\client.py", line 325, in begin
    version, status, reason = self._read_status()
                              ^^^^^^^^^^^^^^^^^^^
  File "C:\Users\prade\AppData\Local\Programs\Python\Python311\Lib\http\client.py", line 286, in _read_status
    line = str(self.fp.readline(_MAXLINE + 1), "iso-8859-1")
               ^^^^^^^^^^^^^^^^^^^^^^^^^^^^^^
  File "C:\Users\prade\AppData\Local\Programs\Python\Python311\Lib\socket.py", line 706, in readinto
    return self._sock.recv_into(b)
           ^^^^^^^^^^^^^^^^^^^^^^^
TimeoutError: timed out

The above exception was the direct cause of the following exception:

Traceback (most recent call last):
  File "C:\Users\prade\Pycharm\Cricinfo_scraper\scraping\match_scraper.py", line 149, in scrape
    self._navigate_with_retry(driver, self.url, "full scorecard")
  File "C:\Users\prade\Pycharm\Cricinfo_scraper\scraping\match_scraper.py", line 86, in _navigate_with_retry
    driver.get(url)
  File "C:\Users\prade\PycharmProjects\Cricinfo_scraper\.venv\Lib\site-packages\selenium\webdriver\remote\webdriver.py", line 472, in get
    self.execute(Command.GET, {"url": url})
  File "C:\Users\prade\PycharmProjects\Cricinfo_scraper\.venv\Lib\site-packages\selenium\webdriver\remote\webdriver.py", line 445, in execute
    response = self.command_executor.execute(driver_command, params)
               ^^^^^^^^^^^^^^^^^^^^^^^^^^^^^^^^^^^^^^^^^^^^^^^^^^^^^
  File "C:\Users\prade\PycharmProjects\Cricinfo_scraper\.venv\Lib\site-packages\selenium\webdriver\remote\remote_connection.py", line 404, in execute
    return self._request(command_info[0], url, body=data)
           ^^^^^^^^^^^^^^^^^^^^^^^^^^^^^^^^^^^^^^^^^^^^^^
  File "C:\Users\prade\PycharmProjects\Cricinfo_scraper\.venv\Lib\site-packages\selenium\webdriver\remote\remote_connection.py", line 428, in _request
    response = self._conn.request(method, url, body=body, headers=headers, timeout=self._client_config.timeout)
               ^^^^^^^^^^^^^^^^^^^^^^^^^^^^^^^^^^^^^^^^^^^^^^^^^^^^^^^^^^^^^^^^^^^^^^^^^^^^^^^^^^^^^^^^^^^^^^^^
  File "C:\Users\prade\PycharmProjects\Cricinfo_scraper\.venv\Lib\site-packages\urllib3\_request_methods.py", line 143, in request
    return self.request_encode_body(
           ^^^^^^^^^^^^^^^^^^^^^^^^^
  File "C:\Users\prade\PycharmProjects\Cricinfo_scraper\.venv\Lib\site-packages\urllib3\_request_methods.py", line 278, in request_encode_body
    return self.urlopen(method, url, **extra_kw)
           ^^^^^^^^^^^^^^^^^^^^^^^^^^^^^^^^^^^^^
  File "C:\Users\prade\PycharmProjects\Cricinfo_scraper\.venv\Lib\site-packages\urllib3\poolmanager.py", line 443, in urlopen
    response = conn.urlopen(method, u.request_uri, **kw)
               ^^^^^^^^^^^^^^^^^^^^^^^^^^^^^^^^^^^^^^^^^
  File "C:\Users\prade\PycharmProjects\Cricinfo_scraper\.venv\Lib\site-packages\urllib3\connectionpool.py", line 841, in urlopen
    retries = retries.increment(
              ^^^^^^^^^^^^^^^^^^
  File "C:\Users\prade\PycharmProjects\Cricinfo_scraper\.venv\Lib\site-packages\urllib3\util\retry.py", line 474, in increment
    raise reraise(type(error), error, _stacktrace)
          ^^^^^^^^^^^^^^^^^^^^^^^^^^^^^^^^^^^^^^^^
  File "C:\Users\prade\PycharmProjects\Cricinfo_scraper\.venv\Lib\site-packages\urllib3\util\util.py", line 39, in reraise
    raise value
  File "C:\Users\prade\PycharmProjects\Cricinfo_scraper\.venv\Lib\site-packages\urllib3\connectionpool.py", line 787, in urlopen
    response = self._make_request(
               ^^^^^^^^^^^^^^^^^^^
  File "C:\Users\prade\PycharmProjects\Cricinfo_scraper\.venv\Lib\site-packages\urllib3\connectionpool.py", line 536, in _make_request
    self._raise_timeout(err=e, url=url, timeout_value=read_timeout)
  File "C:\Users\prade\PycharmProjects\Cricinfo_scraper\.venv\Lib\site-packages\urllib3\connectionpool.py", line 367, in _raise_timeout
    raise ReadTimeoutError(
urllib3.exceptions.ReadTimeoutError: HTTPConnectionPool(host='localhost', port=55502): Read timed out. (read timeout=120)
2025-12-11 04:46:02 - scraping.match_scraper - ERROR - Timeout scraping match 1473454: Message: timeout: Timed out receiving message from renderer: 60.000
  (Session info: chrome=143.0.7499.109)
Stacktrace:
Symbols not available. Dumping unresolved backtrace:
	0xf00d13
	0xf00d54
	0xcee6dd
	0xcded49
	0xcdea85
	0xcdc94f
	0xcdd456
	0xcea09b
	0xcfbe5e
	0xd01976
	0xcddad2
	0xcfbbd5
	0xd7da2f
	0xd5b2e6
	0xd2d321
	0xd2e1d4
	0x1154d54
	0x115030b
	0x116cbea
	0xf1ac18
	0xf22c1d
	0xf09018
	0xf091d9
	0xef3568
	0x75815d49
	0x7725d5db
	0x7725d561

2025-12-11 04:58:13 - core.page_navigator - ERROR - Error during page scroll: HTTPConnectionPool(host='localhost', port=64790): Read timed out. (read timeout=120)
2025-12-11 05:06:16 - scraping.match_scraper - ERROR - Error scraping match 1473454: HTTPConnectionPool(host='localhost', port=64790): Max retries exceeded with url: /session/2d8d97f4fd82a3f7f52e5f4479863783/source (Caused by ReadTimeoutError("HTTPConnectionPool(host='localhost', port=64790): Read timed out. (read timeout=120)"))
Traceback (most recent call last):
  File "C:\Users\prade\PycharmProjects\Cricinfo_scraper\.venv\Lib\site-packages\urllib3\connectionpool.py", line 534, in _make_request
    response = conn.getresponse()
               ^^^^^^^^^^^^^^^^^^
  File "C:\Users\prade\PycharmProjects\Cricinfo_scraper\.venv\Lib\site-packages\urllib3\connection.py", line 516, in getresponse
    httplib_response = super().getresponse()
                       ^^^^^^^^^^^^^^^^^^^^^
  File "C:\Users\prade\AppData\Local\Programs\Python\Python311\Lib\http\client.py", line 1395, in getresponse
    response.begin()
  File "C:\Users\prade\AppData\Local\Programs\Python\Python311\Lib\http\client.py", line 325, in begin
    version, status, reason = self._read_status()
                              ^^^^^^^^^^^^^^^^^^^
  File "C:\Users\prade\AppData\Local\Programs\Python\Python311\Lib\http\client.py", line 286, in _read_status
    line = str(self.fp.readline(_MAXLINE + 1), "iso-8859-1")
               ^^^^^^^^^^^^^^^^^^^^^^^^^^^^^^
  File "C:\Users\prade\AppData\Local\Programs\Python\Python311\Lib\socket.py", line 706, in readinto
    return self._sock.recv_into(b)
           ^^^^^^^^^^^^^^^^^^^^^^^
TimeoutError: timed out

The above exception was the direct cause of the following exception:

Traceback (most recent call last):
  File "C:\Users\prade\PycharmProjects\Cricinfo_scraper\.venv\Lib\site-packages\urllib3\connectionpool.py", line 787, in urlopen
    response = self._make_request(
               ^^^^^^^^^^^^^^^^^^^
  File "C:\Users\prade\PycharmProjects\Cricinfo_scraper\.venv\Lib\site-packages\urllib3\connectionpool.py", line 536, in _make_request
    self._raise_timeout(err=e, url=url, timeout_value=read_timeout)
  File "C:\Users\prade\PycharmProjects\Cricinfo_scraper\.venv\Lib\site-packages\urllib3\connectionpool.py", line 367, in _raise_timeout
    raise ReadTimeoutError(
urllib3.exceptions.ReadTimeoutError: HTTPConnectionPool(host='localhost', port=64790): Read timed out. (read timeout=120)

The above exception was the direct cause of the following exception:

Traceback (most recent call last):
  File "C:\Users\prade\Pycharm\Cricinfo_scraper\scraping\match_scraper.py", line 163, in scrape
    metadata = MetadataExtractor.extract_metadata(driver.page_source, match_id)
                                                  ^^^^^^^^^^^^^^^^^^
  File "C:\Users\prade\PycharmProjects\Cricinfo_scraper\.venv\Lib\site-packages\selenium\webdriver\remote\webdriver.py", line 586, in page_source
    return self.execute(Command.GET_PAGE_SOURCE)["value"]
           ^^^^^^^^^^^^^^^^^^^^^^^^^^^^^^^^^^^^^
  File "C:\Users\prade\PycharmProjects\Cricinfo_scraper\.venv\Lib\site-packages\selenium\webdriver\remote\webdriver.py", line 445, in execute
    response = self.command_executor.execute(driver_command, params)
               ^^^^^^^^^^^^^^^^^^^^^^^^^^^^^^^^^^^^^^^^^^^^^^^^^^^^^
  File "C:\Users\prade\PycharmProjects\Cricinfo_scraper\.venv\Lib\site-packages\selenium\webdriver\remote\remote_connection.py", line 404, in execute
    return self._request(command_info[0], url, body=data)
           ^^^^^^^^^^^^^^^^^^^^^^^^^^^^^^^^^^^^^^^^^^^^^^
  File "C:\Users\prade\PycharmProjects\Cricinfo_scraper\.venv\Lib\site-packages\selenium\webdriver\remote\remote_connection.py", line 428, in _request
    response = self._conn.request(method, url, body=body, headers=headers, timeout=self._client_config.timeout)
               ^^^^^^^^^^^^^^^^^^^^^^^^^^^^^^^^^^^^^^^^^^^^^^^^^^^^^^^^^^^^^^^^^^^^^^^^^^^^^^^^^^^^^^^^^^^^^^^^
  File "C:\Users\prade\PycharmProjects\Cricinfo_scraper\.venv\Lib\site-packages\urllib3\_request_methods.py", line 135, in request
    return self.request_encode_url(
           ^^^^^^^^^^^^^^^^^^^^^^^^
  File "C:\Users\prade\PycharmProjects\Cricinfo_scraper\.venv\Lib\site-packages\urllib3\_request_methods.py", line 182, in request_encode_url
    return self.urlopen(method, url, **extra_kw)
           ^^^^^^^^^^^^^^^^^^^^^^^^^^^^^^^^^^^^^
  File "C:\Users\prade\PycharmProjects\Cricinfo_scraper\.venv\Lib\site-packages\urllib3\poolmanager.py", line 443, in urlopen
    response = conn.urlopen(method, u.request_uri, **kw)
               ^^^^^^^^^^^^^^^^^^^^^^^^^^^^^^^^^^^^^^^^^
  File "C:\Users\prade\PycharmProjects\Cricinfo_scraper\.venv\Lib\site-packages\urllib3\connectionpool.py", line 871, in urlopen
    return self.urlopen(
           ^^^^^^^^^^^^^
  File "C:\Users\prade\PycharmProjects\Cricinfo_scraper\.venv\Lib\site-packages\urllib3\connectionpool.py", line 871, in urlopen
    return self.urlopen(
           ^^^^^^^^^^^^^
  File "C:\Users\prade\PycharmProjects\Cricinfo_scraper\.venv\Lib\site-packages\urllib3\connectionpool.py", line 871, in urlopen
    return self.urlopen(
           ^^^^^^^^^^^^^
  File "C:\Users\prade\PycharmProjects\Cricinfo_scraper\.venv\Lib\site-packages\urllib3\connectionpool.py", line 841, in urlopen
    retries = retries.increment(
              ^^^^^^^^^^^^^^^^^^
  File "C:\Users\prade\PycharmProjects\Cricinfo_scraper\.venv\Lib\site-packages\urllib3\util\retry.py", line 519, in increment
    raise MaxRetryError(_pool, url, reason) from reason  # type: ignore[arg-type]
    ^^^^^^^^^^^^^^^^^^^^^^^^^^^^^^^^^^^^^^^^^^^^^^^^^^^
urllib3.exceptions.MaxRetryError: HTTPConnectionPool(host='localhost', port=64790): Max retries exceeded with url: /session/2d8d97f4fd82a3f7f52e5f4479863783/source (Caused by ReadTimeoutError("HTTPConnectionPool(host='localhost', port=64790): Read timed out. (read timeout=120)"))
2025-12-11 05:15:13 - __main__ - ERROR - Max retries exceeded for match 1473454: Failed after 4 attempts: HTTPConnectionPool(host='localhost', port=64790): Max retries exceeded with url: /session/2d8d97f4fd82a3f7f52e5f4479863783/source (Caused by ReadTimeoutError("HTTPConnectionPool(host='localhost', port
2025-12-11 05:16:25 - scraping.match_scraper - ERROR - Timeout scraping match 1473455: Message: timeout: Timed out receiving message from renderer: 60.000
  (Session info: chrome=143.0.7499.109)
Stacktrace:
Symbols not available. Dumping unresolved backtrace:
	0xf00d13
	0xf00d54
	0xcee6dd
	0xcded49
	0xcdea85
	0xcdc94f
	0xcdd456
	0xcea09b
	0xcfbe5e
	0xd01976
	0xcddad2
	0xcfbbd5
	0xd7da2f
	0xd5b2e6
	0xd2d321
	0xd2e1d4
	0x1154d54
	0x115030b
	0x116cbea
	0xf1ac18
	0xf22c1d
	0xf09018
	0xf091d9
	0xef3568
	0x75815d49
	0x7725d5db
	0x7725d561

2025-12-11 05:19:44 - scraping.match_scraper - ERROR - Timeout scraping match 1473455: Message: timeout: Timed out receiving message from renderer: 60.000
  (Session info: chrome=143.0.7499.109)
Stacktrace:
Symbols not available. Dumping unresolved backtrace:
	0xf00d13
	0xf00d54
	0xcee6dd
	0xcded49
	0xcdea85
	0xcdc94f
	0xcdd456
	0xcea09b
	0xcfbe5e
	0xd01976
	0xcddad2
	0xcfbbd5
	0xd7da2f
	0xd5b2e6
	0xd2d321
	0xd2e1d4
	0x1154d54
	0x115030b
	0x116cbea
	0xf1ac18
	0xf22c1d
	0xf09018
	0xf091d9
	0xef3568
	0x75815d49
	0x7725d5db
	0x7725d561

2025-12-11 05:27:14 - scraping.match_scraper - ERROR - Error scraping match 1473455: HTTPConnectionPool(host='localhost', port=53620): Read timed out. (read timeout=120)
Traceback (most recent call last):
  File "C:\Users\prade\PycharmProjects\Cricinfo_scraper\.venv\Lib\site-packages\urllib3\connectionpool.py", line 534, in _make_request
    response = conn.getresponse()
               ^^^^^^^^^^^^^^^^^^
  File "C:\Users\prade\PycharmProjects\Cricinfo_scraper\.venv\Lib\site-packages\urllib3\connection.py", line 516, in getresponse
    httplib_response = super().getresponse()
                       ^^^^^^^^^^^^^^^^^^^^^
  File "C:\Users\prade\AppData\Local\Programs\Python\Python311\Lib\http\client.py", line 1395, in getresponse
    response.begin()
  File "C:\Users\prade\AppData\Local\Programs\Python\Python311\Lib\http\client.py", line 325, in begin
    version, status, reason = self._read_status()
                              ^^^^^^^^^^^^^^^^^^^
  File "C:\Users\prade\AppData\Local\Programs\Python\Python311\Lib\http\client.py", line 286, in _read_status
    line = str(self.fp.readline(_MAXLINE + 1), "iso-8859-1")
               ^^^^^^^^^^^^^^^^^^^^^^^^^^^^^^
  File "C:\Users\prade\AppData\Local\Programs\Python\Python311\Lib\socket.py", line 706, in readinto
    return self._sock.recv_into(b)
           ^^^^^^^^^^^^^^^^^^^^^^^
TimeoutError: timed out

The above exception was the direct cause of the following exception:

Traceback (most recent call last):
  File "C:\Users\prade\Pycharm\Cricinfo_scraper\scraping\match_scraper.py", line 149, in scrape
    self._navigate_with_retry(driver, self.url, "full scorecard")
  File "C:\Users\prade\Pycharm\Cricinfo_scraper\scraping\match_scraper.py", line 86, in _navigate_with_retry
    driver.get(url)
  File "C:\Users\prade\PycharmProjects\Cricinfo_scraper\.venv\Lib\site-packages\selenium\webdriver\remote\webdriver.py", line 472, in get
    self.execute(Command.GET, {"url": url})
  File "C:\Users\prade\PycharmProjects\Cricinfo_scraper\.venv\Lib\site-packages\selenium\webdriver\remote\webdriver.py", line 445, in execute
    response = self.command_executor.execute(driver_command, params)
               ^^^^^^^^^^^^^^^^^^^^^^^^^^^^^^^^^^^^^^^^^^^^^^^^^^^^^
  File "C:\Users\prade\PycharmProjects\Cricinfo_scraper\.venv\Lib\site-packages\selenium\webdriver\remote\remote_connection.py", line 404, in execute
    return self._request(command_info[0], url, body=data)
           ^^^^^^^^^^^^^^^^^^^^^^^^^^^^^^^^^^^^^^^^^^^^^^
  File "C:\Users\prade\PycharmProjects\Cricinfo_scraper\.venv\Lib\site-packages\selenium\webdriver\remote\remote_connection.py", line 428, in _request
    response = self._conn.request(method, url, body=body, headers=headers, timeout=self._client_config.timeout)
               ^^^^^^^^^^^^^^^^^^^^^^^^^^^^^^^^^^^^^^^^^^^^^^^^^^^^^^^^^^^^^^^^^^^^^^^^^^^^^^^^^^^^^^^^^^^^^^^^
  File "C:\Users\prade\PycharmProjects\Cricinfo_scraper\.venv\Lib\site-packages\urllib3\_request_methods.py", line 143, in request
    return self.request_encode_body(
           ^^^^^^^^^^^^^^^^^^^^^^^^^
  File "C:\Users\prade\PycharmProjects\Cricinfo_scraper\.venv\Lib\site-packages\urllib3\_request_methods.py", line 278, in request_encode_body
    return self.urlopen(method, url, **extra_kw)
           ^^^^^^^^^^^^^^^^^^^^^^^^^^^^^^^^^^^^^
  File "C:\Users\prade\PycharmProjects\Cricinfo_scraper\.venv\Lib\site-packages\urllib3\poolmanager.py", line 443, in urlopen
    response = conn.urlopen(method, u.request_uri, **kw)
               ^^^^^^^^^^^^^^^^^^^^^^^^^^^^^^^^^^^^^^^^^
  File "C:\Users\prade\PycharmProjects\Cricinfo_scraper\.venv\Lib\site-packages\urllib3\connectionpool.py", line 841, in urlopen
    retries = retries.increment(
              ^^^^^^^^^^^^^^^^^^
  File "C:\Users\prade\PycharmProjects\Cricinfo_scraper\.venv\Lib\site-packages\urllib3\util\retry.py", line 474, in increment
    raise reraise(type(error), error, _stacktrace)
          ^^^^^^^^^^^^^^^^^^^^^^^^^^^^^^^^^^^^^^^^
  File "C:\Users\prade\PycharmProjects\Cricinfo_scraper\.venv\Lib\site-packages\urllib3\util\util.py", line 39, in reraise
    raise value
  File "C:\Users\prade\PycharmProjects\Cricinfo_scraper\.venv\Lib\site-packages\urllib3\connectionpool.py", line 787, in urlopen
    response = self._make_request(
               ^^^^^^^^^^^^^^^^^^^
  File "C:\Users\prade\PycharmProjects\Cricinfo_scraper\.venv\Lib\site-packages\urllib3\connectionpool.py", line 536, in _make_request
    self._raise_timeout(err=e, url=url, timeout_value=read_timeout)
  File "C:\Users\prade\PycharmProjects\Cricinfo_scraper\.venv\Lib\site-packages\urllib3\connectionpool.py", line 367, in _raise_timeout
    raise ReadTimeoutError(
urllib3.exceptions.ReadTimeoutError: HTTPConnectionPool(host='localhost', port=53620): Read timed out. (read timeout=120)
2025-12-11 05:41:55 - scraping.match_scraper - ERROR - Error scraping match 1473455: HTTPConnectionPool(host='localhost', port=61436): Read timed out. (read timeout=120)
Traceback (most recent call last):
  File "C:\Users\prade\PycharmProjects\Cricinfo_scraper\.venv\Lib\site-packages\urllib3\connectionpool.py", line 534, in _make_request
    response = conn.getresponse()
               ^^^^^^^^^^^^^^^^^^
  File "C:\Users\prade\PycharmProjects\Cricinfo_scraper\.venv\Lib\site-packages\urllib3\connection.py", line 516, in getresponse
    httplib_response = super().getresponse()
                       ^^^^^^^^^^^^^^^^^^^^^
  File "C:\Users\prade\AppData\Local\Programs\Python\Python311\Lib\http\client.py", line 1395, in getresponse
    response.begin()
  File "C:\Users\prade\AppData\Local\Programs\Python\Python311\Lib\http\client.py", line 325, in begin
    version, status, reason = self._read_status()
                              ^^^^^^^^^^^^^^^^^^^
  File "C:\Users\prade\AppData\Local\Programs\Python\Python311\Lib\http\client.py", line 286, in _read_status
    line = str(self.fp.readline(_MAXLINE + 1), "iso-8859-1")
               ^^^^^^^^^^^^^^^^^^^^^^^^^^^^^^
  File "C:\Users\prade\AppData\Local\Programs\Python\Python311\Lib\socket.py", line 706, in readinto
    return self._sock.recv_into(b)
           ^^^^^^^^^^^^^^^^^^^^^^^
TimeoutError: timed out

The above exception was the direct cause of the following exception:

Traceback (most recent call last):
  File "C:\Users\prade\Pycharm\Cricinfo_scraper\scraping\match_scraper.py", line 149, in scrape
    self._navigate_with_retry(driver, self.url, "full scorecard")
  File "C:\Users\prade\Pycharm\Cricinfo_scraper\scraping\match_scraper.py", line 86, in _navigate_with_retry
    driver.get(url)
  File "C:\Users\prade\PycharmProjects\Cricinfo_scraper\.venv\Lib\site-packages\selenium\webdriver\remote\webdriver.py", line 472, in get
    self.execute(Command.GET, {"url": url})
  File "C:\Users\prade\PycharmProjects\Cricinfo_scraper\.venv\Lib\site-packages\selenium\webdriver\remote\webdriver.py", line 445, in execute
    response = self.command_executor.execute(driver_command, params)
               ^^^^^^^^^^^^^^^^^^^^^^^^^^^^^^^^^^^^^^^^^^^^^^^^^^^^^
  File "C:\Users\prade\PycharmProjects\Cricinfo_scraper\.venv\Lib\site-packages\selenium\webdriver\remote\remote_connection.py", line 404, in execute
    return self._request(command_info[0], url, body=data)
           ^^^^^^^^^^^^^^^^^^^^^^^^^^^^^^^^^^^^^^^^^^^^^^
  File "C:\Users\prade\PycharmProjects\Cricinfo_scraper\.venv\Lib\site-packages\selenium\webdriver\remote\remote_connection.py", line 428, in _request
    response = self._conn.request(method, url, body=body, headers=headers, timeout=self._client_config.timeout)
               ^^^^^^^^^^^^^^^^^^^^^^^^^^^^^^^^^^^^^^^^^^^^^^^^^^^^^^^^^^^^^^^^^^^^^^^^^^^^^^^^^^^^^^^^^^^^^^^^
  File "C:\Users\prade\PycharmProjects\Cricinfo_scraper\.venv\Lib\site-packages\urllib3\_request_methods.py", line 143, in request
    return self.request_encode_body(
           ^^^^^^^^^^^^^^^^^^^^^^^^^
  File "C:\Users\prade\PycharmProjects\Cricinfo_scraper\.venv\Lib\site-packages\urllib3\_request_methods.py", line 278, in request_encode_body
    return self.urlopen(method, url, **extra_kw)
           ^^^^^^^^^^^^^^^^^^^^^^^^^^^^^^^^^^^^^
  File "C:\Users\prade\PycharmProjects\Cricinfo_scraper\.venv\Lib\site-packages\urllib3\poolmanager.py", line 443, in urlopen
    response = conn.urlopen(method, u.request_uri, **kw)
               ^^^^^^^^^^^^^^^^^^^^^^^^^^^^^^^^^^^^^^^^^
  File "C:\Users\prade\PycharmProjects\Cricinfo_scraper\.venv\Lib\site-packages\urllib3\connectionpool.py", line 841, in urlopen
    retries = retries.increment(
              ^^^^^^^^^^^^^^^^^^
  File "C:\Users\prade\PycharmProjects\Cricinfo_scraper\.venv\Lib\site-packages\urllib3\util\retry.py", line 474, in increment
    raise reraise(type(error), error, _stacktrace)
          ^^^^^^^^^^^^^^^^^^^^^^^^^^^^^^^^^^^^^^^^
  File "C:\Users\prade\PycharmProjects\Cricinfo_scraper\.venv\Lib\site-packages\urllib3\util\util.py", line 39, in reraise
    raise value
  File "C:\Users\prade\PycharmProjects\Cricinfo_scraper\.venv\Lib\site-packages\urllib3\connectionpool.py", line 787, in urlopen
    response = self._make_request(
               ^^^^^^^^^^^^^^^^^^^
  File "C:\Users\prade\PycharmProjects\Cricinfo_scraper\.venv\Lib\site-packages\urllib3\connectionpool.py", line 536, in _make_request
    self._raise_timeout(err=e, url=url, timeout_value=read_timeout)
  File "C:\Users\prade\PycharmProjects\Cricinfo_scraper\.venv\Lib\site-packages\urllib3\connectionpool.py", line 367, in _raise_timeout
    raise ReadTimeoutError(
urllib3.exceptions.ReadTimeoutError: HTTPConnectionPool(host='localhost', port=61436): Read timed out. (read timeout=120)
2025-12-11 05:51:08 - __main__ - ERROR - Max retries exceeded for match 1473455: Failed after 4 attempts: HTTPConnectionPool(host='localhost', port=61436): Read timed out. (read timeout=120)
2025-12-11 05:55:13 - scraping.match_scraper - ERROR - Error scraping match 1473457: HTTPConnectionPool(host='localhost', port=56708): Read timed out. (read timeout=120)
Traceback (most recent call last):
  File "C:\Users\prade\PycharmProjects\Cricinfo_scraper\.venv\Lib\site-packages\urllib3\connectionpool.py", line 534, in _make_request
    response = conn.getresponse()
               ^^^^^^^^^^^^^^^^^^
  File "C:\Users\prade\PycharmProjects\Cricinfo_scraper\.venv\Lib\site-packages\urllib3\connection.py", line 516, in getresponse
    httplib_response = super().getresponse()
                       ^^^^^^^^^^^^^^^^^^^^^
  File "C:\Users\prade\AppData\Local\Programs\Python\Python311\Lib\http\client.py", line 1395, in getresponse
    response.begin()
  File "C:\Users\prade\AppData\Local\Programs\Python\Python311\Lib\http\client.py", line 325, in begin
    version, status, reason = self._read_status()
                              ^^^^^^^^^^^^^^^^^^^
  File "C:\Users\prade\AppData\Local\Programs\Python\Python311\Lib\http\client.py", line 286, in _read_status
    line = str(self.fp.readline(_MAXLINE + 1), "iso-8859-1")
               ^^^^^^^^^^^^^^^^^^^^^^^^^^^^^^
  File "C:\Users\prade\AppData\Local\Programs\Python\Python311\Lib\socket.py", line 706, in readinto
    return self._sock.recv_into(b)
           ^^^^^^^^^^^^^^^^^^^^^^^
TimeoutError: timed out

The above exception was the direct cause of the following exception:

Traceback (most recent call last):
  File "C:\Users\prade\Pycharm\Cricinfo_scraper\scraping\match_scraper.py", line 146, in scrape
    driver = driver_manager.start_driver()
             ^^^^^^^^^^^^^^^^^^^^^^^^^^^^^
  File "C:\Users\prade\Pycharm\Cricinfo_scraper\core\driver_manager.py", line 69, in start_driver
    self.driver = webdriver.Chrome(service=service, options=options)
                  ^^^^^^^^^^^^^^^^^^^^^^^^^^^^^^^^^^^^^^^^^^^^^^^^^^
  File "C:\Users\prade\PycharmProjects\Cricinfo_scraper\.venv\Lib\site-packages\selenium\webdriver\chrome\webdriver.py", line 47, in __init__
    super().__init__(
  File "C:\Users\prade\PycharmProjects\Cricinfo_scraper\.venv\Lib\site-packages\selenium\webdriver\chromium\webdriver.py", line 69, in __init__
    super().__init__(command_executor=executor, options=options)
  File "C:\Users\prade\PycharmProjects\Cricinfo_scraper\.venv\Lib\site-packages\selenium\webdriver\remote\webdriver.py", line 257, in __init__
    self.start_session(capabilities)
  File "C:\Users\prade\PycharmProjects\Cricinfo_scraper\.venv\Lib\site-packages\selenium\webdriver\remote\webdriver.py", line 356, in start_session
    response = self.execute(Command.NEW_SESSION, caps)["value"]
               ^^^^^^^^^^^^^^^^^^^^^^^^^^^^^^^^^^^^^^^
  File "C:\Users\prade\PycharmProjects\Cricinfo_scraper\.venv\Lib\site-packages\selenium\webdriver\remote\webdriver.py", line 445, in execute
    response = self.command_executor.execute(driver_command, params)
               ^^^^^^^^^^^^^^^^^^^^^^^^^^^^^^^^^^^^^^^^^^^^^^^^^^^^^
  File "C:\Users\prade\PycharmProjects\Cricinfo_scraper\.venv\Lib\site-packages\selenium\webdriver\remote\remote_connection.py", line 404, in execute
    return self._request(command_info[0], url, body=data)
           ^^^^^^^^^^^^^^^^^^^^^^^^^^^^^^^^^^^^^^^^^^^^^^
  File "C:\Users\prade\PycharmProjects\Cricinfo_scraper\.venv\Lib\site-packages\selenium\webdriver\remote\remote_connection.py", line 428, in _request
    response = self._conn.request(method, url, body=body, headers=headers, timeout=self._client_config.timeout)
               ^^^^^^^^^^^^^^^^^^^^^^^^^^^^^^^^^^^^^^^^^^^^^^^^^^^^^^^^^^^^^^^^^^^^^^^^^^^^^^^^^^^^^^^^^^^^^^^^
  File "C:\Users\prade\PycharmProjects\Cricinfo_scraper\.venv\Lib\site-packages\urllib3\_request_methods.py", line 143, in request
    return self.request_encode_body(
           ^^^^^^^^^^^^^^^^^^^^^^^^^
  File "C:\Users\prade\PycharmProjects\Cricinfo_scraper\.venv\Lib\site-packages\urllib3\_request_methods.py", line 278, in request_encode_body
    return self.urlopen(method, url, **extra_kw)
           ^^^^^^^^^^^^^^^^^^^^^^^^^^^^^^^^^^^^^
  File "C:\Users\prade\PycharmProjects\Cricinfo_scraper\.venv\Lib\site-packages\urllib3\poolmanager.py", line 443, in urlopen
    response = conn.urlopen(method, u.request_uri, **kw)
               ^^^^^^^^^^^^^^^^^^^^^^^^^^^^^^^^^^^^^^^^^
  File "C:\Users\prade\PycharmProjects\Cricinfo_scraper\.venv\Lib\site-packages\urllib3\connectionpool.py", line 841, in urlopen
    retries = retries.increment(
              ^^^^^^^^^^^^^^^^^^
  File "C:\Users\prade\PycharmProjects\Cricinfo_scraper\.venv\Lib\site-packages\urllib3\util\retry.py", line 474, in increment
    raise reraise(type(error), error, _stacktrace)
          ^^^^^^^^^^^^^^^^^^^^^^^^^^^^^^^^^^^^^^^^
  File "C:\Users\prade\PycharmProjects\Cricinfo_scraper\.venv\Lib\site-packages\urllib3\util\util.py", line 39, in reraise
    raise value
  File "C:\Users\prade\PycharmProjects\Cricinfo_scraper\.venv\Lib\site-packages\urllib3\connectionpool.py", line 787, in urlopen
    response = self._make_request(
               ^^^^^^^^^^^^^^^^^^^
  File "C:\Users\prade\PycharmProjects\Cricinfo_scraper\.venv\Lib\site-packages\urllib3\connectionpool.py", line 536, in _make_request
    self._raise_timeout(err=e, url=url, timeout_value=read_timeout)
  File "C:\Users\prade\PycharmProjects\Cricinfo_scraper\.venv\Lib\site-packages\urllib3\connectionpool.py", line 367, in _raise_timeout
    raise ReadTimeoutError(
urllib3.exceptions.ReadTimeoutError: HTTPConnectionPool(host='localhost', port=56708): Read timed out. (read timeout=120)
2025-12-11 06:11:39 - scraping.match_scraper - ERROR - Timeout scraping match 1473457: Message: timeout: Timed out receiving message from renderer: 60.000
  (Session info: chrome=143.0.7499.109)
Stacktrace:
Symbols not available. Dumping unresolved backtrace:
	0xf00d13
	0xf00d54
	0xcee6dd
	0xcded49
	0xcdea85
	0xcdc94f
	0xcdd456
	0xcea09b
	0xcfbe5e
	0xd01976
	0xcddad2
	0xcfbbd5
	0xd7da2f
	0xd5b2e6
	0xd2d321
	0xd2e1d4
	0x1154d54
	0x115030b
	0x116cbea
	0xf1ac18
	0xf22c1d
	0xf09018
	0xf091d9
	0xef3568
	0x75815d49
	0x7725d5db
	0x7725d561

2025-12-11 06:19:00 - scraping.match_scraper - ERROR - Error scraping match 1473457: HTTPConnectionPool(host='localhost', port=61917): Read timed out. (read timeout=120)
Traceback (most recent call last):
  File "C:\Users\prade\PycharmProjects\Cricinfo_scraper\.venv\Lib\site-packages\urllib3\connectionpool.py", line 534, in _make_request
    response = conn.getresponse()
               ^^^^^^^^^^^^^^^^^^
  File "C:\Users\prade\PycharmProjects\Cricinfo_scraper\.venv\Lib\site-packages\urllib3\connection.py", line 516, in getresponse
    httplib_response = super().getresponse()
                       ^^^^^^^^^^^^^^^^^^^^^
  File "C:\Users\prade\AppData\Local\Programs\Python\Python311\Lib\http\client.py", line 1395, in getresponse
    response.begin()
  File "C:\Users\prade\AppData\Local\Programs\Python\Python311\Lib\http\client.py", line 325, in begin
    version, status, reason = self._read_status()
                              ^^^^^^^^^^^^^^^^^^^
  File "C:\Users\prade\AppData\Local\Programs\Python\Python311\Lib\http\client.py", line 286, in _read_status
    line = str(self.fp.readline(_MAXLINE + 1), "iso-8859-1")
               ^^^^^^^^^^^^^^^^^^^^^^^^^^^^^^
  File "C:\Users\prade\AppData\Local\Programs\Python\Python311\Lib\socket.py", line 706, in readinto
    return self._sock.recv_into(b)
           ^^^^^^^^^^^^^^^^^^^^^^^
TimeoutError: timed out

The above exception was the direct cause of the following exception:

Traceback (most recent call last):
  File "C:\Users\prade\Pycharm\Cricinfo_scraper\scraping\match_scraper.py", line 146, in scrape
    driver = driver_manager.start_driver()
             ^^^^^^^^^^^^^^^^^^^^^^^^^^^^^
  File "C:\Users\prade\Pycharm\Cricinfo_scraper\core\driver_manager.py", line 69, in start_driver
    self.driver = webdriver.Chrome(service=service, options=options)
                  ^^^^^^^^^^^^^^^^^^^^^^^^^^^^^^^^^^^^^^^^^^^^^^^^^^
  File "C:\Users\prade\PycharmProjects\Cricinfo_scraper\.venv\Lib\site-packages\selenium\webdriver\chrome\webdriver.py", line 47, in __init__
    super().__init__(
  File "C:\Users\prade\PycharmProjects\Cricinfo_scraper\.venv\Lib\site-packages\selenium\webdriver\chromium\webdriver.py", line 69, in __init__
    super().__init__(command_executor=executor, options=options)
  File "C:\Users\prade\PycharmProjects\Cricinfo_scraper\.venv\Lib\site-packages\selenium\webdriver\remote\webdriver.py", line 257, in __init__
    self.start_session(capabilities)
  File "C:\Users\prade\PycharmProjects\Cricinfo_scraper\.venv\Lib\site-packages\selenium\webdriver\remote\webdriver.py", line 356, in start_session
    response = self.execute(Command.NEW_SESSION, caps)["value"]
               ^^^^^^^^^^^^^^^^^^^^^^^^^^^^^^^^^^^^^^^
  File "C:\Users\prade\PycharmProjects\Cricinfo_scraper\.venv\Lib\site-packages\selenium\webdriver\remote\webdriver.py", line 445, in execute
    response = self.command_executor.execute(driver_command, params)
               ^^^^^^^^^^^^^^^^^^^^^^^^^^^^^^^^^^^^^^^^^^^^^^^^^^^^^
  File "C:\Users\prade\PycharmProjects\Cricinfo_scraper\.venv\Lib\site-packages\selenium\webdriver\remote\remote_connection.py", line 404, in execute
    return self._request(command_info[0], url, body=data)
           ^^^^^^^^^^^^^^^^^^^^^^^^^^^^^^^^^^^^^^^^^^^^^^
  File "C:\Users\prade\PycharmProjects\Cricinfo_scraper\.venv\Lib\site-packages\selenium\webdriver\remote\remote_connection.py", line 428, in _request
    response = self._conn.request(method, url, body=body, headers=headers, timeout=self._client_config.timeout)
               ^^^^^^^^^^^^^^^^^^^^^^^^^^^^^^^^^^^^^^^^^^^^^^^^^^^^^^^^^^^^^^^^^^^^^^^^^^^^^^^^^^^^^^^^^^^^^^^^
  File "C:\Users\prade\PycharmProjects\Cricinfo_scraper\.venv\Lib\site-packages\urllib3\_request_methods.py", line 143, in request
    return self.request_encode_body(
           ^^^^^^^^^^^^^^^^^^^^^^^^^
  File "C:\Users\prade\PycharmProjects\Cricinfo_scraper\.venv\Lib\site-packages\urllib3\_request_methods.py", line 278, in request_encode_body
    return self.urlopen(method, url, **extra_kw)
           ^^^^^^^^^^^^^^^^^^^^^^^^^^^^^^^^^^^^^
  File "C:\Users\prade\PycharmProjects\Cricinfo_scraper\.venv\Lib\site-packages\urllib3\poolmanager.py", line 443, in urlopen
    response = conn.urlopen(method, u.request_uri, **kw)
               ^^^^^^^^^^^^^^^^^^^^^^^^^^^^^^^^^^^^^^^^^
  File "C:\Users\prade\PycharmProjects\Cricinfo_scraper\.venv\Lib\site-packages\urllib3\connectionpool.py", line 841, in urlopen
    retries = retries.increment(
              ^^^^^^^^^^^^^^^^^^
  File "C:\Users\prade\PycharmProjects\Cricinfo_scraper\.venv\Lib\site-packages\urllib3\util\retry.py", line 474, in increment
    raise reraise(type(error), error, _stacktrace)
          ^^^^^^^^^^^^^^^^^^^^^^^^^^^^^^^^^^^^^^^^
  File "C:\Users\prade\PycharmProjects\Cricinfo_scraper\.venv\Lib\site-packages\urllib3\util\util.py", line 39, in reraise
    raise value
  File "C:\Users\prade\PycharmProjects\Cricinfo_scraper\.venv\Lib\site-packages\urllib3\connectionpool.py", line 787, in urlopen
    response = self._make_request(
               ^^^^^^^^^^^^^^^^^^^
  File "C:\Users\prade\PycharmProjects\Cricinfo_scraper\.venv\Lib\site-packages\urllib3\connectionpool.py", line 536, in _make_request
    self._raise_timeout(err=e, url=url, timeout_value=read_timeout)
  File "C:\Users\prade\PycharmProjects\Cricinfo_scraper\.venv\Lib\site-packages\urllib3\connectionpool.py", line 367, in _raise_timeout
    raise ReadTimeoutError(
urllib3.exceptions.ReadTimeoutError: HTTPConnectionPool(host='localhost', port=61917): Read timed out. (read timeout=120)
2025-12-11 06:26:30 - scraping.match_scraper - ERROR - Error scraping match 1473457: HTTPConnectionPool(host='localhost', port=54875): Read timed out. (read timeout=120)
Traceback (most recent call last):
  File "C:\Users\prade\PycharmProjects\Cricinfo_scraper\.venv\Lib\site-packages\urllib3\connectionpool.py", line 534, in _make_request
    response = conn.getresponse()
               ^^^^^^^^^^^^^^^^^^
  File "C:\Users\prade\PycharmProjects\Cricinfo_scraper\.venv\Lib\site-packages\urllib3\connection.py", line 516, in getresponse
    httplib_response = super().getresponse()
                       ^^^^^^^^^^^^^^^^^^^^^
  File "C:\Users\prade\AppData\Local\Programs\Python\Python311\Lib\http\client.py", line 1395, in getresponse
    response.begin()
  File "C:\Users\prade\AppData\Local\Programs\Python\Python311\Lib\http\client.py", line 325, in begin
    version, status, reason = self._read_status()
                              ^^^^^^^^^^^^^^^^^^^
  File "C:\Users\prade\AppData\Local\Programs\Python\Python311\Lib\http\client.py", line 286, in _read_status
    line = str(self.fp.readline(_MAXLINE + 1), "iso-8859-1")
               ^^^^^^^^^^^^^^^^^^^^^^^^^^^^^^
  File "C:\Users\prade\AppData\Local\Programs\Python\Python311\Lib\socket.py", line 706, in readinto
    return self._sock.recv_into(b)
           ^^^^^^^^^^^^^^^^^^^^^^^
TimeoutError: timed out

The above exception was the direct cause of the following exception:

Traceback (most recent call last):
  File "C:\Users\prade\Pycharm\Cricinfo_scraper\scraping\match_scraper.py", line 146, in scrape
    driver = driver_manager.start_driver()
             ^^^^^^^^^^^^^^^^^^^^^^^^^^^^^
  File "C:\Users\prade\Pycharm\Cricinfo_scraper\core\driver_manager.py", line 69, in start_driver
    self.driver = webdriver.Chrome(service=service, options=options)
                  ^^^^^^^^^^^^^^^^^^^^^^^^^^^^^^^^^^^^^^^^^^^^^^^^^^
  File "C:\Users\prade\PycharmProjects\Cricinfo_scraper\.venv\Lib\site-packages\selenium\webdriver\chrome\webdriver.py", line 47, in __init__
    super().__init__(
  File "C:\Users\prade\PycharmProjects\Cricinfo_scraper\.venv\Lib\site-packages\selenium\webdriver\chromium\webdriver.py", line 69, in __init__
    super().__init__(command_executor=executor, options=options)
  File "C:\Users\prade\PycharmProjects\Cricinfo_scraper\.venv\Lib\site-packages\selenium\webdriver\remote\webdriver.py", line 257, in __init__
    self.start_session(capabilities)
  File "C:\Users\prade\PycharmProjects\Cricinfo_scraper\.venv\Lib\site-packages\selenium\webdriver\remote\webdriver.py", line 356, in start_session
    response = self.execute(Command.NEW_SESSION, caps)["value"]
               ^^^^^^^^^^^^^^^^^^^^^^^^^^^^^^^^^^^^^^^
  File "C:\Users\prade\PycharmProjects\Cricinfo_scraper\.venv\Lib\site-packages\selenium\webdriver\remote\webdriver.py", line 445, in execute
    response = self.command_executor.execute(driver_command, params)
               ^^^^^^^^^^^^^^^^^^^^^^^^^^^^^^^^^^^^^^^^^^^^^^^^^^^^^
  File "C:\Users\prade\PycharmProjects\Cricinfo_scraper\.venv\Lib\site-packages\selenium\webdriver\remote\remote_connection.py", line 404, in execute
    return self._request(command_info[0], url, body=data)
           ^^^^^^^^^^^^^^^^^^^^^^^^^^^^^^^^^^^^^^^^^^^^^^
  File "C:\Users\prade\PycharmProjects\Cricinfo_scraper\.venv\Lib\site-packages\selenium\webdriver\remote\remote_connection.py", line 428, in _request
    response = self._conn.request(method, url, body=body, headers=headers, timeout=self._client_config.timeout)
               ^^^^^^^^^^^^^^^^^^^^^^^^^^^^^^^^^^^^^^^^^^^^^^^^^^^^^^^^^^^^^^^^^^^^^^^^^^^^^^^^^^^^^^^^^^^^^^^^
  File "C:\Users\prade\PycharmProjects\Cricinfo_scraper\.venv\Lib\site-packages\urllib3\_request_methods.py", line 143, in request
    return self.request_encode_body(
           ^^^^^^^^^^^^^^^^^^^^^^^^^
  File "C:\Users\prade\PycharmProjects\Cricinfo_scraper\.venv\Lib\site-packages\urllib3\_request_methods.py", line 278, in request_encode_body
    return self.urlopen(method, url, **extra_kw)
           ^^^^^^^^^^^^^^^^^^^^^^^^^^^^^^^^^^^^^
  File "C:\Users\prade\PycharmProjects\Cricinfo_scraper\.venv\Lib\site-packages\urllib3\poolmanager.py", line 443, in urlopen
    response = conn.urlopen(method, u.request_uri, **kw)
               ^^^^^^^^^^^^^^^^^^^^^^^^^^^^^^^^^^^^^^^^^
  File "C:\Users\prade\PycharmProjects\Cricinfo_scraper\.venv\Lib\site-packages\urllib3\connectionpool.py", line 841, in urlopen
    retries = retries.increment(
              ^^^^^^^^^^^^^^^^^^
  File "C:\Users\prade\PycharmProjects\Cricinfo_scraper\.venv\Lib\site-packages\urllib3\util\retry.py", line 474, in increment
    raise reraise(type(error), error, _stacktrace)
          ^^^^^^^^^^^^^^^^^^^^^^^^^^^^^^^^^^^^^^^^
  File "C:\Users\prade\PycharmProjects\Cricinfo_scraper\.venv\Lib\site-packages\urllib3\util\util.py", line 39, in reraise
    raise value
  File "C:\Users\prade\PycharmProjects\Cricinfo_scraper\.venv\Lib\site-packages\urllib3\connectionpool.py", line 787, in urlopen
    response = self._make_request(
               ^^^^^^^^^^^^^^^^^^^
  File "C:\Users\prade\PycharmProjects\Cricinfo_scraper\.venv\Lib\site-packages\urllib3\connectionpool.py", line 536, in _make_request
    self._raise_timeout(err=e, url=url, timeout_value=read_timeout)
  File "C:\Users\prade\PycharmProjects\Cricinfo_scraper\.venv\Lib\site-packages\urllib3\connectionpool.py", line 367, in _raise_timeout
    raise ReadTimeoutError(
urllib3.exceptions.ReadTimeoutError: HTTPConnectionPool(host='localhost', port=54875): Read timed out. (read timeout=120)
2025-12-11 06:26:33 - __main__ - ERROR - Max retries exceeded for match 1473457: Failed after 4 attempts: HTTPConnectionPool(host='localhost', port=54875): Read timed out. (read timeout=120)
2025-12-11 06:29:01 - scraping.match_scraper - ERROR - Error scraping match 1473458: HTTPConnectionPool(host='localhost', port=53282): Read timed out. (read timeout=120)
Traceback (most recent call last):
  File "C:\Users\prade\PycharmProjects\Cricinfo_scraper\.venv\Lib\site-packages\urllib3\connectionpool.py", line 534, in _make_request
    response = conn.getresponse()
               ^^^^^^^^^^^^^^^^^^
  File "C:\Users\prade\PycharmProjects\Cricinfo_scraper\.venv\Lib\site-packages\urllib3\connection.py", line 516, in getresponse
    httplib_response = super().getresponse()
                       ^^^^^^^^^^^^^^^^^^^^^
  File "C:\Users\prade\AppData\Local\Programs\Python\Python311\Lib\http\client.py", line 1395, in getresponse
    response.begin()
  File "C:\Users\prade\AppData\Local\Programs\Python\Python311\Lib\http\client.py", line 325, in begin
    version, status, reason = self._read_status()
                              ^^^^^^^^^^^^^^^^^^^
  File "C:\Users\prade\AppData\Local\Programs\Python\Python311\Lib\http\client.py", line 286, in _read_status
    line = str(self.fp.readline(_MAXLINE + 1), "iso-8859-1")
               ^^^^^^^^^^^^^^^^^^^^^^^^^^^^^^
  File "C:\Users\prade\AppData\Local\Programs\Python\Python311\Lib\socket.py", line 706, in readinto
    return self._sock.recv_into(b)
           ^^^^^^^^^^^^^^^^^^^^^^^
TimeoutError: timed out

The above exception was the direct cause of the following exception:

Traceback (most recent call last):
  File "C:\Users\prade\Pycharm\Cricinfo_scraper\scraping\match_scraper.py", line 146, in scrape
    driver = driver_manager.start_driver()
             ^^^^^^^^^^^^^^^^^^^^^^^^^^^^^
  File "C:\Users\prade\Pycharm\Cricinfo_scraper\core\driver_manager.py", line 69, in start_driver
    self.driver = webdriver.Chrome(service=service, options=options)
                  ^^^^^^^^^^^^^^^^^^^^^^^^^^^^^^^^^^^^^^^^^^^^^^^^^^
  File "C:\Users\prade\PycharmProjects\Cricinfo_scraper\.venv\Lib\site-packages\selenium\webdriver\chrome\webdriver.py", line 47, in __init__
    super().__init__(
  File "C:\Users\prade\PycharmProjects\Cricinfo_scraper\.venv\Lib\site-packages\selenium\webdriver\chromium\webdriver.py", line 69, in __init__
    super().__init__(command_executor=executor, options=options)
  File "C:\Users\prade\PycharmProjects\Cricinfo_scraper\.venv\Lib\site-packages\selenium\webdriver\remote\webdriver.py", line 257, in __init__
    self.start_session(capabilities)
  File "C:\Users\prade\PycharmProjects\Cricinfo_scraper\.venv\Lib\site-packages\selenium\webdriver\remote\webdriver.py", line 356, in start_session
    response = self.execute(Command.NEW_SESSION, caps)["value"]
               ^^^^^^^^^^^^^^^^^^^^^^^^^^^^^^^^^^^^^^^
  File "C:\Users\prade\PycharmProjects\Cricinfo_scraper\.venv\Lib\site-packages\selenium\webdriver\remote\webdriver.py", line 445, in execute
    response = self.command_executor.execute(driver_command, params)
               ^^^^^^^^^^^^^^^^^^^^^^^^^^^^^^^^^^^^^^^^^^^^^^^^^^^^^
  File "C:\Users\prade\PycharmProjects\Cricinfo_scraper\.venv\Lib\site-packages\selenium\webdriver\remote\remote_connection.py", line 404, in execute
    return self._request(command_info[0], url, body=data)
           ^^^^^^^^^^^^^^^^^^^^^^^^^^^^^^^^^^^^^^^^^^^^^^
  File "C:\Users\prade\PycharmProjects\Cricinfo_scraper\.venv\Lib\site-packages\selenium\webdriver\remote\remote_connection.py", line 428, in _request
    response = self._conn.request(method, url, body=body, headers=headers, timeout=self._client_config.timeout)
               ^^^^^^^^^^^^^^^^^^^^^^^^^^^^^^^^^^^^^^^^^^^^^^^^^^^^^^^^^^^^^^^^^^^^^^^^^^^^^^^^^^^^^^^^^^^^^^^^
  File "C:\Users\prade\PycharmProjects\Cricinfo_scraper\.venv\Lib\site-packages\urllib3\_request_methods.py", line 143, in request
    return self.request_encode_body(
           ^^^^^^^^^^^^^^^^^^^^^^^^^
  File "C:\Users\prade\PycharmProjects\Cricinfo_scraper\.venv\Lib\site-packages\urllib3\_request_methods.py", line 278, in request_encode_body
    return self.urlopen(method, url, **extra_kw)
           ^^^^^^^^^^^^^^^^^^^^^^^^^^^^^^^^^^^^^
  File "C:\Users\prade\PycharmProjects\Cricinfo_scraper\.venv\Lib\site-packages\urllib3\poolmanager.py", line 443, in urlopen
    response = conn.urlopen(method, u.request_uri, **kw)
               ^^^^^^^^^^^^^^^^^^^^^^^^^^^^^^^^^^^^^^^^^
  File "C:\Users\prade\PycharmProjects\Cricinfo_scraper\.venv\Lib\site-packages\urllib3\connectionpool.py", line 841, in urlopen
    retries = retries.increment(
              ^^^^^^^^^^^^^^^^^^
  File "C:\Users\prade\PycharmProjects\Cricinfo_scraper\.venv\Lib\site-packages\urllib3\util\retry.py", line 474, in increment
    raise reraise(type(error), error, _stacktrace)
          ^^^^^^^^^^^^^^^^^^^^^^^^^^^^^^^^^^^^^^^^
  File "C:\Users\prade\PycharmProjects\Cricinfo_scraper\.venv\Lib\site-packages\urllib3\util\util.py", line 39, in reraise
    raise value
  File "C:\Users\prade\PycharmProjects\Cricinfo_scraper\.venv\Lib\site-packages\urllib3\connectionpool.py", line 787, in urlopen
    response = self._make_request(
               ^^^^^^^^^^^^^^^^^^^
  File "C:\Users\prade\PycharmProjects\Cricinfo_scraper\.venv\Lib\site-packages\urllib3\connectionpool.py", line 536, in _make_request
    self._raise_timeout(err=e, url=url, timeout_value=read_timeout)
  File "C:\Users\prade\PycharmProjects\Cricinfo_scraper\.venv\Lib\site-packages\urllib3\connectionpool.py", line 367, in _raise_timeout
    raise ReadTimeoutError(
urllib3.exceptions.ReadTimeoutError: HTTPConnectionPool(host='localhost', port=53282): Read timed out. (read timeout=120)
2025-12-11 06:49:03 - scraping.match_scraper - ERROR - Error scraping match 1473458: HTTPConnectionPool(host='localhost', port=62284): Read timed out. (read timeout=120)
Traceback (most recent call last):
  File "C:\Users\prade\PycharmProjects\Cricinfo_scraper\.venv\Lib\site-packages\urllib3\connectionpool.py", line 534, in _make_request
    response = conn.getresponse()
               ^^^^^^^^^^^^^^^^^^
  File "C:\Users\prade\PycharmProjects\Cricinfo_scraper\.venv\Lib\site-packages\urllib3\connection.py", line 516, in getresponse
    httplib_response = super().getresponse()
                       ^^^^^^^^^^^^^^^^^^^^^
  File "C:\Users\prade\AppData\Local\Programs\Python\Python311\Lib\http\client.py", line 1395, in getresponse
    response.begin()
  File "C:\Users\prade\AppData\Local\Programs\Python\Python311\Lib\http\client.py", line 325, in begin
    version, status, reason = self._read_status()
                              ^^^^^^^^^^^^^^^^^^^
  File "C:\Users\prade\AppData\Local\Programs\Python\Python311\Lib\http\client.py", line 286, in _read_status
    line = str(self.fp.readline(_MAXLINE + 1), "iso-8859-1")
               ^^^^^^^^^^^^^^^^^^^^^^^^^^^^^^
  File "C:\Users\prade\AppData\Local\Programs\Python\Python311\Lib\socket.py", line 706, in readinto
    return self._sock.recv_into(b)
           ^^^^^^^^^^^^^^^^^^^^^^^
TimeoutError: timed out

The above exception was the direct cause of the following exception:

Traceback (most recent call last):
  File "C:\Users\prade\Pycharm\Cricinfo_scraper\scraping\match_scraper.py", line 146, in scrape
    driver = driver_manager.start_driver()
             ^^^^^^^^^^^^^^^^^^^^^^^^^^^^^
  File "C:\Users\prade\Pycharm\Cricinfo_scraper\core\driver_manager.py", line 69, in start_driver
    self.driver = webdriver.Chrome(service=service, options=options)
                  ^^^^^^^^^^^^^^^^^^^^^^^^^^^^^^^^^^^^^^^^^^^^^^^^^^
  File "C:\Users\prade\PycharmProjects\Cricinfo_scraper\.venv\Lib\site-packages\selenium\webdriver\chrome\webdriver.py", line 47, in __init__
    super().__init__(
  File "C:\Users\prade\PycharmProjects\Cricinfo_scraper\.venv\Lib\site-packages\selenium\webdriver\chromium\webdriver.py", line 69, in __init__
    super().__init__(command_executor=executor, options=options)
  File "C:\Users\prade\PycharmProjects\Cricinfo_scraper\.venv\Lib\site-packages\selenium\webdriver\remote\webdriver.py", line 257, in __init__
    self.start_session(capabilities)
  File "C:\Users\prade\PycharmProjects\Cricinfo_scraper\.venv\Lib\site-packages\selenium\webdriver\remote\webdriver.py", line 356, in start_session
    response = self.execute(Command.NEW_SESSION, caps)["value"]
               ^^^^^^^^^^^^^^^^^^^^^^^^^^^^^^^^^^^^^^^
  File "C:\Users\prade\PycharmProjects\Cricinfo_scraper\.venv\Lib\site-packages\selenium\webdriver\remote\webdriver.py", line 445, in execute
    response = self.command_executor.execute(driver_command, params)
               ^^^^^^^^^^^^^^^^^^^^^^^^^^^^^^^^^^^^^^^^^^^^^^^^^^^^^
  File "C:\Users\prade\PycharmProjects\Cricinfo_scraper\.venv\Lib\site-packages\selenium\webdriver\remote\remote_connection.py", line 404, in execute
    return self._request(command_info[0], url, body=data)
           ^^^^^^^^^^^^^^^^^^^^^^^^^^^^^^^^^^^^^^^^^^^^^^
  File "C:\Users\prade\PycharmProjects\Cricinfo_scraper\.venv\Lib\site-packages\selenium\webdriver\remote\remote_connection.py", line 428, in _request
    response = self._conn.request(method, url, body=body, headers=headers, timeout=self._client_config.timeout)
               ^^^^^^^^^^^^^^^^^^^^^^^^^^^^^^^^^^^^^^^^^^^^^^^^^^^^^^^^^^^^^^^^^^^^^^^^^^^^^^^^^^^^^^^^^^^^^^^^
  File "C:\Users\prade\PycharmProjects\Cricinfo_scraper\.venv\Lib\site-packages\urllib3\_request_methods.py", line 143, in request
    return self.request_encode_body(
           ^^^^^^^^^^^^^^^^^^^^^^^^^
  File "C:\Users\prade\PycharmProjects\Cricinfo_scraper\.venv\Lib\site-packages\urllib3\_request_methods.py", line 278, in request_encode_body
    return self.urlopen(method, url, **extra_kw)
           ^^^^^^^^^^^^^^^^^^^^^^^^^^^^^^^^^^^^^
  File "C:\Users\prade\PycharmProjects\Cricinfo_scraper\.venv\Lib\site-packages\urllib3\poolmanager.py", line 443, in urlopen
    response = conn.urlopen(method, u.request_uri, **kw)
               ^^^^^^^^^^^^^^^^^^^^^^^^^^^^^^^^^^^^^^^^^
  File "C:\Users\prade\PycharmProjects\Cricinfo_scraper\.venv\Lib\site-packages\urllib3\connectionpool.py", line 841, in urlopen
    retries = retries.increment(
              ^^^^^^^^^^^^^^^^^^
  File "C:\Users\prade\PycharmProjects\Cricinfo_scraper\.venv\Lib\site-packages\urllib3\util\retry.py", line 474, in increment
    raise reraise(type(error), error, _stacktrace)
          ^^^^^^^^^^^^^^^^^^^^^^^^^^^^^^^^^^^^^^^^
  File "C:\Users\prade\PycharmProjects\Cricinfo_scraper\.venv\Lib\site-packages\urllib3\util\util.py", line 39, in reraise
    raise value
  File "C:\Users\prade\PycharmProjects\Cricinfo_scraper\.venv\Lib\site-packages\urllib3\connectionpool.py", line 787, in urlopen
    response = self._make_request(
               ^^^^^^^^^^^^^^^^^^^
  File "C:\Users\prade\PycharmProjects\Cricinfo_scraper\.venv\Lib\site-packages\urllib3\connectionpool.py", line 536, in _make_request
    self._raise_timeout(err=e, url=url, timeout_value=read_timeout)
  File "C:\Users\prade\PycharmProjects\Cricinfo_scraper\.venv\Lib\site-packages\urllib3\connectionpool.py", line 367, in _raise_timeout
    raise ReadTimeoutError(
urllib3.exceptions.ReadTimeoutError: HTTPConnectionPool(host='localhost', port=62284): Read timed out. (read timeout=120)
2025-12-11 07:03:08 - scraping.match_scraper - ERROR - WebDriver error scraping match 1473458: Message: session not created: DevToolsActivePort file doesn't exist
Stacktrace:
Symbols not available. Dumping unresolved backtrace:
	0x990d13
	0x990d54
	0x77e6dd
	0x7b8f1c
	0x7b51ce
	0x7afafa
	0x7f7826
	0x7f7047
	0x7eb2e6
	0x7bd321
	0x7be1d4
	0xbe4d54
	0xbe030b
	0xbfcbea
	0x9aac18
	0x9b2c1d
	0x999018
	0x9991d9
	0x983568
	0x75815d49
	0x7725d5db
	0x7725d561

2025-12-11 07:03:08 - __main__ - ERROR - Non-retryable error for match 1473458: WebDriver error: Message: session not created: DevToolsActivePort file doesn't exist
Stacktrace:
Symbols not available. Dumping unresolved backtrace:
	0x990d13
	0x990d54
	0x77e6dd
	0x7b8f1c
	0x7b51ce
	0x7afafa
	0x7f78
2025-12-11 07:10:04 - scraping.match_scraper - ERROR - Failed to load full scorecard after 3 attempts: Message: timeout: Timed out receiving message from renderer: 60.000
  (Session info: chrome=143.0.7499.109)
Stacktrace:
Symbols not available. Dumping unresolved backtrace:
	0x990d13
	0x990d54
	0x77e6dd
	0x76ed49
	0x76ea85
	0x76c94f
	0x76d456
	0x77a09b
	0x78be5e
	0x791976
	0x76dad2
	0x78bbd5
	0x80da2f
	0x7eb2e6
	0x7bd321
	0x7be1d4
	0xbe4d54
	0xbe030b
	0xbfcbea
	0x9aac18
	0x9b2c1d
	0x999018
	0x9991d9
	0x983568
	0x75815d49
	0x7725d5db
	0x7725d561

2025-12-11 07:10:04 - scraping.match_scraper - ERROR - Error scraping match 1473456: Failed to load full scorecard after 3 attempts: Message: timeout: Timed out receiving message from renderer: 60.000
  (Session info: chrome=143.0.7499.109)
Stacktrace:
Symbols not available. Dumping unresolved backtrace:
	0x990d13
	0x990d54
	0x77e6dd
	0x76ed49
	0x76ea85
	0x76c94f
	0x76d456
	0x77a09b
	0x78be5e
	0x791976
	0x76dad2
	0x78bbd5
	0x80da2f
	0x7eb2e6
	0x7bd321
	0x7be1d4
	0xbe4d54
	0xbe030b
	0xbfcbea
	0x9aac18
	0x9b2c1d
	0x999018
	0x9991d9
	0x983568
	0x75815d49
	0x7725d5db
	0x7725d561
Traceback (most recent call last):
  File "C:\Users\prade\Pycharm\Cricinfo_scraper\scraping\match_scraper.py", line 149, in scrape
    self._navigate_with_retry(driver, self.url, "full scorecard")
  File "C:\Users\prade\Pycharm\Cricinfo_scraper\scraping\match_scraper.py", line 123, in _navigate_with_retry
    raise Exception(error_msg)
Exception: Failed to load full scorecard after 3 attempts: Message: timeout: Timed out receiving message from renderer: 60.000
  (Session info: chrome=143.0.7499.109)
Stacktrace:
Symbols not available. Dumping unresolved backtrace:
	0x990d13
	0x990d54
	0x77e6dd
	0x76ed49
	0x76ea85
	0x76c94f
	0x76d456
	0x77a09b
	0x78be5e
	0x791976
	0x76dad2
	0x78bbd5
	0x80da2f
	0x7eb2e6
	0x7bd321
	0x7be1d4
	0xbe4d54
	0xbe030b
	0xbfcbea
	0x9aac18
	0x9b2c1d
	0x999018
	0x9991d9
	0x983568
	0x75815d49
	0x7725d5db
	0x7725d561

2025-12-11 07:14:24 - scraping.match_scraper - ERROR - Error scraping match 1473456: HTTPConnectionPool(host='localhost', port=65005): Read timed out. (read timeout=120)
Traceback (most recent call last):
  File "C:\Users\prade\PycharmProjects\Cricinfo_scraper\.venv\Lib\site-packages\urllib3\connectionpool.py", line 534, in _make_request
    response = conn.getresponse()
               ^^^^^^^^^^^^^^^^^^
  File "C:\Users\prade\PycharmProjects\Cricinfo_scraper\.venv\Lib\site-packages\urllib3\connection.py", line 516, in getresponse
    httplib_response = super().getresponse()
                       ^^^^^^^^^^^^^^^^^^^^^
  File "C:\Users\prade\AppData\Local\Programs\Python\Python311\Lib\http\client.py", line 1395, in getresponse
    response.begin()
  File "C:\Users\prade\AppData\Local\Programs\Python\Python311\Lib\http\client.py", line 325, in begin
    version, status, reason = self._read_status()
                              ^^^^^^^^^^^^^^^^^^^
  File "C:\Users\prade\AppData\Local\Programs\Python\Python311\Lib\http\client.py", line 286, in _read_status
    line = str(self.fp.readline(_MAXLINE + 1), "iso-8859-1")
               ^^^^^^^^^^^^^^^^^^^^^^^^^^^^^^
  File "C:\Users\prade\AppData\Local\Programs\Python\Python311\Lib\socket.py", line 706, in readinto
    return self._sock.recv_into(b)
           ^^^^^^^^^^^^^^^^^^^^^^^
TimeoutError: timed out

The above exception was the direct cause of the following exception:

Traceback (most recent call last):
  File "C:\Users\prade\Pycharm\Cricinfo_scraper\scraping\match_scraper.py", line 146, in scrape
    driver = driver_manager.start_driver()
             ^^^^^^^^^^^^^^^^^^^^^^^^^^^^^
  File "C:\Users\prade\Pycharm\Cricinfo_scraper\core\driver_manager.py", line 69, in start_driver
    self.driver = webdriver.Chrome(service=service, options=options)
                  ^^^^^^^^^^^^^^^^^^^^^^^^^^^^^^^^^^^^^^^^^^^^^^^^^^
  File "C:\Users\prade\PycharmProjects\Cricinfo_scraper\.venv\Lib\site-packages\selenium\webdriver\chrome\webdriver.py", line 47, in __init__
    super().__init__(
  File "C:\Users\prade\PycharmProjects\Cricinfo_scraper\.venv\Lib\site-packages\selenium\webdriver\chromium\webdriver.py", line 69, in __init__
    super().__init__(command_executor=executor, options=options)
  File "C:\Users\prade\PycharmProjects\Cricinfo_scraper\.venv\Lib\site-packages\selenium\webdriver\remote\webdriver.py", line 257, in __init__
    self.start_session(capabilities)
  File "C:\Users\prade\PycharmProjects\Cricinfo_scraper\.venv\Lib\site-packages\selenium\webdriver\remote\webdriver.py", line 356, in start_session
    response = self.execute(Command.NEW_SESSION, caps)["value"]
               ^^^^^^^^^^^^^^^^^^^^^^^^^^^^^^^^^^^^^^^
  File "C:\Users\prade\PycharmProjects\Cricinfo_scraper\.venv\Lib\site-packages\selenium\webdriver\remote\webdriver.py", line 445, in execute
    response = self.command_executor.execute(driver_command, params)
               ^^^^^^^^^^^^^^^^^^^^^^^^^^^^^^^^^^^^^^^^^^^^^^^^^^^^^
  File "C:\Users\prade\PycharmProjects\Cricinfo_scraper\.venv\Lib\site-packages\selenium\webdriver\remote\remote_connection.py", line 404, in execute
    return self._request(command_info[0], url, body=data)
           ^^^^^^^^^^^^^^^^^^^^^^^^^^^^^^^^^^^^^^^^^^^^^^
  File "C:\Users\prade\PycharmProjects\Cricinfo_scraper\.venv\Lib\site-packages\selenium\webdriver\remote\remote_connection.py", line 428, in _request
    response = self._conn.request(method, url, body=body, headers=headers, timeout=self._client_config.timeout)
               ^^^^^^^^^^^^^^^^^^^^^^^^^^^^^^^^^^^^^^^^^^^^^^^^^^^^^^^^^^^^^^^^^^^^^^^^^^^^^^^^^^^^^^^^^^^^^^^^
  File "C:\Users\prade\PycharmProjects\Cricinfo_scraper\.venv\Lib\site-packages\urllib3\_request_methods.py", line 143, in request
    return self.request_encode_body(
           ^^^^^^^^^^^^^^^^^^^^^^^^^
  File "C:\Users\prade\PycharmProjects\Cricinfo_scraper\.venv\Lib\site-packages\urllib3\_request_methods.py", line 278, in request_encode_body
    return self.urlopen(method, url, **extra_kw)
           ^^^^^^^^^^^^^^^^^^^^^^^^^^^^^^^^^^^^^
  File "C:\Users\prade\PycharmProjects\Cricinfo_scraper\.venv\Lib\site-packages\urllib3\poolmanager.py", line 443, in urlopen
    response = conn.urlopen(method, u.request_uri, **kw)
               ^^^^^^^^^^^^^^^^^^^^^^^^^^^^^^^^^^^^^^^^^
  File "C:\Users\prade\PycharmProjects\Cricinfo_scraper\.venv\Lib\site-packages\urllib3\connectionpool.py", line 841, in urlopen
    retries = retries.increment(
              ^^^^^^^^^^^^^^^^^^
  File "C:\Users\prade\PycharmProjects\Cricinfo_scraper\.venv\Lib\site-packages\urllib3\util\retry.py", line 474, in increment
    raise reraise(type(error), error, _stacktrace)
          ^^^^^^^^^^^^^^^^^^^^^^^^^^^^^^^^^^^^^^^^
  File "C:\Users\prade\PycharmProjects\Cricinfo_scraper\.venv\Lib\site-packages\urllib3\util\util.py", line 39, in reraise
    raise value
  File "C:\Users\prade\PycharmProjects\Cricinfo_scraper\.venv\Lib\site-packages\urllib3\connectionpool.py", line 787, in urlopen
    response = self._make_request(
               ^^^^^^^^^^^^^^^^^^^
  File "C:\Users\prade\PycharmProjects\Cricinfo_scraper\.venv\Lib\site-packages\urllib3\connectionpool.py", line 536, in _make_request
    self._raise_timeout(err=e, url=url, timeout_value=read_timeout)
  File "C:\Users\prade\PycharmProjects\Cricinfo_scraper\.venv\Lib\site-packages\urllib3\connectionpool.py", line 367, in _raise_timeout
    raise ReadTimeoutError(
urllib3.exceptions.ReadTimeoutError: HTTPConnectionPool(host='localhost', port=65005): Read timed out. (read timeout=120)
2025-12-11 07:19:23 - scraping.match_scraper - ERROR - Error scraping match 1473456: HTTPConnectionPool(host='localhost', port=51265): Read timed out. (read timeout=120)
Traceback (most recent call last):
  File "C:\Users\prade\PycharmProjects\Cricinfo_scraper\.venv\Lib\site-packages\urllib3\connectionpool.py", line 534, in _make_request
    response = conn.getresponse()
               ^^^^^^^^^^^^^^^^^^
  File "C:\Users\prade\PycharmProjects\Cricinfo_scraper\.venv\Lib\site-packages\urllib3\connection.py", line 516, in getresponse
    httplib_response = super().getresponse()
                       ^^^^^^^^^^^^^^^^^^^^^
  File "C:\Users\prade\AppData\Local\Programs\Python\Python311\Lib\http\client.py", line 1395, in getresponse
    response.begin()
  File "C:\Users\prade\AppData\Local\Programs\Python\Python311\Lib\http\client.py", line 325, in begin
    version, status, reason = self._read_status()
                              ^^^^^^^^^^^^^^^^^^^
  File "C:\Users\prade\AppData\Local\Programs\Python\Python311\Lib\http\client.py", line 286, in _read_status
    line = str(self.fp.readline(_MAXLINE + 1), "iso-8859-1")
               ^^^^^^^^^^^^^^^^^^^^^^^^^^^^^^
  File "C:\Users\prade\AppData\Local\Programs\Python\Python311\Lib\socket.py", line 706, in readinto
    return self._sock.recv_into(b)
           ^^^^^^^^^^^^^^^^^^^^^^^
TimeoutError: timed out

The above exception was the direct cause of the following exception:

Traceback (most recent call last):
  File "C:\Users\prade\Pycharm\Cricinfo_scraper\scraping\match_scraper.py", line 146, in scrape
    driver = driver_manager.start_driver()
             ^^^^^^^^^^^^^^^^^^^^^^^^^^^^^
  File "C:\Users\prade\Pycharm\Cricinfo_scraper\core\driver_manager.py", line 69, in start_driver
    self.driver = webdriver.Chrome(service=service, options=options)
                  ^^^^^^^^^^^^^^^^^^^^^^^^^^^^^^^^^^^^^^^^^^^^^^^^^^
  File "C:\Users\prade\PycharmProjects\Cricinfo_scraper\.venv\Lib\site-packages\selenium\webdriver\chrome\webdriver.py", line 47, in __init__
    super().__init__(
  File "C:\Users\prade\PycharmProjects\Cricinfo_scraper\.venv\Lib\site-packages\selenium\webdriver\chromium\webdriver.py", line 69, in __init__
    super().__init__(command_executor=executor, options=options)
  File "C:\Users\prade\PycharmProjects\Cricinfo_scraper\.venv\Lib\site-packages\selenium\webdriver\remote\webdriver.py", line 257, in __init__
    self.start_session(capabilities)
  File "C:\Users\prade\PycharmProjects\Cricinfo_scraper\.venv\Lib\site-packages\selenium\webdriver\remote\webdriver.py", line 356, in start_session
    response = self.execute(Command.NEW_SESSION, caps)["value"]
               ^^^^^^^^^^^^^^^^^^^^^^^^^^^^^^^^^^^^^^^
  File "C:\Users\prade\PycharmProjects\Cricinfo_scraper\.venv\Lib\site-packages\selenium\webdriver\remote\webdriver.py", line 445, in execute
    response = self.command_executor.execute(driver_command, params)
               ^^^^^^^^^^^^^^^^^^^^^^^^^^^^^^^^^^^^^^^^^^^^^^^^^^^^^
  File "C:\Users\prade\PycharmProjects\Cricinfo_scraper\.venv\Lib\site-packages\selenium\webdriver\remote\remote_connection.py", line 404, in execute
    return self._request(command_info[0], url, body=data)
           ^^^^^^^^^^^^^^^^^^^^^^^^^^^^^^^^^^^^^^^^^^^^^^
  File "C:\Users\prade\PycharmProjects\Cricinfo_scraper\.venv\Lib\site-packages\selenium\webdriver\remote\remote_connection.py", line 428, in _request
    response = self._conn.request(method, url, body=body, headers=headers, timeout=self._client_config.timeout)
               ^^^^^^^^^^^^^^^^^^^^^^^^^^^^^^^^^^^^^^^^^^^^^^^^^^^^^^^^^^^^^^^^^^^^^^^^^^^^^^^^^^^^^^^^^^^^^^^^
  File "C:\Users\prade\PycharmProjects\Cricinfo_scraper\.venv\Lib\site-packages\urllib3\_request_methods.py", line 143, in request
    return self.request_encode_body(
           ^^^^^^^^^^^^^^^^^^^^^^^^^
  File "C:\Users\prade\PycharmProjects\Cricinfo_scraper\.venv\Lib\site-packages\urllib3\_request_methods.py", line 278, in request_encode_body
    return self.urlopen(method, url, **extra_kw)
           ^^^^^^^^^^^^^^^^^^^^^^^^^^^^^^^^^^^^^
  File "C:\Users\prade\PycharmProjects\Cricinfo_scraper\.venv\Lib\site-packages\urllib3\poolmanager.py", line 443, in urlopen
    response = conn.urlopen(method, u.request_uri, **kw)
               ^^^^^^^^^^^^^^^^^^^^^^^^^^^^^^^^^^^^^^^^^
  File "C:\Users\prade\PycharmProjects\Cricinfo_scraper\.venv\Lib\site-packages\urllib3\connectionpool.py", line 841, in urlopen
    retries = retries.increment(
              ^^^^^^^^^^^^^^^^^^
  File "C:\Users\prade\PycharmProjects\Cricinfo_scraper\.venv\Lib\site-packages\urllib3\util\retry.py", line 474, in increment
    raise reraise(type(error), error, _stacktrace)
          ^^^^^^^^^^^^^^^^^^^^^^^^^^^^^^^^^^^^^^^^
  File "C:\Users\prade\PycharmProjects\Cricinfo_scraper\.venv\Lib\site-packages\urllib3\util\util.py", line 39, in reraise
    raise value
  File "C:\Users\prade\PycharmProjects\Cricinfo_scraper\.venv\Lib\site-packages\urllib3\connectionpool.py", line 787, in urlopen
    response = self._make_request(
               ^^^^^^^^^^^^^^^^^^^
  File "C:\Users\prade\PycharmProjects\Cricinfo_scraper\.venv\Lib\site-packages\urllib3\connectionpool.py", line 536, in _make_request
    self._raise_timeout(err=e, url=url, timeout_value=read_timeout)
  File "C:\Users\prade\PycharmProjects\Cricinfo_scraper\.venv\Lib\site-packages\urllib3\connectionpool.py", line 367, in _raise_timeout
    raise ReadTimeoutError(
urllib3.exceptions.ReadTimeoutError: HTTPConnectionPool(host='localhost', port=51265): Read timed out. (read timeout=120)
2025-12-11 07:24:25 - scraping.match_scraper - ERROR - Error scraping match 1473456: HTTPConnectionPool(host='localhost', port=60754): Read timed out. (read timeout=120)
Traceback (most recent call last):
  File "C:\Users\prade\PycharmProjects\Cricinfo_scraper\.venv\Lib\site-packages\urllib3\connectionpool.py", line 534, in _make_request
    response = conn.getresponse()
               ^^^^^^^^^^^^^^^^^^
  File "C:\Users\prade\PycharmProjects\Cricinfo_scraper\.venv\Lib\site-packages\urllib3\connection.py", line 516, in getresponse
    httplib_response = super().getresponse()
                       ^^^^^^^^^^^^^^^^^^^^^
  File "C:\Users\prade\AppData\Local\Programs\Python\Python311\Lib\http\client.py", line 1395, in getresponse
    response.begin()
  File "C:\Users\prade\AppData\Local\Programs\Python\Python311\Lib\http\client.py", line 325, in begin
    version, status, reason = self._read_status()
                              ^^^^^^^^^^^^^^^^^^^
  File "C:\Users\prade\AppData\Local\Programs\Python\Python311\Lib\http\client.py", line 286, in _read_status
    line = str(self.fp.readline(_MAXLINE + 1), "iso-8859-1")
               ^^^^^^^^^^^^^^^^^^^^^^^^^^^^^^
  File "C:\Users\prade\AppData\Local\Programs\Python\Python311\Lib\socket.py", line 706, in readinto
    return self._sock.recv_into(b)
           ^^^^^^^^^^^^^^^^^^^^^^^
TimeoutError: timed out

The above exception was the direct cause of the following exception:

Traceback (most recent call last):
  File "C:\Users\prade\Pycharm\Cricinfo_scraper\scraping\match_scraper.py", line 146, in scrape
    driver = driver_manager.start_driver()
             ^^^^^^^^^^^^^^^^^^^^^^^^^^^^^
  File "C:\Users\prade\Pycharm\Cricinfo_scraper\core\driver_manager.py", line 69, in start_driver
    self.driver = webdriver.Chrome(service=service, options=options)
                  ^^^^^^^^^^^^^^^^^^^^^^^^^^^^^^^^^^^^^^^^^^^^^^^^^^
  File "C:\Users\prade\PycharmProjects\Cricinfo_scraper\.venv\Lib\site-packages\selenium\webdriver\chrome\webdriver.py", line 47, in __init__
    super().__init__(
  File "C:\Users\prade\PycharmProjects\Cricinfo_scraper\.venv\Lib\site-packages\selenium\webdriver\chromium\webdriver.py", line 69, in __init__
    super().__init__(command_executor=executor, options=options)
  File "C:\Users\prade\PycharmProjects\Cricinfo_scraper\.venv\Lib\site-packages\selenium\webdriver\remote\webdriver.py", line 257, in __init__
    self.start_session(capabilities)
  File "C:\Users\prade\PycharmProjects\Cricinfo_scraper\.venv\Lib\site-packages\selenium\webdriver\remote\webdriver.py", line 356, in start_session
    response = self.execute(Command.NEW_SESSION, caps)["value"]
               ^^^^^^^^^^^^^^^^^^^^^^^^^^^^^^^^^^^^^^^
  File "C:\Users\prade\PycharmProjects\Cricinfo_scraper\.venv\Lib\site-packages\selenium\webdriver\remote\webdriver.py", line 445, in execute
    response = self.command_executor.execute(driver_command, params)
               ^^^^^^^^^^^^^^^^^^^^^^^^^^^^^^^^^^^^^^^^^^^^^^^^^^^^^
  File "C:\Users\prade\PycharmProjects\Cricinfo_scraper\.venv\Lib\site-packages\selenium\webdriver\remote\remote_connection.py", line 404, in execute
    return self._request(command_info[0], url, body=data)
           ^^^^^^^^^^^^^^^^^^^^^^^^^^^^^^^^^^^^^^^^^^^^^^
  File "C:\Users\prade\PycharmProjects\Cricinfo_scraper\.venv\Lib\site-packages\selenium\webdriver\remote\remote_connection.py", line 428, in _request
    response = self._conn.request(method, url, body=body, headers=headers, timeout=self._client_config.timeout)
               ^^^^^^^^^^^^^^^^^^^^^^^^^^^^^^^^^^^^^^^^^^^^^^^^^^^^^^^^^^^^^^^^^^^^^^^^^^^^^^^^^^^^^^^^^^^^^^^^
  File "C:\Users\prade\PycharmProjects\Cricinfo_scraper\.venv\Lib\site-packages\urllib3\_request_methods.py", line 143, in request
    return self.request_encode_body(
           ^^^^^^^^^^^^^^^^^^^^^^^^^
  File "C:\Users\prade\PycharmProjects\Cricinfo_scraper\.venv\Lib\site-packages\urllib3\_request_methods.py", line 278, in request_encode_body
    return self.urlopen(method, url, **extra_kw)
           ^^^^^^^^^^^^^^^^^^^^^^^^^^^^^^^^^^^^^
  File "C:\Users\prade\PycharmProjects\Cricinfo_scraper\.venv\Lib\site-packages\urllib3\poolmanager.py", line 443, in urlopen
    response = conn.urlopen(method, u.request_uri, **kw)
               ^^^^^^^^^^^^^^^^^^^^^^^^^^^^^^^^^^^^^^^^^
  File "C:\Users\prade\PycharmProjects\Cricinfo_scraper\.venv\Lib\site-packages\urllib3\connectionpool.py", line 841, in urlopen
    retries = retries.increment(
              ^^^^^^^^^^^^^^^^^^
  File "C:\Users\prade\PycharmProjects\Cricinfo_scraper\.venv\Lib\site-packages\urllib3\util\retry.py", line 474, in increment
    raise reraise(type(error), error, _stacktrace)
          ^^^^^^^^^^^^^^^^^^^^^^^^^^^^^^^^^^^^^^^^
  File "C:\Users\prade\PycharmProjects\Cricinfo_scraper\.venv\Lib\site-packages\urllib3\util\util.py", line 39, in reraise
    raise value
  File "C:\Users\prade\PycharmProjects\Cricinfo_scraper\.venv\Lib\site-packages\urllib3\connectionpool.py", line 787, in urlopen
    response = self._make_request(
               ^^^^^^^^^^^^^^^^^^^
  File "C:\Users\prade\PycharmProjects\Cricinfo_scraper\.venv\Lib\site-packages\urllib3\connectionpool.py", line 536, in _make_request
    self._raise_timeout(err=e, url=url, timeout_value=read_timeout)
  File "C:\Users\prade\PycharmProjects\Cricinfo_scraper\.venv\Lib\site-packages\urllib3\connectionpool.py", line 367, in _raise_timeout
    raise ReadTimeoutError(
urllib3.exceptions.ReadTimeoutError: HTTPConnectionPool(host='localhost', port=60754): Read timed out. (read timeout=120)
2025-12-11 07:24:31 - __main__ - ERROR - Max retries exceeded for match 1473456: Failed after 4 attempts: HTTPConnectionPool(host='localhost', port=60754): Read timed out. (read timeout=120)
2025-12-11 07:27:13 - scraping.match_scraper - ERROR - Error scraping match 1473459: HTTPConnectionPool(host='localhost', port=52618): Read timed out. (read timeout=120)
Traceback (most recent call last):
  File "C:\Users\prade\PycharmProjects\Cricinfo_scraper\.venv\Lib\site-packages\urllib3\connectionpool.py", line 534, in _make_request
    response = conn.getresponse()
               ^^^^^^^^^^^^^^^^^^
  File "C:\Users\prade\PycharmProjects\Cricinfo_scraper\.venv\Lib\site-packages\urllib3\connection.py", line 516, in getresponse
    httplib_response = super().getresponse()
                       ^^^^^^^^^^^^^^^^^^^^^
  File "C:\Users\prade\AppData\Local\Programs\Python\Python311\Lib\http\client.py", line 1395, in getresponse
    response.begin()
  File "C:\Users\prade\AppData\Local\Programs\Python\Python311\Lib\http\client.py", line 325, in begin
    version, status, reason = self._read_status()
                              ^^^^^^^^^^^^^^^^^^^
  File "C:\Users\prade\AppData\Local\Programs\Python\Python311\Lib\http\client.py", line 286, in _read_status
    line = str(self.fp.readline(_MAXLINE + 1), "iso-8859-1")
               ^^^^^^^^^^^^^^^^^^^^^^^^^^^^^^
  File "C:\Users\prade\AppData\Local\Programs\Python\Python311\Lib\socket.py", line 706, in readinto
    return self._sock.recv_into(b)
           ^^^^^^^^^^^^^^^^^^^^^^^
TimeoutError: timed out

The above exception was the direct cause of the following exception:

Traceback (most recent call last):
  File "C:\Users\prade\Pycharm\Cricinfo_scraper\scraping\match_scraper.py", line 146, in scrape
    driver = driver_manager.start_driver()
             ^^^^^^^^^^^^^^^^^^^^^^^^^^^^^
  File "C:\Users\prade\Pycharm\Cricinfo_scraper\core\driver_manager.py", line 69, in start_driver
    self.driver = webdriver.Chrome(service=service, options=options)
                  ^^^^^^^^^^^^^^^^^^^^^^^^^^^^^^^^^^^^^^^^^^^^^^^^^^
  File "C:\Users\prade\PycharmProjects\Cricinfo_scraper\.venv\Lib\site-packages\selenium\webdriver\chrome\webdriver.py", line 47, in __init__
    super().__init__(
  File "C:\Users\prade\PycharmProjects\Cricinfo_scraper\.venv\Lib\site-packages\selenium\webdriver\chromium\webdriver.py", line 69, in __init__
    super().__init__(command_executor=executor, options=options)
  File "C:\Users\prade\PycharmProjects\Cricinfo_scraper\.venv\Lib\site-packages\selenium\webdriver\remote\webdriver.py", line 257, in __init__
    self.start_session(capabilities)
  File "C:\Users\prade\PycharmProjects\Cricinfo_scraper\.venv\Lib\site-packages\selenium\webdriver\remote\webdriver.py", line 356, in start_session
    response = self.execute(Command.NEW_SESSION, caps)["value"]
               ^^^^^^^^^^^^^^^^^^^^^^^^^^^^^^^^^^^^^^^
  File "C:\Users\prade\PycharmProjects\Cricinfo_scraper\.venv\Lib\site-packages\selenium\webdriver\remote\webdriver.py", line 445, in execute
    response = self.command_executor.execute(driver_command, params)
               ^^^^^^^^^^^^^^^^^^^^^^^^^^^^^^^^^^^^^^^^^^^^^^^^^^^^^
  File "C:\Users\prade\PycharmProjects\Cricinfo_scraper\.venv\Lib\site-packages\selenium\webdriver\remote\remote_connection.py", line 404, in execute
    return self._request(command_info[0], url, body=data)
           ^^^^^^^^^^^^^^^^^^^^^^^^^^^^^^^^^^^^^^^^^^^^^^
  File "C:\Users\prade\PycharmProjects\Cricinfo_scraper\.venv\Lib\site-packages\selenium\webdriver\remote\remote_connection.py", line 428, in _request
    response = self._conn.request(method, url, body=body, headers=headers, timeout=self._client_config.timeout)
               ^^^^^^^^^^^^^^^^^^^^^^^^^^^^^^^^^^^^^^^^^^^^^^^^^^^^^^^^^^^^^^^^^^^^^^^^^^^^^^^^^^^^^^^^^^^^^^^^
  File "C:\Users\prade\PycharmProjects\Cricinfo_scraper\.venv\Lib\site-packages\urllib3\_request_methods.py", line 143, in request
    return self.request_encode_body(
           ^^^^^^^^^^^^^^^^^^^^^^^^^
  File "C:\Users\prade\PycharmProjects\Cricinfo_scraper\.venv\Lib\site-packages\urllib3\_request_methods.py", line 278, in request_encode_body
    return self.urlopen(method, url, **extra_kw)
           ^^^^^^^^^^^^^^^^^^^^^^^^^^^^^^^^^^^^^
  File "C:\Users\prade\PycharmProjects\Cricinfo_scraper\.venv\Lib\site-packages\urllib3\poolmanager.py", line 443, in urlopen
    response = conn.urlopen(method, u.request_uri, **kw)
               ^^^^^^^^^^^^^^^^^^^^^^^^^^^^^^^^^^^^^^^^^
  File "C:\Users\prade\PycharmProjects\Cricinfo_scraper\.venv\Lib\site-packages\urllib3\connectionpool.py", line 841, in urlopen
    retries = retries.increment(
              ^^^^^^^^^^^^^^^^^^
  File "C:\Users\prade\PycharmProjects\Cricinfo_scraper\.venv\Lib\site-packages\urllib3\util\retry.py", line 474, in increment
    raise reraise(type(error), error, _stacktrace)
          ^^^^^^^^^^^^^^^^^^^^^^^^^^^^^^^^^^^^^^^^
  File "C:\Users\prade\PycharmProjects\Cricinfo_scraper\.venv\Lib\site-packages\urllib3\util\util.py", line 39, in reraise
    raise value
  File "C:\Users\prade\PycharmProjects\Cricinfo_scraper\.venv\Lib\site-packages\urllib3\connectionpool.py", line 787, in urlopen
    response = self._make_request(
               ^^^^^^^^^^^^^^^^^^^
  File "C:\Users\prade\PycharmProjects\Cricinfo_scraper\.venv\Lib\site-packages\urllib3\connectionpool.py", line 536, in _make_request
    self._raise_timeout(err=e, url=url, timeout_value=read_timeout)
  File "C:\Users\prade\PycharmProjects\Cricinfo_scraper\.venv\Lib\site-packages\urllib3\connectionpool.py", line 367, in _raise_timeout
    raise ReadTimeoutError(
urllib3.exceptions.ReadTimeoutError: HTTPConnectionPool(host='localhost', port=52618): Read timed out. (read timeout=120)
2025-12-11 07:30:30 - scraping.match_scraper - ERROR - Error scraping match 1473459: HTTPConnectionPool(host='localhost', port=58526): Read timed out. (read timeout=120)
Traceback (most recent call last):
  File "C:\Users\prade\PycharmProjects\Cricinfo_scraper\.venv\Lib\site-packages\urllib3\connectionpool.py", line 534, in _make_request
    response = conn.getresponse()
               ^^^^^^^^^^^^^^^^^^
  File "C:\Users\prade\PycharmProjects\Cricinfo_scraper\.venv\Lib\site-packages\urllib3\connection.py", line 516, in getresponse
    httplib_response = super().getresponse()
                       ^^^^^^^^^^^^^^^^^^^^^
  File "C:\Users\prade\AppData\Local\Programs\Python\Python311\Lib\http\client.py", line 1395, in getresponse
    response.begin()
  File "C:\Users\prade\AppData\Local\Programs\Python\Python311\Lib\http\client.py", line 325, in begin
    version, status, reason = self._read_status()
                              ^^^^^^^^^^^^^^^^^^^
  File "C:\Users\prade\AppData\Local\Programs\Python\Python311\Lib\http\client.py", line 286, in _read_status
    line = str(self.fp.readline(_MAXLINE + 1), "iso-8859-1")
               ^^^^^^^^^^^^^^^^^^^^^^^^^^^^^^
  File "C:\Users\prade\AppData\Local\Programs\Python\Python311\Lib\socket.py", line 706, in readinto
    return self._sock.recv_into(b)
           ^^^^^^^^^^^^^^^^^^^^^^^
TimeoutError: timed out

The above exception was the direct cause of the following exception:

Traceback (most recent call last):
  File "C:\Users\prade\Pycharm\Cricinfo_scraper\scraping\match_scraper.py", line 146, in scrape
    driver = driver_manager.start_driver()
             ^^^^^^^^^^^^^^^^^^^^^^^^^^^^^
  File "C:\Users\prade\Pycharm\Cricinfo_scraper\core\driver_manager.py", line 69, in start_driver
    self.driver = webdriver.Chrome(service=service, options=options)
                  ^^^^^^^^^^^^^^^^^^^^^^^^^^^^^^^^^^^^^^^^^^^^^^^^^^
  File "C:\Users\prade\PycharmProjects\Cricinfo_scraper\.venv\Lib\site-packages\selenium\webdriver\chrome\webdriver.py", line 47, in __init__
    super().__init__(
  File "C:\Users\prade\PycharmProjects\Cricinfo_scraper\.venv\Lib\site-packages\selenium\webdriver\chromium\webdriver.py", line 69, in __init__
    super().__init__(command_executor=executor, options=options)
  File "C:\Users\prade\PycharmProjects\Cricinfo_scraper\.venv\Lib\site-packages\selenium\webdriver\remote\webdriver.py", line 257, in __init__
    self.start_session(capabilities)
  File "C:\Users\prade\PycharmProjects\Cricinfo_scraper\.venv\Lib\site-packages\selenium\webdriver\remote\webdriver.py", line 356, in start_session
    response = self.execute(Command.NEW_SESSION, caps)["value"]
               ^^^^^^^^^^^^^^^^^^^^^^^^^^^^^^^^^^^^^^^
  File "C:\Users\prade\PycharmProjects\Cricinfo_scraper\.venv\Lib\site-packages\selenium\webdriver\remote\webdriver.py", line 445, in execute
    response = self.command_executor.execute(driver_command, params)
               ^^^^^^^^^^^^^^^^^^^^^^^^^^^^^^^^^^^^^^^^^^^^^^^^^^^^^
  File "C:\Users\prade\PycharmProjects\Cricinfo_scraper\.venv\Lib\site-packages\selenium\webdriver\remote\remote_connection.py", line 404, in execute
    return self._request(command_info[0], url, body=data)
           ^^^^^^^^^^^^^^^^^^^^^^^^^^^^^^^^^^^^^^^^^^^^^^
  File "C:\Users\prade\PycharmProjects\Cricinfo_scraper\.venv\Lib\site-packages\selenium\webdriver\remote\remote_connection.py", line 428, in _request
    response = self._conn.request(method, url, body=body, headers=headers, timeout=self._client_config.timeout)
               ^^^^^^^^^^^^^^^^^^^^^^^^^^^^^^^^^^^^^^^^^^^^^^^^^^^^^^^^^^^^^^^^^^^^^^^^^^^^^^^^^^^^^^^^^^^^^^^^
  File "C:\Users\prade\PycharmProjects\Cricinfo_scraper\.venv\Lib\site-packages\urllib3\_request_methods.py", line 143, in request
    return self.request_encode_body(
           ^^^^^^^^^^^^^^^^^^^^^^^^^
  File "C:\Users\prade\PycharmProjects\Cricinfo_scraper\.venv\Lib\site-packages\urllib3\_request_methods.py", line 278, in request_encode_body
    return self.urlopen(method, url, **extra_kw)
           ^^^^^^^^^^^^^^^^^^^^^^^^^^^^^^^^^^^^^
  File "C:\Users\prade\PycharmProjects\Cricinfo_scraper\.venv\Lib\site-packages\urllib3\poolmanager.py", line 443, in urlopen
    response = conn.urlopen(method, u.request_uri, **kw)
               ^^^^^^^^^^^^^^^^^^^^^^^^^^^^^^^^^^^^^^^^^
  File "C:\Users\prade\PycharmProjects\Cricinfo_scraper\.venv\Lib\site-packages\urllib3\connectionpool.py", line 841, in urlopen
    retries = retries.increment(
              ^^^^^^^^^^^^^^^^^^
  File "C:\Users\prade\PycharmProjects\Cricinfo_scraper\.venv\Lib\site-packages\urllib3\util\retry.py", line 474, in increment
    raise reraise(type(error), error, _stacktrace)
          ^^^^^^^^^^^^^^^^^^^^^^^^^^^^^^^^^^^^^^^^
  File "C:\Users\prade\PycharmProjects\Cricinfo_scraper\.venv\Lib\site-packages\urllib3\util\util.py", line 39, in reraise
    raise value
  File "C:\Users\prade\PycharmProjects\Cricinfo_scraper\.venv\Lib\site-packages\urllib3\connectionpool.py", line 787, in urlopen
    response = self._make_request(
               ^^^^^^^^^^^^^^^^^^^
  File "C:\Users\prade\PycharmProjects\Cricinfo_scraper\.venv\Lib\site-packages\urllib3\connectionpool.py", line 536, in _make_request
    self._raise_timeout(err=e, url=url, timeout_value=read_timeout)
  File "C:\Users\prade\PycharmProjects\Cricinfo_scraper\.venv\Lib\site-packages\urllib3\connectionpool.py", line 367, in _raise_timeout
    raise ReadTimeoutError(
urllib3.exceptions.ReadTimeoutError: HTTPConnectionPool(host='localhost', port=58526): Read timed out. (read timeout=120)
2025-12-11 07:34:09 - scraping.match_scraper - ERROR - Error scraping match 1473459: HTTPConnectionPool(host='localhost', port=55395): Read timed out. (read timeout=120)
Traceback (most recent call last):
  File "C:\Users\prade\PycharmProjects\Cricinfo_scraper\.venv\Lib\site-packages\urllib3\connectionpool.py", line 534, in _make_request
    response = conn.getresponse()
               ^^^^^^^^^^^^^^^^^^
  File "C:\Users\prade\PycharmProjects\Cricinfo_scraper\.venv\Lib\site-packages\urllib3\connection.py", line 516, in getresponse
    httplib_response = super().getresponse()
                       ^^^^^^^^^^^^^^^^^^^^^
  File "C:\Users\prade\AppData\Local\Programs\Python\Python311\Lib\http\client.py", line 1395, in getresponse
    response.begin()
  File "C:\Users\prade\AppData\Local\Programs\Python\Python311\Lib\http\client.py", line 325, in begin
    version, status, reason = self._read_status()
                              ^^^^^^^^^^^^^^^^^^^
  File "C:\Users\prade\AppData\Local\Programs\Python\Python311\Lib\http\client.py", line 286, in _read_status
    line = str(self.fp.readline(_MAXLINE + 1), "iso-8859-1")
               ^^^^^^^^^^^^^^^^^^^^^^^^^^^^^^
  File "C:\Users\prade\AppData\Local\Programs\Python\Python311\Lib\socket.py", line 706, in readinto
    return self._sock.recv_into(b)
           ^^^^^^^^^^^^^^^^^^^^^^^
TimeoutError: timed out

The above exception was the direct cause of the following exception:

Traceback (most recent call last):
  File "C:\Users\prade\Pycharm\Cricinfo_scraper\scraping\match_scraper.py", line 146, in scrape
    driver = driver_manager.start_driver()
             ^^^^^^^^^^^^^^^^^^^^^^^^^^^^^
  File "C:\Users\prade\Pycharm\Cricinfo_scraper\core\driver_manager.py", line 69, in start_driver
    self.driver = webdriver.Chrome(service=service, options=options)
                  ^^^^^^^^^^^^^^^^^^^^^^^^^^^^^^^^^^^^^^^^^^^^^^^^^^
  File "C:\Users\prade\PycharmProjects\Cricinfo_scraper\.venv\Lib\site-packages\selenium\webdriver\chrome\webdriver.py", line 47, in __init__
    super().__init__(
  File "C:\Users\prade\PycharmProjects\Cricinfo_scraper\.venv\Lib\site-packages\selenium\webdriver\chromium\webdriver.py", line 69, in __init__
    super().__init__(command_executor=executor, options=options)
  File "C:\Users\prade\PycharmProjects\Cricinfo_scraper\.venv\Lib\site-packages\selenium\webdriver\remote\webdriver.py", line 257, in __init__
    self.start_session(capabilities)
  File "C:\Users\prade\PycharmProjects\Cricinfo_scraper\.venv\Lib\site-packages\selenium\webdriver\remote\webdriver.py", line 356, in start_session
    response = self.execute(Command.NEW_SESSION, caps)["value"]
               ^^^^^^^^^^^^^^^^^^^^^^^^^^^^^^^^^^^^^^^
  File "C:\Users\prade\PycharmProjects\Cricinfo_scraper\.venv\Lib\site-packages\selenium\webdriver\remote\webdriver.py", line 445, in execute
    response = self.command_executor.execute(driver_command, params)
               ^^^^^^^^^^^^^^^^^^^^^^^^^^^^^^^^^^^^^^^^^^^^^^^^^^^^^
  File "C:\Users\prade\PycharmProjects\Cricinfo_scraper\.venv\Lib\site-packages\selenium\webdriver\remote\remote_connection.py", line 404, in execute
    return self._request(command_info[0], url, body=data)
           ^^^^^^^^^^^^^^^^^^^^^^^^^^^^^^^^^^^^^^^^^^^^^^
  File "C:\Users\prade\PycharmProjects\Cricinfo_scraper\.venv\Lib\site-packages\selenium\webdriver\remote\remote_connection.py", line 428, in _request
    response = self._conn.request(method, url, body=body, headers=headers, timeout=self._client_config.timeout)
               ^^^^^^^^^^^^^^^^^^^^^^^^^^^^^^^^^^^^^^^^^^^^^^^^^^^^^^^^^^^^^^^^^^^^^^^^^^^^^^^^^^^^^^^^^^^^^^^^
  File "C:\Users\prade\PycharmProjects\Cricinfo_scraper\.venv\Lib\site-packages\urllib3\_request_methods.py", line 143, in request
    return self.request_encode_body(
           ^^^^^^^^^^^^^^^^^^^^^^^^^
  File "C:\Users\prade\PycharmProjects\Cricinfo_scraper\.venv\Lib\site-packages\urllib3\_request_methods.py", line 278, in request_encode_body
    return self.urlopen(method, url, **extra_kw)
           ^^^^^^^^^^^^^^^^^^^^^^^^^^^^^^^^^^^^^
  File "C:\Users\prade\PycharmProjects\Cricinfo_scraper\.venv\Lib\site-packages\urllib3\poolmanager.py", line 443, in urlopen
    response = conn.urlopen(method, u.request_uri, **kw)
               ^^^^^^^^^^^^^^^^^^^^^^^^^^^^^^^^^^^^^^^^^
  File "C:\Users\prade\PycharmProjects\Cricinfo_scraper\.venv\Lib\site-packages\urllib3\connectionpool.py", line 841, in urlopen
    retries = retries.increment(
              ^^^^^^^^^^^^^^^^^^
  File "C:\Users\prade\PycharmProjects\Cricinfo_scraper\.venv\Lib\site-packages\urllib3\util\retry.py", line 474, in increment
    raise reraise(type(error), error, _stacktrace)
          ^^^^^^^^^^^^^^^^^^^^^^^^^^^^^^^^^^^^^^^^
  File "C:\Users\prade\PycharmProjects\Cricinfo_scraper\.venv\Lib\site-packages\urllib3\util\util.py", line 39, in reraise
    raise value
  File "C:\Users\prade\PycharmProjects\Cricinfo_scraper\.venv\Lib\site-packages\urllib3\connectionpool.py", line 787, in urlopen
    response = self._make_request(
               ^^^^^^^^^^^^^^^^^^^
  File "C:\Users\prade\PycharmProjects\Cricinfo_scraper\.venv\Lib\site-packages\urllib3\connectionpool.py", line 536, in _make_request
    self._raise_timeout(err=e, url=url, timeout_value=read_timeout)
  File "C:\Users\prade\PycharmProjects\Cricinfo_scraper\.venv\Lib\site-packages\urllib3\connectionpool.py", line 367, in _raise_timeout
    raise ReadTimeoutError(
urllib3.exceptions.ReadTimeoutError: HTTPConnectionPool(host='localhost', port=55395): Read timed out. (read timeout=120)
2025-12-11 07:38:40 - scraping.match_scraper - ERROR - Error scraping match 1473459: HTTPConnectionPool(host='localhost', port=55281): Read timed out. (read timeout=120)
Traceback (most recent call last):
  File "C:\Users\prade\PycharmProjects\Cricinfo_scraper\.venv\Lib\site-packages\urllib3\connectionpool.py", line 534, in _make_request
    response = conn.getresponse()
               ^^^^^^^^^^^^^^^^^^
  File "C:\Users\prade\PycharmProjects\Cricinfo_scraper\.venv\Lib\site-packages\urllib3\connection.py", line 516, in getresponse
    httplib_response = super().getresponse()
                       ^^^^^^^^^^^^^^^^^^^^^
  File "C:\Users\prade\AppData\Local\Programs\Python\Python311\Lib\http\client.py", line 1395, in getresponse
    response.begin()
  File "C:\Users\prade\AppData\Local\Programs\Python\Python311\Lib\http\client.py", line 325, in begin
    version, status, reason = self._read_status()
                              ^^^^^^^^^^^^^^^^^^^
  File "C:\Users\prade\AppData\Local\Programs\Python\Python311\Lib\http\client.py", line 286, in _read_status
    line = str(self.fp.readline(_MAXLINE + 1), "iso-8859-1")
               ^^^^^^^^^^^^^^^^^^^^^^^^^^^^^^
  File "C:\Users\prade\AppData\Local\Programs\Python\Python311\Lib\socket.py", line 706, in readinto
    return self._sock.recv_into(b)
           ^^^^^^^^^^^^^^^^^^^^^^^
TimeoutError: timed out

The above exception was the direct cause of the following exception:

Traceback (most recent call last):
  File "C:\Users\prade\Pycharm\Cricinfo_scraper\scraping\match_scraper.py", line 146, in scrape
    driver = driver_manager.start_driver()
             ^^^^^^^^^^^^^^^^^^^^^^^^^^^^^
  File "C:\Users\prade\Pycharm\Cricinfo_scraper\core\driver_manager.py", line 69, in start_driver
    self.driver = webdriver.Chrome(service=service, options=options)
                  ^^^^^^^^^^^^^^^^^^^^^^^^^^^^^^^^^^^^^^^^^^^^^^^^^^
  File "C:\Users\prade\PycharmProjects\Cricinfo_scraper\.venv\Lib\site-packages\selenium\webdriver\chrome\webdriver.py", line 47, in __init__
    super().__init__(
  File "C:\Users\prade\PycharmProjects\Cricinfo_scraper\.venv\Lib\site-packages\selenium\webdriver\chromium\webdriver.py", line 69, in __init__
    super().__init__(command_executor=executor, options=options)
  File "C:\Users\prade\PycharmProjects\Cricinfo_scraper\.venv\Lib\site-packages\selenium\webdriver\remote\webdriver.py", line 257, in __init__
    self.start_session(capabilities)
  File "C:\Users\prade\PycharmProjects\Cricinfo_scraper\.venv\Lib\site-packages\selenium\webdriver\remote\webdriver.py", line 356, in start_session
    response = self.execute(Command.NEW_SESSION, caps)["value"]
               ^^^^^^^^^^^^^^^^^^^^^^^^^^^^^^^^^^^^^^^
  File "C:\Users\prade\PycharmProjects\Cricinfo_scraper\.venv\Lib\site-packages\selenium\webdriver\remote\webdriver.py", line 445, in execute
    response = self.command_executor.execute(driver_command, params)
               ^^^^^^^^^^^^^^^^^^^^^^^^^^^^^^^^^^^^^^^^^^^^^^^^^^^^^
  File "C:\Users\prade\PycharmProjects\Cricinfo_scraper\.venv\Lib\site-packages\selenium\webdriver\remote\remote_connection.py", line 404, in execute
    return self._request(command_info[0], url, body=data)
           ^^^^^^^^^^^^^^^^^^^^^^^^^^^^^^^^^^^^^^^^^^^^^^
  File "C:\Users\prade\PycharmProjects\Cricinfo_scraper\.venv\Lib\site-packages\selenium\webdriver\remote\remote_connection.py", line 428, in _request
    response = self._conn.request(method, url, body=body, headers=headers, timeout=self._client_config.timeout)
               ^^^^^^^^^^^^^^^^^^^^^^^^^^^^^^^^^^^^^^^^^^^^^^^^^^^^^^^^^^^^^^^^^^^^^^^^^^^^^^^^^^^^^^^^^^^^^^^^
  File "C:\Users\prade\PycharmProjects\Cricinfo_scraper\.venv\Lib\site-packages\urllib3\_request_methods.py", line 143, in request
    return self.request_encode_body(
           ^^^^^^^^^^^^^^^^^^^^^^^^^
  File "C:\Users\prade\PycharmProjects\Cricinfo_scraper\.venv\Lib\site-packages\urllib3\_request_methods.py", line 278, in request_encode_body
    return self.urlopen(method, url, **extra_kw)
           ^^^^^^^^^^^^^^^^^^^^^^^^^^^^^^^^^^^^^
  File "C:\Users\prade\PycharmProjects\Cricinfo_scraper\.venv\Lib\site-packages\urllib3\poolmanager.py", line 443, in urlopen
    response = conn.urlopen(method, u.request_uri, **kw)
               ^^^^^^^^^^^^^^^^^^^^^^^^^^^^^^^^^^^^^^^^^
  File "C:\Users\prade\PycharmProjects\Cricinfo_scraper\.venv\Lib\site-packages\urllib3\connectionpool.py", line 841, in urlopen
    retries = retries.increment(
              ^^^^^^^^^^^^^^^^^^
  File "C:\Users\prade\PycharmProjects\Cricinfo_scraper\.venv\Lib\site-packages\urllib3\util\retry.py", line 474, in increment
    raise reraise(type(error), error, _stacktrace)
          ^^^^^^^^^^^^^^^^^^^^^^^^^^^^^^^^^^^^^^^^
  File "C:\Users\prade\PycharmProjects\Cricinfo_scraper\.venv\Lib\site-packages\urllib3\util\util.py", line 39, in reraise
    raise value
  File "C:\Users\prade\PycharmProjects\Cricinfo_scraper\.venv\Lib\site-packages\urllib3\connectionpool.py", line 787, in urlopen
    response = self._make_request(
               ^^^^^^^^^^^^^^^^^^^
  File "C:\Users\prade\PycharmProjects\Cricinfo_scraper\.venv\Lib\site-packages\urllib3\connectionpool.py", line 536, in _make_request
    self._raise_timeout(err=e, url=url, timeout_value=read_timeout)
  File "C:\Users\prade\PycharmProjects\Cricinfo_scraper\.venv\Lib\site-packages\urllib3\connectionpool.py", line 367, in _raise_timeout
    raise ReadTimeoutError(
urllib3.exceptions.ReadTimeoutError: HTTPConnectionPool(host='localhost', port=55281): Read timed out. (read timeout=120)
2025-12-11 07:38:40 - __main__ - ERROR - Max retries exceeded for match 1473459: Failed after 4 attempts: HTTPConnectionPool(host='localhost', port=55281): Read timed out. (read timeout=120)
2025-12-11 07:40:58 - scraping.match_scraper - ERROR - Error scraping match 1473460: HTTPConnectionPool(host='localhost', port=63212): Read timed out. (read timeout=120)
Traceback (most recent call last):
  File "C:\Users\prade\PycharmProjects\Cricinfo_scraper\.venv\Lib\site-packages\urllib3\connectionpool.py", line 534, in _make_request
    response = conn.getresponse()
               ^^^^^^^^^^^^^^^^^^
  File "C:\Users\prade\PycharmProjects\Cricinfo_scraper\.venv\Lib\site-packages\urllib3\connection.py", line 516, in getresponse
    httplib_response = super().getresponse()
                       ^^^^^^^^^^^^^^^^^^^^^
  File "C:\Users\prade\AppData\Local\Programs\Python\Python311\Lib\http\client.py", line 1395, in getresponse
    response.begin()
  File "C:\Users\prade\AppData\Local\Programs\Python\Python311\Lib\http\client.py", line 325, in begin
    version, status, reason = self._read_status()
                              ^^^^^^^^^^^^^^^^^^^
  File "C:\Users\prade\AppData\Local\Programs\Python\Python311\Lib\http\client.py", line 286, in _read_status
    line = str(self.fp.readline(_MAXLINE + 1), "iso-8859-1")
               ^^^^^^^^^^^^^^^^^^^^^^^^^^^^^^
  File "C:\Users\prade\AppData\Local\Programs\Python\Python311\Lib\socket.py", line 706, in readinto
    return self._sock.recv_into(b)
           ^^^^^^^^^^^^^^^^^^^^^^^
TimeoutError: timed out

The above exception was the direct cause of the following exception:

Traceback (most recent call last):
  File "C:\Users\prade\Pycharm\Cricinfo_scraper\scraping\match_scraper.py", line 146, in scrape
    driver = driver_manager.start_driver()
             ^^^^^^^^^^^^^^^^^^^^^^^^^^^^^
  File "C:\Users\prade\Pycharm\Cricinfo_scraper\core\driver_manager.py", line 69, in start_driver
    self.driver = webdriver.Chrome(service=service, options=options)
                  ^^^^^^^^^^^^^^^^^^^^^^^^^^^^^^^^^^^^^^^^^^^^^^^^^^
  File "C:\Users\prade\PycharmProjects\Cricinfo_scraper\.venv\Lib\site-packages\selenium\webdriver\chrome\webdriver.py", line 47, in __init__
    super().__init__(
  File "C:\Users\prade\PycharmProjects\Cricinfo_scraper\.venv\Lib\site-packages\selenium\webdriver\chromium\webdriver.py", line 69, in __init__
    super().__init__(command_executor=executor, options=options)
  File "C:\Users\prade\PycharmProjects\Cricinfo_scraper\.venv\Lib\site-packages\selenium\webdriver\remote\webdriver.py", line 257, in __init__
    self.start_session(capabilities)
  File "C:\Users\prade\PycharmProjects\Cricinfo_scraper\.venv\Lib\site-packages\selenium\webdriver\remote\webdriver.py", line 356, in start_session
    response = self.execute(Command.NEW_SESSION, caps)["value"]
               ^^^^^^^^^^^^^^^^^^^^^^^^^^^^^^^^^^^^^^^
  File "C:\Users\prade\PycharmProjects\Cricinfo_scraper\.venv\Lib\site-packages\selenium\webdriver\remote\webdriver.py", line 445, in execute
    response = self.command_executor.execute(driver_command, params)
               ^^^^^^^^^^^^^^^^^^^^^^^^^^^^^^^^^^^^^^^^^^^^^^^^^^^^^
  File "C:\Users\prade\PycharmProjects\Cricinfo_scraper\.venv\Lib\site-packages\selenium\webdriver\remote\remote_connection.py", line 404, in execute
    return self._request(command_info[0], url, body=data)
           ^^^^^^^^^^^^^^^^^^^^^^^^^^^^^^^^^^^^^^^^^^^^^^
  File "C:\Users\prade\PycharmProjects\Cricinfo_scraper\.venv\Lib\site-packages\selenium\webdriver\remote\remote_connection.py", line 428, in _request
    response = self._conn.request(method, url, body=body, headers=headers, timeout=self._client_config.timeout)
               ^^^^^^^^^^^^^^^^^^^^^^^^^^^^^^^^^^^^^^^^^^^^^^^^^^^^^^^^^^^^^^^^^^^^^^^^^^^^^^^^^^^^^^^^^^^^^^^^
  File "C:\Users\prade\PycharmProjects\Cricinfo_scraper\.venv\Lib\site-packages\urllib3\_request_methods.py", line 143, in request
    return self.request_encode_body(
           ^^^^^^^^^^^^^^^^^^^^^^^^^
  File "C:\Users\prade\PycharmProjects\Cricinfo_scraper\.venv\Lib\site-packages\urllib3\_request_methods.py", line 278, in request_encode_body
    return self.urlopen(method, url, **extra_kw)
           ^^^^^^^^^^^^^^^^^^^^^^^^^^^^^^^^^^^^^
  File "C:\Users\prade\PycharmProjects\Cricinfo_scraper\.venv\Lib\site-packages\urllib3\poolmanager.py", line 443, in urlopen
    response = conn.urlopen(method, u.request_uri, **kw)
               ^^^^^^^^^^^^^^^^^^^^^^^^^^^^^^^^^^^^^^^^^
  File "C:\Users\prade\PycharmProjects\Cricinfo_scraper\.venv\Lib\site-packages\urllib3\connectionpool.py", line 841, in urlopen
    retries = retries.increment(
              ^^^^^^^^^^^^^^^^^^
  File "C:\Users\prade\PycharmProjects\Cricinfo_scraper\.venv\Lib\site-packages\urllib3\util\retry.py", line 474, in increment
    raise reraise(type(error), error, _stacktrace)
          ^^^^^^^^^^^^^^^^^^^^^^^^^^^^^^^^^^^^^^^^
  File "C:\Users\prade\PycharmProjects\Cricinfo_scraper\.venv\Lib\site-packages\urllib3\util\util.py", line 39, in reraise
    raise value
  File "C:\Users\prade\PycharmProjects\Cricinfo_scraper\.venv\Lib\site-packages\urllib3\connectionpool.py", line 787, in urlopen
    response = self._make_request(
               ^^^^^^^^^^^^^^^^^^^
  File "C:\Users\prade\PycharmProjects\Cricinfo_scraper\.venv\Lib\site-packages\urllib3\connectionpool.py", line 536, in _make_request
    self._raise_timeout(err=e, url=url, timeout_value=read_timeout)
  File "C:\Users\prade\PycharmProjects\Cricinfo_scraper\.venv\Lib\site-packages\urllib3\connectionpool.py", line 367, in _raise_timeout
    raise ReadTimeoutError(
urllib3.exceptions.ReadTimeoutError: HTTPConnectionPool(host='localhost', port=63212): Read timed out. (read timeout=120)
2025-12-11 07:48:35 - scraping.match_scraper - ERROR - Error scraping match 1473460: HTTPConnectionPool(host='localhost', port=63495): Read timed out. (read timeout=120)
Traceback (most recent call last):
  File "C:\Users\prade\PycharmProjects\Cricinfo_scraper\.venv\Lib\site-packages\urllib3\connectionpool.py", line 534, in _make_request
    response = conn.getresponse()
               ^^^^^^^^^^^^^^^^^^
  File "C:\Users\prade\PycharmProjects\Cricinfo_scraper\.venv\Lib\site-packages\urllib3\connection.py", line 516, in getresponse
    httplib_response = super().getresponse()
                       ^^^^^^^^^^^^^^^^^^^^^
  File "C:\Users\prade\AppData\Local\Programs\Python\Python311\Lib\http\client.py", line 1395, in getresponse
    response.begin()
  File "C:\Users\prade\AppData\Local\Programs\Python\Python311\Lib\http\client.py", line 325, in begin
    version, status, reason = self._read_status()
                              ^^^^^^^^^^^^^^^^^^^
  File "C:\Users\prade\AppData\Local\Programs\Python\Python311\Lib\http\client.py", line 286, in _read_status
    line = str(self.fp.readline(_MAXLINE + 1), "iso-8859-1")
               ^^^^^^^^^^^^^^^^^^^^^^^^^^^^^^
  File "C:\Users\prade\AppData\Local\Programs\Python\Python311\Lib\socket.py", line 706, in readinto
    return self._sock.recv_into(b)
           ^^^^^^^^^^^^^^^^^^^^^^^
TimeoutError: timed out

The above exception was the direct cause of the following exception:

Traceback (most recent call last):
  File "C:\Users\prade\Pycharm\Cricinfo_scraper\scraping\match_scraper.py", line 146, in scrape
    driver = driver_manager.start_driver()
             ^^^^^^^^^^^^^^^^^^^^^^^^^^^^^
  File "C:\Users\prade\Pycharm\Cricinfo_scraper\core\driver_manager.py", line 69, in start_driver
    self.driver = webdriver.Chrome(service=service, options=options)
                  ^^^^^^^^^^^^^^^^^^^^^^^^^^^^^^^^^^^^^^^^^^^^^^^^^^
  File "C:\Users\prade\PycharmProjects\Cricinfo_scraper\.venv\Lib\site-packages\selenium\webdriver\chrome\webdriver.py", line 47, in __init__
    super().__init__(
  File "C:\Users\prade\PycharmProjects\Cricinfo_scraper\.venv\Lib\site-packages\selenium\webdriver\chromium\webdriver.py", line 69, in __init__
    super().__init__(command_executor=executor, options=options)
  File "C:\Users\prade\PycharmProjects\Cricinfo_scraper\.venv\Lib\site-packages\selenium\webdriver\remote\webdriver.py", line 257, in __init__
    self.start_session(capabilities)
  File "C:\Users\prade\PycharmProjects\Cricinfo_scraper\.venv\Lib\site-packages\selenium\webdriver\remote\webdriver.py", line 356, in start_session
    response = self.execute(Command.NEW_SESSION, caps)["value"]
               ^^^^^^^^^^^^^^^^^^^^^^^^^^^^^^^^^^^^^^^
  File "C:\Users\prade\PycharmProjects\Cricinfo_scraper\.venv\Lib\site-packages\selenium\webdriver\remote\webdriver.py", line 445, in execute
    response = self.command_executor.execute(driver_command, params)
               ^^^^^^^^^^^^^^^^^^^^^^^^^^^^^^^^^^^^^^^^^^^^^^^^^^^^^
  File "C:\Users\prade\PycharmProjects\Cricinfo_scraper\.venv\Lib\site-packages\selenium\webdriver\remote\remote_connection.py", line 404, in execute
    return self._request(command_info[0], url, body=data)
           ^^^^^^^^^^^^^^^^^^^^^^^^^^^^^^^^^^^^^^^^^^^^^^
  File "C:\Users\prade\PycharmProjects\Cricinfo_scraper\.venv\Lib\site-packages\selenium\webdriver\remote\remote_connection.py", line 428, in _request
    response = self._conn.request(method, url, body=body, headers=headers, timeout=self._client_config.timeout)
               ^^^^^^^^^^^^^^^^^^^^^^^^^^^^^^^^^^^^^^^^^^^^^^^^^^^^^^^^^^^^^^^^^^^^^^^^^^^^^^^^^^^^^^^^^^^^^^^^
  File "C:\Users\prade\PycharmProjects\Cricinfo_scraper\.venv\Lib\site-packages\urllib3\_request_methods.py", line 143, in request
    return self.request_encode_body(
           ^^^^^^^^^^^^^^^^^^^^^^^^^
  File "C:\Users\prade\PycharmProjects\Cricinfo_scraper\.venv\Lib\site-packages\urllib3\_request_methods.py", line 278, in request_encode_body
    return self.urlopen(method, url, **extra_kw)
           ^^^^^^^^^^^^^^^^^^^^^^^^^^^^^^^^^^^^^
  File "C:\Users\prade\PycharmProjects\Cricinfo_scraper\.venv\Lib\site-packages\urllib3\poolmanager.py", line 443, in urlopen
    response = conn.urlopen(method, u.request_uri, **kw)
               ^^^^^^^^^^^^^^^^^^^^^^^^^^^^^^^^^^^^^^^^^
  File "C:\Users\prade\PycharmProjects\Cricinfo_scraper\.venv\Lib\site-packages\urllib3\connectionpool.py", line 841, in urlopen
    retries = retries.increment(
              ^^^^^^^^^^^^^^^^^^
  File "C:\Users\prade\PycharmProjects\Cricinfo_scraper\.venv\Lib\site-packages\urllib3\util\retry.py", line 474, in increment
    raise reraise(type(error), error, _stacktrace)
          ^^^^^^^^^^^^^^^^^^^^^^^^^^^^^^^^^^^^^^^^
  File "C:\Users\prade\PycharmProjects\Cricinfo_scraper\.venv\Lib\site-packages\urllib3\util\util.py", line 39, in reraise
    raise value
  File "C:\Users\prade\PycharmProjects\Cricinfo_scraper\.venv\Lib\site-packages\urllib3\connectionpool.py", line 787, in urlopen
    response = self._make_request(
               ^^^^^^^^^^^^^^^^^^^
  File "C:\Users\prade\PycharmProjects\Cricinfo_scraper\.venv\Lib\site-packages\urllib3\connectionpool.py", line 536, in _make_request
    self._raise_timeout(err=e, url=url, timeout_value=read_timeout)
  File "C:\Users\prade\PycharmProjects\Cricinfo_scraper\.venv\Lib\site-packages\urllib3\connectionpool.py", line 367, in _raise_timeout
    raise ReadTimeoutError(
urllib3.exceptions.ReadTimeoutError: HTTPConnectionPool(host='localhost', port=63495): Read timed out. (read timeout=120)
2025-12-11 08:01:47 - scraping.match_scraper - ERROR - WebDriver error scraping match 1473460: Message: session not created: DevToolsActivePort file doesn't exist
Stacktrace:
Symbols not available. Dumping unresolved backtrace:
	0x12c0d13
	0x12c0d54
	0x10ae6dd
	0x10e8f1c
	0x10e51ce
	0x10dfafa
	0x1127826
	0x1127047
	0x111b2e6
	0x10ed321
	0x10ee1d4
	0x1514d54
	0x151030b
	0x152cbea
	0x12dac18
	0x12e2c1d
	0x12c9018
	0x12c91d9
	0x12b3568
	0x75815d49
	0x7725d5db
	0x7725d561

2025-12-11 08:01:47 - __main__ - ERROR - Non-retryable error for match 1473460: WebDriver error: Message: session not created: DevToolsActivePort file doesn't exist
Stacktrace:
Symbols not available. Dumping unresolved backtrace:
	0x12c0d13
	0x12c0d54
	0x10ae6dd
	0x10e8f1c
	0x10e51ce
	0x10dfafa
	
2025-12-11 10:39:00 - scraping.match_scraper - ERROR - Error scraping match 1473461: HTTPConnectionPool(host='localhost', port=56313): Read timed out. (read timeout=120)
Traceback (most recent call last):
  File "C:\Users\prade\PycharmProjects\Cricinfo_scraper\.venv\Lib\site-packages\urllib3\connectionpool.py", line 534, in _make_request
    response = conn.getresponse()
               ^^^^^^^^^^^^^^^^^^
  File "C:\Users\prade\PycharmProjects\Cricinfo_scraper\.venv\Lib\site-packages\urllib3\connection.py", line 516, in getresponse
    httplib_response = super().getresponse()
                       ^^^^^^^^^^^^^^^^^^^^^
  File "C:\Users\prade\AppData\Local\Programs\Python\Python311\Lib\http\client.py", line 1395, in getresponse
    response.begin()
  File "C:\Users\prade\AppData\Local\Programs\Python\Python311\Lib\http\client.py", line 325, in begin
    version, status, reason = self._read_status()
                              ^^^^^^^^^^^^^^^^^^^
  File "C:\Users\prade\AppData\Local\Programs\Python\Python311\Lib\http\client.py", line 286, in _read_status
    line = str(self.fp.readline(_MAXLINE + 1), "iso-8859-1")
               ^^^^^^^^^^^^^^^^^^^^^^^^^^^^^^
  File "C:\Users\prade\AppData\Local\Programs\Python\Python311\Lib\socket.py", line 706, in readinto
    return self._sock.recv_into(b)
           ^^^^^^^^^^^^^^^^^^^^^^^
TimeoutError: timed out

The above exception was the direct cause of the following exception:

Traceback (most recent call last):
  File "C:\Users\prade\Pycharm\Cricinfo_scraper\scraping\match_scraper.py", line 146, in scrape
    driver = driver_manager.start_driver()
             ^^^^^^^^^^^^^^^^^^^^^^^^^^^^^
  File "C:\Users\prade\Pycharm\Cricinfo_scraper\core\driver_manager.py", line 69, in start_driver
    self.driver = webdriver.Chrome(service=service, options=options)
                  ^^^^^^^^^^^^^^^^^^^^^^^^^^^^^^^^^^^^^^^^^^^^^^^^^^
  File "C:\Users\prade\PycharmProjects\Cricinfo_scraper\.venv\Lib\site-packages\selenium\webdriver\chrome\webdriver.py", line 47, in __init__
    super().__init__(
  File "C:\Users\prade\PycharmProjects\Cricinfo_scraper\.venv\Lib\site-packages\selenium\webdriver\chromium\webdriver.py", line 69, in __init__
    super().__init__(command_executor=executor, options=options)
  File "C:\Users\prade\PycharmProjects\Cricinfo_scraper\.venv\Lib\site-packages\selenium\webdriver\remote\webdriver.py", line 257, in __init__
    self.start_session(capabilities)
  File "C:\Users\prade\PycharmProjects\Cricinfo_scraper\.venv\Lib\site-packages\selenium\webdriver\remote\webdriver.py", line 356, in start_session
    response = self.execute(Command.NEW_SESSION, caps)["value"]
               ^^^^^^^^^^^^^^^^^^^^^^^^^^^^^^^^^^^^^^^
  File "C:\Users\prade\PycharmProjects\Cricinfo_scraper\.venv\Lib\site-packages\selenium\webdriver\remote\webdriver.py", line 445, in execute
    response = self.command_executor.execute(driver_command, params)
               ^^^^^^^^^^^^^^^^^^^^^^^^^^^^^^^^^^^^^^^^^^^^^^^^^^^^^
  File "C:\Users\prade\PycharmProjects\Cricinfo_scraper\.venv\Lib\site-packages\selenium\webdriver\remote\remote_connection.py", line 404, in execute
    return self._request(command_info[0], url, body=data)
           ^^^^^^^^^^^^^^^^^^^^^^^^^^^^^^^^^^^^^^^^^^^^^^
  File "C:\Users\prade\PycharmProjects\Cricinfo_scraper\.venv\Lib\site-packages\selenium\webdriver\remote\remote_connection.py", line 428, in _request
    response = self._conn.request(method, url, body=body, headers=headers, timeout=self._client_config.timeout)
               ^^^^^^^^^^^^^^^^^^^^^^^^^^^^^^^^^^^^^^^^^^^^^^^^^^^^^^^^^^^^^^^^^^^^^^^^^^^^^^^^^^^^^^^^^^^^^^^^
  File "C:\Users\prade\PycharmProjects\Cricinfo_scraper\.venv\Lib\site-packages\urllib3\_request_methods.py", line 143, in request
    return self.request_encode_body(
           ^^^^^^^^^^^^^^^^^^^^^^^^^
  File "C:\Users\prade\PycharmProjects\Cricinfo_scraper\.venv\Lib\site-packages\urllib3\_request_methods.py", line 278, in request_encode_body
    return self.urlopen(method, url, **extra_kw)
           ^^^^^^^^^^^^^^^^^^^^^^^^^^^^^^^^^^^^^
  File "C:\Users\prade\PycharmProjects\Cricinfo_scraper\.venv\Lib\site-packages\urllib3\poolmanager.py", line 443, in urlopen
    response = conn.urlopen(method, u.request_uri, **kw)
               ^^^^^^^^^^^^^^^^^^^^^^^^^^^^^^^^^^^^^^^^^
  File "C:\Users\prade\PycharmProjects\Cricinfo_scraper\.venv\Lib\site-packages\urllib3\connectionpool.py", line 841, in urlopen
    retries = retries.increment(
              ^^^^^^^^^^^^^^^^^^
  File "C:\Users\prade\PycharmProjects\Cricinfo_scraper\.venv\Lib\site-packages\urllib3\util\retry.py", line 474, in increment
    raise reraise(type(error), error, _stacktrace)
          ^^^^^^^^^^^^^^^^^^^^^^^^^^^^^^^^^^^^^^^^
  File "C:\Users\prade\PycharmProjects\Cricinfo_scraper\.venv\Lib\site-packages\urllib3\util\util.py", line 39, in reraise
    raise value
  File "C:\Users\prade\PycharmProjects\Cricinfo_scraper\.venv\Lib\site-packages\urllib3\connectionpool.py", line 787, in urlopen
    response = self._make_request(
               ^^^^^^^^^^^^^^^^^^^
  File "C:\Users\prade\PycharmProjects\Cricinfo_scraper\.venv\Lib\site-packages\urllib3\connectionpool.py", line 536, in _make_request
    self._raise_timeout(err=e, url=url, timeout_value=read_timeout)
  File "C:\Users\prade\PycharmProjects\Cricinfo_scraper\.venv\Lib\site-packages\urllib3\connectionpool.py", line 367, in _raise_timeout
    raise ReadTimeoutError(
urllib3.exceptions.ReadTimeoutError: HTTPConnectionPool(host='localhost', port=56313): Read timed out. (read timeout=120)
