2025-12-11 10:42:59 - __main__ - INFO - Cricket Data Pipeline Started
2025-12-11 10:42:59 - __main__ - INFO - STEP 1: Initializing database and schemas
2025-12-11 10:43:00 - configs.db_config - INFO - Initializing Medallion Architecture schemas...
2025-12-11 10:43:01 - configs.db_config - INFO - Medallion schemas (Bronze, Silver, Gold) initialized
2025-12-11 10:43:01 - __main__ - INFO - Database initialization complete
2025-12-11 10:43:01 - __main__ - INFO - STEP 2: Loading configuration
2025-12-11 10:43:01 - __main__ - INFO - Configuration loaded successfully
2025-12-11 10:43:01 - __main__ - INFO - STEP 3: Scraping data from Cricinfo
2025-12-11 10:43:01 - __main__ - INFO - Initializing match tracker
2025-12-11 10:43:01 - __main__ - INFO - Current Status: 23 matches already downloaded
2025-12-11 10:43:01 - __main__ - INFO - Fetching match schedule from Cricinfo
2025-12-11 10:43:01 - scraping.schedule_scraper - INFO - Initializing WebDriver for schedule scraping
2025-12-11 10:43:13 - scraping.schedule_scraper - INFO - Loading schedule page - attempt 1
2025-12-11 10:43:30 - scraping.schedule_scraper - INFO - Schedule page loaded successfully
2025-12-11 10:43:30 - scraping.schedule_scraper - INFO - Parsing schedule page with BeautifulSoup
2025-12-11 10:43:34 - scraping.schedule_scraper - INFO - Extracting match links from schedule
2025-12-11 10:43:34 - scraping.schedule_scraper - INFO - Successfully extracted 101 match links
2025-12-11 10:43:34 - scraping.schedule_scraper - INFO - Closing WebDriver
2025-12-11 10:43:39 - __main__ - INFO - Found 101 total links
2025-12-11 10:43:39 - __main__ - INFO - Found 74 match scorecards
2025-12-11 10:43:39 - __main__ - INFO - Loading match cache
2025-12-11 10:43:39 - __main__ - INFO - Starting match scraping process with retry logic
2025-12-11 10:43:39 - __main__ - INFO - Processing match 1/74: https://www.espncricinfo.com/series/ipl-2025-1449924/kolkata-knight-riders-vs-royal-challengers-bengaluru-1st-match-1473438/full-scorecard
2025-12-11 10:43:39 - __main__ - INFO - Match 1473438 already downloaded - skipping
2025-12-11 10:43:39 - __main__ - INFO - Processing match 2/74: https://www.espncricinfo.com/series/ipl-2025-1449924/sunrisers-hyderabad-vs-rajasthan-royals-2nd-match-1473439/full-scorecard
2025-12-11 10:43:39 - __main__ - INFO - Match 1473439 already downloaded - skipping
2025-12-11 10:43:39 - __main__ - INFO - Processing match 3/74: https://www.espncricinfo.com/series/ipl-2025-1449924/chennai-super-kings-vs-mumbai-indians-3rd-match-1473440/full-scorecard
2025-12-11 10:43:39 - __main__ - INFO - Match 1473440 already downloaded - skipping
2025-12-11 10:43:39 - __main__ - INFO - Processing match 4/74: https://www.espncricinfo.com/series/ipl-2025-1449924/delhi-capitals-vs-lucknow-super-giants-4th-match-1473441/full-scorecard
2025-12-11 10:43:39 - __main__ - INFO - Match 1473441 already downloaded - skipping
2025-12-11 10:43:39 - __main__ - INFO - Processing match 5/74: https://www.espncricinfo.com/series/ipl-2025-1449924/gujarat-titans-vs-punjab-kings-5th-match-1473442/full-scorecard
2025-12-11 10:43:39 - __main__ - INFO - Match 1473442 already downloaded - skipping
2025-12-11 10:43:39 - __main__ - INFO - Processing match 6/74: https://www.espncricinfo.com/series/ipl-2025-1449924/rajasthan-royals-vs-kolkata-knight-riders-6th-match-1473443/full-scorecard
2025-12-11 10:43:39 - __main__ - INFO - Match 1473443 already downloaded - skipping
2025-12-11 10:43:39 - __main__ - INFO - Processing match 7/74: https://www.espncricinfo.com/series/ipl-2025-1449924/sunrisers-hyderabad-vs-lucknow-super-giants-7th-match-1473444/full-scorecard
2025-12-11 10:43:39 - __main__ - INFO - Match 1473444 already downloaded - skipping
2025-12-11 10:43:39 - __main__ - INFO - Processing match 8/74: https://www.espncricinfo.com/series/ipl-2025-1449924/chennai-super-kings-vs-royal-challengers-bengaluru-8th-match-1473445/full-scorecard
2025-12-11 10:43:39 - __main__ - INFO - Match 1473445 already downloaded - skipping
2025-12-11 10:43:39 - __main__ - INFO - Processing match 9/74: https://www.espncricinfo.com/series/ipl-2025-1449924/gujarat-titans-vs-mumbai-indians-9th-match-1473446/full-scorecard
2025-12-11 10:43:39 - __main__ - INFO - Match 1473446 already downloaded - skipping
2025-12-11 10:43:39 - __main__ - INFO - Processing match 10/74: https://www.espncricinfo.com/series/ipl-2025-1449924/delhi-capitals-vs-sunrisers-hyderabad-10th-match-1473447/full-scorecard
2025-12-11 10:43:39 - __main__ - INFO - Match 1473447 already downloaded - skipping
2025-12-11 10:43:39 - __main__ - INFO - Processing match 11/74: https://www.espncricinfo.com/series/ipl-2025-1449924/rajasthan-royals-vs-chennai-super-kings-11th-match-1473448/full-scorecard
2025-12-11 10:43:39 - __main__ - INFO - Match 1473448 already downloaded - skipping
2025-12-11 10:43:39 - __main__ - INFO - Processing match 12/74: https://www.espncricinfo.com/series/ipl-2025-1449924/mumbai-indians-vs-kolkata-knight-riders-12th-match-1473449/full-scorecard
2025-12-11 10:43:39 - __main__ - INFO - Match 1473449 already downloaded - skipping
2025-12-11 10:43:39 - __main__ - INFO - Processing match 13/74: https://www.espncricinfo.com/series/ipl-2025-1449924/lucknow-super-giants-vs-punjab-kings-13th-match-1473450/full-scorecard
2025-12-11 10:43:39 - __main__ - INFO - Match 1473450 already downloaded - skipping
2025-12-11 10:43:39 - __main__ - INFO - Processing match 14/74: https://www.espncricinfo.com/series/ipl-2025-1449924/royal-challengers-bengaluru-vs-gujarat-titans-14th-match-1473451/full-scorecard
2025-12-11 10:43:39 - __main__ - INFO - Match 1473451 already downloaded - skipping
2025-12-11 10:43:39 - __main__ - INFO - Processing match 15/74: https://www.espncricinfo.com/series/ipl-2025-1449924/kolkata-knight-riders-vs-sunrisers-hyderabad-15th-match-1473452/full-scorecard
2025-12-11 10:43:39 - __main__ - INFO - Match 1473452 already downloaded - skipping
2025-12-11 10:43:39 - __main__ - INFO - Processing match 16/74: https://www.espncricinfo.com/series/ipl-2025-1449924/lucknow-super-giants-vs-mumbai-indians-16th-match-1473453/full-scorecard
2025-12-11 10:43:39 - __main__ - INFO - Match 1473453 already downloaded - skipping
2025-12-11 10:43:39 - __main__ - INFO - Processing match 17/74: https://www.espncricinfo.com/series/ipl-2025-1449924/chennai-super-kings-vs-delhi-capitals-17th-match-1473454/full-scorecard
2025-12-11 10:43:39 - __main__ - INFO - Match 1473454 already downloaded - skipping
2025-12-11 10:43:39 - __main__ - INFO - Processing match 18/74: https://www.espncricinfo.com/series/ipl-2025-1449924/punjab-kings-vs-rajasthan-royals-18th-match-1473455/full-scorecard
2025-12-11 10:43:39 - __main__ - INFO - Match 1473455 already downloaded - skipping
2025-12-11 10:43:39 - __main__ - INFO - Processing match 19/74: https://www.espncricinfo.com/series/ipl-2025-1449924/sunrisers-hyderabad-vs-gujarat-titans-19th-match-1473457/full-scorecard
2025-12-11 10:43:39 - __main__ - INFO - Match 1473457 already downloaded - skipping
2025-12-11 10:43:39 - __main__ - INFO - Processing match 20/74: https://www.espncricinfo.com/series/ipl-2025-1449924/mumbai-indians-vs-royal-challengers-bengaluru-20th-match-1473458/full-scorecard
2025-12-11 10:43:39 - __main__ - INFO - Match 1473458 already downloaded - skipping
2025-12-11 10:43:39 - __main__ - INFO - Processing match 21/74: https://www.espncricinfo.com/series/ipl-2025-1449924/kolkata-knight-riders-vs-lucknow-super-giants-21st-match-1473456/full-scorecard
2025-12-11 10:43:39 - __main__ - INFO - Match 1473456 already downloaded - skipping
2025-12-11 10:43:39 - __main__ - INFO - Processing match 22/74: https://www.espncricinfo.com/series/ipl-2025-1449924/punjab-kings-vs-chennai-super-kings-22nd-match-1473459/full-scorecard
2025-12-11 10:43:39 - __main__ - INFO - Match 1473459 already downloaded - skipping
2025-12-11 10:43:39 - __main__ - INFO - Processing match 23/74: https://www.espncricinfo.com/series/ipl-2025-1449924/gujarat-titans-vs-rajasthan-royals-23rd-match-1473460/full-scorecard
2025-12-11 10:43:39 - __main__ - INFO - Match 1473460 already downloaded - skipping
2025-12-11 10:43:39 - __main__ - INFO - Processing match 24/74: https://www.espncricinfo.com/series/ipl-2025-1449924/royal-challengers-bengaluru-vs-delhi-capitals-24th-match-1473461/full-scorecard
2025-12-11 10:43:39 - __main__ - INFO - Attempting to download match 1473461 (attempt 1/4)
2025-12-11 10:43:39 - scraping.player_extractor - INFO - PlayerExtractor initialized - Target: raw.match_players
2025-12-11 10:43:39 - scraping.match_scraper - INFO - Initializing WebDriver
2025-12-11 10:43:51 - scraping.match_scraper - INFO - Loading full scorecard - attempt 1
2025-12-11 10:44:12 - scraping.match_scraper - INFO - full scorecard loaded successfully
2025-12-11 10:44:12 - scraping.match_scraper - INFO - Scrolling full scorecard page
2025-12-11 10:44:12 - core.page_navigator - INFO - Scrolling page 5 times
2025-12-11 10:44:30 - core.page_navigator - INFO - Page scrolling completed
2025-12-11 10:44:33 - scraping.match_scraper - INFO - Extracting metadata
2025-12-11 10:47:11 - scraping.match_scraper - INFO - Closing WebDriver
2025-12-11 10:47:16 - __main__ - INFO - Cricket Data Pipeline Started
2025-12-11 10:47:16 - __main__ - INFO - STEP 1: Initializing database and schemas
2025-12-11 10:47:16 - configs.db_config - INFO - Initializing Medallion Architecture schemas...
2025-12-11 10:47:17 - configs.db_config - INFO - Medallion schemas (Bronze, Silver, Gold) initialized
2025-12-11 10:47:17 - __main__ - INFO - Database initialization complete
2025-12-11 10:47:17 - __main__ - INFO - STEP 2: Loading configuration
2025-12-11 10:47:17 - __main__ - INFO - Configuration loaded successfully
2025-12-11 10:47:17 - __main__ - INFO - STEP 3: Scraping data from Cricinfo
2025-12-11 10:47:17 - __main__ - INFO - Initializing match tracker
2025-12-11 10:47:18 - __main__ - INFO - Current Status: 23 matches already downloaded
2025-12-11 10:47:18 - __main__ - INFO - Fetching match schedule from Cricinfo
2025-12-11 10:47:18 - scraping.schedule_scraper - INFO - Initializing WebDriver for schedule scraping
2025-12-11 10:47:27 - scraping.schedule_scraper - INFO - Loading schedule page - attempt 1
2025-12-11 10:47:40 - scraping.schedule_scraper - INFO - Schedule page loaded successfully
2025-12-11 10:47:40 - scraping.schedule_scraper - INFO - Parsing schedule page with BeautifulSoup
2025-12-11 10:47:46 - scraping.schedule_scraper - INFO - Extracting match links from schedule
2025-12-11 10:47:46 - scraping.schedule_scraper - INFO - Successfully extracted 101 match links
2025-12-11 10:47:46 - scraping.schedule_scraper - INFO - Closing WebDriver
2025-12-11 10:47:49 - __main__ - INFO - Found 101 total links
2025-12-11 10:47:49 - __main__ - INFO - Found 74 match scorecards
2025-12-11 10:47:49 - __main__ - INFO - Loading match cache
2025-12-11 10:47:49 - __main__ - INFO - Starting match scraping process with retry logic
2025-12-11 10:47:49 - __main__ - INFO - Processing match 1/74: https://www.espncricinfo.com/series/ipl-2025-1449924/kolkata-knight-riders-vs-royal-challengers-bengaluru-1st-match-1473438/full-scorecard
2025-12-11 10:47:49 - __main__ - INFO - Match 1473438 already downloaded - skipping
2025-12-11 10:47:49 - __main__ - INFO - Processing match 2/74: https://www.espncricinfo.com/series/ipl-2025-1449924/sunrisers-hyderabad-vs-rajasthan-royals-2nd-match-1473439/full-scorecard
2025-12-11 10:47:49 - __main__ - INFO - Match 1473439 already downloaded - skipping
2025-12-11 10:47:49 - __main__ - INFO - Processing match 3/74: https://www.espncricinfo.com/series/ipl-2025-1449924/chennai-super-kings-vs-mumbai-indians-3rd-match-1473440/full-scorecard
2025-12-11 10:47:49 - __main__ - INFO - Match 1473440 already downloaded - skipping
2025-12-11 10:47:49 - __main__ - INFO - Processing match 4/74: https://www.espncricinfo.com/series/ipl-2025-1449924/delhi-capitals-vs-lucknow-super-giants-4th-match-1473441/full-scorecard
2025-12-11 10:47:49 - __main__ - INFO - Match 1473441 already downloaded - skipping
2025-12-11 10:47:49 - __main__ - INFO - Processing match 5/74: https://www.espncricinfo.com/series/ipl-2025-1449924/gujarat-titans-vs-punjab-kings-5th-match-1473442/full-scorecard
2025-12-11 10:47:49 - __main__ - INFO - Match 1473442 already downloaded - skipping
2025-12-11 10:47:49 - __main__ - INFO - Processing match 6/74: https://www.espncricinfo.com/series/ipl-2025-1449924/rajasthan-royals-vs-kolkata-knight-riders-6th-match-1473443/full-scorecard
2025-12-11 10:47:49 - __main__ - INFO - Match 1473443 already downloaded - skipping
2025-12-11 10:47:49 - __main__ - INFO - Processing match 7/74: https://www.espncricinfo.com/series/ipl-2025-1449924/sunrisers-hyderabad-vs-lucknow-super-giants-7th-match-1473444/full-scorecard
2025-12-11 10:47:49 - __main__ - INFO - Match 1473444 already downloaded - skipping
2025-12-11 10:47:49 - __main__ - INFO - Processing match 8/74: https://www.espncricinfo.com/series/ipl-2025-1449924/chennai-super-kings-vs-royal-challengers-bengaluru-8th-match-1473445/full-scorecard
2025-12-11 10:47:49 - __main__ - INFO - Match 1473445 already downloaded - skipping
2025-12-11 10:47:49 - __main__ - INFO - Processing match 9/74: https://www.espncricinfo.com/series/ipl-2025-1449924/gujarat-titans-vs-mumbai-indians-9th-match-1473446/full-scorecard
2025-12-11 10:47:49 - __main__ - INFO - Match 1473446 already downloaded - skipping
2025-12-11 10:47:49 - __main__ - INFO - Processing match 10/74: https://www.espncricinfo.com/series/ipl-2025-1449924/delhi-capitals-vs-sunrisers-hyderabad-10th-match-1473447/full-scorecard
2025-12-11 10:47:49 - __main__ - INFO - Match 1473447 already downloaded - skipping
2025-12-11 10:47:49 - __main__ - INFO - Processing match 11/74: https://www.espncricinfo.com/series/ipl-2025-1449924/rajasthan-royals-vs-chennai-super-kings-11th-match-1473448/full-scorecard
2025-12-11 10:47:49 - __main__ - INFO - Match 1473448 already downloaded - skipping
2025-12-11 10:47:49 - __main__ - INFO - Processing match 12/74: https://www.espncricinfo.com/series/ipl-2025-1449924/mumbai-indians-vs-kolkata-knight-riders-12th-match-1473449/full-scorecard
2025-12-11 10:47:49 - __main__ - INFO - Match 1473449 already downloaded - skipping
2025-12-11 10:47:49 - __main__ - INFO - Processing match 13/74: https://www.espncricinfo.com/series/ipl-2025-1449924/lucknow-super-giants-vs-punjab-kings-13th-match-1473450/full-scorecard
2025-12-11 10:47:49 - __main__ - INFO - Match 1473450 already downloaded - skipping
2025-12-11 10:47:49 - __main__ - INFO - Processing match 14/74: https://www.espncricinfo.com/series/ipl-2025-1449924/royal-challengers-bengaluru-vs-gujarat-titans-14th-match-1473451/full-scorecard
2025-12-11 10:47:49 - __main__ - INFO - Match 1473451 already downloaded - skipping
2025-12-11 10:47:49 - __main__ - INFO - Processing match 15/74: https://www.espncricinfo.com/series/ipl-2025-1449924/kolkata-knight-riders-vs-sunrisers-hyderabad-15th-match-1473452/full-scorecard
2025-12-11 10:47:49 - __main__ - INFO - Match 1473452 already downloaded - skipping
2025-12-11 10:47:49 - __main__ - INFO - Processing match 16/74: https://www.espncricinfo.com/series/ipl-2025-1449924/lucknow-super-giants-vs-mumbai-indians-16th-match-1473453/full-scorecard
2025-12-11 10:47:49 - __main__ - INFO - Match 1473453 already downloaded - skipping
2025-12-11 10:47:49 - __main__ - INFO - Processing match 17/74: https://www.espncricinfo.com/series/ipl-2025-1449924/chennai-super-kings-vs-delhi-capitals-17th-match-1473454/full-scorecard
2025-12-11 10:47:49 - __main__ - INFO - Match 1473454 already downloaded - skipping
2025-12-11 10:47:49 - __main__ - INFO - Processing match 18/74: https://www.espncricinfo.com/series/ipl-2025-1449924/punjab-kings-vs-rajasthan-royals-18th-match-1473455/full-scorecard
2025-12-11 10:47:49 - __main__ - INFO - Match 1473455 already downloaded - skipping
2025-12-11 10:47:49 - __main__ - INFO - Processing match 19/74: https://www.espncricinfo.com/series/ipl-2025-1449924/sunrisers-hyderabad-vs-gujarat-titans-19th-match-1473457/full-scorecard
2025-12-11 10:47:49 - __main__ - INFO - Match 1473457 already downloaded - skipping
2025-12-11 10:47:49 - __main__ - INFO - Processing match 20/74: https://www.espncricinfo.com/series/ipl-2025-1449924/mumbai-indians-vs-royal-challengers-bengaluru-20th-match-1473458/full-scorecard
2025-12-11 10:47:49 - __main__ - INFO - Match 1473458 already downloaded - skipping
2025-12-11 10:47:49 - __main__ - INFO - Processing match 21/74: https://www.espncricinfo.com/series/ipl-2025-1449924/kolkata-knight-riders-vs-lucknow-super-giants-21st-match-1473456/full-scorecard
2025-12-11 10:47:49 - __main__ - INFO - Match 1473456 already downloaded - skipping
2025-12-11 10:47:49 - __main__ - INFO - Processing match 22/74: https://www.espncricinfo.com/series/ipl-2025-1449924/punjab-kings-vs-chennai-super-kings-22nd-match-1473459/full-scorecard
2025-12-11 10:47:49 - __main__ - INFO - Match 1473459 already downloaded - skipping
2025-12-11 10:47:49 - __main__ - INFO - Processing match 23/74: https://www.espncricinfo.com/series/ipl-2025-1449924/gujarat-titans-vs-rajasthan-royals-23rd-match-1473460/full-scorecard
2025-12-11 10:47:49 - __main__ - INFO - Match 1473460 already downloaded - skipping
2025-12-11 10:47:49 - __main__ - INFO - Processing match 24/74: https://www.espncricinfo.com/series/ipl-2025-1449924/royal-challengers-bengaluru-vs-delhi-capitals-24th-match-1473461/full-scorecard
2025-12-11 10:47:49 - __main__ - INFO - Attempting to download match 1473461 (attempt 1/4)
2025-12-11 10:47:49 - scraping.player_extractor - INFO - PlayerExtractor initialized - Target: raw.match_players
2025-12-11 10:47:49 - scraping.match_scraper - INFO - Initializing WebDriver
2025-12-11 10:48:01 - scraping.match_scraper - INFO - Loading full scorecard - attempt 1
2025-12-11 10:48:13 - scraping.match_scraper - INFO - full scorecard loaded successfully
2025-12-11 10:48:13 - scraping.match_scraper - INFO - Scrolling full scorecard page
2025-12-11 10:48:13 - core.page_navigator - INFO - Scrolling page 5 times
2025-12-11 10:48:33 - core.page_navigator - INFO - Page scrolling completed
2025-12-11 10:48:36 - scraping.match_scraper - INFO - Extracting metadata
2025-12-11 10:48:36 - core.metadata_extractor - INFO - Found 14 metadata rows for match 1473461
2025-12-11 10:48:36 - core.metadata_extractor - INFO - Extracted 15 metadata fields for match 1473461
2025-12-11 10:48:36 - scraping.match_scraper - INFO - Extracting player rosters...
2025-12-11 10:48:37 - scraping.player_extractor - INFO - Extracting players for match 1473461
2025-12-11 10:48:37 - core.metadata_extractor - INFO - Extracting player names for match 1473461
2025-12-11 10:48:37 - core.metadata_extractor - INFO - Found 2 batting scorecard table(s)
2025-12-11 10:48:37 - core.metadata_extractor - INFO -   Innings 1: Royal Challengers Bengaluru (batting)
2025-12-11 10:48:37 - core.metadata_extractor - INFO -   Innings 2: Delhi Capitals (batting)
2025-12-11 10:48:37 - core.metadata_extractor - INFO -   innings_1 (Royal Challengers Bengaluru): 9 batted, 2 did not bat
2025-12-11 10:48:37 - core.metadata_extractor - INFO -   innings_2 (Delhi Capitals): 6 batted, 5 did not bat
2025-12-11 10:48:37 - core.metadata_extractor - INFO - Found 2 bowling table(s)
2025-12-11 10:48:37 - core.metadata_extractor - INFO -   innings_1 bowling: Delhi Capitals (bowling against Royal Challengers Bengaluru)
2025-12-11 10:48:37 - core.metadata_extractor - INFO -   innings_1 bowling (Delhi Capitals): 6 bowlers
2025-12-11 10:48:37 - core.metadata_extractor - INFO -   innings_2 bowling: Royal Challengers Bengaluru (bowling against Delhi Capitals)
2025-12-11 10:48:37 - core.metadata_extractor - INFO -   innings_2 bowling (Royal Challengers Bengaluru): 6 bowlers
2025-12-11 10:48:37 - core.metadata_extractor - INFO - Created DataFrame with 34 player records, 24 unique players
2025-12-11 10:48:37 - scraping.player_extractor - INFO - Extracted 24 players for match 1473461
2025-12-11 10:48:37 - scraping.player_extractor - INFO -   Teams: Delhi Capitals, Royal Challengers Bengaluru
2025-12-11 10:48:37 - scraping.player_extractor - INFO -   Batted: 13, Did not bat: 11
2025-12-11 10:48:37 - scraping.player_extractor - INFO -   Regular: 23, Impact: 1
2025-12-11 10:48:37 - scraping.player_extractor - INFO -   Impact players: Abishek Porel
2025-12-11 10:48:37 - scraping.match_scraper - INFO - Stored 24 players
2025-12-11 10:48:37 - scraping.match_scraper - INFO -   - Delhi Capitals
2025-12-11 10:48:37 - scraping.match_scraper - INFO -   - Royal Challengers Bengaluru
2025-12-11 10:48:37 - scraping.match_scraper - INFO - Loading commentary page - attempt 1
2025-12-11 10:48:50 - scraping.match_scraper - INFO - commentary page loaded successfully
2025-12-11 10:48:50 - scraping.match_scraper - INFO - Scrolling commentary page
2025-12-11 10:48:50 - core.page_navigator - INFO - Scrolling page 20 times
2025-12-11 10:50:02 - scraping.match_scraper - INFO - Closing WebDriver
2025-12-11 10:50:05 - __main__ - INFO - Cricket Data Pipeline Started
2025-12-11 10:50:05 - __main__ - INFO - STEP 1: Initializing database and schemas
2025-12-11 10:50:06 - configs.db_config - INFO - Initializing Medallion Architecture schemas...
2025-12-11 10:50:06 - configs.db_config - INFO - Medallion schemas (Bronze, Silver, Gold) initialized
2025-12-11 10:50:06 - __main__ - INFO - Database initialization complete
2025-12-11 10:50:06 - __main__ - INFO - STEP 2: Loading configuration
2025-12-11 10:50:06 - __main__ - INFO - Configuration loaded successfully
2025-12-11 10:50:06 - __main__ - INFO - STEP 3: Scraping data from Cricinfo
2025-12-11 10:50:06 - __main__ - INFO - Initializing match tracker
2025-12-11 10:50:07 - __main__ - INFO - Current Status: 15 matches already downloaded
2025-12-11 10:50:07 - __main__ - INFO - Fetching match schedule from Cricinfo
2025-12-11 10:50:07 - scraping.schedule_scraper - INFO - Initializing WebDriver for schedule scraping
2025-12-11 10:50:16 - scraping.schedule_scraper - INFO - Loading schedule page - attempt 1
2025-12-11 10:50:31 - scraping.schedule_scraper - INFO - Schedule page loaded successfully
2025-12-11 10:50:31 - scraping.schedule_scraper - INFO - Parsing schedule page with BeautifulSoup
2025-12-11 10:50:45 - scraping.schedule_scraper - INFO - Extracting match links from schedule
2025-12-11 10:50:45 - scraping.schedule_scraper - INFO - Successfully extracted 101 match links
2025-12-11 10:50:45 - scraping.schedule_scraper - INFO - Closing WebDriver
2025-12-11 10:50:49 - __main__ - INFO - Found 101 total links
2025-12-11 10:50:49 - __main__ - INFO - Found 74 match scorecards
2025-12-11 10:50:49 - __main__ - INFO - Loading match cache
2025-12-11 10:50:49 - __main__ - INFO - Starting match scraping process with retry logic
2025-12-11 10:50:49 - __main__ - INFO - Processing match 1/74: https://www.espncricinfo.com/series/ipl-2025-1449924/kolkata-knight-riders-vs-royal-challengers-bengaluru-1st-match-1473438/full-scorecard
2025-12-11 10:50:49 - __main__ - INFO - Match 1473438 already downloaded - skipping
2025-12-11 10:50:49 - __main__ - INFO - Processing match 2/74: https://www.espncricinfo.com/series/ipl-2025-1449924/sunrisers-hyderabad-vs-rajasthan-royals-2nd-match-1473439/full-scorecard
2025-12-11 10:50:49 - __main__ - INFO - Match 1473439 already downloaded - skipping
2025-12-11 10:50:49 - __main__ - INFO - Processing match 3/74: https://www.espncricinfo.com/series/ipl-2025-1449924/chennai-super-kings-vs-mumbai-indians-3rd-match-1473440/full-scorecard
2025-12-11 10:50:49 - __main__ - INFO - Match 1473440 already downloaded - skipping
2025-12-11 10:50:49 - __main__ - INFO - Processing match 4/74: https://www.espncricinfo.com/series/ipl-2025-1449924/delhi-capitals-vs-lucknow-super-giants-4th-match-1473441/full-scorecard
2025-12-11 10:50:49 - __main__ - INFO - Match 1473441 already downloaded - skipping
2025-12-11 10:50:49 - __main__ - INFO - Processing match 5/74: https://www.espncricinfo.com/series/ipl-2025-1449924/gujarat-titans-vs-punjab-kings-5th-match-1473442/full-scorecard
2025-12-11 10:50:49 - __main__ - INFO - Match 1473442 already downloaded - skipping
2025-12-11 10:50:49 - __main__ - INFO - Processing match 6/74: https://www.espncricinfo.com/series/ipl-2025-1449924/rajasthan-royals-vs-kolkata-knight-riders-6th-match-1473443/full-scorecard
2025-12-11 10:50:49 - __main__ - INFO - Match 1473443 already downloaded - skipping
2025-12-11 10:50:49 - __main__ - INFO - Processing match 7/74: https://www.espncricinfo.com/series/ipl-2025-1449924/sunrisers-hyderabad-vs-lucknow-super-giants-7th-match-1473444/full-scorecard
2025-12-11 10:50:49 - __main__ - INFO - Match 1473444 already downloaded - skipping
2025-12-11 10:50:49 - __main__ - INFO - Processing match 8/74: https://www.espncricinfo.com/series/ipl-2025-1449924/chennai-super-kings-vs-royal-challengers-bengaluru-8th-match-1473445/full-scorecard
2025-12-11 10:50:49 - __main__ - INFO - Match 1473445 already downloaded - skipping
2025-12-11 10:50:49 - __main__ - INFO - Processing match 9/74: https://www.espncricinfo.com/series/ipl-2025-1449924/gujarat-titans-vs-mumbai-indians-9th-match-1473446/full-scorecard
2025-12-11 10:50:49 - __main__ - INFO - Match 1473446 already downloaded - skipping
2025-12-11 10:50:49 - __main__ - INFO - Processing match 10/74: https://www.espncricinfo.com/series/ipl-2025-1449924/delhi-capitals-vs-sunrisers-hyderabad-10th-match-1473447/full-scorecard
2025-12-11 10:50:49 - __main__ - INFO - Match 1473447 already downloaded - skipping
2025-12-11 10:50:49 - __main__ - INFO - Processing match 11/74: https://www.espncricinfo.com/series/ipl-2025-1449924/rajasthan-royals-vs-chennai-super-kings-11th-match-1473448/full-scorecard
2025-12-11 10:50:49 - __main__ - INFO - Match 1473448 already downloaded - skipping
2025-12-11 10:50:49 - __main__ - INFO - Processing match 12/74: https://www.espncricinfo.com/series/ipl-2025-1449924/mumbai-indians-vs-kolkata-knight-riders-12th-match-1473449/full-scorecard
2025-12-11 10:50:49 - __main__ - INFO - Match 1473449 already downloaded - skipping
2025-12-11 10:50:49 - __main__ - INFO - Processing match 13/74: https://www.espncricinfo.com/series/ipl-2025-1449924/lucknow-super-giants-vs-punjab-kings-13th-match-1473450/full-scorecard
2025-12-11 10:50:49 - __main__ - INFO - Match 1473450 already downloaded - skipping
2025-12-11 10:50:49 - __main__ - INFO - Processing match 14/74: https://www.espncricinfo.com/series/ipl-2025-1449924/royal-challengers-bengaluru-vs-gujarat-titans-14th-match-1473451/full-scorecard
2025-12-11 10:50:49 - __main__ - INFO - Match 1473451 already downloaded - skipping
2025-12-11 10:50:49 - __main__ - INFO - Processing match 15/74: https://www.espncricinfo.com/series/ipl-2025-1449924/kolkata-knight-riders-vs-sunrisers-hyderabad-15th-match-1473452/full-scorecard
2025-12-11 10:50:49 - __main__ - INFO - Match 1473452 already downloaded - skipping
2025-12-11 10:50:49 - __main__ - INFO - Processing match 16/74: https://www.espncricinfo.com/series/ipl-2025-1449924/lucknow-super-giants-vs-mumbai-indians-16th-match-1473453/full-scorecard
2025-12-11 10:50:49 - __main__ - INFO - Attempting to download match 1473453 (attempt 1/4)
2025-12-11 10:50:49 - scraping.player_extractor - INFO - PlayerExtractor initialized - Target: raw.match_players
2025-12-11 10:50:49 - scraping.match_scraper - INFO - Initializing WebDriver
2025-12-11 10:51:01 - scraping.match_scraper - INFO - Loading full scorecard - attempt 1
2025-12-11 10:51:14 - scraping.match_scraper - INFO - full scorecard loaded successfully
2025-12-11 10:51:14 - scraping.match_scraper - INFO - Scrolling full scorecard page
2025-12-11 10:51:14 - core.page_navigator - INFO - Scrolling page 5 times
2025-12-11 10:51:41 - core.page_navigator - INFO - Page scrolling completed
2025-12-11 10:51:44 - scraping.match_scraper - INFO - Extracting metadata
2025-12-11 10:51:45 - core.metadata_extractor - INFO - Found 14 metadata rows for match 1473453
2025-12-11 10:51:45 - core.metadata_extractor - INFO - Extracted 15 metadata fields for match 1473453
2025-12-11 10:51:45 - scraping.match_scraper - INFO - Extracting player rosters...
2025-12-11 10:51:45 - scraping.player_extractor - INFO - Extracting players for match 1473453
2025-12-11 10:51:46 - core.metadata_extractor - INFO - Extracting player names for match 1473453
2025-12-11 10:51:46 - core.metadata_extractor - INFO - Found 2 batting scorecard table(s)
2025-12-11 10:51:46 - core.metadata_extractor - INFO -   Innings 1: Lucknow Super Giants (batting)
2025-12-11 10:51:46 - core.metadata_extractor - INFO -   Innings 2: Mumbai Indians (batting)
2025-12-11 10:51:46 - core.metadata_extractor - INFO -   innings_1 (Lucknow Super Giants): 10 batted, 1 did not bat
2025-12-11 10:51:46 - core.metadata_extractor - INFO -   innings_2 (Mumbai Indians): 7 batted, 4 did not bat
2025-12-11 10:51:46 - core.metadata_extractor - INFO - Found 2 bowling table(s)
2025-12-11 10:51:46 - core.metadata_extractor - INFO -   innings_1 bowling: Mumbai Indians (bowling against Lucknow Super Giants)
2025-12-11 10:51:46 - core.metadata_extractor - INFO -   innings_1 bowling (Mumbai Indians): 6 bowlers
2025-12-11 10:51:46 - core.metadata_extractor - INFO -   innings_2 bowling: Lucknow Super Giants (bowling against Mumbai Indians)
2025-12-11 10:51:46 - core.metadata_extractor - INFO -   innings_2 bowling (Lucknow Super Giants): 5 bowlers
2025-12-11 10:51:46 - core.metadata_extractor - INFO - Created DataFrame with 33 player records, 24 unique players
2025-12-11 10:51:46 - scraping.player_extractor - INFO - Extracted 24 players for match 1473453
2025-12-11 10:51:46 - scraping.player_extractor - INFO -   Teams: Mumbai Indians, Lucknow Super Giants
2025-12-11 10:51:46 - scraping.player_extractor - INFO -   Batted: 12, Did not bat: 12
2025-12-11 10:51:46 - scraping.player_extractor - INFO -   Regular: 23, Impact: 1
2025-12-11 10:51:46 - scraping.player_extractor - INFO -   Impact players: Tilak Varma
2025-12-11 10:51:46 - scraping.match_scraper - INFO - Stored 24 players
2025-12-11 10:51:46 - scraping.match_scraper - INFO -   - Mumbai Indians
2025-12-11 10:51:46 - scraping.match_scraper - INFO -   - Lucknow Super Giants
2025-12-11 10:51:46 - scraping.match_scraper - INFO - Loading commentary page - attempt 1
2025-12-11 10:51:59 - scraping.match_scraper - INFO - commentary page loaded successfully
2025-12-11 10:51:59 - scraping.match_scraper - INFO - Scrolling commentary page
2025-12-11 10:51:59 - core.page_navigator - INFO - Scrolling page 20 times
2025-12-11 10:53:11 - core.page_navigator - INFO - Page scrolling completed
2025-12-11 10:53:14 - scraping.match_scraper - INFO - Getting current innings team
2025-12-11 10:53:14 - scraping.match_scraper - INFO - Default innings: MI
2025-12-11 10:53:14 - scraping.match_scraper - INFO - Getting all innings options
2025-12-11 10:53:50 - core.page_navigator - INFO - Found 2 innings options: ['LSG', 'MI']
2025-12-11 10:53:52 - scraping.match_scraper - INFO - All innings: ['LSG', 'MI']
2025-12-11 10:53:52 - scraping.match_scraper - INFO - Regular innings: ['LSG', 'MI']
2025-12-11 10:53:52 - scraping.match_scraper - INFO - Super overs: []
2025-12-11 10:53:52 - scraping.match_scraper - INFO - Scraping default innings: MI
2025-12-11 10:53:52 - core.commentary_parser - INFO - Found 124 commentary blocks
2025-12-11 10:53:52 - core.commentary_parser - INFO - Parsed 124 commentary entries
2025-12-11 10:53:52 - core.commentary_parser - INFO - Normalizing to 6 columns (most common)
2025-12-11 10:53:52 - core.commentary_parser - INFO - Normalized 124 rows to 6 columns
2025-12-11 10:53:52 - core.commentary_parser - INFO - DataFrame created with 124 rows and 6 columns
2025-12-11 10:53:52 - core.commentary_parser - INFO - Final DataFrame: 124 rows with columns: ['Ball', 'Event', 'Score', 'Commentary', 'Bowler', 'Batsman']
2025-12-11 10:53:52 - core.commentary_parser - INFO -   Rows with commentary: 124
2025-12-11 10:53:52 - core.commentary_parser - INFO -   Rows without commentary: 0
2025-12-11 10:53:52 - scraping.match_scraper - INFO - MI: 124 events (super_over=False)
2025-12-11 10:53:52 - scraping.match_scraper - INFO - Switching to innings: LSG
2025-12-11 10:53:52 - core.page_navigator - INFO - Scrolling to top of page
2025-12-11 10:53:56 - core.page_navigator - INFO - Switching to innings: LSG
2025-12-11 10:54:31 - core.page_navigator - INFO - Found target innings: LSG
2025-12-11 10:54:34 - core.page_navigator - INFO - Successfully switched to LSG
2025-12-11 10:54:34 - scraping.match_scraper - INFO - Successfully switched to: LSG
2025-12-11 10:54:37 - core.page_navigator - INFO - Scrolling page 20 times
2025-12-11 10:55:39 - core.page_navigator - INFO - Page scrolling completed
2025-12-11 10:55:42 - scraping.match_scraper - INFO - Scraping innings: LSG
2025-12-11 10:55:43 - core.commentary_parser - INFO - Found 128 commentary blocks
2025-12-11 10:55:43 - core.commentary_parser - INFO - Parsed 128 commentary entries
2025-12-11 10:55:43 - core.commentary_parser - INFO - Normalizing to 6 columns (most common)
2025-12-11 10:55:43 - core.commentary_parser - INFO - Normalized 128 rows to 6 columns
2025-12-11 10:55:43 - core.commentary_parser - INFO - DataFrame created with 128 rows and 6 columns
2025-12-11 10:55:43 - core.commentary_parser - INFO - Final DataFrame: 128 rows with columns: ['Ball', 'Event', 'Score', 'Commentary', 'Bowler', 'Batsman']
2025-12-11 10:55:43 - core.commentary_parser - INFO -   Rows with commentary: 128
2025-12-11 10:55:43 - core.commentary_parser - INFO -   Rows without commentary: 0
2025-12-11 10:55:43 - scraping.match_scraper - INFO - LSG: 128 events (super_over=False)
2025-12-11 10:55:43 - scraping.match_scraper - INFO - Combining all innings dataframes
2025-12-11 10:55:43 - scraping.match_scraper - INFO - Total events: 252 across 2 innings
2025-12-11 10:55:43 - scraping.match_scraper - INFO -   - Regular innings: 252 events
2025-12-11 10:55:43 - scraping.match_scraper - INFO -   - Super over(s): 0 events
2025-12-11 10:55:43 - scraping.match_scraper - INFO - Saving commentary to database
2025-12-11 10:55:43 - scraping.match_scraper - INFO - Commentary saved: 252 total events
2025-12-11 10:55:43 - scraping.match_scraper - INFO - Saving metadata to database
2025-12-11 10:55:43 - scraping.match_scraper - INFO - Metadata saved with super_over_count=0
2025-12-11 10:55:43 - scraping.match_scraper - INFO - Saving match players to database
2025-12-11 10:55:43 - scraping.match_scraper - INFO - Successfully completed scraping match 1473453
2025-12-11 10:55:43 - scraping.match_scraper - INFO - Closing WebDriver
2025-12-11 10:55:46 - __main__ - INFO - Successfully downloaded match 1473453
2025-12-11 10:55:56 - __main__ - INFO - Processing match 17/74: https://www.espncricinfo.com/series/ipl-2025-1449924/chennai-super-kings-vs-delhi-capitals-17th-match-1473454/full-scorecard
2025-12-11 10:55:56 - __main__ - INFO - Attempting to download match 1473454 (attempt 1/4)
2025-12-11 10:55:56 - scraping.player_extractor - INFO - PlayerExtractor initialized - Target: raw.match_players
2025-12-11 10:55:56 - scraping.match_scraper - INFO - Initializing WebDriver
2025-12-11 10:56:05 - scraping.match_scraper - INFO - Loading full scorecard - attempt 1
2025-12-11 10:56:18 - scraping.match_scraper - INFO - full scorecard loaded successfully
2025-12-11 10:56:18 - scraping.match_scraper - INFO - Scrolling full scorecard page
2025-12-11 10:56:18 - core.page_navigator - INFO - Scrolling page 5 times
2025-12-11 10:56:37 - core.page_navigator - INFO - Page scrolling completed
2025-12-11 10:56:40 - scraping.match_scraper - INFO - Extracting metadata
2025-12-11 10:56:41 - core.metadata_extractor - INFO - Found 14 metadata rows for match 1473454
2025-12-11 10:56:41 - core.metadata_extractor - INFO - Extracted 15 metadata fields for match 1473454
2025-12-11 10:56:41 - scraping.match_scraper - INFO - Extracting player rosters...
2025-12-11 10:56:41 - scraping.player_extractor - INFO - Extracting players for match 1473454
2025-12-11 10:56:42 - core.metadata_extractor - INFO - Extracting player names for match 1473454
2025-12-11 10:56:42 - core.metadata_extractor - INFO - Found 2 batting scorecard table(s)
2025-12-11 10:56:42 - core.metadata_extractor - INFO -   Innings 1: Delhi Capitals (batting)
2025-12-11 10:56:42 - core.metadata_extractor - INFO -   Innings 2: Chennai Super Kings (batting)
2025-12-11 10:56:42 - core.metadata_extractor - INFO -   innings_1 (Delhi Capitals): 8 batted, 3 did not bat
2025-12-11 10:56:42 - core.metadata_extractor - INFO -   innings_2 (Chennai Super Kings): 7 batted, 4 did not bat
2025-12-11 10:56:42 - core.metadata_extractor - INFO - Found 2 bowling table(s)
2025-12-11 10:56:42 - core.metadata_extractor - INFO -   innings_1 bowling: Chennai Super Kings (bowling against Delhi Capitals)
2025-12-11 10:56:42 - core.metadata_extractor - INFO -   innings_1 bowling (Chennai Super Kings): 6 bowlers
2025-12-11 10:56:42 - core.metadata_extractor - INFO -   innings_2 bowling: Delhi Capitals (bowling against Chennai Super Kings)
2025-12-11 10:56:42 - core.metadata_extractor - INFO -   innings_2 bowling (Delhi Capitals): 6 bowlers
2025-12-11 10:56:42 - core.metadata_extractor - INFO - Created DataFrame with 34 player records, 24 unique players
2025-12-11 10:56:42 - scraping.player_extractor - INFO - Extracted 24 players for match 1473454
2025-12-11 10:56:42 - scraping.player_extractor - INFO -   Teams: Chennai Super Kings, Delhi Capitals
2025-12-11 10:56:42 - scraping.player_extractor - INFO -   Batted: 13, Did not bat: 11
2025-12-11 10:56:42 - scraping.player_extractor - INFO -   Regular: 23, Impact: 1
2025-12-11 10:56:42 - scraping.player_extractor - INFO -   Impact players: Shivam Dube
2025-12-11 10:56:42 - scraping.match_scraper - INFO - Stored 24 players
2025-12-11 10:56:42 - scraping.match_scraper - INFO -   - Chennai Super Kings
2025-12-11 10:56:42 - scraping.match_scraper - INFO -   - Delhi Capitals
2025-12-11 10:56:42 - scraping.match_scraper - INFO - Loading commentary page - attempt 1
2025-12-11 10:56:54 - scraping.match_scraper - INFO - commentary page loaded successfully
2025-12-11 10:56:54 - scraping.match_scraper - INFO - Scrolling commentary page
2025-12-11 10:56:54 - core.page_navigator - INFO - Scrolling page 20 times
2025-12-11 10:57:56 - core.page_navigator - INFO - Page scrolling completed
2025-12-11 10:57:59 - scraping.match_scraper - INFO - Getting current innings team
2025-12-11 10:57:59 - scraping.match_scraper - INFO - Default innings: CSK
2025-12-11 10:57:59 - scraping.match_scraper - INFO - Getting all innings options
2025-12-11 10:58:34 - core.page_navigator - INFO - Found 2 innings options: ['DC', 'CSK']
2025-12-11 10:58:36 - scraping.match_scraper - INFO - All innings: ['DC', 'CSK']
2025-12-11 10:58:36 - scraping.match_scraper - INFO - Regular innings: ['DC', 'CSK']
2025-12-11 10:58:36 - scraping.match_scraper - INFO - Super overs: []
2025-12-11 10:58:36 - scraping.match_scraper - INFO - Scraping default innings: CSK
2025-12-11 10:58:36 - core.commentary_parser - INFO - Found 128 commentary blocks
2025-12-11 10:58:36 - core.commentary_parser - INFO - Parsed 128 commentary entries
2025-12-11 10:58:36 - core.commentary_parser - INFO - Normalizing to 6 columns (most common)
2025-12-11 10:58:36 - core.commentary_parser - INFO - Normalized 128 rows to 6 columns
2025-12-11 10:58:36 - core.commentary_parser - INFO - DataFrame created with 128 rows and 6 columns
2025-12-11 10:58:36 - core.commentary_parser - INFO - Final DataFrame: 128 rows with columns: ['Ball', 'Event', 'Score', 'Commentary', 'Bowler', 'Batsman']
2025-12-11 10:58:36 - core.commentary_parser - INFO -   Rows with commentary: 128
2025-12-11 10:58:36 - core.commentary_parser - INFO -   Rows without commentary: 0
2025-12-11 10:58:36 - scraping.match_scraper - INFO - CSK: 128 events (super_over=False)
2025-12-11 10:58:36 - scraping.match_scraper - INFO - Switching to innings: DC
2025-12-11 10:58:36 - core.page_navigator - INFO - Scrolling to top of page
2025-12-11 10:58:40 - core.page_navigator - INFO - Switching to innings: DC
2025-12-11 10:59:15 - core.page_navigator - INFO - Found target innings: DC
2025-12-11 10:59:18 - core.page_navigator - INFO - Successfully switched to DC
2025-12-11 10:59:18 - scraping.match_scraper - INFO - Successfully switched to: DC
2025-12-11 10:59:21 - core.page_navigator - INFO - Scrolling page 20 times
2025-12-11 11:00:22 - core.page_navigator - INFO - Page scrolling completed
2025-12-11 11:00:25 - scraping.match_scraper - INFO - Scraping innings: DC
2025-12-11 11:00:26 - core.commentary_parser - INFO - Found 123 commentary blocks
2025-12-11 11:00:26 - core.commentary_parser - INFO - Parsed 123 commentary entries
2025-12-11 11:00:26 - core.commentary_parser - INFO - Normalizing to 6 columns (most common)
2025-12-11 11:00:26 - core.commentary_parser - INFO - Normalized 123 rows to 6 columns
2025-12-11 11:00:26 - core.commentary_parser - INFO - DataFrame created with 123 rows and 6 columns
2025-12-11 11:00:26 - core.commentary_parser - INFO - Final DataFrame: 123 rows with columns: ['Ball', 'Event', 'Score', 'Commentary', 'Bowler', 'Batsman']
2025-12-11 11:00:26 - core.commentary_parser - INFO -   Rows with commentary: 123
2025-12-11 11:00:26 - core.commentary_parser - INFO -   Rows without commentary: 0
2025-12-11 11:00:26 - scraping.match_scraper - INFO - DC: 123 events (super_over=False)
2025-12-11 11:00:26 - scraping.match_scraper - INFO - Combining all innings dataframes
2025-12-11 11:00:26 - scraping.match_scraper - INFO - Total events: 251 across 2 innings
2025-12-11 11:00:26 - scraping.match_scraper - INFO -   - Regular innings: 251 events
2025-12-11 11:00:26 - scraping.match_scraper - INFO -   - Super over(s): 0 events
2025-12-11 11:00:26 - scraping.match_scraper - INFO - Saving commentary to database
2025-12-11 11:00:26 - scraping.match_scraper - INFO - Commentary saved: 251 total events
2025-12-11 11:00:26 - scraping.match_scraper - INFO - Saving metadata to database
2025-12-11 11:00:26 - scraping.match_scraper - INFO - Metadata saved with super_over_count=0
2025-12-11 11:00:26 - scraping.match_scraper - INFO - Saving match players to database
2025-12-11 11:00:26 - scraping.match_scraper - INFO - Successfully completed scraping match 1473454
2025-12-11 11:00:26 - scraping.match_scraper - INFO - Closing WebDriver
2025-12-11 11:00:29 - __main__ - INFO - Successfully downloaded match 1473454
2025-12-11 11:00:39 - __main__ - INFO - Processing match 18/74: https://www.espncricinfo.com/series/ipl-2025-1449924/punjab-kings-vs-rajasthan-royals-18th-match-1473455/full-scorecard
2025-12-11 11:00:39 - __main__ - INFO - Attempting to download match 1473455 (attempt 1/4)
2025-12-11 11:00:39 - scraping.player_extractor - INFO - PlayerExtractor initialized - Target: raw.match_players
2025-12-11 11:00:39 - scraping.match_scraper - INFO - Initializing WebDriver
2025-12-11 11:00:46 - scraping.match_scraper - INFO - Loading full scorecard - attempt 1
2025-12-11 11:00:59 - scraping.match_scraper - INFO - full scorecard loaded successfully
2025-12-11 11:00:59 - scraping.match_scraper - INFO - Scrolling full scorecard page
2025-12-11 11:00:59 - core.page_navigator - INFO - Scrolling page 5 times
2025-12-11 11:01:23 - core.page_navigator - INFO - Page scrolling completed
2025-12-11 11:01:26 - scraping.match_scraper - INFO - Extracting metadata
2025-12-11 11:01:27 - core.metadata_extractor - INFO - Found 14 metadata rows for match 1473455
2025-12-11 11:01:27 - core.metadata_extractor - INFO - Extracted 15 metadata fields for match 1473455
2025-12-11 11:01:27 - scraping.match_scraper - INFO - Extracting player rosters...
2025-12-11 11:01:27 - scraping.player_extractor - INFO - Extracting players for match 1473455
2025-12-11 11:01:28 - core.metadata_extractor - INFO - Extracting player names for match 1473455
2025-12-11 11:01:28 - core.metadata_extractor - INFO - Found 2 batting scorecard table(s)
2025-12-11 11:01:28 - core.metadata_extractor - INFO -   Innings 1: Rajasthan Royals (batting)
2025-12-11 11:01:28 - core.metadata_extractor - INFO -   Innings 2: Punjab Kings (batting)
2025-12-11 11:01:28 - core.metadata_extractor - INFO -   innings_1 (Rajasthan Royals): 6 batted, 5 did not bat
2025-12-11 11:01:28 - core.metadata_extractor - INFO -   innings_2 (Punjab Kings): 11 batted, 0 did not bat
2025-12-11 11:01:28 - core.metadata_extractor - INFO - Found 2 bowling table(s)
2025-12-11 11:01:28 - core.metadata_extractor - INFO -   innings_1 bowling: Punjab Kings (bowling against Rajasthan Royals)
2025-12-11 11:01:28 - core.metadata_extractor - INFO -   innings_1 bowling (Punjab Kings): 6 bowlers
2025-12-11 11:01:28 - core.metadata_extractor - INFO -   innings_2 bowling: Rajasthan Royals (bowling against Punjab Kings)
2025-12-11 11:01:28 - core.metadata_extractor - INFO -   innings_2 bowling (Rajasthan Royals): 6 bowlers
2025-12-11 11:01:28 - core.metadata_extractor - INFO - Created DataFrame with 34 player records, 24 unique players
2025-12-11 11:01:28 - scraping.player_extractor - INFO - Extracted 24 players for match 1473455
2025-12-11 11:01:28 - scraping.player_extractor - INFO -   Teams: Punjab Kings, Rajasthan Royals
2025-12-11 11:01:28 - scraping.player_extractor - INFO -   Batted: 14, Did not bat: 10
2025-12-11 11:01:28 - scraping.player_extractor - INFO -   Regular: 23, Impact: 1
2025-12-11 11:01:28 - scraping.player_extractor - INFO -   Impact players: Priyansh Arya
2025-12-11 11:01:28 - scraping.match_scraper - INFO - Stored 24 players
2025-12-11 11:01:28 - scraping.match_scraper - INFO -   - Punjab Kings
2025-12-11 11:01:28 - scraping.match_scraper - INFO -   - Rajasthan Royals
2025-12-11 11:01:28 - scraping.match_scraper - INFO - Loading commentary page - attempt 1
2025-12-11 11:01:41 - scraping.match_scraper - INFO - commentary page loaded successfully
2025-12-11 11:01:41 - scraping.match_scraper - INFO - Scrolling commentary page
2025-12-11 11:01:41 - core.page_navigator - INFO - Scrolling page 20 times
2025-12-11 11:04:04 - scraping.match_scraper - INFO - Closing WebDriver
2025-12-11 11:04:10 - __main__ - INFO - Cricket Data Pipeline Started
2025-12-11 11:04:10 - __main__ - INFO - STEP 1: Initializing database and schemas
2025-12-11 11:04:10 - configs.db_config - INFO - Initializing Medallion Architecture schemas...
2025-12-11 11:04:11 - configs.db_config - INFO - Medallion schemas (Bronze, Silver, Gold) initialized
2025-12-11 11:04:11 - __main__ - INFO - Database initialization complete
2025-12-11 11:04:11 - __main__ - INFO - STEP 2: Loading configuration
2025-12-11 11:04:11 - __main__ - INFO - Configuration loaded successfully
2025-12-11 11:04:11 - __main__ - INFO - STEP 3: Scraping data from Cricinfo
2025-12-11 11:04:11 - __main__ - INFO - Initializing match tracker
2025-12-11 11:04:11 - __main__ - INFO - Current Status: 17 matches already downloaded
2025-12-11 11:04:11 - __main__ - INFO - Fetching match schedule from Cricinfo
2025-12-11 11:04:11 - scraping.schedule_scraper - INFO - Initializing WebDriver for schedule scraping
2025-12-11 11:04:19 - scraping.schedule_scraper - INFO - Loading schedule page - attempt 1
2025-12-11 11:04:32 - scraping.schedule_scraper - INFO - Schedule page loaded successfully
2025-12-11 11:04:32 - scraping.schedule_scraper - INFO - Parsing schedule page with BeautifulSoup
2025-12-11 11:04:37 - scraping.schedule_scraper - INFO - Extracting match links from schedule
2025-12-11 11:04:37 - scraping.schedule_scraper - INFO - Successfully extracted 102 match links
2025-12-11 11:04:37 - scraping.schedule_scraper - INFO - Closing WebDriver
2025-12-11 11:04:40 - __main__ - INFO - Found 102 total links
2025-12-11 11:04:40 - __main__ - INFO - Found 74 match scorecards
2025-12-11 11:04:40 - __main__ - INFO - Loading match cache
2025-12-11 11:04:40 - __main__ - INFO - Starting match scraping process with retry logic
2025-12-11 11:04:40 - __main__ - INFO - Processing match 1/74: https://www.espncricinfo.com/series/ipl-2025-1449924/kolkata-knight-riders-vs-royal-challengers-bengaluru-1st-match-1473438/full-scorecard
2025-12-11 11:04:40 - __main__ - INFO - Match 1473438 already downloaded - skipping
2025-12-11 11:04:40 - __main__ - INFO - Processing match 2/74: https://www.espncricinfo.com/series/ipl-2025-1449924/sunrisers-hyderabad-vs-rajasthan-royals-2nd-match-1473439/full-scorecard
2025-12-11 11:04:40 - __main__ - INFO - Match 1473439 already downloaded - skipping
2025-12-11 11:04:40 - __main__ - INFO - Processing match 3/74: https://www.espncricinfo.com/series/ipl-2025-1449924/chennai-super-kings-vs-mumbai-indians-3rd-match-1473440/full-scorecard
2025-12-11 11:04:40 - __main__ - INFO - Match 1473440 already downloaded - skipping
2025-12-11 11:04:40 - __main__ - INFO - Processing match 4/74: https://www.espncricinfo.com/series/ipl-2025-1449924/delhi-capitals-vs-lucknow-super-giants-4th-match-1473441/full-scorecard
2025-12-11 11:04:40 - __main__ - INFO - Match 1473441 already downloaded - skipping
2025-12-11 11:04:40 - __main__ - INFO - Processing match 5/74: https://www.espncricinfo.com/series/ipl-2025-1449924/gujarat-titans-vs-punjab-kings-5th-match-1473442/full-scorecard
2025-12-11 11:04:40 - __main__ - INFO - Match 1473442 already downloaded - skipping
2025-12-11 11:04:40 - __main__ - INFO - Processing match 6/74: https://www.espncricinfo.com/series/ipl-2025-1449924/rajasthan-royals-vs-kolkata-knight-riders-6th-match-1473443/full-scorecard
2025-12-11 11:04:40 - __main__ - INFO - Match 1473443 already downloaded - skipping
2025-12-11 11:04:40 - __main__ - INFO - Processing match 7/74: https://www.espncricinfo.com/series/ipl-2025-1449924/sunrisers-hyderabad-vs-lucknow-super-giants-7th-match-1473444/full-scorecard
2025-12-11 11:04:40 - __main__ - INFO - Match 1473444 already downloaded - skipping
2025-12-11 11:04:40 - __main__ - INFO - Processing match 8/74: https://www.espncricinfo.com/series/ipl-2025-1449924/chennai-super-kings-vs-royal-challengers-bengaluru-8th-match-1473445/full-scorecard
2025-12-11 11:04:40 - __main__ - INFO - Match 1473445 already downloaded - skipping
2025-12-11 11:04:40 - __main__ - INFO - Processing match 9/74: https://www.espncricinfo.com/series/ipl-2025-1449924/gujarat-titans-vs-mumbai-indians-9th-match-1473446/full-scorecard
2025-12-11 11:04:40 - __main__ - INFO - Match 1473446 already downloaded - skipping
2025-12-11 11:04:40 - __main__ - INFO - Processing match 10/74: https://www.espncricinfo.com/series/ipl-2025-1449924/delhi-capitals-vs-sunrisers-hyderabad-10th-match-1473447/full-scorecard
2025-12-11 11:04:40 - __main__ - INFO - Match 1473447 already downloaded - skipping
2025-12-11 11:04:40 - __main__ - INFO - Processing match 11/74: https://www.espncricinfo.com/series/ipl-2025-1449924/rajasthan-royals-vs-chennai-super-kings-11th-match-1473448/full-scorecard
2025-12-11 11:04:40 - __main__ - INFO - Match 1473448 already downloaded - skipping
2025-12-11 11:04:40 - __main__ - INFO - Processing match 12/74: https://www.espncricinfo.com/series/ipl-2025-1449924/mumbai-indians-vs-kolkata-knight-riders-12th-match-1473449/full-scorecard
2025-12-11 11:04:40 - __main__ - INFO - Match 1473449 already downloaded - skipping
2025-12-11 11:04:40 - __main__ - INFO - Processing match 13/74: https://www.espncricinfo.com/series/ipl-2025-1449924/lucknow-super-giants-vs-punjab-kings-13th-match-1473450/full-scorecard
2025-12-11 11:04:40 - __main__ - INFO - Match 1473450 already downloaded - skipping
2025-12-11 11:04:40 - __main__ - INFO - Processing match 14/74: https://www.espncricinfo.com/series/ipl-2025-1449924/royal-challengers-bengaluru-vs-gujarat-titans-14th-match-1473451/full-scorecard
2025-12-11 11:04:40 - __main__ - INFO - Match 1473451 already downloaded - skipping
2025-12-11 11:04:40 - __main__ - INFO - Processing match 15/74: https://www.espncricinfo.com/series/ipl-2025-1449924/kolkata-knight-riders-vs-sunrisers-hyderabad-15th-match-1473452/full-scorecard
2025-12-11 11:04:40 - __main__ - INFO - Match 1473452 already downloaded - skipping
2025-12-11 11:04:40 - __main__ - INFO - Processing match 16/74: https://www.espncricinfo.com/series/ipl-2025-1449924/lucknow-super-giants-vs-mumbai-indians-16th-match-1473453/full-scorecard
2025-12-11 11:04:40 - __main__ - INFO - Match 1473453 already downloaded - skipping
2025-12-11 11:04:40 - __main__ - INFO - Processing match 17/74: https://www.espncricinfo.com/series/ipl-2025-1449924/chennai-super-kings-vs-delhi-capitals-17th-match-1473454/full-scorecard
2025-12-11 11:04:40 - __main__ - INFO - Match 1473454 already downloaded - skipping
2025-12-11 11:04:40 - __main__ - INFO - Processing match 18/74: https://www.espncricinfo.com/series/ipl-2025-1449924/punjab-kings-vs-rajasthan-royals-18th-match-1473455/full-scorecard
2025-12-11 11:04:40 - __main__ - INFO - Attempting to download match 1473455 (attempt 1/4)
2025-12-11 11:04:40 - scraping.player_extractor - INFO - PlayerExtractor initialized - Target: raw.match_players
2025-12-11 11:04:40 - scraping.match_scraper - INFO - Initializing WebDriver
2025-12-11 11:04:47 - scraping.match_scraper - INFO - Loading full scorecard - attempt 1
2025-12-11 11:04:59 - scraping.match_scraper - INFO - full scorecard loaded successfully
2025-12-11 11:04:59 - scraping.match_scraper - INFO - Scrolling full scorecard page
2025-12-11 11:04:59 - core.page_navigator - INFO - Scrolling page 5 times
2025-12-11 11:05:24 - core.page_navigator - INFO - Page scrolling completed
2025-12-11 11:05:27 - scraping.match_scraper - INFO - Extracting metadata
2025-12-11 11:05:28 - core.metadata_extractor - INFO - Found 14 metadata rows for match 1473455
2025-12-11 11:05:28 - core.metadata_extractor - INFO - Extracted 15 metadata fields for match 1473455
2025-12-11 11:05:28 - scraping.match_scraper - INFO - Extracting player rosters...
2025-12-11 11:05:28 - scraping.player_extractor - INFO - Extracting players for match 1473455
2025-12-11 11:05:28 - core.metadata_extractor - INFO - Extracting player names for match 1473455
2025-12-11 11:05:28 - core.metadata_extractor - INFO - Found 2 batting scorecard table(s)
2025-12-11 11:05:28 - core.metadata_extractor - INFO -   Innings 1: Rajasthan Royals (batting)
2025-12-11 11:05:28 - core.metadata_extractor - INFO -   Innings 2: Punjab Kings (batting)
2025-12-11 11:05:28 - core.metadata_extractor - INFO -   innings_1 (Rajasthan Royals): 6 batted, 5 did not bat
2025-12-11 11:05:28 - core.metadata_extractor - INFO -   innings_2 (Punjab Kings): 11 batted, 0 did not bat
2025-12-11 11:05:28 - core.metadata_extractor - INFO - Found 2 bowling table(s)
2025-12-11 11:05:28 - core.metadata_extractor - INFO -   innings_1 bowling: Punjab Kings (bowling against Rajasthan Royals)
2025-12-11 11:05:28 - core.metadata_extractor - INFO -   innings_1 bowling (Punjab Kings): 6 bowlers
2025-12-11 11:05:28 - core.metadata_extractor - INFO -   innings_2 bowling: Rajasthan Royals (bowling against Punjab Kings)
2025-12-11 11:05:28 - core.metadata_extractor - INFO -   innings_2 bowling (Rajasthan Royals): 6 bowlers
2025-12-11 11:05:28 - core.metadata_extractor - INFO - Created DataFrame with 34 player records, 24 unique players
2025-12-11 11:05:28 - scraping.player_extractor - INFO - Extracted 24 players for match 1473455
2025-12-11 11:05:28 - scraping.player_extractor - INFO -   Teams: Punjab Kings, Rajasthan Royals
2025-12-11 11:05:28 - scraping.player_extractor - INFO -   Batted: 14, Did not bat: 10
2025-12-11 11:05:28 - scraping.player_extractor - INFO -   Regular: 23, Impact: 1
2025-12-11 11:05:28 - scraping.player_extractor - INFO -   Impact players: Priyansh Arya
2025-12-11 11:05:28 - scraping.match_scraper - INFO - Stored 24 players
2025-12-11 11:05:28 - scraping.match_scraper - INFO -   - Punjab Kings
2025-12-11 11:05:28 - scraping.match_scraper - INFO -   - Rajasthan Royals
2025-12-11 11:05:28 - scraping.match_scraper - INFO - Loading commentary page - attempt 1
2025-12-11 11:05:39 - scraping.match_scraper - INFO - commentary page loaded successfully
2025-12-11 11:05:39 - scraping.match_scraper - INFO - Scrolling commentary page
2025-12-11 11:05:39 - core.page_navigator - INFO - Scrolling page 20 times
2025-12-11 11:06:40 - core.page_navigator - INFO - Page scrolling completed
2025-12-11 11:06:43 - scraping.match_scraper - INFO - Getting current innings team
2025-12-11 11:06:43 - scraping.match_scraper - INFO - Default innings: PBKS
2025-12-11 11:06:43 - scraping.match_scraper - INFO - Getting all innings options
2025-12-11 11:07:17 - core.page_navigator - INFO - Found 2 innings options: ['RR', 'PBKS']
2025-12-11 11:07:20 - scraping.match_scraper - INFO - All innings: ['RR', 'PBKS']
2025-12-11 11:07:20 - scraping.match_scraper - INFO - Regular innings: ['RR', 'PBKS']
2025-12-11 11:07:20 - scraping.match_scraper - INFO - Super overs: []
2025-12-11 11:07:20 - scraping.match_scraper - INFO - Scraping default innings: PBKS
2025-12-11 11:07:20 - core.commentary_parser - INFO - Found 128 commentary blocks
2025-12-11 11:07:20 - core.commentary_parser - INFO - Parsed 128 commentary entries
2025-12-11 11:07:20 - core.commentary_parser - INFO - Normalizing to 6 columns (most common)
2025-12-11 11:07:20 - core.commentary_parser - INFO - Normalized 128 rows to 6 columns
2025-12-11 11:07:20 - core.commentary_parser - INFO - DataFrame created with 128 rows and 6 columns
2025-12-11 11:07:20 - core.commentary_parser - INFO - Final DataFrame: 128 rows with columns: ['Ball', 'Event', 'Score', 'Commentary', 'Bowler', 'Batsman']
2025-12-11 11:07:20 - core.commentary_parser - INFO -   Rows with commentary: 128
2025-12-11 11:07:20 - core.commentary_parser - INFO -   Rows without commentary: 0
2025-12-11 11:07:20 - scraping.match_scraper - INFO - PBKS: 128 events (super_over=False)
2025-12-11 11:07:20 - scraping.match_scraper - INFO - Switching to innings: RR
2025-12-11 11:07:20 - core.page_navigator - INFO - Scrolling to top of page
2025-12-11 11:07:24 - core.page_navigator - INFO - Switching to innings: RR
2025-12-11 11:07:59 - core.page_navigator - INFO - Found target innings: RR
2025-12-11 11:08:03 - core.page_navigator - INFO - Successfully switched to RR
2025-12-11 11:08:03 - scraping.match_scraper - INFO - Successfully switched to: RR
2025-12-11 11:08:06 - core.page_navigator - INFO - Scrolling page 20 times
2025-12-11 11:09:06 - core.page_navigator - INFO - Page scrolling completed
2025-12-11 11:09:09 - scraping.match_scraper - INFO - Scraping innings: RR
2025-12-11 11:09:10 - core.commentary_parser - INFO - Found 125 commentary blocks
2025-12-11 11:09:10 - core.commentary_parser - INFO - Parsed 125 commentary entries
2025-12-11 11:09:10 - core.commentary_parser - INFO - Normalizing to 6 columns (most common)
2025-12-11 11:09:10 - core.commentary_parser - INFO - Normalized 125 rows to 6 columns
2025-12-11 11:09:10 - core.commentary_parser - INFO - DataFrame created with 125 rows and 6 columns
2025-12-11 11:09:10 - core.commentary_parser - INFO - Final DataFrame: 125 rows with columns: ['Ball', 'Event', 'Score', 'Commentary', 'Bowler', 'Batsman']
2025-12-11 11:09:10 - core.commentary_parser - INFO -   Rows with commentary: 125
2025-12-11 11:09:10 - core.commentary_parser - INFO -   Rows without commentary: 0
2025-12-11 11:09:10 - scraping.match_scraper - INFO - RR: 125 events (super_over=False)
2025-12-11 11:09:10 - scraping.match_scraper - INFO - Combining all innings dataframes
2025-12-11 11:09:10 - scraping.match_scraper - INFO - Total events: 253 across 2 innings
2025-12-11 11:09:10 - scraping.match_scraper - INFO -   - Regular innings: 253 events
2025-12-11 11:09:10 - scraping.match_scraper - INFO -   - Super over(s): 0 events
2025-12-11 11:09:10 - scraping.match_scraper - INFO - Saving commentary to database
2025-12-11 11:09:10 - scraping.match_scraper - INFO - Commentary saved: 253 total events
2025-12-11 11:09:10 - scraping.match_scraper - INFO - Saving metadata to database
2025-12-11 11:09:10 - scraping.match_scraper - INFO - Metadata saved with super_over_count=0
2025-12-11 11:09:10 - scraping.match_scraper - INFO - Saving match players to database
2025-12-11 11:09:10 - scraping.match_scraper - INFO - Successfully completed scraping match 1473455
2025-12-11 11:09:10 - scraping.match_scraper - INFO - Closing WebDriver
2025-12-11 11:09:13 - __main__ - INFO - Successfully downloaded match 1473455
2025-12-11 11:09:23 - __main__ - INFO - Processing match 19/74: https://www.espncricinfo.com/series/ipl-2025-1449924/sunrisers-hyderabad-vs-gujarat-titans-19th-match-1473457/full-scorecard
2025-12-11 11:09:23 - __main__ - INFO - Attempting to download match 1473457 (attempt 1/4)
2025-12-11 11:09:23 - scraping.player_extractor - INFO - PlayerExtractor initialized - Target: raw.match_players
2025-12-11 11:09:23 - scraping.match_scraper - INFO - Initializing WebDriver
2025-12-11 11:09:30 - scraping.match_scraper - INFO - Loading full scorecard - attempt 1
2025-12-11 11:09:42 - scraping.match_scraper - INFO - full scorecard loaded successfully
2025-12-11 11:09:42 - scraping.match_scraper - INFO - Scrolling full scorecard page
2025-12-11 11:09:42 - core.page_navigator - INFO - Scrolling page 5 times
2025-12-11 11:10:06 - core.page_navigator - INFO - Page scrolling completed
2025-12-11 11:10:09 - scraping.match_scraper - INFO - Extracting metadata
2025-12-11 11:10:12 - core.metadata_extractor - INFO - Found 14 metadata rows for match 1473457
2025-12-11 11:10:12 - core.metadata_extractor - INFO - Extracted 15 metadata fields for match 1473457
2025-12-11 11:10:12 - scraping.match_scraper - INFO - Extracting player rosters...
2025-12-11 11:10:13 - scraping.player_extractor - INFO - Extracting players for match 1473457
2025-12-11 11:10:13 - core.metadata_extractor - INFO - Extracting player names for match 1473457
2025-12-11 11:10:13 - core.metadata_extractor - INFO - Found 2 batting scorecard table(s)
2025-12-11 11:10:13 - core.metadata_extractor - INFO -   Innings 1: Sunrisers Hyderabad (batting)
2025-12-11 11:10:13 - core.metadata_extractor - INFO -   Innings 2: Gujarat Titans (batting)
2025-12-11 11:10:13 - core.metadata_extractor - INFO -   innings_1 (Sunrisers Hyderabad): 10 batted, 2 did not bat
2025-12-11 11:10:13 - core.metadata_extractor - INFO -   innings_2 (Gujarat Titans): 5 batted, 6 did not bat
2025-12-11 11:10:13 - core.metadata_extractor - INFO - Found 2 bowling table(s)
2025-12-11 11:10:13 - core.metadata_extractor - INFO -   innings_1 bowling: Gujarat Titans (bowling against Sunrisers Hyderabad)
2025-12-11 11:10:13 - core.metadata_extractor - INFO -   innings_1 bowling (Gujarat Titans): 5 bowlers
2025-12-11 11:10:13 - core.metadata_extractor - INFO -   innings_2 bowling: Sunrisers Hyderabad (bowling against Gujarat Titans)
2025-12-11 11:10:13 - core.metadata_extractor - INFO -   innings_2 bowling (Sunrisers Hyderabad): 7 bowlers
2025-12-11 11:10:13 - core.metadata_extractor - INFO - Created DataFrame with 35 player records, 24 unique players
2025-12-11 11:10:13 - scraping.player_extractor - INFO - Extracted 24 players for match 1473457
2025-12-11 11:10:13 - scraping.player_extractor - INFO -   Teams: Sunrisers Hyderabad, Gujarat Titans
2025-12-11 11:10:13 - scraping.player_extractor - INFO -   Batted: 13, Did not bat: 11
2025-12-11 11:10:13 - scraping.player_extractor - INFO -   Regular: 22, Impact: 2
2025-12-11 11:10:13 - scraping.player_extractor - INFO -   Impact players: Simarjeet Singh, Sherfane Rutherford
2025-12-11 11:10:13 - scraping.match_scraper - INFO - Stored 24 players
2025-12-11 11:10:13 - scraping.match_scraper - INFO -   - Sunrisers Hyderabad
2025-12-11 11:10:13 - scraping.match_scraper - INFO -   - Gujarat Titans
2025-12-11 11:10:13 - scraping.match_scraper - INFO - Loading commentary page - attempt 1
2025-12-11 11:10:26 - scraping.match_scraper - INFO - commentary page loaded successfully
2025-12-11 11:10:26 - scraping.match_scraper - INFO - Scrolling commentary page
2025-12-11 11:10:26 - core.page_navigator - INFO - Scrolling page 20 times
2025-12-11 11:11:27 - core.page_navigator - INFO - Page scrolling completed
2025-12-11 11:11:30 - scraping.match_scraper - INFO - Getting current innings team
2025-12-11 11:11:30 - scraping.match_scraper - INFO - Default innings: GT
2025-12-11 11:11:30 - scraping.match_scraper - INFO - Getting all innings options
2025-12-11 11:12:05 - core.page_navigator - INFO - Found 2 innings options: ['SRH', 'GT']
2025-12-11 11:12:07 - scraping.match_scraper - INFO - All innings: ['SRH', 'GT']
2025-12-11 11:12:07 - scraping.match_scraper - INFO - Regular innings: ['SRH', 'GT']
2025-12-11 11:12:07 - scraping.match_scraper - INFO - Super overs: []
2025-12-11 11:12:07 - scraping.match_scraper - INFO - Scraping default innings: GT
2025-12-11 11:12:08 - core.commentary_parser - INFO - Found 103 commentary blocks
2025-12-11 11:12:08 - core.commentary_parser - INFO - Parsed 103 commentary entries
2025-12-11 11:12:08 - core.commentary_parser - INFO - Normalizing to 6 columns (most common)
2025-12-11 11:12:08 - core.commentary_parser - INFO - Normalized 103 rows to 6 columns
2025-12-11 11:12:08 - core.commentary_parser - INFO - DataFrame created with 103 rows and 6 columns
2025-12-11 11:12:08 - core.commentary_parser - INFO - Final DataFrame: 103 rows with columns: ['Ball', 'Event', 'Score', 'Commentary', 'Bowler', 'Batsman']
2025-12-11 11:12:08 - core.commentary_parser - INFO -   Rows with commentary: 103
2025-12-11 11:12:08 - core.commentary_parser - INFO -   Rows without commentary: 0
2025-12-11 11:12:08 - scraping.match_scraper - INFO - GT: 103 events (super_over=False)
2025-12-11 11:12:08 - scraping.match_scraper - INFO - Switching to innings: SRH
2025-12-11 11:12:08 - core.page_navigator - INFO - Scrolling to top of page
2025-12-11 11:12:12 - core.page_navigator - INFO - Switching to innings: SRH
2025-12-11 11:12:46 - core.page_navigator - INFO - Found target innings: SRH
2025-12-11 11:12:50 - core.page_navigator - INFO - Successfully switched to SRH
2025-12-11 11:12:50 - scraping.match_scraper - INFO - Successfully switched to: SRH
2025-12-11 11:12:53 - core.page_navigator - INFO - Scrolling page 20 times
2025-12-11 11:13:54 - core.page_navigator - INFO - Page scrolling completed
2025-12-11 11:13:57 - scraping.match_scraper - INFO - Scraping innings: SRH
2025-12-11 11:13:57 - core.commentary_parser - INFO - Found 122 commentary blocks
2025-12-11 11:13:57 - core.commentary_parser - INFO - Parsed 122 commentary entries
2025-12-11 11:13:57 - core.commentary_parser - INFO - Normalizing to 6 columns (most common)
2025-12-11 11:13:57 - core.commentary_parser - INFO - Normalized 122 rows to 6 columns
2025-12-11 11:13:57 - core.commentary_parser - INFO - DataFrame created with 122 rows and 6 columns
2025-12-11 11:13:57 - core.commentary_parser - INFO - Final DataFrame: 122 rows with columns: ['Ball', 'Event', 'Score', 'Commentary', 'Bowler', 'Batsman']
2025-12-11 11:13:57 - core.commentary_parser - INFO -   Rows with commentary: 122
2025-12-11 11:13:57 - core.commentary_parser - INFO -   Rows without commentary: 0
2025-12-11 11:13:57 - scraping.match_scraper - INFO - SRH: 122 events (super_over=False)
2025-12-11 11:13:57 - scraping.match_scraper - INFO - Combining all innings dataframes
2025-12-11 11:13:57 - scraping.match_scraper - INFO - Total events: 225 across 2 innings
2025-12-11 11:13:57 - scraping.match_scraper - INFO -   - Regular innings: 225 events
2025-12-11 11:13:57 - scraping.match_scraper - INFO -   - Super over(s): 0 events
2025-12-11 11:13:57 - scraping.match_scraper - INFO - Saving commentary to database
2025-12-11 11:13:57 - scraping.match_scraper - INFO - Commentary saved: 225 total events
2025-12-11 11:13:57 - scraping.match_scraper - INFO - Saving metadata to database
2025-12-11 11:13:57 - scraping.match_scraper - INFO - Metadata saved with super_over_count=0
2025-12-11 11:13:57 - scraping.match_scraper - INFO - Saving match players to database
2025-12-11 11:13:57 - scraping.match_scraper - INFO - Successfully completed scraping match 1473457
2025-12-11 11:13:57 - scraping.match_scraper - INFO - Closing WebDriver
2025-12-11 11:14:00 - __main__ - INFO - Successfully downloaded match 1473457
2025-12-11 11:14:10 - __main__ - INFO - Processing match 20/74: https://www.espncricinfo.com/series/ipl-2025-1449924/mumbai-indians-vs-royal-challengers-bengaluru-20th-match-1473458/full-scorecard
2025-12-11 11:14:10 - __main__ - INFO - Attempting to download match 1473458 (attempt 1/4)
2025-12-11 11:14:10 - scraping.player_extractor - INFO - PlayerExtractor initialized - Target: raw.match_players
2025-12-11 11:14:10 - scraping.match_scraper - INFO - Initializing WebDriver
2025-12-11 11:14:17 - scraping.match_scraper - INFO - Loading full scorecard - attempt 1
2025-12-11 11:14:29 - scraping.match_scraper - INFO - full scorecard loaded successfully
2025-12-11 11:14:29 - scraping.match_scraper - INFO - Scrolling full scorecard page
2025-12-11 11:14:29 - core.page_navigator - INFO - Scrolling page 5 times
2025-12-11 11:14:49 - core.page_navigator - INFO - Page scrolling completed
2025-12-11 11:14:52 - scraping.match_scraper - INFO - Extracting metadata
2025-12-11 11:14:53 - core.metadata_extractor - INFO - Found 14 metadata rows for match 1473458
2025-12-11 11:14:53 - core.metadata_extractor - INFO - Extracted 15 metadata fields for match 1473458
2025-12-11 11:14:53 - scraping.match_scraper - INFO - Extracting player rosters...
2025-12-11 11:14:53 - scraping.player_extractor - INFO - Extracting players for match 1473458
2025-12-11 11:14:53 - core.metadata_extractor - INFO - Extracting player names for match 1473458
2025-12-11 11:14:53 - core.metadata_extractor - INFO - Found 2 batting scorecard table(s)
2025-12-11 11:14:53 - core.metadata_extractor - INFO -   Innings 1: Royal Challengers Bengaluru (batting)
2025-12-11 11:14:53 - core.metadata_extractor - INFO -   Innings 2: Mumbai Indians (batting)
2025-12-11 11:14:53 - core.metadata_extractor - INFO -   innings_1 (Royal Challengers Bengaluru): 7 batted, 4 did not bat
2025-12-11 11:14:53 - core.metadata_extractor - INFO -   innings_2 (Mumbai Indians): 11 batted, 0 did not bat
2025-12-11 11:14:53 - core.metadata_extractor - INFO - Found 2 bowling table(s)
2025-12-11 11:14:53 - core.metadata_extractor - INFO -   innings_1 bowling: Mumbai Indians (bowling against Royal Challengers Bengaluru)
2025-12-11 11:14:53 - core.metadata_extractor - INFO -   innings_1 bowling (Mumbai Indians): 7 bowlers
2025-12-11 11:14:53 - core.metadata_extractor - INFO -   innings_2 bowling: Royal Challengers Bengaluru (bowling against Mumbai Indians)
2025-12-11 11:14:53 - core.metadata_extractor - INFO -   innings_2 bowling (Royal Challengers Bengaluru): 5 bowlers
2025-12-11 11:14:53 - core.metadata_extractor - INFO - Created DataFrame with 34 player records, 24 unique players
2025-12-11 11:14:53 - scraping.player_extractor - INFO - Extracted 24 players for match 1473458
2025-12-11 11:14:53 - scraping.player_extractor - INFO -   Teams: Mumbai Indians, Royal Challengers Bengaluru
2025-12-11 11:14:53 - scraping.player_extractor - INFO -   Batted: 16, Did not bat: 8
2025-12-11 11:14:53 - scraping.player_extractor - INFO -   Regular: 23, Impact: 1
2025-12-11 11:14:53 - scraping.player_extractor - INFO -   Impact players: Rohit Sharma
2025-12-11 11:14:53 - scraping.match_scraper - INFO - Stored 24 players
2025-12-11 11:14:53 - scraping.match_scraper - INFO -   - Mumbai Indians
2025-12-11 11:14:53 - scraping.match_scraper - INFO -   - Royal Challengers Bengaluru
2025-12-11 11:14:53 - scraping.match_scraper - INFO - Loading commentary page - attempt 1
2025-12-11 11:15:04 - scraping.match_scraper - INFO - commentary page loaded successfully
2025-12-11 11:15:04 - scraping.match_scraper - INFO - Scrolling commentary page
2025-12-11 11:15:04 - core.page_navigator - INFO - Scrolling page 20 times
2025-12-11 11:16:04 - core.page_navigator - INFO - Page scrolling completed
2025-12-11 11:16:07 - scraping.match_scraper - INFO - Getting current innings team
2025-12-11 11:16:07 - scraping.match_scraper - INFO - Default innings: MI
2025-12-11 11:16:07 - scraping.match_scraper - INFO - Getting all innings options
2025-12-11 11:16:42 - core.page_navigator - INFO - Found 2 innings options: ['RCB', 'MI']
2025-12-11 11:16:44 - scraping.match_scraper - INFO - All innings: ['RCB', 'MI']
2025-12-11 11:16:44 - scraping.match_scraper - INFO - Regular innings: ['RCB', 'MI']
2025-12-11 11:16:44 - scraping.match_scraper - INFO - Super overs: []
2025-12-11 11:16:44 - scraping.match_scraper - INFO - Scraping default innings: MI
2025-12-11 11:16:45 - core.commentary_parser - INFO - Found 126 commentary blocks
2025-12-11 11:16:45 - core.commentary_parser - INFO - Parsed 126 commentary entries
2025-12-11 11:16:45 - core.commentary_parser - INFO - Normalizing to 6 columns (most common)
2025-12-11 11:16:45 - core.commentary_parser - INFO - Normalized 126 rows to 6 columns
2025-12-11 11:16:45 - core.commentary_parser - INFO - DataFrame created with 126 rows and 6 columns
2025-12-11 11:16:45 - core.commentary_parser - INFO - Final DataFrame: 126 rows with columns: ['Ball', 'Event', 'Score', 'Commentary', 'Bowler', 'Batsman']
2025-12-11 11:16:45 - core.commentary_parser - INFO -   Rows with commentary: 126
2025-12-11 11:16:45 - core.commentary_parser - INFO -   Rows without commentary: 0
2025-12-11 11:16:45 - scraping.match_scraper - INFO - MI: 126 events (super_over=False)
2025-12-11 11:16:45 - scraping.match_scraper - INFO - Switching to innings: RCB
2025-12-11 11:16:45 - core.page_navigator - INFO - Scrolling to top of page
2025-12-11 11:16:49 - core.page_navigator - INFO - Switching to innings: RCB
2025-12-11 11:17:23 - core.page_navigator - INFO - Found target innings: RCB
2025-12-11 11:17:27 - core.page_navigator - INFO - Successfully switched to RCB
2025-12-11 11:17:27 - scraping.match_scraper - INFO - Successfully switched to: RCB
2025-12-11 11:17:30 - core.page_navigator - INFO - Scrolling page 20 times
2025-12-11 11:18:30 - core.page_navigator - INFO - Page scrolling completed
2025-12-11 11:18:33 - scraping.match_scraper - INFO - Scraping innings: RCB
2025-12-11 11:18:34 - core.commentary_parser - INFO - Found 127 commentary blocks
2025-12-11 11:18:34 - core.commentary_parser - INFO - Parsed 127 commentary entries
2025-12-11 11:18:34 - core.commentary_parser - INFO - Normalizing to 6 columns (most common)
2025-12-11 11:18:34 - core.commentary_parser - INFO - Normalized 127 rows to 6 columns
2025-12-11 11:18:34 - core.commentary_parser - INFO - DataFrame created with 127 rows and 6 columns
2025-12-11 11:18:34 - core.commentary_parser - INFO - Final DataFrame: 127 rows with columns: ['Ball', 'Event', 'Score', 'Commentary', 'Bowler', 'Batsman']
2025-12-11 11:18:34 - core.commentary_parser - INFO -   Rows with commentary: 127
2025-12-11 11:18:34 - core.commentary_parser - INFO -   Rows without commentary: 0
2025-12-11 11:18:34 - scraping.match_scraper - INFO - RCB: 127 events (super_over=False)
2025-12-11 11:18:34 - scraping.match_scraper - INFO - Combining all innings dataframes
2025-12-11 11:18:34 - scraping.match_scraper - INFO - Total events: 253 across 2 innings
2025-12-11 11:18:34 - scraping.match_scraper - INFO -   - Regular innings: 253 events
2025-12-11 11:18:34 - scraping.match_scraper - INFO -   - Super over(s): 0 events
2025-12-11 11:18:34 - scraping.match_scraper - INFO - Saving commentary to database
2025-12-11 11:18:34 - scraping.match_scraper - INFO - Commentary saved: 253 total events
2025-12-11 11:18:34 - scraping.match_scraper - INFO - Saving metadata to database
2025-12-11 11:18:34 - scraping.match_scraper - INFO - Metadata saved with super_over_count=0
2025-12-11 11:18:34 - scraping.match_scraper - INFO - Saving match players to database
2025-12-11 11:18:34 - scraping.match_scraper - INFO - Successfully completed scraping match 1473458
2025-12-11 11:18:34 - scraping.match_scraper - INFO - Closing WebDriver
2025-12-11 11:18:37 - __main__ - INFO - Successfully downloaded match 1473458
2025-12-11 11:18:47 - __main__ - INFO - Processing match 21/74: https://www.espncricinfo.com/series/ipl-2025-1449924/kolkata-knight-riders-vs-lucknow-super-giants-21st-match-1473456/full-scorecard
2025-12-11 11:18:47 - __main__ - INFO - Attempting to download match 1473456 (attempt 1/4)
2025-12-11 11:18:47 - scraping.player_extractor - INFO - PlayerExtractor initialized - Target: raw.match_players
2025-12-11 11:18:47 - scraping.match_scraper - INFO - Initializing WebDriver
2025-12-11 11:18:54 - scraping.match_scraper - INFO - Loading full scorecard - attempt 1
2025-12-11 11:19:06 - scraping.match_scraper - INFO - full scorecard loaded successfully
2025-12-11 11:19:06 - scraping.match_scraper - INFO - Scrolling full scorecard page
2025-12-11 11:19:06 - core.page_navigator - INFO - Scrolling page 5 times
2025-12-11 11:19:32 - core.page_navigator - INFO - Page scrolling completed
2025-12-11 11:19:35 - scraping.match_scraper - INFO - Extracting metadata
2025-12-11 11:24:39 - scraping.match_scraper - INFO - Closing WebDriver
2025-12-11 11:24:44 - __main__ - INFO - Cricket Data Pipeline Started
2025-12-11 11:24:44 - __main__ - INFO - STEP 1: Initializing database and schemas
2025-12-11 11:24:45 - configs.db_config - INFO - Initializing Medallion Architecture schemas...
2025-12-11 11:24:45 - configs.db_config - INFO - Medallion schemas (Bronze, Silver, Gold) initialized
2025-12-11 11:24:45 - __main__ - INFO - Database initialization complete
2025-12-11 11:24:45 - __main__ - INFO - STEP 2: Loading configuration
2025-12-11 11:24:45 - __main__ - INFO - Configuration loaded successfully
2025-12-11 11:24:45 - __main__ - INFO - STEP 3: Scraping data from Cricinfo
2025-12-11 11:24:45 - __main__ - INFO - Initializing match tracker
2025-12-11 11:24:45 - __main__ - INFO - Current Status: 20 matches already downloaded
2025-12-11 11:24:45 - __main__ - INFO - Fetching match schedule from Cricinfo
2025-12-11 11:24:45 - scraping.schedule_scraper - INFO - Initializing WebDriver for schedule scraping
2025-12-11 11:24:51 - scraping.schedule_scraper - INFO - Loading schedule page - attempt 1
2025-12-11 11:25:04 - scraping.schedule_scraper - INFO - Schedule page loaded successfully
2025-12-11 11:25:04 - scraping.schedule_scraper - INFO - Parsing schedule page with BeautifulSoup
2025-12-11 11:25:07 - scraping.schedule_scraper - INFO - Extracting match links from schedule
2025-12-11 11:25:07 - scraping.schedule_scraper - INFO - Successfully extracted 102 match links
2025-12-11 11:25:07 - scraping.schedule_scraper - INFO - Closing WebDriver
2025-12-11 11:25:10 - __main__ - INFO - Found 102 total links
2025-12-11 11:25:10 - __main__ - INFO - Found 74 match scorecards
2025-12-11 11:25:10 - __main__ - INFO - Loading match cache
2025-12-11 11:25:10 - __main__ - INFO - Starting match scraping process with retry logic
2025-12-11 11:25:10 - __main__ - INFO - Processing match 1/74: https://www.espncricinfo.com/series/ipl-2025-1449924/kolkata-knight-riders-vs-royal-challengers-bengaluru-1st-match-1473438/full-scorecard
2025-12-11 11:25:10 - __main__ - INFO - Match 1473438 already downloaded - skipping
2025-12-11 11:25:10 - __main__ - INFO - Processing match 2/74: https://www.espncricinfo.com/series/ipl-2025-1449924/sunrisers-hyderabad-vs-rajasthan-royals-2nd-match-1473439/full-scorecard
2025-12-11 11:25:10 - __main__ - INFO - Match 1473439 already downloaded - skipping
2025-12-11 11:25:10 - __main__ - INFO - Processing match 3/74: https://www.espncricinfo.com/series/ipl-2025-1449924/chennai-super-kings-vs-mumbai-indians-3rd-match-1473440/full-scorecard
2025-12-11 11:25:10 - __main__ - INFO - Match 1473440 already downloaded - skipping
2025-12-11 11:25:10 - __main__ - INFO - Processing match 4/74: https://www.espncricinfo.com/series/ipl-2025-1449924/delhi-capitals-vs-lucknow-super-giants-4th-match-1473441/full-scorecard
2025-12-11 11:25:10 - __main__ - INFO - Match 1473441 already downloaded - skipping
2025-12-11 11:25:10 - __main__ - INFO - Processing match 5/74: https://www.espncricinfo.com/series/ipl-2025-1449924/gujarat-titans-vs-punjab-kings-5th-match-1473442/full-scorecard
2025-12-11 11:25:10 - __main__ - INFO - Match 1473442 already downloaded - skipping
2025-12-11 11:25:10 - __main__ - INFO - Processing match 6/74: https://www.espncricinfo.com/series/ipl-2025-1449924/rajasthan-royals-vs-kolkata-knight-riders-6th-match-1473443/full-scorecard
2025-12-11 11:25:10 - __main__ - INFO - Match 1473443 already downloaded - skipping
2025-12-11 11:25:10 - __main__ - INFO - Processing match 7/74: https://www.espncricinfo.com/series/ipl-2025-1449924/sunrisers-hyderabad-vs-lucknow-super-giants-7th-match-1473444/full-scorecard
2025-12-11 11:25:10 - __main__ - INFO - Match 1473444 already downloaded - skipping
2025-12-11 11:25:10 - __main__ - INFO - Processing match 8/74: https://www.espncricinfo.com/series/ipl-2025-1449924/chennai-super-kings-vs-royal-challengers-bengaluru-8th-match-1473445/full-scorecard
2025-12-11 11:25:10 - __main__ - INFO - Match 1473445 already downloaded - skipping
2025-12-11 11:25:10 - __main__ - INFO - Processing match 9/74: https://www.espncricinfo.com/series/ipl-2025-1449924/gujarat-titans-vs-mumbai-indians-9th-match-1473446/full-scorecard
2025-12-11 11:25:10 - __main__ - INFO - Match 1473446 already downloaded - skipping
2025-12-11 11:25:10 - __main__ - INFO - Processing match 10/74: https://www.espncricinfo.com/series/ipl-2025-1449924/delhi-capitals-vs-sunrisers-hyderabad-10th-match-1473447/full-scorecard
2025-12-11 11:25:10 - __main__ - INFO - Match 1473447 already downloaded - skipping
2025-12-11 11:25:10 - __main__ - INFO - Processing match 11/74: https://www.espncricinfo.com/series/ipl-2025-1449924/rajasthan-royals-vs-chennai-super-kings-11th-match-1473448/full-scorecard
2025-12-11 11:25:10 - __main__ - INFO - Match 1473448 already downloaded - skipping
2025-12-11 11:25:10 - __main__ - INFO - Processing match 12/74: https://www.espncricinfo.com/series/ipl-2025-1449924/mumbai-indians-vs-kolkata-knight-riders-12th-match-1473449/full-scorecard
2025-12-11 11:25:10 - __main__ - INFO - Match 1473449 already downloaded - skipping
2025-12-11 11:25:10 - __main__ - INFO - Processing match 13/74: https://www.espncricinfo.com/series/ipl-2025-1449924/lucknow-super-giants-vs-punjab-kings-13th-match-1473450/full-scorecard
2025-12-11 11:25:10 - __main__ - INFO - Match 1473450 already downloaded - skipping
2025-12-11 11:25:10 - __main__ - INFO - Processing match 14/74: https://www.espncricinfo.com/series/ipl-2025-1449924/royal-challengers-bengaluru-vs-gujarat-titans-14th-match-1473451/full-scorecard
2025-12-11 11:25:10 - __main__ - INFO - Match 1473451 already downloaded - skipping
2025-12-11 11:25:10 - __main__ - INFO - Processing match 15/74: https://www.espncricinfo.com/series/ipl-2025-1449924/kolkata-knight-riders-vs-sunrisers-hyderabad-15th-match-1473452/full-scorecard
2025-12-11 11:25:10 - __main__ - INFO - Match 1473452 already downloaded - skipping
2025-12-11 11:25:10 - __main__ - INFO - Processing match 16/74: https://www.espncricinfo.com/series/ipl-2025-1449924/lucknow-super-giants-vs-mumbai-indians-16th-match-1473453/full-scorecard
2025-12-11 11:25:10 - __main__ - INFO - Match 1473453 already downloaded - skipping
2025-12-11 11:25:10 - __main__ - INFO - Processing match 17/74: https://www.espncricinfo.com/series/ipl-2025-1449924/chennai-super-kings-vs-delhi-capitals-17th-match-1473454/full-scorecard
2025-12-11 11:25:10 - __main__ - INFO - Match 1473454 already downloaded - skipping
2025-12-11 11:25:10 - __main__ - INFO - Processing match 18/74: https://www.espncricinfo.com/series/ipl-2025-1449924/punjab-kings-vs-rajasthan-royals-18th-match-1473455/full-scorecard
2025-12-11 11:25:10 - __main__ - INFO - Match 1473455 already downloaded - skipping
2025-12-11 11:25:10 - __main__ - INFO - Processing match 19/74: https://www.espncricinfo.com/series/ipl-2025-1449924/sunrisers-hyderabad-vs-gujarat-titans-19th-match-1473457/full-scorecard
2025-12-11 11:25:10 - __main__ - INFO - Match 1473457 already downloaded - skipping
2025-12-11 11:25:10 - __main__ - INFO - Processing match 20/74: https://www.espncricinfo.com/series/ipl-2025-1449924/mumbai-indians-vs-royal-challengers-bengaluru-20th-match-1473458/full-scorecard
2025-12-11 11:25:10 - __main__ - INFO - Match 1473458 already downloaded - skipping
2025-12-11 11:25:10 - __main__ - INFO - Processing match 21/74: https://www.espncricinfo.com/series/ipl-2025-1449924/kolkata-knight-riders-vs-lucknow-super-giants-21st-match-1473456/full-scorecard
2025-12-11 11:25:10 - __main__ - INFO - Attempting to download match 1473456 (attempt 1/4)
2025-12-11 11:25:10 - scraping.player_extractor - INFO - PlayerExtractor initialized - Target: raw.match_players
2025-12-11 11:25:10 - scraping.match_scraper - INFO - Initializing WebDriver
2025-12-11 11:25:18 - scraping.match_scraper - INFO - Loading full scorecard - attempt 1
2025-12-11 11:25:32 - scraping.match_scraper - INFO - full scorecard loaded successfully
2025-12-11 11:25:32 - scraping.match_scraper - INFO - Scrolling full scorecard page
2025-12-11 11:25:32 - core.page_navigator - INFO - Scrolling page 5 times
2025-12-11 11:25:53 - core.page_navigator - INFO - Page scrolling completed
2025-12-11 11:25:56 - scraping.match_scraper - INFO - Extracting metadata
2025-12-11 11:25:56 - core.metadata_extractor - INFO - Found 14 metadata rows for match 1473456
2025-12-11 11:25:56 - core.metadata_extractor - INFO - Extracted 15 metadata fields for match 1473456
2025-12-11 11:25:56 - scraping.match_scraper - INFO - Extracting player rosters...
2025-12-11 11:25:57 - scraping.player_extractor - INFO - Extracting players for match 1473456
2025-12-11 11:25:57 - core.metadata_extractor - INFO - Extracting player names for match 1473456
2025-12-11 11:25:57 - core.metadata_extractor - INFO - Found 2 batting scorecard table(s)
2025-12-11 11:25:57 - core.metadata_extractor - INFO -   Innings 1: Lucknow Super Giants (batting)
2025-12-11 11:25:57 - core.metadata_extractor - INFO -   Innings 2: Kolkata Knight Riders (batting)
2025-12-11 11:25:57 - core.metadata_extractor - INFO -   innings_1 (Lucknow Super Giants): 5 batted, 6 did not bat
2025-12-11 11:25:57 - core.metadata_extractor - INFO -   innings_2 (Kolkata Knight Riders): 9 batted, 2 did not bat
2025-12-11 11:25:57 - core.metadata_extractor - INFO - Found 2 bowling table(s)
2025-12-11 11:25:57 - core.metadata_extractor - INFO -   innings_1 bowling: Kolkata Knight Riders (bowling against Lucknow Super Giants)
2025-12-11 11:25:57 - core.metadata_extractor - INFO -   innings_1 bowling (Kolkata Knight Riders): 6 bowlers
2025-12-11 11:25:57 - core.metadata_extractor - INFO -   innings_2 bowling: Lucknow Super Giants (bowling against Kolkata Knight Riders)
2025-12-11 11:25:57 - core.metadata_extractor - INFO -   innings_2 bowling (Lucknow Super Giants): 5 bowlers
2025-12-11 11:25:57 - core.metadata_extractor - INFO - Created DataFrame with 33 player records, 24 unique players
2025-12-11 11:25:57 - scraping.player_extractor - INFO - Extracted 24 players for match 1473456
2025-12-11 11:25:57 - scraping.player_extractor - INFO -   Teams: Kolkata Knight Riders, Lucknow Super Giants
2025-12-11 11:25:57 - scraping.player_extractor - INFO -   Batted: 11, Did not bat: 13
2025-12-11 11:25:57 - scraping.player_extractor - INFO -   Regular: 23, Impact: 1
2025-12-11 11:25:57 - scraping.player_extractor - INFO -   Impact players: Angkrish Raghuvanshi
2025-12-11 11:25:57 - scraping.match_scraper - INFO - Stored 24 players
2025-12-11 11:25:57 - scraping.match_scraper - INFO -   - Kolkata Knight Riders
2025-12-11 11:25:57 - scraping.match_scraper - INFO -   - Lucknow Super Giants
2025-12-11 11:25:57 - scraping.match_scraper - INFO - Loading commentary page - attempt 1
2025-12-11 11:26:07 - scraping.match_scraper - INFO - commentary page loaded successfully
2025-12-11 11:26:07 - scraping.match_scraper - INFO - Scrolling commentary page
2025-12-11 11:26:07 - core.page_navigator - INFO - Scrolling page 20 times
2025-12-11 11:27:11 - core.page_navigator - INFO - Page scrolling completed
2025-12-11 11:27:14 - scraping.match_scraper - INFO - Getting current innings team
2025-12-11 11:27:14 - scraping.match_scraper - INFO - Default innings: KKR
2025-12-11 11:27:14 - scraping.match_scraper - INFO - Getting all innings options
2025-12-11 11:27:49 - core.page_navigator - INFO - Found 2 innings options: ['LSG', 'KKR']
2025-12-11 11:27:52 - scraping.match_scraper - INFO - All innings: ['LSG', 'KKR']
2025-12-11 11:27:52 - scraping.match_scraper - INFO - Regular innings: ['LSG', 'KKR']
2025-12-11 11:27:52 - scraping.match_scraper - INFO - Super overs: []
2025-12-11 11:27:52 - scraping.match_scraper - INFO - Scraping default innings: KKR
2025-12-11 11:27:52 - core.commentary_parser - INFO - Found 136 commentary blocks
2025-12-11 11:27:52 - core.commentary_parser - INFO - Parsed 136 commentary entries
2025-12-11 11:27:52 - core.commentary_parser - INFO - Normalizing to 6 columns (most common)
2025-12-11 11:27:52 - core.commentary_parser - INFO - Normalized 136 rows to 6 columns
2025-12-11 11:27:52 - core.commentary_parser - INFO - DataFrame created with 136 rows and 6 columns
2025-12-11 11:27:52 - core.commentary_parser - INFO - Final DataFrame: 136 rows with columns: ['Ball', 'Event', 'Score', 'Commentary', 'Bowler', 'Batsman']
2025-12-11 11:27:52 - core.commentary_parser - INFO -   Rows with commentary: 136
2025-12-11 11:27:52 - core.commentary_parser - INFO -   Rows without commentary: 0
2025-12-11 11:27:52 - scraping.match_scraper - INFO - KKR: 136 events (super_over=False)
2025-12-11 11:27:52 - scraping.match_scraper - INFO - Switching to innings: LSG
2025-12-11 11:27:52 - core.page_navigator - INFO - Scrolling to top of page
2025-12-11 11:27:56 - core.page_navigator - INFO - Switching to innings: LSG
2025-12-11 11:28:30 - core.page_navigator - INFO - Found target innings: LSG
2025-12-11 11:28:34 - core.page_navigator - INFO - Successfully switched to LSG
2025-12-11 11:28:34 - scraping.match_scraper - INFO - Successfully switched to: LSG
2025-12-11 11:28:37 - core.page_navigator - INFO - Scrolling page 20 times
2025-12-11 11:29:38 - core.page_navigator - INFO - Page scrolling completed
2025-12-11 11:29:41 - scraping.match_scraper - INFO - Scraping innings: LSG
2025-12-11 11:29:41 - core.commentary_parser - INFO - Found 128 commentary blocks
2025-12-11 11:29:41 - core.commentary_parser - INFO - Parsed 128 commentary entries
2025-12-11 11:29:41 - core.commentary_parser - INFO - Normalizing to 6 columns (most common)
2025-12-11 11:29:41 - core.commentary_parser - INFO - Normalized 128 rows to 6 columns
2025-12-11 11:29:41 - core.commentary_parser - INFO - DataFrame created with 128 rows and 6 columns
2025-12-11 11:29:41 - core.commentary_parser - INFO - Final DataFrame: 128 rows with columns: ['Ball', 'Event', 'Score', 'Commentary', 'Bowler', 'Batsman']
2025-12-11 11:29:41 - core.commentary_parser - INFO -   Rows with commentary: 128
2025-12-11 11:29:41 - core.commentary_parser - INFO -   Rows without commentary: 0
2025-12-11 11:29:41 - scraping.match_scraper - INFO - LSG: 128 events (super_over=False)
2025-12-11 11:29:41 - scraping.match_scraper - INFO - Combining all innings dataframes
2025-12-11 11:29:41 - scraping.match_scraper - INFO - Total events: 264 across 2 innings
2025-12-11 11:29:41 - scraping.match_scraper - INFO -   - Regular innings: 264 events
2025-12-11 11:29:41 - scraping.match_scraper - INFO -   - Super over(s): 0 events
2025-12-11 11:29:41 - scraping.match_scraper - INFO - Saving commentary to database
2025-12-11 11:29:41 - scraping.match_scraper - INFO - Commentary saved: 264 total events
2025-12-11 11:29:41 - scraping.match_scraper - INFO - Saving metadata to database
2025-12-11 11:29:41 - scraping.match_scraper - INFO - Metadata saved with super_over_count=0
2025-12-11 11:29:41 - scraping.match_scraper - INFO - Saving match players to database
2025-12-11 11:29:41 - scraping.match_scraper - INFO - Successfully completed scraping match 1473456
2025-12-11 11:29:41 - scraping.match_scraper - INFO - Closing WebDriver
2025-12-11 11:29:44 - __main__ - INFO - Successfully downloaded match 1473456
2025-12-11 11:29:54 - __main__ - INFO - Processing match 22/74: https://www.espncricinfo.com/series/ipl-2025-1449924/punjab-kings-vs-chennai-super-kings-22nd-match-1473459/full-scorecard
2025-12-11 11:29:54 - __main__ - INFO - Attempting to download match 1473459 (attempt 1/4)
2025-12-11 11:29:54 - scraping.player_extractor - INFO - PlayerExtractor initialized - Target: raw.match_players
2025-12-11 11:29:54 - scraping.match_scraper - INFO - Initializing WebDriver
2025-12-11 11:29:59 - scraping.match_scraper - INFO - Loading full scorecard - attempt 1
2025-12-11 11:30:12 - scraping.match_scraper - INFO - full scorecard loaded successfully
2025-12-11 11:30:12 - scraping.match_scraper - INFO - Scrolling full scorecard page
2025-12-11 11:30:12 - core.page_navigator - INFO - Scrolling page 5 times
2025-12-11 11:30:32 - core.page_navigator - INFO - Page scrolling completed
2025-12-11 11:30:35 - scraping.match_scraper - INFO - Extracting metadata
2025-12-11 11:30:35 - core.metadata_extractor - INFO - Found 14 metadata rows for match 1473459
2025-12-11 11:30:35 - core.metadata_extractor - INFO - Extracted 15 metadata fields for match 1473459
2025-12-11 11:30:35 - scraping.match_scraper - INFO - Extracting player rosters...
2025-12-11 11:30:36 - scraping.player_extractor - INFO - Extracting players for match 1473459
2025-12-11 11:30:36 - core.metadata_extractor - INFO - Extracting player names for match 1473459
2025-12-11 11:30:36 - core.metadata_extractor - INFO - Found 2 batting scorecard table(s)
2025-12-11 11:30:36 - core.metadata_extractor - INFO -   Innings 1: Punjab Kings (batting)
2025-12-11 11:30:36 - core.metadata_extractor - INFO -   Innings 2: Chennai Super Kings (batting)
2025-12-11 11:30:36 - core.metadata_extractor - INFO -   innings_1 (Punjab Kings): 8 batted, 3 did not bat
2025-12-11 11:30:36 - core.metadata_extractor - INFO -   innings_2 (Chennai Super Kings): 7 batted, 4 did not bat
2025-12-11 11:30:36 - core.metadata_extractor - INFO - Found 2 bowling table(s)
2025-12-11 11:30:36 - core.metadata_extractor - INFO -   innings_1 bowling: Chennai Super Kings (bowling against Punjab Kings)
2025-12-11 11:30:36 - core.metadata_extractor - INFO -   innings_1 bowling (Chennai Super Kings): 6 bowlers
2025-12-11 11:30:36 - core.metadata_extractor - INFO -   innings_2 bowling: Punjab Kings (bowling against Chennai Super Kings)
2025-12-11 11:30:36 - core.metadata_extractor - INFO -   innings_2 bowling (Punjab Kings): 7 bowlers
2025-12-11 11:30:36 - core.metadata_extractor - INFO - Created DataFrame with 35 player records, 24 unique players
2025-12-11 11:30:36 - scraping.player_extractor - INFO - Extracted 24 players for match 1473459
2025-12-11 11:30:36 - scraping.player_extractor - INFO -   Teams: Chennai Super Kings, Punjab Kings
2025-12-11 11:30:36 - scraping.player_extractor - INFO -   Batted: 12, Did not bat: 12
2025-12-11 11:30:36 - scraping.player_extractor - INFO -   Regular: 23, Impact: 1
2025-12-11 11:30:36 - scraping.player_extractor - INFO -   Impact players: Shivam Dube
2025-12-11 11:30:36 - scraping.match_scraper - INFO - Stored 24 players
2025-12-11 11:30:36 - scraping.match_scraper - INFO -   - Chennai Super Kings
2025-12-11 11:30:36 - scraping.match_scraper - INFO -   - Punjab Kings
2025-12-11 11:30:36 - scraping.match_scraper - INFO - Loading commentary page - attempt 1
2025-12-11 11:30:48 - scraping.match_scraper - INFO - commentary page loaded successfully
2025-12-11 11:30:48 - scraping.match_scraper - INFO - Scrolling commentary page
2025-12-11 11:30:48 - core.page_navigator - INFO - Scrolling page 20 times
2025-12-11 11:32:52 - core.page_navigator - ERROR - Error during page scroll: HTTPConnectionPool(host='localhost', port=50228): Read timed out. (read timeout=120)
2025-12-11 11:32:55 - scraping.match_scraper - INFO - Getting current innings team
2025-12-11 11:33:02 - scraping.match_scraper - INFO - Closing WebDriver
2025-12-11 11:33:05 - __main__ - INFO - Cricket Data Pipeline Started
2025-12-11 11:33:05 - __main__ - INFO - STEP 1: Initializing database and schemas
2025-12-11 11:33:06 - configs.db_config - INFO - Initializing Medallion Architecture schemas...
2025-12-11 11:33:06 - configs.db_config - INFO - Medallion schemas (Bronze, Silver, Gold) initialized
2025-12-11 11:33:06 - __main__ - INFO - Database initialization complete
2025-12-11 11:33:06 - __main__ - INFO - STEP 2: Loading configuration
2025-12-11 11:33:06 - __main__ - INFO - Configuration loaded successfully
2025-12-11 11:33:06 - __main__ - INFO - STEP 3: Scraping data from Cricinfo
2025-12-11 11:33:06 - __main__ - INFO - Initializing match tracker
2025-12-11 11:33:06 - __main__ - INFO - Current Status: 21 matches already downloaded
2025-12-11 11:33:06 - __main__ - INFO - Fetching match schedule from Cricinfo
2025-12-11 11:33:06 - scraping.schedule_scraper - INFO - Initializing WebDriver for schedule scraping
2025-12-11 11:33:14 - scraping.schedule_scraper - INFO - Loading schedule page - attempt 1
2025-12-11 11:33:24 - scraping.schedule_scraper - INFO - Schedule page loaded successfully
2025-12-11 11:33:24 - scraping.schedule_scraper - INFO - Parsing schedule page with BeautifulSoup
2025-12-11 11:33:28 - scraping.schedule_scraper - INFO - Extracting match links from schedule
2025-12-11 11:33:28 - scraping.schedule_scraper - INFO - Successfully extracted 102 match links
2025-12-11 11:33:28 - scraping.schedule_scraper - INFO - Closing WebDriver
2025-12-11 11:33:31 - __main__ - INFO - Found 102 total links
2025-12-11 11:33:31 - __main__ - INFO - Found 74 match scorecards
2025-12-11 11:33:31 - __main__ - INFO - Loading match cache
2025-12-11 11:33:31 - __main__ - INFO - Starting match scraping process with retry logic
2025-12-11 11:33:31 - __main__ - INFO - Processing match 1/74: https://www.espncricinfo.com/series/ipl-2025-1449924/kolkata-knight-riders-vs-royal-challengers-bengaluru-1st-match-1473438/full-scorecard
2025-12-11 11:33:31 - __main__ - INFO - Match 1473438 already downloaded - skipping
2025-12-11 11:33:31 - __main__ - INFO - Processing match 2/74: https://www.espncricinfo.com/series/ipl-2025-1449924/sunrisers-hyderabad-vs-rajasthan-royals-2nd-match-1473439/full-scorecard
2025-12-11 11:33:31 - __main__ - INFO - Match 1473439 already downloaded - skipping
2025-12-11 11:33:31 - __main__ - INFO - Processing match 3/74: https://www.espncricinfo.com/series/ipl-2025-1449924/chennai-super-kings-vs-mumbai-indians-3rd-match-1473440/full-scorecard
2025-12-11 11:33:31 - __main__ - INFO - Match 1473440 already downloaded - skipping
2025-12-11 11:33:31 - __main__ - INFO - Processing match 4/74: https://www.espncricinfo.com/series/ipl-2025-1449924/delhi-capitals-vs-lucknow-super-giants-4th-match-1473441/full-scorecard
2025-12-11 11:33:31 - __main__ - INFO - Match 1473441 already downloaded - skipping
2025-12-11 11:33:31 - __main__ - INFO - Processing match 5/74: https://www.espncricinfo.com/series/ipl-2025-1449924/gujarat-titans-vs-punjab-kings-5th-match-1473442/full-scorecard
2025-12-11 11:33:31 - __main__ - INFO - Match 1473442 already downloaded - skipping
2025-12-11 11:33:31 - __main__ - INFO - Processing match 6/74: https://www.espncricinfo.com/series/ipl-2025-1449924/rajasthan-royals-vs-kolkata-knight-riders-6th-match-1473443/full-scorecard
2025-12-11 11:33:31 - __main__ - INFO - Match 1473443 already downloaded - skipping
2025-12-11 11:33:31 - __main__ - INFO - Processing match 7/74: https://www.espncricinfo.com/series/ipl-2025-1449924/sunrisers-hyderabad-vs-lucknow-super-giants-7th-match-1473444/full-scorecard
2025-12-11 11:33:31 - __main__ - INFO - Match 1473444 already downloaded - skipping
2025-12-11 11:33:31 - __main__ - INFO - Processing match 8/74: https://www.espncricinfo.com/series/ipl-2025-1449924/chennai-super-kings-vs-royal-challengers-bengaluru-8th-match-1473445/full-scorecard
2025-12-11 11:33:31 - __main__ - INFO - Match 1473445 already downloaded - skipping
2025-12-11 11:33:31 - __main__ - INFO - Processing match 9/74: https://www.espncricinfo.com/series/ipl-2025-1449924/gujarat-titans-vs-mumbai-indians-9th-match-1473446/full-scorecard
2025-12-11 11:33:31 - __main__ - INFO - Match 1473446 already downloaded - skipping
2025-12-11 11:33:31 - __main__ - INFO - Processing match 10/74: https://www.espncricinfo.com/series/ipl-2025-1449924/delhi-capitals-vs-sunrisers-hyderabad-10th-match-1473447/full-scorecard
2025-12-11 11:33:31 - __main__ - INFO - Match 1473447 already downloaded - skipping
2025-12-11 11:33:31 - __main__ - INFO - Processing match 11/74: https://www.espncricinfo.com/series/ipl-2025-1449924/rajasthan-royals-vs-chennai-super-kings-11th-match-1473448/full-scorecard
2025-12-11 11:33:31 - __main__ - INFO - Match 1473448 already downloaded - skipping
2025-12-11 11:33:31 - __main__ - INFO - Processing match 12/74: https://www.espncricinfo.com/series/ipl-2025-1449924/mumbai-indians-vs-kolkata-knight-riders-12th-match-1473449/full-scorecard
2025-12-11 11:33:31 - __main__ - INFO - Match 1473449 already downloaded - skipping
2025-12-11 11:33:31 - __main__ - INFO - Processing match 13/74: https://www.espncricinfo.com/series/ipl-2025-1449924/lucknow-super-giants-vs-punjab-kings-13th-match-1473450/full-scorecard
2025-12-11 11:33:31 - __main__ - INFO - Match 1473450 already downloaded - skipping
2025-12-11 11:33:31 - __main__ - INFO - Processing match 14/74: https://www.espncricinfo.com/series/ipl-2025-1449924/royal-challengers-bengaluru-vs-gujarat-titans-14th-match-1473451/full-scorecard
2025-12-11 11:33:31 - __main__ - INFO - Match 1473451 already downloaded - skipping
2025-12-11 11:33:31 - __main__ - INFO - Processing match 15/74: https://www.espncricinfo.com/series/ipl-2025-1449924/kolkata-knight-riders-vs-sunrisers-hyderabad-15th-match-1473452/full-scorecard
2025-12-11 11:33:31 - __main__ - INFO - Match 1473452 already downloaded - skipping
2025-12-11 11:33:31 - __main__ - INFO - Processing match 16/74: https://www.espncricinfo.com/series/ipl-2025-1449924/lucknow-super-giants-vs-mumbai-indians-16th-match-1473453/full-scorecard
2025-12-11 11:33:31 - __main__ - INFO - Match 1473453 already downloaded - skipping
2025-12-11 11:33:31 - __main__ - INFO - Processing match 17/74: https://www.espncricinfo.com/series/ipl-2025-1449924/chennai-super-kings-vs-delhi-capitals-17th-match-1473454/full-scorecard
2025-12-11 11:33:31 - __main__ - INFO - Match 1473454 already downloaded - skipping
2025-12-11 11:33:31 - __main__ - INFO - Processing match 18/74: https://www.espncricinfo.com/series/ipl-2025-1449924/punjab-kings-vs-rajasthan-royals-18th-match-1473455/full-scorecard
2025-12-11 11:33:31 - __main__ - INFO - Match 1473455 already downloaded - skipping
2025-12-11 11:33:31 - __main__ - INFO - Processing match 19/74: https://www.espncricinfo.com/series/ipl-2025-1449924/sunrisers-hyderabad-vs-gujarat-titans-19th-match-1473457/full-scorecard
2025-12-11 11:33:31 - __main__ - INFO - Match 1473457 already downloaded - skipping
2025-12-11 11:33:31 - __main__ - INFO - Processing match 20/74: https://www.espncricinfo.com/series/ipl-2025-1449924/mumbai-indians-vs-royal-challengers-bengaluru-20th-match-1473458/full-scorecard
2025-12-11 11:33:31 - __main__ - INFO - Match 1473458 already downloaded - skipping
2025-12-11 11:33:31 - __main__ - INFO - Processing match 21/74: https://www.espncricinfo.com/series/ipl-2025-1449924/kolkata-knight-riders-vs-lucknow-super-giants-21st-match-1473456/full-scorecard
2025-12-11 11:33:31 - __main__ - INFO - Match 1473456 already downloaded - skipping
2025-12-11 11:33:31 - __main__ - INFO - Processing match 22/74: https://www.espncricinfo.com/series/ipl-2025-1449924/punjab-kings-vs-chennai-super-kings-22nd-match-1473459/full-scorecard
2025-12-11 11:33:31 - __main__ - INFO - Attempting to download match 1473459 (attempt 1/4)
2025-12-11 11:33:31 - scraping.player_extractor - INFO - PlayerExtractor initialized - Target: raw.match_players
2025-12-11 11:33:31 - scraping.match_scraper - INFO - Initializing WebDriver
2025-12-11 11:33:38 - scraping.match_scraper - INFO - Loading full scorecard - attempt 1
2025-12-11 11:33:51 - scraping.match_scraper - INFO - full scorecard loaded successfully
2025-12-11 11:33:51 - scraping.match_scraper - INFO - Scrolling full scorecard page
2025-12-11 11:33:51 - core.page_navigator - INFO - Scrolling page 5 times
2025-12-11 11:34:14 - core.page_navigator - INFO - Page scrolling completed
2025-12-11 11:34:17 - scraping.match_scraper - INFO - Extracting metadata
2025-12-11 11:34:18 - core.metadata_extractor - INFO - Found 14 metadata rows for match 1473459
2025-12-11 11:34:18 - core.metadata_extractor - INFO - Extracted 15 metadata fields for match 1473459
2025-12-11 11:34:18 - scraping.match_scraper - INFO - Extracting player rosters...
2025-12-11 11:34:18 - scraping.player_extractor - INFO - Extracting players for match 1473459
2025-12-11 11:34:18 - core.metadata_extractor - INFO - Extracting player names for match 1473459
2025-12-11 11:34:18 - core.metadata_extractor - INFO - Found 2 batting scorecard table(s)
2025-12-11 11:34:18 - core.metadata_extractor - INFO -   Innings 1: Punjab Kings (batting)
2025-12-11 11:34:18 - core.metadata_extractor - INFO -   Innings 2: Chennai Super Kings (batting)
2025-12-11 11:34:18 - core.metadata_extractor - INFO -   innings_1 (Punjab Kings): 8 batted, 3 did not bat
2025-12-11 11:34:18 - core.metadata_extractor - INFO -   innings_2 (Chennai Super Kings): 7 batted, 4 did not bat
2025-12-11 11:34:18 - core.metadata_extractor - INFO - Found 2 bowling table(s)
2025-12-11 11:34:18 - core.metadata_extractor - INFO -   innings_1 bowling: Chennai Super Kings (bowling against Punjab Kings)
2025-12-11 11:34:18 - core.metadata_extractor - INFO -   innings_1 bowling (Chennai Super Kings): 6 bowlers
2025-12-11 11:34:18 - core.metadata_extractor - INFO -   innings_2 bowling: Punjab Kings (bowling against Chennai Super Kings)
2025-12-11 11:34:18 - core.metadata_extractor - INFO -   innings_2 bowling (Punjab Kings): 7 bowlers
2025-12-11 11:34:18 - core.metadata_extractor - INFO - Created DataFrame with 35 player records, 24 unique players
2025-12-11 11:34:18 - scraping.player_extractor - INFO - Extracted 24 players for match 1473459
2025-12-11 11:34:18 - scraping.player_extractor - INFO -   Teams: Chennai Super Kings, Punjab Kings
2025-12-11 11:34:18 - scraping.player_extractor - INFO -   Batted: 12, Did not bat: 12
2025-12-11 11:34:18 - scraping.player_extractor - INFO -   Regular: 23, Impact: 1
2025-12-11 11:34:18 - scraping.player_extractor - INFO -   Impact players: Shivam Dube
2025-12-11 11:34:18 - scraping.match_scraper - INFO - Stored 24 players
2025-12-11 11:34:18 - scraping.match_scraper - INFO -   - Chennai Super Kings
2025-12-11 11:34:18 - scraping.match_scraper - INFO -   - Punjab Kings
2025-12-11 11:34:18 - scraping.match_scraper - INFO - Loading commentary page - attempt 1
2025-12-11 11:34:30 - scraping.match_scraper - INFO - commentary page loaded successfully
2025-12-11 11:34:30 - scraping.match_scraper - INFO - Scrolling commentary page
2025-12-11 11:34:30 - core.page_navigator - INFO - Scrolling page 20 times
2025-12-11 11:35:31 - core.page_navigator - INFO - Page scrolling completed
2025-12-11 11:35:34 - scraping.match_scraper - INFO - Getting current innings team
2025-12-11 11:35:34 - scraping.match_scraper - INFO - Default innings: CSK
2025-12-11 11:35:34 - scraping.match_scraper - INFO - Getting all innings options
2025-12-11 11:36:09 - core.page_navigator - INFO - Found 2 innings options: ['PBKS', 'CSK']
2025-12-11 11:36:11 - scraping.match_scraper - INFO - All innings: ['PBKS', 'CSK']
2025-12-11 11:36:11 - scraping.match_scraper - INFO - Regular innings: ['PBKS', 'CSK']
2025-12-11 11:36:11 - scraping.match_scraper - INFO - Super overs: []
2025-12-11 11:36:11 - scraping.match_scraper - INFO - Scraping default innings: CSK
2025-12-11 11:36:12 - core.commentary_parser - INFO - Found 129 commentary blocks
2025-12-11 11:36:12 - core.commentary_parser - INFO - Parsed 129 commentary entries
2025-12-11 11:36:12 - core.commentary_parser - INFO - Normalizing to 6 columns (most common)
2025-12-11 11:36:12 - core.commentary_parser - INFO - Normalized 129 rows to 6 columns
2025-12-11 11:36:12 - core.commentary_parser - INFO - DataFrame created with 129 rows and 6 columns
2025-12-11 11:36:12 - core.commentary_parser - INFO - Final DataFrame: 129 rows with columns: ['Ball', 'Event', 'Score', 'Commentary', 'Bowler', 'Batsman']
2025-12-11 11:36:12 - core.commentary_parser - INFO -   Rows with commentary: 129
2025-12-11 11:36:12 - core.commentary_parser - INFO -   Rows without commentary: 0
2025-12-11 11:36:12 - scraping.match_scraper - INFO - CSK: 129 events (super_over=False)
2025-12-11 11:36:12 - scraping.match_scraper - INFO - Switching to innings: PBKS
2025-12-11 11:36:12 - core.page_navigator - INFO - Scrolling to top of page
2025-12-11 11:36:16 - core.page_navigator - INFO - Switching to innings: PBKS
2025-12-11 11:36:50 - core.page_navigator - INFO - Found target innings: PBKS
2025-12-11 11:36:54 - core.page_navigator - INFO - Successfully switched to PBKS
2025-12-11 11:36:54 - scraping.match_scraper - INFO - Successfully switched to: PBKS
2025-12-11 11:36:57 - core.page_navigator - INFO - Scrolling page 20 times
2025-12-11 11:37:58 - core.page_navigator - INFO - Page scrolling completed
2025-12-11 11:38:01 - scraping.match_scraper - INFO - Scraping innings: PBKS
2025-12-11 11:38:01 - core.commentary_parser - INFO - Found 124 commentary blocks
2025-12-11 11:38:02 - core.commentary_parser - INFO - Parsed 124 commentary entries
2025-12-11 11:38:02 - core.commentary_parser - INFO - Normalizing to 6 columns (most common)
2025-12-11 11:38:02 - core.commentary_parser - INFO - Normalized 124 rows to 6 columns
2025-12-11 11:38:02 - core.commentary_parser - INFO - DataFrame created with 124 rows and 6 columns
2025-12-11 11:38:02 - core.commentary_parser - INFO - Final DataFrame: 124 rows with columns: ['Ball', 'Event', 'Score', 'Commentary', 'Bowler', 'Batsman']
2025-12-11 11:38:02 - core.commentary_parser - INFO -   Rows with commentary: 124
2025-12-11 11:38:02 - core.commentary_parser - INFO -   Rows without commentary: 0
2025-12-11 11:38:02 - scraping.match_scraper - INFO - PBKS: 124 events (super_over=False)
2025-12-11 11:38:02 - scraping.match_scraper - INFO - Combining all innings dataframes
2025-12-11 11:38:02 - scraping.match_scraper - INFO - Total events: 253 across 2 innings
2025-12-11 11:38:02 - scraping.match_scraper - INFO -   - Regular innings: 253 events
2025-12-11 11:38:02 - scraping.match_scraper - INFO -   - Super over(s): 0 events
2025-12-11 11:38:02 - scraping.match_scraper - INFO - Saving commentary to database
2025-12-11 11:38:02 - scraping.match_scraper - INFO - Commentary saved: 253 total events
2025-12-11 11:38:02 - scraping.match_scraper - INFO - Saving metadata to database
2025-12-11 11:38:02 - scraping.match_scraper - INFO - Metadata saved with super_over_count=0
2025-12-11 11:38:02 - scraping.match_scraper - INFO - Saving match players to database
2025-12-11 11:38:02 - scraping.match_scraper - INFO - Successfully completed scraping match 1473459
2025-12-11 11:38:02 - scraping.match_scraper - INFO - Closing WebDriver
2025-12-11 11:38:05 - __main__ - INFO - Successfully downloaded match 1473459
2025-12-11 11:38:15 - __main__ - INFO - Processing match 23/74: https://www.espncricinfo.com/series/ipl-2025-1449924/gujarat-titans-vs-rajasthan-royals-23rd-match-1473460/full-scorecard
2025-12-11 11:38:15 - __main__ - INFO - Attempting to download match 1473460 (attempt 1/4)
2025-12-11 11:38:15 - scraping.player_extractor - INFO - PlayerExtractor initialized - Target: raw.match_players
2025-12-11 11:38:15 - scraping.match_scraper - INFO - Initializing WebDriver
2025-12-11 11:38:23 - scraping.match_scraper - INFO - Loading full scorecard - attempt 1
2025-12-11 11:38:34 - scraping.match_scraper - INFO - full scorecard loaded successfully
2025-12-11 11:38:34 - scraping.match_scraper - INFO - Scrolling full scorecard page
2025-12-11 11:38:34 - core.page_navigator - INFO - Scrolling page 5 times
2025-12-11 11:38:49 - core.page_navigator - INFO - Page scrolling completed
2025-12-11 11:38:52 - scraping.match_scraper - INFO - Extracting metadata
2025-12-11 11:38:52 - core.metadata_extractor - INFO - Found 14 metadata rows for match 1473460
2025-12-11 11:38:52 - core.metadata_extractor - INFO - Extracted 15 metadata fields for match 1473460
2025-12-11 11:38:52 - scraping.match_scraper - INFO - Extracting player rosters...
2025-12-11 11:38:53 - scraping.player_extractor - INFO - Extracting players for match 1473460
2025-12-11 11:38:53 - core.metadata_extractor - INFO - Extracting player names for match 1473460
2025-12-11 11:38:53 - core.metadata_extractor - INFO - Found 2 batting scorecard table(s)
2025-12-11 11:38:53 - core.metadata_extractor - INFO -   Innings 1: Gujarat Titans (batting)
2025-12-11 11:38:53 - core.metadata_extractor - INFO -   Innings 2: Rajasthan Royals (batting)
2025-12-11 11:38:53 - core.metadata_extractor - INFO -   innings_1 (Gujarat Titans): 8 batted, 3 did not bat
2025-12-11 11:38:53 - core.metadata_extractor - INFO -   innings_2 (Rajasthan Royals): 11 batted, 0 did not bat
2025-12-11 11:38:53 - core.metadata_extractor - INFO - Found 2 bowling table(s)
2025-12-11 11:38:53 - core.metadata_extractor - INFO -   innings_1 bowling: Rajasthan Royals (bowling against Gujarat Titans)
2025-12-11 11:38:53 - core.metadata_extractor - INFO -   innings_1 bowling (Rajasthan Royals): 5 bowlers
2025-12-11 11:38:53 - core.metadata_extractor - INFO -   innings_2 bowling: Gujarat Titans (bowling against Rajasthan Royals)
2025-12-11 11:38:53 - core.metadata_extractor - INFO -   innings_2 bowling (Gujarat Titans): 6 bowlers
2025-12-11 11:38:53 - core.metadata_extractor - INFO - Created DataFrame with 33 player records, 24 unique players
2025-12-11 11:38:53 - scraping.player_extractor - INFO - Extracted 24 players for match 1473460
2025-12-11 11:38:53 - scraping.player_extractor - INFO -   Teams: Rajasthan Royals, Gujarat Titans
2025-12-11 11:38:53 - scraping.player_extractor - INFO -   Batted: 13, Did not bat: 11
2025-12-11 11:38:53 - scraping.player_extractor - INFO -   Regular: 23, Impact: 1
2025-12-11 11:38:53 - scraping.player_extractor - INFO -   Impact players: Shubham Dubey
2025-12-11 11:38:53 - scraping.match_scraper - INFO - Stored 24 players
2025-12-11 11:38:53 - scraping.match_scraper - INFO -   - Rajasthan Royals
2025-12-11 11:38:53 - scraping.match_scraper - INFO -   - Gujarat Titans
2025-12-11 11:38:53 - scraping.match_scraper - INFO - Loading commentary page - attempt 1
2025-12-11 11:39:04 - scraping.match_scraper - INFO - commentary page loaded successfully
2025-12-11 11:39:04 - scraping.match_scraper - INFO - Scrolling commentary page
2025-12-11 11:39:04 - core.page_navigator - INFO - Scrolling page 20 times
2025-12-11 11:41:04 - core.page_navigator - ERROR - Error during page scroll: HTTPConnectionPool(host='localhost', port=64213): Read timed out. (read timeout=120)
2025-12-11 11:41:07 - scraping.match_scraper - INFO - Getting current innings team
2025-12-11 11:43:07 - scraping.match_scraper - ERROR - Error scraping match 1473460: HTTPConnectionPool(host='localhost', port=64213): Read timed out. (read timeout=120)
Traceback (most recent call last):
  File "C:\Users\prade\PycharmProjects\Cricinfo_scraper\.venv\Lib\site-packages\urllib3\connectionpool.py", line 534, in _make_request
    response = conn.getresponse()
               ^^^^^^^^^^^^^^^^^^
  File "C:\Users\prade\PycharmProjects\Cricinfo_scraper\.venv\Lib\site-packages\urllib3\connection.py", line 516, in getresponse
    httplib_response = super().getresponse()
                       ^^^^^^^^^^^^^^^^^^^^^
  File "C:\Users\prade\AppData\Local\Programs\Python\Python311\Lib\http\client.py", line 1395, in getresponse
    response.begin()
  File "C:\Users\prade\AppData\Local\Programs\Python\Python311\Lib\http\client.py", line 325, in begin
    version, status, reason = self._read_status()
                              ^^^^^^^^^^^^^^^^^^^
  File "C:\Users\prade\AppData\Local\Programs\Python\Python311\Lib\http\client.py", line 286, in _read_status
    line = str(self.fp.readline(_MAXLINE + 1), "iso-8859-1")
               ^^^^^^^^^^^^^^^^^^^^^^^^^^^^^^
  File "C:\Users\prade\AppData\Local\Programs\Python\Python311\Lib\socket.py", line 706, in readinto
    return self._sock.recv_into(b)
           ^^^^^^^^^^^^^^^^^^^^^^^
TimeoutError: timed out

The above exception was the direct cause of the following exception:

Traceback (most recent call last):
  File "C:\Users\prade\Pycharm\Cricinfo_scraper\scraping\match_scraper.py", line 197, in scrape
    default_innings = self.get_current_innings_team(driver)
                      ^^^^^^^^^^^^^^^^^^^^^^^^^^^^^^^^^^^^^
  File "C:\Users\prade\Pycharm\Cricinfo_scraper\scraping\match_scraper.py", line 409, in get_current_innings_team
    team_element = driver.find_element("css selector", "div.ds-cursor-pointer.ds-min-w-max")
                   ^^^^^^^^^^^^^^^^^^^^^^^^^^^^^^^^^^^^^^^^^^^^^^^^^^^^^^^^^^^^^^^^^^^^^^^^^
  File "C:\Users\prade\PycharmProjects\Cricinfo_scraper\.venv\Lib\site-packages\selenium\webdriver\remote\webdriver.py", line 914, in find_element
    return self.execute(Command.FIND_ELEMENT, {"using": by, "value": value})["value"]
           ^^^^^^^^^^^^^^^^^^^^^^^^^^^^^^^^^^^^^^^^^^^^^^^^^^^^^^^^^^^^^^^^^
  File "C:\Users\prade\PycharmProjects\Cricinfo_scraper\.venv\Lib\site-packages\selenium\webdriver\remote\webdriver.py", line 445, in execute
    response = self.command_executor.execute(driver_command, params)
               ^^^^^^^^^^^^^^^^^^^^^^^^^^^^^^^^^^^^^^^^^^^^^^^^^^^^^
  File "C:\Users\prade\PycharmProjects\Cricinfo_scraper\.venv\Lib\site-packages\selenium\webdriver\remote\remote_connection.py", line 404, in execute
    return self._request(command_info[0], url, body=data)
           ^^^^^^^^^^^^^^^^^^^^^^^^^^^^^^^^^^^^^^^^^^^^^^
  File "C:\Users\prade\PycharmProjects\Cricinfo_scraper\.venv\Lib\site-packages\selenium\webdriver\remote\remote_connection.py", line 428, in _request
    response = self._conn.request(method, url, body=body, headers=headers, timeout=self._client_config.timeout)
               ^^^^^^^^^^^^^^^^^^^^^^^^^^^^^^^^^^^^^^^^^^^^^^^^^^^^^^^^^^^^^^^^^^^^^^^^^^^^^^^^^^^^^^^^^^^^^^^^
  File "C:\Users\prade\PycharmProjects\Cricinfo_scraper\.venv\Lib\site-packages\urllib3\_request_methods.py", line 143, in request
    return self.request_encode_body(
           ^^^^^^^^^^^^^^^^^^^^^^^^^
  File "C:\Users\prade\PycharmProjects\Cricinfo_scraper\.venv\Lib\site-packages\urllib3\_request_methods.py", line 278, in request_encode_body
    return self.urlopen(method, url, **extra_kw)
           ^^^^^^^^^^^^^^^^^^^^^^^^^^^^^^^^^^^^^
  File "C:\Users\prade\PycharmProjects\Cricinfo_scraper\.venv\Lib\site-packages\urllib3\poolmanager.py", line 443, in urlopen
    response = conn.urlopen(method, u.request_uri, **kw)
               ^^^^^^^^^^^^^^^^^^^^^^^^^^^^^^^^^^^^^^^^^
  File "C:\Users\prade\PycharmProjects\Cricinfo_scraper\.venv\Lib\site-packages\urllib3\connectionpool.py", line 841, in urlopen
    retries = retries.increment(
              ^^^^^^^^^^^^^^^^^^
  File "C:\Users\prade\PycharmProjects\Cricinfo_scraper\.venv\Lib\site-packages\urllib3\util\retry.py", line 474, in increment
    raise reraise(type(error), error, _stacktrace)
          ^^^^^^^^^^^^^^^^^^^^^^^^^^^^^^^^^^^^^^^^
  File "C:\Users\prade\PycharmProjects\Cricinfo_scraper\.venv\Lib\site-packages\urllib3\util\util.py", line 39, in reraise
    raise value
  File "C:\Users\prade\PycharmProjects\Cricinfo_scraper\.venv\Lib\site-packages\urllib3\connectionpool.py", line 787, in urlopen
    response = self._make_request(
               ^^^^^^^^^^^^^^^^^^^
  File "C:\Users\prade\PycharmProjects\Cricinfo_scraper\.venv\Lib\site-packages\urllib3\connectionpool.py", line 536, in _make_request
    self._raise_timeout(err=e, url=url, timeout_value=read_timeout)
  File "C:\Users\prade\PycharmProjects\Cricinfo_scraper\.venv\Lib\site-packages\urllib3\connectionpool.py", line 367, in _raise_timeout
    raise ReadTimeoutError(
urllib3.exceptions.ReadTimeoutError: HTTPConnectionPool(host='localhost', port=64213): Read timed out. (read timeout=120)
2025-12-11 11:43:07 - scraping.match_scraper - INFO - Closing WebDriver
2025-12-11 11:51:19 - __main__ - WARNING - Connection error for match 1473460 (attempt 1): HTTPConnectionPool(host='localhost', port=64213): Read timed out. (read timeout=120)
2025-12-11 11:51:19 - __main__ - INFO - Retrying match 1473460 in 30 seconds...
2025-12-11 11:51:49 - __main__ - INFO - Attempting to download match 1473460 (attempt 2/4)
2025-12-11 11:51:49 - scraping.player_extractor - INFO - PlayerExtractor initialized - Target: raw.match_players
2025-12-11 11:51:49 - scraping.match_scraper - INFO - Initializing WebDriver
2025-12-11 11:51:57 - scraping.match_scraper - INFO - Loading full scorecard - attempt 1
2025-12-11 11:52:10 - scraping.match_scraper - INFO - full scorecard loaded successfully
2025-12-11 11:52:10 - scraping.match_scraper - INFO - Scrolling full scorecard page
2025-12-11 11:52:10 - core.page_navigator - INFO - Scrolling page 5 times
2025-12-11 11:52:31 - core.page_navigator - INFO - Page scrolling completed
2025-12-11 11:52:34 - scraping.match_scraper - INFO - Extracting metadata
2025-12-11 11:52:35 - core.metadata_extractor - INFO - Found 14 metadata rows for match 1473460
2025-12-11 11:52:35 - core.metadata_extractor - INFO - Extracted 15 metadata fields for match 1473460
2025-12-11 11:52:35 - scraping.match_scraper - INFO - Extracting player rosters...
2025-12-11 11:52:35 - scraping.player_extractor - INFO - Extracting players for match 1473460
2025-12-11 11:52:35 - core.metadata_extractor - INFO - Extracting player names for match 1473460
2025-12-11 11:52:35 - core.metadata_extractor - INFO - Found 2 batting scorecard table(s)
2025-12-11 11:52:35 - core.metadata_extractor - INFO -   Innings 1: Gujarat Titans (batting)
2025-12-11 11:52:35 - core.metadata_extractor - INFO -   Innings 2: Rajasthan Royals (batting)
2025-12-11 11:52:35 - core.metadata_extractor - INFO -   innings_1 (Gujarat Titans): 8 batted, 3 did not bat
2025-12-11 11:52:35 - core.metadata_extractor - INFO -   innings_2 (Rajasthan Royals): 11 batted, 0 did not bat
2025-12-11 11:52:35 - core.metadata_extractor - INFO - Found 2 bowling table(s)
2025-12-11 11:52:35 - core.metadata_extractor - INFO -   innings_1 bowling: Rajasthan Royals (bowling against Gujarat Titans)
2025-12-11 11:52:35 - core.metadata_extractor - INFO -   innings_1 bowling (Rajasthan Royals): 5 bowlers
2025-12-11 11:52:35 - core.metadata_extractor - INFO -   innings_2 bowling: Gujarat Titans (bowling against Rajasthan Royals)
2025-12-11 11:52:35 - core.metadata_extractor - INFO -   innings_2 bowling (Gujarat Titans): 6 bowlers
2025-12-11 11:52:35 - core.metadata_extractor - INFO - Created DataFrame with 33 player records, 24 unique players
2025-12-11 11:52:35 - scraping.player_extractor - INFO - Extracted 24 players for match 1473460
2025-12-11 11:52:35 - scraping.player_extractor - INFO -   Teams: Rajasthan Royals, Gujarat Titans
2025-12-11 11:52:35 - scraping.player_extractor - INFO -   Batted: 13, Did not bat: 11
2025-12-11 11:52:35 - scraping.player_extractor - INFO -   Regular: 23, Impact: 1
2025-12-11 11:52:35 - scraping.player_extractor - INFO -   Impact players: Shubham Dubey
2025-12-11 11:52:35 - scraping.match_scraper - INFO - Stored 24 players
2025-12-11 11:52:35 - scraping.match_scraper - INFO -   - Rajasthan Royals
2025-12-11 11:52:35 - scraping.match_scraper - INFO -   - Gujarat Titans
2025-12-11 11:52:35 - scraping.match_scraper - INFO - Loading commentary page - attempt 1
2025-12-11 11:54:35 - scraping.match_scraper - ERROR - Error scraping match 1473460: HTTPConnectionPool(host='localhost', port=62825): Read timed out. (read timeout=120)
Traceback (most recent call last):
  File "C:\Users\prade\PycharmProjects\Cricinfo_scraper\.venv\Lib\site-packages\urllib3\connectionpool.py", line 534, in _make_request
    response = conn.getresponse()
               ^^^^^^^^^^^^^^^^^^
  File "C:\Users\prade\PycharmProjects\Cricinfo_scraper\.venv\Lib\site-packages\urllib3\connection.py", line 516, in getresponse
    httplib_response = super().getresponse()
                       ^^^^^^^^^^^^^^^^^^^^^
  File "C:\Users\prade\AppData\Local\Programs\Python\Python311\Lib\http\client.py", line 1395, in getresponse
    response.begin()
  File "C:\Users\prade\AppData\Local\Programs\Python\Python311\Lib\http\client.py", line 325, in begin
    version, status, reason = self._read_status()
                              ^^^^^^^^^^^^^^^^^^^
  File "C:\Users\prade\AppData\Local\Programs\Python\Python311\Lib\http\client.py", line 286, in _read_status
    line = str(self.fp.readline(_MAXLINE + 1), "iso-8859-1")
               ^^^^^^^^^^^^^^^^^^^^^^^^^^^^^^
  File "C:\Users\prade\AppData\Local\Programs\Python\Python311\Lib\socket.py", line 706, in readinto
    return self._sock.recv_into(b)
           ^^^^^^^^^^^^^^^^^^^^^^^
TimeoutError: timed out

The above exception was the direct cause of the following exception:

Traceback (most recent call last):
  File "C:\Users\prade\Pycharm\Cricinfo_scraper\scraping\match_scraper.py", line 186, in scrape
    self._navigate_with_retry(driver, commentary_url, "commentary page")
  File "C:\Users\prade\Pycharm\Cricinfo_scraper\scraping\match_scraper.py", line 86, in _navigate_with_retry
    driver.get(url)
  File "C:\Users\prade\PycharmProjects\Cricinfo_scraper\.venv\Lib\site-packages\selenium\webdriver\remote\webdriver.py", line 472, in get
    self.execute(Command.GET, {"url": url})
  File "C:\Users\prade\PycharmProjects\Cricinfo_scraper\.venv\Lib\site-packages\selenium\webdriver\remote\webdriver.py", line 445, in execute
    response = self.command_executor.execute(driver_command, params)
               ^^^^^^^^^^^^^^^^^^^^^^^^^^^^^^^^^^^^^^^^^^^^^^^^^^^^^
  File "C:\Users\prade\PycharmProjects\Cricinfo_scraper\.venv\Lib\site-packages\selenium\webdriver\remote\remote_connection.py", line 404, in execute
    return self._request(command_info[0], url, body=data)
           ^^^^^^^^^^^^^^^^^^^^^^^^^^^^^^^^^^^^^^^^^^^^^^
  File "C:\Users\prade\PycharmProjects\Cricinfo_scraper\.venv\Lib\site-packages\selenium\webdriver\remote\remote_connection.py", line 428, in _request
    response = self._conn.request(method, url, body=body, headers=headers, timeout=self._client_config.timeout)
               ^^^^^^^^^^^^^^^^^^^^^^^^^^^^^^^^^^^^^^^^^^^^^^^^^^^^^^^^^^^^^^^^^^^^^^^^^^^^^^^^^^^^^^^^^^^^^^^^
  File "C:\Users\prade\PycharmProjects\Cricinfo_scraper\.venv\Lib\site-packages\urllib3\_request_methods.py", line 143, in request
    return self.request_encode_body(
           ^^^^^^^^^^^^^^^^^^^^^^^^^
  File "C:\Users\prade\PycharmProjects\Cricinfo_scraper\.venv\Lib\site-packages\urllib3\_request_methods.py", line 278, in request_encode_body
    return self.urlopen(method, url, **extra_kw)
           ^^^^^^^^^^^^^^^^^^^^^^^^^^^^^^^^^^^^^
  File "C:\Users\prade\PycharmProjects\Cricinfo_scraper\.venv\Lib\site-packages\urllib3\poolmanager.py", line 443, in urlopen
    response = conn.urlopen(method, u.request_uri, **kw)
               ^^^^^^^^^^^^^^^^^^^^^^^^^^^^^^^^^^^^^^^^^
  File "C:\Users\prade\PycharmProjects\Cricinfo_scraper\.venv\Lib\site-packages\urllib3\connectionpool.py", line 841, in urlopen
    retries = retries.increment(
              ^^^^^^^^^^^^^^^^^^
  File "C:\Users\prade\PycharmProjects\Cricinfo_scraper\.venv\Lib\site-packages\urllib3\util\retry.py", line 474, in increment
    raise reraise(type(error), error, _stacktrace)
          ^^^^^^^^^^^^^^^^^^^^^^^^^^^^^^^^^^^^^^^^
  File "C:\Users\prade\PycharmProjects\Cricinfo_scraper\.venv\Lib\site-packages\urllib3\util\util.py", line 39, in reraise
    raise value
  File "C:\Users\prade\PycharmProjects\Cricinfo_scraper\.venv\Lib\site-packages\urllib3\connectionpool.py", line 787, in urlopen
    response = self._make_request(
               ^^^^^^^^^^^^^^^^^^^
  File "C:\Users\prade\PycharmProjects\Cricinfo_scraper\.venv\Lib\site-packages\urllib3\connectionpool.py", line 536, in _make_request
    self._raise_timeout(err=e, url=url, timeout_value=read_timeout)
  File "C:\Users\prade\PycharmProjects\Cricinfo_scraper\.venv\Lib\site-packages\urllib3\connectionpool.py", line 367, in _raise_timeout
    raise ReadTimeoutError(
urllib3.exceptions.ReadTimeoutError: HTTPConnectionPool(host='localhost', port=62825): Read timed out. (read timeout=120)
2025-12-11 11:54:35 - scraping.match_scraper - INFO - Closing WebDriver
2025-12-11 12:02:47 - __main__ - WARNING - Connection error for match 1473460 (attempt 2): HTTPConnectionPool(host='localhost', port=62825): Read timed out. (read timeout=120)
2025-12-11 12:02:47 - __main__ - INFO - Retrying match 1473460 in 60 seconds...
2025-12-11 12:03:47 - __main__ - INFO - Attempting to download match 1473460 (attempt 3/4)
2025-12-11 12:03:47 - scraping.player_extractor - INFO - PlayerExtractor initialized - Target: raw.match_players
2025-12-11 12:03:47 - scraping.match_scraper - INFO - Initializing WebDriver
2025-12-11 12:03:59 - scraping.match_scraper - INFO - Loading full scorecard - attempt 1
2025-12-11 12:04:15 - scraping.match_scraper - INFO - full scorecard loaded successfully
2025-12-11 12:04:15 - scraping.match_scraper - INFO - Scrolling full scorecard page
2025-12-11 12:04:15 - core.page_navigator - INFO - Scrolling page 5 times
2025-12-11 12:04:37 - core.page_navigator - INFO - Page scrolling completed
2025-12-11 12:04:40 - scraping.match_scraper - INFO - Extracting metadata
2025-12-11 12:04:41 - core.metadata_extractor - INFO - Found 14 metadata rows for match 1473460
2025-12-11 12:04:41 - core.metadata_extractor - INFO - Extracted 15 metadata fields for match 1473460
2025-12-11 12:04:41 - scraping.match_scraper - INFO - Extracting player rosters...
2025-12-11 12:04:42 - scraping.player_extractor - INFO - Extracting players for match 1473460
2025-12-11 12:04:42 - core.metadata_extractor - INFO - Extracting player names for match 1473460
2025-12-11 12:04:42 - core.metadata_extractor - INFO - Found 2 batting scorecard table(s)
2025-12-11 12:04:42 - core.metadata_extractor - INFO -   Innings 1: Gujarat Titans (batting)
2025-12-11 12:04:42 - core.metadata_extractor - INFO -   Innings 2: Rajasthan Royals (batting)
2025-12-11 12:04:42 - core.metadata_extractor - INFO -   innings_1 (Gujarat Titans): 8 batted, 3 did not bat
2025-12-11 12:04:42 - core.metadata_extractor - INFO -   innings_2 (Rajasthan Royals): 11 batted, 0 did not bat
2025-12-11 12:04:42 - core.metadata_extractor - INFO - Found 2 bowling table(s)
2025-12-11 12:04:42 - core.metadata_extractor - INFO -   innings_1 bowling: Rajasthan Royals (bowling against Gujarat Titans)
2025-12-11 12:04:42 - core.metadata_extractor - INFO -   innings_1 bowling (Rajasthan Royals): 5 bowlers
2025-12-11 12:04:42 - core.metadata_extractor - INFO -   innings_2 bowling: Gujarat Titans (bowling against Rajasthan Royals)
2025-12-11 12:04:42 - core.metadata_extractor - INFO -   innings_2 bowling (Gujarat Titans): 6 bowlers
2025-12-11 12:04:42 - core.metadata_extractor - INFO - Created DataFrame with 33 player records, 24 unique players
2025-12-11 12:04:42 - scraping.player_extractor - INFO - Extracted 24 players for match 1473460
2025-12-11 12:04:42 - scraping.player_extractor - INFO -   Teams: Rajasthan Royals, Gujarat Titans
2025-12-11 12:04:42 - scraping.player_extractor - INFO -   Batted: 13, Did not bat: 11
2025-12-11 12:04:42 - scraping.player_extractor - INFO -   Regular: 23, Impact: 1
2025-12-11 12:04:42 - scraping.player_extractor - INFO -   Impact players: Shubham Dubey
2025-12-11 12:04:42 - scraping.match_scraper - INFO - Stored 24 players
2025-12-11 12:04:42 - scraping.match_scraper - INFO -   - Rajasthan Royals
2025-12-11 12:04:42 - scraping.match_scraper - INFO -   - Gujarat Titans
2025-12-11 12:04:42 - scraping.match_scraper - INFO - Loading commentary page - attempt 1
2025-12-11 12:04:56 - scraping.match_scraper - INFO - commentary page loaded successfully
2025-12-11 12:04:56 - scraping.match_scraper - INFO - Scrolling commentary page
2025-12-11 12:04:56 - core.page_navigator - INFO - Scrolling page 20 times
2025-12-11 12:06:02 - core.page_navigator - INFO - Page scrolling completed
2025-12-11 12:06:05 - scraping.match_scraper - INFO - Getting current innings team
2025-12-11 12:06:05 - scraping.match_scraper - INFO - Default innings: RR
2025-12-11 12:06:05 - scraping.match_scraper - INFO - Getting all innings options
2025-12-11 12:06:41 - core.page_navigator - INFO - Found 2 innings options: ['GT', 'RR']
2025-12-11 12:06:43 - scraping.match_scraper - INFO - All innings: ['GT', 'RR']
2025-12-11 12:06:43 - scraping.match_scraper - INFO - Regular innings: ['GT', 'RR']
2025-12-11 12:06:43 - scraping.match_scraper - INFO - Super overs: []
2025-12-11 12:06:43 - scraping.match_scraper - INFO - Scraping default innings: RR
2025-12-11 12:06:44 - core.commentary_parser - INFO - Found 125 commentary blocks
2025-12-11 12:06:44 - core.commentary_parser - INFO - Parsed 125 commentary entries
2025-12-11 12:06:44 - core.commentary_parser - INFO - Normalizing to 6 columns (most common)
2025-12-11 12:06:44 - core.commentary_parser - INFO - Normalized 125 rows to 6 columns
2025-12-11 12:06:44 - core.commentary_parser - INFO - DataFrame created with 125 rows and 6 columns
2025-12-11 12:06:44 - core.commentary_parser - INFO - Final DataFrame: 125 rows with columns: ['Ball', 'Event', 'Score', 'Commentary', 'Bowler', 'Batsman']
2025-12-11 12:06:44 - core.commentary_parser - INFO -   Rows with commentary: 125
2025-12-11 12:06:44 - core.commentary_parser - INFO -   Rows without commentary: 0
2025-12-11 12:06:44 - scraping.match_scraper - INFO - RR: 125 events (super_over=False)
2025-12-11 12:06:44 - scraping.match_scraper - INFO - Switching to innings: GT
2025-12-11 12:06:44 - core.page_navigator - INFO - Scrolling to top of page
2025-12-11 12:06:48 - core.page_navigator - INFO - Switching to innings: GT
2025-12-11 12:07:22 - core.page_navigator - INFO - Found target innings: GT
2025-12-11 12:07:27 - core.page_navigator - INFO - Successfully switched to GT
2025-12-11 12:07:27 - scraping.match_scraper - INFO - Successfully switched to: GT
2025-12-11 12:07:30 - core.page_navigator - INFO - Scrolling page 20 times
2025-12-11 12:08:30 - core.page_navigator - INFO - Page scrolling completed
2025-12-11 12:08:33 - scraping.match_scraper - INFO - Scraping innings: GT
2025-12-11 12:08:35 - core.commentary_parser - INFO - Found 135 commentary blocks
2025-12-11 12:08:35 - core.commentary_parser - INFO - Parsed 135 commentary entries
2025-12-11 12:08:35 - core.commentary_parser - INFO - Normalizing to 6 columns (most common)
2025-12-11 12:08:35 - core.commentary_parser - INFO - Normalized 135 rows to 6 columns
2025-12-11 12:08:35 - core.commentary_parser - INFO - DataFrame created with 135 rows and 6 columns
2025-12-11 12:08:35 - core.commentary_parser - INFO - Final DataFrame: 135 rows with columns: ['Ball', 'Event', 'Score', 'Commentary', 'Bowler', 'Batsman']
2025-12-11 12:08:35 - core.commentary_parser - INFO -   Rows with commentary: 135
2025-12-11 12:08:35 - core.commentary_parser - INFO -   Rows without commentary: 0
2025-12-11 12:08:35 - scraping.match_scraper - INFO - GT: 135 events (super_over=False)
2025-12-11 12:08:35 - scraping.match_scraper - INFO - Combining all innings dataframes
2025-12-11 12:08:35 - scraping.match_scraper - INFO - Total events: 260 across 2 innings
2025-12-11 12:08:35 - scraping.match_scraper - INFO -   - Regular innings: 260 events
2025-12-11 12:08:35 - scraping.match_scraper - INFO -   - Super over(s): 0 events
2025-12-11 12:08:35 - scraping.match_scraper - INFO - Saving commentary to database
2025-12-11 12:08:35 - scraping.match_scraper - INFO - Commentary saved: 260 total events
2025-12-11 12:08:35 - scraping.match_scraper - INFO - Saving metadata to database
2025-12-11 12:08:35 - scraping.match_scraper - INFO - Metadata saved with super_over_count=0
2025-12-11 12:08:35 - scraping.match_scraper - INFO - Saving match players to database
2025-12-11 12:08:35 - scraping.match_scraper - INFO - Successfully completed scraping match 1473460
2025-12-11 12:08:35 - scraping.match_scraper - INFO - Closing WebDriver
2025-12-11 12:08:39 - __main__ - INFO - Successfully downloaded match 1473460
2025-12-11 12:08:49 - __main__ - INFO - Processing match 24/74: https://www.espncricinfo.com/series/ipl-2025-1449924/royal-challengers-bengaluru-vs-delhi-capitals-24th-match-1473461/full-scorecard
2025-12-11 12:08:49 - __main__ - INFO - Attempting to download match 1473461 (attempt 1/4)
2025-12-11 12:08:49 - scraping.player_extractor - INFO - PlayerExtractor initialized - Target: raw.match_players
2025-12-11 12:08:49 - scraping.match_scraper - INFO - Initializing WebDriver
2025-12-11 12:09:01 - scraping.match_scraper - INFO - Loading full scorecard - attempt 1
2025-12-11 12:09:18 - scraping.match_scraper - INFO - full scorecard loaded successfully
2025-12-11 12:09:18 - scraping.match_scraper - INFO - Scrolling full scorecard page
2025-12-11 12:09:18 - core.page_navigator - INFO - Scrolling page 5 times
2025-12-11 12:09:34 - core.page_navigator - INFO - Page scrolling completed
2025-12-11 12:09:37 - scraping.match_scraper - INFO - Extracting metadata
2025-12-11 12:09:38 - core.metadata_extractor - INFO - Found 14 metadata rows for match 1473461
2025-12-11 12:09:38 - core.metadata_extractor - INFO - Extracted 15 metadata fields for match 1473461
2025-12-11 12:09:38 - scraping.match_scraper - INFO - Extracting player rosters...
2025-12-11 12:09:38 - scraping.player_extractor - INFO - Extracting players for match 1473461
2025-12-11 12:09:39 - core.metadata_extractor - INFO - Extracting player names for match 1473461
2025-12-11 12:09:39 - core.metadata_extractor - INFO - Found 2 batting scorecard table(s)
2025-12-11 12:09:39 - core.metadata_extractor - INFO -   Innings 1: Royal Challengers Bengaluru (batting)
2025-12-11 12:09:39 - core.metadata_extractor - INFO -   Innings 2: Delhi Capitals (batting)
2025-12-11 12:09:39 - core.metadata_extractor - INFO -   innings_1 (Royal Challengers Bengaluru): 9 batted, 2 did not bat
2025-12-11 12:09:39 - core.metadata_extractor - INFO -   innings_2 (Delhi Capitals): 6 batted, 5 did not bat
2025-12-11 12:09:39 - core.metadata_extractor - INFO - Found 2 bowling table(s)
2025-12-11 12:09:39 - core.metadata_extractor - INFO -   innings_1 bowling: Delhi Capitals (bowling against Royal Challengers Bengaluru)
2025-12-11 12:09:39 - core.metadata_extractor - INFO -   innings_1 bowling (Delhi Capitals): 6 bowlers
2025-12-11 12:09:39 - core.metadata_extractor - INFO -   innings_2 bowling: Royal Challengers Bengaluru (bowling against Delhi Capitals)
2025-12-11 12:09:39 - core.metadata_extractor - INFO -   innings_2 bowling (Royal Challengers Bengaluru): 6 bowlers
2025-12-11 12:09:39 - core.metadata_extractor - INFO - Created DataFrame with 34 player records, 24 unique players
2025-12-11 12:09:39 - scraping.player_extractor - INFO - Extracted 24 players for match 1473461
2025-12-11 12:09:39 - scraping.player_extractor - INFO -   Teams: Delhi Capitals, Royal Challengers Bengaluru
2025-12-11 12:09:39 - scraping.player_extractor - INFO -   Batted: 13, Did not bat: 11
2025-12-11 12:09:39 - scraping.player_extractor - INFO -   Regular: 23, Impact: 1
2025-12-11 12:09:39 - scraping.player_extractor - INFO -   Impact players: Abishek Porel
2025-12-11 12:09:39 - scraping.match_scraper - INFO - Stored 24 players
2025-12-11 12:09:39 - scraping.match_scraper - INFO -   - Delhi Capitals
2025-12-11 12:09:39 - scraping.match_scraper - INFO -   - Royal Challengers Bengaluru
2025-12-11 12:09:39 - scraping.match_scraper - INFO - Loading commentary page - attempt 1
2025-12-11 12:09:52 - scraping.match_scraper - INFO - commentary page loaded successfully
2025-12-11 12:09:52 - scraping.match_scraper - INFO - Scrolling commentary page
2025-12-11 12:09:52 - core.page_navigator - INFO - Scrolling page 20 times
2025-12-11 12:10:56 - core.page_navigator - INFO - Page scrolling completed
2025-12-11 12:10:59 - scraping.match_scraper - INFO - Getting current innings team
2025-12-11 12:10:59 - scraping.match_scraper - INFO - Default innings: DC
2025-12-11 12:10:59 - scraping.match_scraper - INFO - Getting all innings options
2025-12-11 12:11:36 - core.page_navigator - INFO - Found 2 innings options: ['RCB', 'DC']
2025-12-11 12:11:38 - scraping.match_scraper - INFO - All innings: ['RCB', 'DC']
2025-12-11 12:11:38 - scraping.match_scraper - INFO - Regular innings: ['RCB', 'DC']
2025-12-11 12:11:38 - scraping.match_scraper - INFO - Super overs: []
2025-12-11 12:11:38 - scraping.match_scraper - INFO - Scraping default innings: DC
2025-12-11 12:11:39 - core.commentary_parser - INFO - Found 110 commentary blocks
2025-12-11 12:11:40 - core.commentary_parser - INFO - Parsed 110 commentary entries
2025-12-11 12:11:40 - core.commentary_parser - INFO - Normalizing to 6 columns (most common)
2025-12-11 12:11:40 - core.commentary_parser - INFO - Normalized 110 rows to 6 columns
2025-12-11 12:11:40 - core.commentary_parser - INFO - DataFrame created with 110 rows and 6 columns
2025-12-11 12:11:40 - core.commentary_parser - INFO - Final DataFrame: 110 rows with columns: ['Ball', 'Event', 'Score', 'Commentary', 'Bowler', 'Batsman']
2025-12-11 12:11:40 - core.commentary_parser - INFO -   Rows with commentary: 110
2025-12-11 12:11:40 - core.commentary_parser - INFO -   Rows without commentary: 0
2025-12-11 12:11:40 - scraping.match_scraper - INFO - DC: 110 events (super_over=False)
2025-12-11 12:11:40 - scraping.match_scraper - INFO - Switching to innings: RCB
2025-12-11 12:11:40 - core.page_navigator - INFO - Scrolling to top of page
2025-12-11 12:11:44 - core.page_navigator - INFO - Switching to innings: RCB
2025-12-11 12:12:18 - core.page_navigator - INFO - Found target innings: RCB
2025-12-11 12:12:22 - core.page_navigator - INFO - Successfully switched to RCB
2025-12-11 12:12:22 - scraping.match_scraper - INFO - Successfully switched to: RCB
2025-12-11 12:12:25 - core.page_navigator - INFO - Scrolling page 20 times
2025-12-11 12:13:26 - core.page_navigator - INFO - Page scrolling completed
2025-12-11 12:13:29 - scraping.match_scraper - INFO - Scraping innings: RCB
2025-12-11 12:13:30 - core.commentary_parser - INFO - Found 126 commentary blocks
2025-12-11 12:13:30 - core.commentary_parser - INFO - Parsed 126 commentary entries
2025-12-11 12:13:30 - core.commentary_parser - INFO - Normalizing to 6 columns (most common)
2025-12-11 12:13:30 - core.commentary_parser - INFO - Normalized 126 rows to 6 columns
2025-12-11 12:13:30 - core.commentary_parser - INFO - DataFrame created with 126 rows and 6 columns
2025-12-11 12:13:30 - core.commentary_parser - INFO - Final DataFrame: 126 rows with columns: ['Ball', 'Event', 'Score', 'Commentary', 'Bowler', 'Batsman']
2025-12-11 12:13:30 - core.commentary_parser - INFO -   Rows with commentary: 126
2025-12-11 12:13:30 - core.commentary_parser - INFO -   Rows without commentary: 0
2025-12-11 12:13:30 - scraping.match_scraper - INFO - RCB: 126 events (super_over=False)
2025-12-11 12:13:30 - scraping.match_scraper - INFO - Combining all innings dataframes
2025-12-11 12:13:30 - scraping.match_scraper - INFO - Total events: 236 across 2 innings
2025-12-11 12:13:30 - scraping.match_scraper - INFO -   - Regular innings: 236 events
2025-12-11 12:13:30 - scraping.match_scraper - INFO -   - Super over(s): 0 events
2025-12-11 12:13:30 - scraping.match_scraper - INFO - Saving commentary to database
2025-12-11 12:13:30 - scraping.match_scraper - INFO - Commentary saved: 236 total events
2025-12-11 12:13:30 - scraping.match_scraper - INFO - Saving metadata to database
2025-12-11 12:13:30 - scraping.match_scraper - INFO - Metadata saved with super_over_count=0
2025-12-11 12:13:30 - scraping.match_scraper - INFO - Saving match players to database
2025-12-11 12:13:31 - scraping.match_scraper - INFO - Successfully completed scraping match 1473461
2025-12-11 12:13:31 - scraping.match_scraper - INFO - Closing WebDriver
2025-12-11 12:13:34 - __main__ - INFO - Successfully downloaded match 1473461
2025-12-11 12:13:44 - __main__ - INFO - Processing match 25/74: https://www.espncricinfo.com/series/ipl-2025-1449924/chennai-super-kings-vs-kolkata-knight-riders-25th-match-1473462/full-scorecard
2025-12-11 12:13:44 - __main__ - INFO - Attempting to download match 1473462 (attempt 1/4)
2025-12-11 12:13:44 - scraping.player_extractor - INFO - PlayerExtractor initialized - Target: raw.match_players
2025-12-11 12:13:44 - scraping.match_scraper - INFO - Initializing WebDriver
2025-12-11 12:13:55 - scraping.match_scraper - INFO - Loading full scorecard - attempt 1
2025-12-11 12:14:11 - scraping.match_scraper - INFO - full scorecard loaded successfully
2025-12-11 12:14:11 - scraping.match_scraper - INFO - Scrolling full scorecard page
2025-12-11 12:14:11 - core.page_navigator - INFO - Scrolling page 5 times
2025-12-11 12:14:32 - core.page_navigator - INFO - Page scrolling completed
2025-12-11 12:14:35 - scraping.match_scraper - INFO - Extracting metadata
2025-12-11 12:21:20 - scraping.match_scraper - INFO - Closing WebDriver
2025-12-11 12:21:23 - __main__ - INFO - Cricket Data Pipeline Started
2025-12-11 12:21:23 - __main__ - INFO - STEP 1: Initializing database and schemas
2025-12-11 12:21:24 - configs.db_config - INFO - Initializing Medallion Architecture schemas...
2025-12-11 12:21:24 - configs.db_config - INFO - Medallion schemas (Bronze, Silver, Gold) initialized
2025-12-11 12:21:24 - __main__ - INFO - Database initialization complete
2025-12-11 12:21:24 - __main__ - INFO - STEP 2: Loading configuration
2025-12-11 12:21:24 - __main__ - INFO - Configuration loaded successfully
2025-12-11 12:21:24 - __main__ - INFO - STEP 3: Scraping data from Cricinfo
2025-12-11 12:21:24 - __main__ - INFO - Initializing match tracker
2025-12-11 12:21:24 - __main__ - INFO - Current Status: 24 matches already downloaded
2025-12-11 12:21:24 - __main__ - INFO - Fetching match schedule from Cricinfo
2025-12-11 12:21:24 - scraping.schedule_scraper - INFO - Initializing WebDriver for schedule scraping
2025-12-11 12:21:34 - scraping.schedule_scraper - INFO - Loading schedule page - attempt 1
2025-12-11 12:21:47 - scraping.schedule_scraper - INFO - Schedule page loaded successfully
2025-12-11 12:21:47 - scraping.schedule_scraper - INFO - Parsing schedule page with BeautifulSoup
2025-12-11 12:21:48 - scraping.schedule_scraper - INFO - Extracting match links from schedule
2025-12-11 12:21:48 - scraping.schedule_scraper - INFO - Successfully extracted 104 match links
2025-12-11 12:21:48 - scraping.schedule_scraper - INFO - Closing WebDriver
2025-12-11 12:21:50 - __main__ - INFO - Found 104 total links
2025-12-11 12:21:50 - __main__ - INFO - Found 74 match scorecards
2025-12-11 12:21:50 - __main__ - INFO - Loading match cache
2025-12-11 12:21:51 - __main__ - INFO - Starting match scraping process with retry logic
2025-12-11 12:21:51 - __main__ - INFO - Processing match 1/74: https://www.espncricinfo.com/series/ipl-2025-1449924/kolkata-knight-riders-vs-royal-challengers-bengaluru-1st-match-1473438/full-scorecard
2025-12-11 12:21:51 - __main__ - INFO - Match 1473438 already downloaded - skipping
2025-12-11 12:21:51 - __main__ - INFO - Processing match 2/74: https://www.espncricinfo.com/series/ipl-2025-1449924/sunrisers-hyderabad-vs-rajasthan-royals-2nd-match-1473439/full-scorecard
2025-12-11 12:21:51 - __main__ - INFO - Match 1473439 already downloaded - skipping
2025-12-11 12:21:51 - __main__ - INFO - Processing match 3/74: https://www.espncricinfo.com/series/ipl-2025-1449924/chennai-super-kings-vs-mumbai-indians-3rd-match-1473440/full-scorecard
2025-12-11 12:21:51 - __main__ - INFO - Match 1473440 already downloaded - skipping
2025-12-11 12:21:51 - __main__ - INFO - Processing match 4/74: https://www.espncricinfo.com/series/ipl-2025-1449924/delhi-capitals-vs-lucknow-super-giants-4th-match-1473441/full-scorecard
2025-12-11 12:21:51 - __main__ - INFO - Match 1473441 already downloaded - skipping
2025-12-11 12:21:51 - __main__ - INFO - Processing match 5/74: https://www.espncricinfo.com/series/ipl-2025-1449924/gujarat-titans-vs-punjab-kings-5th-match-1473442/full-scorecard
2025-12-11 12:21:51 - __main__ - INFO - Match 1473442 already downloaded - skipping
2025-12-11 12:21:51 - __main__ - INFO - Processing match 6/74: https://www.espncricinfo.com/series/ipl-2025-1449924/rajasthan-royals-vs-kolkata-knight-riders-6th-match-1473443/full-scorecard
2025-12-11 12:21:51 - __main__ - INFO - Match 1473443 already downloaded - skipping
2025-12-11 12:21:51 - __main__ - INFO - Processing match 7/74: https://www.espncricinfo.com/series/ipl-2025-1449924/sunrisers-hyderabad-vs-lucknow-super-giants-7th-match-1473444/full-scorecard
2025-12-11 12:21:51 - __main__ - INFO - Match 1473444 already downloaded - skipping
2025-12-11 12:21:51 - __main__ - INFO - Processing match 8/74: https://www.espncricinfo.com/series/ipl-2025-1449924/chennai-super-kings-vs-royal-challengers-bengaluru-8th-match-1473445/full-scorecard
2025-12-11 12:21:51 - __main__ - INFO - Match 1473445 already downloaded - skipping
2025-12-11 12:21:51 - __main__ - INFO - Processing match 9/74: https://www.espncricinfo.com/series/ipl-2025-1449924/gujarat-titans-vs-mumbai-indians-9th-match-1473446/full-scorecard
2025-12-11 12:21:51 - __main__ - INFO - Match 1473446 already downloaded - skipping
2025-12-11 12:21:51 - __main__ - INFO - Processing match 10/74: https://www.espncricinfo.com/series/ipl-2025-1449924/delhi-capitals-vs-sunrisers-hyderabad-10th-match-1473447/full-scorecard
2025-12-11 12:21:51 - __main__ - INFO - Match 1473447 already downloaded - skipping
2025-12-11 12:21:51 - __main__ - INFO - Processing match 11/74: https://www.espncricinfo.com/series/ipl-2025-1449924/rajasthan-royals-vs-chennai-super-kings-11th-match-1473448/full-scorecard
2025-12-11 12:21:51 - __main__ - INFO - Match 1473448 already downloaded - skipping
2025-12-11 12:21:51 - __main__ - INFO - Processing match 12/74: https://www.espncricinfo.com/series/ipl-2025-1449924/mumbai-indians-vs-kolkata-knight-riders-12th-match-1473449/full-scorecard
2025-12-11 12:21:51 - __main__ - INFO - Match 1473449 already downloaded - skipping
2025-12-11 12:21:51 - __main__ - INFO - Processing match 13/74: https://www.espncricinfo.com/series/ipl-2025-1449924/lucknow-super-giants-vs-punjab-kings-13th-match-1473450/full-scorecard
2025-12-11 12:21:51 - __main__ - INFO - Match 1473450 already downloaded - skipping
2025-12-11 12:21:51 - __main__ - INFO - Processing match 14/74: https://www.espncricinfo.com/series/ipl-2025-1449924/royal-challengers-bengaluru-vs-gujarat-titans-14th-match-1473451/full-scorecard
2025-12-11 12:21:51 - __main__ - INFO - Match 1473451 already downloaded - skipping
2025-12-11 12:21:51 - __main__ - INFO - Processing match 15/74: https://www.espncricinfo.com/series/ipl-2025-1449924/kolkata-knight-riders-vs-sunrisers-hyderabad-15th-match-1473452/full-scorecard
2025-12-11 12:21:51 - __main__ - INFO - Match 1473452 already downloaded - skipping
2025-12-11 12:21:51 - __main__ - INFO - Processing match 16/74: https://www.espncricinfo.com/series/ipl-2025-1449924/lucknow-super-giants-vs-mumbai-indians-16th-match-1473453/full-scorecard
2025-12-11 12:21:51 - __main__ - INFO - Match 1473453 already downloaded - skipping
2025-12-11 12:21:51 - __main__ - INFO - Processing match 17/74: https://www.espncricinfo.com/series/ipl-2025-1449924/chennai-super-kings-vs-delhi-capitals-17th-match-1473454/full-scorecard
2025-12-11 12:21:51 - __main__ - INFO - Match 1473454 already downloaded - skipping
2025-12-11 12:21:51 - __main__ - INFO - Processing match 18/74: https://www.espncricinfo.com/series/ipl-2025-1449924/punjab-kings-vs-rajasthan-royals-18th-match-1473455/full-scorecard
2025-12-11 12:21:51 - __main__ - INFO - Match 1473455 already downloaded - skipping
2025-12-11 12:21:51 - __main__ - INFO - Processing match 19/74: https://www.espncricinfo.com/series/ipl-2025-1449924/sunrisers-hyderabad-vs-gujarat-titans-19th-match-1473457/full-scorecard
2025-12-11 12:21:51 - __main__ - INFO - Match 1473457 already downloaded - skipping
2025-12-11 12:21:51 - __main__ - INFO - Processing match 20/74: https://www.espncricinfo.com/series/ipl-2025-1449924/mumbai-indians-vs-royal-challengers-bengaluru-20th-match-1473458/full-scorecard
2025-12-11 12:21:51 - __main__ - INFO - Match 1473458 already downloaded - skipping
2025-12-11 12:21:51 - __main__ - INFO - Processing match 21/74: https://www.espncricinfo.com/series/ipl-2025-1449924/kolkata-knight-riders-vs-lucknow-super-giants-21st-match-1473456/full-scorecard
2025-12-11 12:21:51 - __main__ - INFO - Match 1473456 already downloaded - skipping
2025-12-11 12:21:51 - __main__ - INFO - Processing match 22/74: https://www.espncricinfo.com/series/ipl-2025-1449924/punjab-kings-vs-chennai-super-kings-22nd-match-1473459/full-scorecard
2025-12-11 12:21:51 - __main__ - INFO - Match 1473459 already downloaded - skipping
2025-12-11 12:21:51 - __main__ - INFO - Processing match 23/74: https://www.espncricinfo.com/series/ipl-2025-1449924/gujarat-titans-vs-rajasthan-royals-23rd-match-1473460/full-scorecard
2025-12-11 12:21:51 - __main__ - INFO - Match 1473460 already downloaded - skipping
2025-12-11 12:21:51 - __main__ - INFO - Processing match 24/74: https://www.espncricinfo.com/series/ipl-2025-1449924/royal-challengers-bengaluru-vs-delhi-capitals-24th-match-1473461/full-scorecard
2025-12-11 12:21:51 - __main__ - INFO - Match 1473461 already downloaded - skipping
2025-12-11 12:21:51 - __main__ - INFO - Processing match 25/74: https://www.espncricinfo.com/series/ipl-2025-1449924/chennai-super-kings-vs-kolkata-knight-riders-25th-match-1473462/full-scorecard
2025-12-11 12:21:51 - __main__ - INFO - Attempting to download match 1473462 (attempt 1/4)
2025-12-11 12:21:51 - scraping.player_extractor - INFO - PlayerExtractor initialized - Target: raw.match_players
2025-12-11 12:21:51 - scraping.match_scraper - INFO - Initializing WebDriver
2025-12-11 12:22:00 - scraping.match_scraper - INFO - Loading full scorecard - attempt 1
2025-12-11 12:22:16 - scraping.match_scraper - INFO - full scorecard loaded successfully
2025-12-11 12:22:16 - scraping.match_scraper - INFO - Scrolling full scorecard page
2025-12-11 12:22:16 - core.page_navigator - INFO - Scrolling page 5 times
2025-12-11 12:22:46 - core.page_navigator - INFO - Page scrolling completed
2025-12-11 12:22:49 - scraping.match_scraper - INFO - Extracting metadata
2025-12-11 12:22:49 - core.metadata_extractor - INFO - Found 13 metadata rows for match 1473462
2025-12-11 12:22:49 - core.metadata_extractor - INFO - Extracted 14 metadata fields for match 1473462
2025-12-11 12:22:49 - scraping.match_scraper - INFO - Extracting player rosters...
2025-12-11 12:22:50 - scraping.player_extractor - INFO - Extracting players for match 1473462
2025-12-11 12:22:50 - core.metadata_extractor - INFO - Extracting player names for match 1473462
2025-12-11 12:22:50 - core.metadata_extractor - INFO - Found 2 batting scorecard table(s)
2025-12-11 12:22:50 - core.metadata_extractor - INFO -   Innings 1: Chennai Super Kings (batting)
2025-12-11 12:22:50 - core.metadata_extractor - INFO -   Innings 2: Kolkata Knight Riders (batting)
2025-12-11 12:22:50 - core.metadata_extractor - INFO -   innings_1 (Chennai Super Kings): 11 batted, 1 did not bat
2025-12-11 12:22:50 - core.metadata_extractor - INFO -   innings_2 (Kolkata Knight Riders): 4 batted, 7 did not bat
2025-12-11 12:22:50 - core.metadata_extractor - INFO - Found 2 bowling table(s)
2025-12-11 12:22:50 - core.metadata_extractor - INFO -   innings_1 bowling: Kolkata Knight Riders (bowling against Chennai Super Kings)
2025-12-11 12:22:50 - core.metadata_extractor - INFO -   innings_1 bowling (Kolkata Knight Riders): 5 bowlers
2025-12-11 12:22:50 - core.metadata_extractor - INFO -   innings_2 bowling: Chennai Super Kings (bowling against Kolkata Knight Riders)
2025-12-11 12:22:50 - core.metadata_extractor - INFO -   innings_2 bowling (Chennai Super Kings): 5 bowlers
2025-12-11 12:22:50 - core.metadata_extractor - INFO - Created DataFrame with 33 player records, 23 unique players
2025-12-11 12:22:50 - scraping.player_extractor - INFO - Extracted 23 players for match 1473462
2025-12-11 12:22:50 - scraping.player_extractor - INFO -   Teams: Chennai Super Kings, Kolkata Knight Riders
2025-12-11 12:22:50 - scraping.player_extractor - INFO -   Batted: 12, Did not bat: 11
2025-12-11 12:22:50 - scraping.player_extractor - INFO -   Regular: 22, Impact: 1
2025-12-11 12:22:50 - scraping.player_extractor - INFO -   Impact players: Deepak Hooda
2025-12-11 12:22:50 - scraping.match_scraper - INFO - Stored 23 players
2025-12-11 12:22:50 - scraping.match_scraper - INFO -   - Chennai Super Kings
2025-12-11 12:22:50 - scraping.match_scraper - INFO -   - Kolkata Knight Riders
2025-12-11 12:22:50 - scraping.match_scraper - INFO - Loading commentary page - attempt 1
2025-12-11 12:23:02 - scraping.match_scraper - INFO - commentary page loaded successfully
2025-12-11 12:23:02 - scraping.match_scraper - INFO - Scrolling commentary page
2025-12-11 12:23:02 - core.page_navigator - INFO - Scrolling page 20 times
2025-12-11 12:24:10 - core.page_navigator - INFO - Page scrolling completed
2025-12-11 12:24:13 - scraping.match_scraper - INFO - Getting current innings team
2025-12-11 12:24:13 - scraping.match_scraper - INFO - Default innings: KKR
2025-12-11 12:24:13 - scraping.match_scraper - INFO - Getting all innings options
2025-12-11 12:24:48 - core.page_navigator - INFO - Found 2 innings options: ['CSK', 'KKR']
2025-12-11 12:24:50 - scraping.match_scraper - INFO - All innings: ['CSK', 'KKR']
2025-12-11 12:24:50 - scraping.match_scraper - INFO - Regular innings: ['CSK', 'KKR']
2025-12-11 12:24:50 - scraping.match_scraper - INFO - Super overs: []
2025-12-11 12:24:50 - scraping.match_scraper - INFO - Scraping default innings: KKR
2025-12-11 12:24:51 - core.commentary_parser - INFO - Found 65 commentary blocks
2025-12-11 12:24:51 - core.commentary_parser - INFO - Parsed 65 commentary entries
2025-12-11 12:24:51 - core.commentary_parser - INFO - Normalizing to 6 columns (most common)
2025-12-11 12:24:51 - core.commentary_parser - INFO - Normalized 65 rows to 6 columns
2025-12-11 12:24:51 - core.commentary_parser - INFO - DataFrame created with 65 rows and 6 columns
2025-12-11 12:24:51 - core.commentary_parser - INFO - Final DataFrame: 65 rows with columns: ['Ball', 'Event', 'Score', 'Commentary', 'Bowler', 'Batsman']
2025-12-11 12:24:51 - core.commentary_parser - INFO -   Rows with commentary: 65
2025-12-11 12:24:51 - core.commentary_parser - INFO -   Rows without commentary: 0
2025-12-11 12:24:51 - scraping.match_scraper - INFO - KKR: 65 events (super_over=False)
2025-12-11 12:24:51 - scraping.match_scraper - INFO - Switching to innings: CSK
2025-12-11 12:24:51 - core.page_navigator - INFO - Scrolling to top of page
2025-12-11 12:24:55 - core.page_navigator - INFO - Switching to innings: CSK
2025-12-11 12:25:29 - core.page_navigator - INFO - Found target innings: CSK
2025-12-11 12:25:33 - core.page_navigator - INFO - Successfully switched to CSK
2025-12-11 12:25:33 - scraping.match_scraper - INFO - Successfully switched to: CSK
2025-12-11 12:25:36 - core.page_navigator - INFO - Scrolling page 20 times
2025-12-11 12:26:36 - core.page_navigator - INFO - Page scrolling completed
2025-12-11 12:26:39 - scraping.match_scraper - INFO - Scraping innings: CSK
2025-12-11 12:26:40 - core.commentary_parser - INFO - Found 124 commentary blocks
2025-12-11 12:26:40 - core.commentary_parser - INFO - Parsed 124 commentary entries
2025-12-11 12:26:40 - core.commentary_parser - INFO - Normalizing to 6 columns (most common)
2025-12-11 12:26:40 - core.commentary_parser - INFO - Normalized 124 rows to 6 columns
2025-12-11 12:26:40 - core.commentary_parser - INFO - DataFrame created with 124 rows and 6 columns
2025-12-11 12:26:40 - core.commentary_parser - INFO - Final DataFrame: 124 rows with columns: ['Ball', 'Event', 'Score', 'Commentary', 'Bowler', 'Batsman']
2025-12-11 12:26:40 - core.commentary_parser - INFO -   Rows with commentary: 124
2025-12-11 12:26:40 - core.commentary_parser - INFO -   Rows without commentary: 0
2025-12-11 12:26:40 - scraping.match_scraper - INFO - CSK: 124 events (super_over=False)
2025-12-11 12:26:40 - scraping.match_scraper - INFO - Combining all innings dataframes
2025-12-11 12:26:40 - scraping.match_scraper - INFO - Total events: 189 across 2 innings
2025-12-11 12:26:40 - scraping.match_scraper - INFO -   - Regular innings: 189 events
2025-12-11 12:26:40 - scraping.match_scraper - INFO -   - Super over(s): 0 events
2025-12-11 12:26:40 - scraping.match_scraper - INFO - Saving commentary to database
2025-12-11 12:26:40 - scraping.match_scraper - INFO - Commentary saved: 189 total events
2025-12-11 12:26:40 - scraping.match_scraper - INFO - Saving metadata to database
2025-12-11 12:26:41 - scraping.match_scraper - INFO - Metadata saved with super_over_count=0
2025-12-11 12:26:41 - scraping.match_scraper - INFO - Saving match players to database
2025-12-11 12:26:41 - scraping.match_scraper - INFO - Successfully completed scraping match 1473462
2025-12-11 12:26:41 - scraping.match_scraper - INFO - Closing WebDriver
2025-12-11 12:26:43 - __main__ - INFO - Successfully downloaded match 1473462
2025-12-11 12:26:53 - __main__ - INFO - Processing match 26/74: https://www.espncricinfo.com/series/ipl-2025-1449924/lucknow-super-giants-vs-gujarat-titans-26th-match-1473463/full-scorecard
2025-12-11 12:26:53 - __main__ - INFO - Attempting to download match 1473463 (attempt 1/4)
2025-12-11 12:26:53 - scraping.player_extractor - INFO - PlayerExtractor initialized - Target: raw.match_players
2025-12-11 12:26:53 - scraping.match_scraper - INFO - Initializing WebDriver
2025-12-11 12:27:02 - scraping.match_scraper - INFO - Loading full scorecard - attempt 1
2025-12-11 12:27:16 - scraping.match_scraper - INFO - full scorecard loaded successfully
2025-12-11 12:27:16 - scraping.match_scraper - INFO - Scrolling full scorecard page
2025-12-11 12:27:16 - core.page_navigator - INFO - Scrolling page 5 times
2025-12-11 12:27:34 - core.page_navigator - INFO - Page scrolling completed
2025-12-11 12:27:37 - scraping.match_scraper - INFO - Extracting metadata
2025-12-11 12:27:38 - core.metadata_extractor - INFO - Found 14 metadata rows for match 1473463
2025-12-11 12:27:38 - core.metadata_extractor - INFO - Extracted 15 metadata fields for match 1473463
2025-12-11 12:27:38 - scraping.match_scraper - INFO - Extracting player rosters...
2025-12-11 12:27:38 - scraping.player_extractor - INFO - Extracting players for match 1473463
2025-12-11 12:27:39 - core.metadata_extractor - INFO - Extracting player names for match 1473463
2025-12-11 12:27:39 - core.metadata_extractor - INFO - Found 2 batting scorecard table(s)
2025-12-11 12:27:39 - core.metadata_extractor - INFO -   Innings 1: Gujarat Titans (batting)
2025-12-11 12:27:39 - core.metadata_extractor - INFO -   Innings 2: Lucknow Super Giants (batting)
2025-12-11 12:27:39 - core.metadata_extractor - INFO -   innings_1 (Gujarat Titans): 8 batted, 3 did not bat
2025-12-11 12:27:39 - core.metadata_extractor - INFO -   innings_2 (Lucknow Super Giants): 6 batted, 5 did not bat
2025-12-11 12:27:39 - core.metadata_extractor - INFO - Found 2 bowling table(s)
2025-12-11 12:27:39 - core.metadata_extractor - INFO -   innings_1 bowling: Lucknow Super Giants (bowling against Gujarat Titans)
2025-12-11 12:27:39 - core.metadata_extractor - INFO -   innings_1 bowling (Lucknow Super Giants): 6 bowlers
2025-12-11 12:27:39 - core.metadata_extractor - INFO -   innings_2 bowling: Gujarat Titans (bowling against Lucknow Super Giants)
2025-12-11 12:27:39 - core.metadata_extractor - INFO -   innings_2 bowling (Gujarat Titans): 6 bowlers
2025-12-11 12:27:39 - core.metadata_extractor - INFO - Created DataFrame with 34 player records, 24 unique players
2025-12-11 12:27:39 - scraping.player_extractor - INFO - Extracted 24 players for match 1473463
2025-12-11 12:27:39 - scraping.player_extractor - INFO -   Teams: Lucknow Super Giants, Gujarat Titans
2025-12-11 12:27:39 - scraping.player_extractor - INFO -   Batted: 12, Did not bat: 12
2025-12-11 12:27:39 - scraping.player_extractor - INFO -   Regular: 23, Impact: 1
2025-12-11 12:27:39 - scraping.player_extractor - INFO -   Impact players: Ayush Badoni
2025-12-11 12:27:39 - scraping.match_scraper - INFO - Stored 24 players
2025-12-11 12:27:39 - scraping.match_scraper - INFO -   - Lucknow Super Giants
2025-12-11 12:27:39 - scraping.match_scraper - INFO -   - Gujarat Titans
2025-12-11 12:27:39 - scraping.match_scraper - INFO - Loading commentary page - attempt 1
2025-12-11 12:27:52 - scraping.match_scraper - INFO - commentary page loaded successfully
2025-12-11 12:27:52 - scraping.match_scraper - INFO - Scrolling commentary page
2025-12-11 12:27:52 - core.page_navigator - INFO - Scrolling page 20 times
2025-12-11 12:30:23 - core.page_navigator - ERROR - Error during page scroll: HTTPConnectionPool(host='localhost', port=64308): Read timed out. (read timeout=120)
2025-12-11 12:30:26 - scraping.match_scraper - INFO - Getting current innings team
2025-12-11 12:32:26 - scraping.match_scraper - ERROR - Error scraping match 1473463: HTTPConnectionPool(host='localhost', port=64308): Read timed out. (read timeout=120)
Traceback (most recent call last):
  File "C:\Users\prade\PycharmProjects\Cricinfo_scraper\.venv\Lib\site-packages\urllib3\connectionpool.py", line 534, in _make_request
    response = conn.getresponse()
               ^^^^^^^^^^^^^^^^^^
  File "C:\Users\prade\PycharmProjects\Cricinfo_scraper\.venv\Lib\site-packages\urllib3\connection.py", line 516, in getresponse
    httplib_response = super().getresponse()
                       ^^^^^^^^^^^^^^^^^^^^^
  File "C:\Users\prade\AppData\Local\Programs\Python\Python311\Lib\http\client.py", line 1395, in getresponse
    response.begin()
  File "C:\Users\prade\AppData\Local\Programs\Python\Python311\Lib\http\client.py", line 325, in begin
    version, status, reason = self._read_status()
                              ^^^^^^^^^^^^^^^^^^^
  File "C:\Users\prade\AppData\Local\Programs\Python\Python311\Lib\http\client.py", line 286, in _read_status
    line = str(self.fp.readline(_MAXLINE + 1), "iso-8859-1")
               ^^^^^^^^^^^^^^^^^^^^^^^^^^^^^^
  File "C:\Users\prade\AppData\Local\Programs\Python\Python311\Lib\socket.py", line 706, in readinto
    return self._sock.recv_into(b)
           ^^^^^^^^^^^^^^^^^^^^^^^
TimeoutError: timed out

The above exception was the direct cause of the following exception:

Traceback (most recent call last):
  File "C:\Users\prade\Pycharm\Cricinfo_scraper\scraping\match_scraper.py", line 197, in scrape
    default_innings = self.get_current_innings_team(driver)
                      ^^^^^^^^^^^^^^^^^^^^^^^^^^^^^^^^^^^^^
  File "C:\Users\prade\Pycharm\Cricinfo_scraper\scraping\match_scraper.py", line 409, in get_current_innings_team
    team_element = driver.find_element("css selector", "div.ds-cursor-pointer.ds-min-w-max")
                   ^^^^^^^^^^^^^^^^^^^^^^^^^^^^^^^^^^^^^^^^^^^^^^^^^^^^^^^^^^^^^^^^^^^^^^^^^
  File "C:\Users\prade\PycharmProjects\Cricinfo_scraper\.venv\Lib\site-packages\selenium\webdriver\remote\webdriver.py", line 914, in find_element
    return self.execute(Command.FIND_ELEMENT, {"using": by, "value": value})["value"]
           ^^^^^^^^^^^^^^^^^^^^^^^^^^^^^^^^^^^^^^^^^^^^^^^^^^^^^^^^^^^^^^^^^
  File "C:\Users\prade\PycharmProjects\Cricinfo_scraper\.venv\Lib\site-packages\selenium\webdriver\remote\webdriver.py", line 445, in execute
    response = self.command_executor.execute(driver_command, params)
               ^^^^^^^^^^^^^^^^^^^^^^^^^^^^^^^^^^^^^^^^^^^^^^^^^^^^^
  File "C:\Users\prade\PycharmProjects\Cricinfo_scraper\.venv\Lib\site-packages\selenium\webdriver\remote\remote_connection.py", line 404, in execute
    return self._request(command_info[0], url, body=data)
           ^^^^^^^^^^^^^^^^^^^^^^^^^^^^^^^^^^^^^^^^^^^^^^
  File "C:\Users\prade\PycharmProjects\Cricinfo_scraper\.venv\Lib\site-packages\selenium\webdriver\remote\remote_connection.py", line 428, in _request
    response = self._conn.request(method, url, body=body, headers=headers, timeout=self._client_config.timeout)
               ^^^^^^^^^^^^^^^^^^^^^^^^^^^^^^^^^^^^^^^^^^^^^^^^^^^^^^^^^^^^^^^^^^^^^^^^^^^^^^^^^^^^^^^^^^^^^^^^
  File "C:\Users\prade\PycharmProjects\Cricinfo_scraper\.venv\Lib\site-packages\urllib3\_request_methods.py", line 143, in request
    return self.request_encode_body(
           ^^^^^^^^^^^^^^^^^^^^^^^^^
  File "C:\Users\prade\PycharmProjects\Cricinfo_scraper\.venv\Lib\site-packages\urllib3\_request_methods.py", line 278, in request_encode_body
    return self.urlopen(method, url, **extra_kw)
           ^^^^^^^^^^^^^^^^^^^^^^^^^^^^^^^^^^^^^
  File "C:\Users\prade\PycharmProjects\Cricinfo_scraper\.venv\Lib\site-packages\urllib3\poolmanager.py", line 443, in urlopen
    response = conn.urlopen(method, u.request_uri, **kw)
               ^^^^^^^^^^^^^^^^^^^^^^^^^^^^^^^^^^^^^^^^^
  File "C:\Users\prade\PycharmProjects\Cricinfo_scraper\.venv\Lib\site-packages\urllib3\connectionpool.py", line 841, in urlopen
    retries = retries.increment(
              ^^^^^^^^^^^^^^^^^^
  File "C:\Users\prade\PycharmProjects\Cricinfo_scraper\.venv\Lib\site-packages\urllib3\util\retry.py", line 474, in increment
    raise reraise(type(error), error, _stacktrace)
          ^^^^^^^^^^^^^^^^^^^^^^^^^^^^^^^^^^^^^^^^
  File "C:\Users\prade\PycharmProjects\Cricinfo_scraper\.venv\Lib\site-packages\urllib3\util\util.py", line 39, in reraise
    raise value
  File "C:\Users\prade\PycharmProjects\Cricinfo_scraper\.venv\Lib\site-packages\urllib3\connectionpool.py", line 787, in urlopen
    response = self._make_request(
               ^^^^^^^^^^^^^^^^^^^
  File "C:\Users\prade\PycharmProjects\Cricinfo_scraper\.venv\Lib\site-packages\urllib3\connectionpool.py", line 536, in _make_request
    self._raise_timeout(err=e, url=url, timeout_value=read_timeout)
  File "C:\Users\prade\PycharmProjects\Cricinfo_scraper\.venv\Lib\site-packages\urllib3\connectionpool.py", line 367, in _raise_timeout
    raise ReadTimeoutError(
urllib3.exceptions.ReadTimeoutError: HTTPConnectionPool(host='localhost', port=64308): Read timed out. (read timeout=120)
2025-12-11 12:32:26 - scraping.match_scraper - INFO - Closing WebDriver
2025-12-11 12:40:38 - __main__ - WARNING - Connection error for match 1473463 (attempt 1): HTTPConnectionPool(host='localhost', port=64308): Read timed out. (read timeout=120)
2025-12-11 12:40:38 - __main__ - INFO - Retrying match 1473463 in 30 seconds...
2025-12-11 12:41:08 - __main__ - INFO - Attempting to download match 1473463 (attempt 2/4)
2025-12-11 12:41:08 - scraping.player_extractor - INFO - PlayerExtractor initialized - Target: raw.match_players
2025-12-11 12:41:08 - scraping.match_scraper - INFO - Initializing WebDriver
2025-12-11 12:41:17 - scraping.match_scraper - INFO - Loading full scorecard - attempt 1
2025-12-11 12:41:31 - scraping.match_scraper - INFO - full scorecard loaded successfully
2025-12-11 12:41:31 - scraping.match_scraper - INFO - Scrolling full scorecard page
2025-12-11 12:41:31 - core.page_navigator - INFO - Scrolling page 5 times
2025-12-11 12:41:58 - core.page_navigator - INFO - Page scrolling completed
2025-12-11 12:42:01 - scraping.match_scraper - INFO - Extracting metadata
2025-12-11 12:42:02 - core.metadata_extractor - INFO - Found 14 metadata rows for match 1473463
2025-12-11 12:42:02 - core.metadata_extractor - INFO - Extracted 15 metadata fields for match 1473463
2025-12-11 12:42:02 - scraping.match_scraper - INFO - Extracting player rosters...
2025-12-11 12:42:03 - scraping.player_extractor - INFO - Extracting players for match 1473463
2025-12-11 12:42:04 - core.metadata_extractor - INFO - Extracting player names for match 1473463
2025-12-11 12:42:04 - core.metadata_extractor - INFO - Found 2 batting scorecard table(s)
2025-12-11 12:42:04 - core.metadata_extractor - INFO -   Innings 1: Gujarat Titans (batting)
2025-12-11 12:42:04 - core.metadata_extractor - INFO -   Innings 2: Lucknow Super Giants (batting)
2025-12-11 12:42:04 - core.metadata_extractor - INFO -   innings_1 (Gujarat Titans): 8 batted, 3 did not bat
2025-12-11 12:42:04 - core.metadata_extractor - INFO -   innings_2 (Lucknow Super Giants): 6 batted, 5 did not bat
2025-12-11 12:42:04 - core.metadata_extractor - INFO - Found 2 bowling table(s)
2025-12-11 12:42:04 - core.metadata_extractor - INFO -   innings_1 bowling: Lucknow Super Giants (bowling against Gujarat Titans)
2025-12-11 12:42:04 - core.metadata_extractor - INFO -   innings_1 bowling (Lucknow Super Giants): 6 bowlers
2025-12-11 12:42:04 - core.metadata_extractor - INFO -   innings_2 bowling: Gujarat Titans (bowling against Lucknow Super Giants)
2025-12-11 12:42:04 - core.metadata_extractor - INFO -   innings_2 bowling (Gujarat Titans): 6 bowlers
2025-12-11 12:42:04 - core.metadata_extractor - INFO - Created DataFrame with 34 player records, 24 unique players
2025-12-11 12:42:04 - scraping.player_extractor - INFO - Extracted 24 players for match 1473463
2025-12-11 12:42:04 - scraping.player_extractor - INFO -   Teams: Lucknow Super Giants, Gujarat Titans
2025-12-11 12:42:04 - scraping.player_extractor - INFO -   Batted: 12, Did not bat: 12
2025-12-11 12:42:04 - scraping.player_extractor - INFO -   Regular: 23, Impact: 1
2025-12-11 12:42:04 - scraping.player_extractor - INFO -   Impact players: Ayush Badoni
2025-12-11 12:42:04 - scraping.match_scraper - INFO - Stored 24 players
2025-12-11 12:42:04 - scraping.match_scraper - INFO -   - Lucknow Super Giants
2025-12-11 12:42:04 - scraping.match_scraper - INFO -   - Gujarat Titans
2025-12-11 12:42:04 - scraping.match_scraper - INFO - Loading commentary page - attempt 1
2025-12-11 12:42:18 - scraping.match_scraper - INFO - commentary page loaded successfully
2025-12-11 12:42:18 - scraping.match_scraper - INFO - Scrolling commentary page
2025-12-11 12:42:18 - core.page_navigator - INFO - Scrolling page 20 times
2025-12-11 12:43:22 - core.page_navigator - INFO - Page scrolling completed
2025-12-11 12:43:25 - scraping.match_scraper - INFO - Getting current innings team
2025-12-11 12:43:25 - scraping.match_scraper - INFO - Default innings: LSG
2025-12-11 12:43:25 - scraping.match_scraper - INFO - Getting all innings options
2025-12-11 12:44:00 - core.page_navigator - INFO - Found 2 innings options: ['GT', 'LSG']
2025-12-11 12:44:03 - scraping.match_scraper - INFO - All innings: ['GT', 'LSG']
2025-12-11 12:44:03 - scraping.match_scraper - INFO - Regular innings: ['GT', 'LSG']
2025-12-11 12:44:03 - scraping.match_scraper - INFO - Super overs: []
2025-12-11 12:44:03 - scraping.match_scraper - INFO - Scraping default innings: LSG
2025-12-11 12:44:04 - core.commentary_parser - INFO - Found 120 commentary blocks
2025-12-11 12:44:04 - core.commentary_parser - INFO - Parsed 120 commentary entries
2025-12-11 12:44:04 - core.commentary_parser - INFO - Normalizing to 6 columns (most common)
2025-12-11 12:44:04 - core.commentary_parser - INFO - Normalized 120 rows to 6 columns
2025-12-11 12:44:04 - core.commentary_parser - INFO - DataFrame created with 120 rows and 6 columns
2025-12-11 12:44:04 - core.commentary_parser - INFO - Final DataFrame: 120 rows with columns: ['Ball', 'Event', 'Score', 'Commentary', 'Bowler', 'Batsman']
2025-12-11 12:44:04 - core.commentary_parser - INFO -   Rows with commentary: 120
2025-12-11 12:44:04 - core.commentary_parser - INFO -   Rows without commentary: 0
2025-12-11 12:44:04 - scraping.match_scraper - INFO - LSG: 120 events (super_over=False)
2025-12-11 12:44:04 - scraping.match_scraper - INFO - Switching to innings: GT
2025-12-11 12:44:04 - core.page_navigator - INFO - Scrolling to top of page
2025-12-11 12:44:08 - core.page_navigator - INFO - Switching to innings: GT
2025-12-11 12:44:42 - core.page_navigator - INFO - Found target innings: GT
2025-12-11 12:44:46 - core.page_navigator - INFO - Successfully switched to GT
2025-12-11 12:44:46 - scraping.match_scraper - INFO - Successfully switched to: GT
2025-12-11 12:44:49 - core.page_navigator - INFO - Scrolling page 20 times
2025-12-11 12:45:50 - core.page_navigator - INFO - Page scrolling completed
2025-12-11 12:45:53 - scraping.match_scraper - INFO - Scraping innings: GT
2025-12-11 12:45:53 - core.commentary_parser - INFO - Found 129 commentary blocks
2025-12-11 12:45:53 - core.commentary_parser - INFO - Parsed 129 commentary entries
2025-12-11 12:45:53 - core.commentary_parser - INFO - Normalizing to 6 columns (most common)
2025-12-11 12:45:53 - core.commentary_parser - INFO - Normalized 129 rows to 6 columns
2025-12-11 12:45:53 - core.commentary_parser - INFO - DataFrame created with 129 rows and 6 columns
2025-12-11 12:45:53 - core.commentary_parser - INFO - Final DataFrame: 129 rows with columns: ['Ball', 'Event', 'Score', 'Commentary', 'Bowler', 'Batsman']
2025-12-11 12:45:53 - core.commentary_parser - INFO -   Rows with commentary: 129
2025-12-11 12:45:53 - core.commentary_parser - INFO -   Rows without commentary: 0
2025-12-11 12:45:53 - scraping.match_scraper - INFO - GT: 129 events (super_over=False)
2025-12-11 12:45:53 - scraping.match_scraper - INFO - Combining all innings dataframes
2025-12-11 12:45:53 - scraping.match_scraper - INFO - Total events: 249 across 2 innings
2025-12-11 12:45:53 - scraping.match_scraper - INFO -   - Regular innings: 249 events
2025-12-11 12:45:53 - scraping.match_scraper - INFO -   - Super over(s): 0 events
2025-12-11 12:45:53 - scraping.match_scraper - INFO - Saving commentary to database
2025-12-11 12:45:53 - scraping.match_scraper - INFO - Commentary saved: 249 total events
2025-12-11 12:45:53 - scraping.match_scraper - INFO - Saving metadata to database
2025-12-11 12:45:54 - scraping.match_scraper - INFO - Metadata saved with super_over_count=0
2025-12-11 12:45:54 - scraping.match_scraper - INFO - Saving match players to database
2025-12-11 12:45:54 - scraping.match_scraper - INFO - Successfully completed scraping match 1473463
2025-12-11 12:45:54 - scraping.match_scraper - INFO - Closing WebDriver
2025-12-11 12:45:56 - __main__ - INFO - Successfully downloaded match 1473463
2025-12-11 12:46:06 - __main__ - INFO - Processing match 27/74: https://www.espncricinfo.com/series/ipl-2025-1449924/sunrisers-hyderabad-vs-punjab-kings-27th-match-1473464/full-scorecard
2025-12-11 12:46:06 - __main__ - INFO - Attempting to download match 1473464 (attempt 1/4)
2025-12-11 12:46:06 - scraping.player_extractor - INFO - PlayerExtractor initialized - Target: raw.match_players
2025-12-11 12:46:06 - scraping.match_scraper - INFO - Initializing WebDriver
2025-12-11 12:46:15 - scraping.match_scraper - INFO - Loading full scorecard - attempt 1
2025-12-11 12:46:31 - scraping.match_scraper - INFO - full scorecard loaded successfully
2025-12-11 12:46:31 - scraping.match_scraper - INFO - Scrolling full scorecard page
2025-12-11 12:46:31 - core.page_navigator - INFO - Scrolling page 5 times
2025-12-11 12:46:52 - core.page_navigator - INFO - Page scrolling completed
2025-12-11 12:46:55 - scraping.match_scraper - INFO - Extracting metadata
2025-12-11 12:46:55 - core.metadata_extractor - INFO - Found 14 metadata rows for match 1473464
2025-12-11 12:46:55 - core.metadata_extractor - INFO - Extracted 15 metadata fields for match 1473464
2025-12-11 12:46:55 - scraping.match_scraper - INFO - Extracting player rosters...
2025-12-11 12:46:56 - scraping.player_extractor - INFO - Extracting players for match 1473464
2025-12-11 12:46:56 - core.metadata_extractor - INFO - Extracting player names for match 1473464
2025-12-11 12:46:56 - core.metadata_extractor - INFO - Found 2 batting scorecard table(s)
2025-12-11 12:46:56 - core.metadata_extractor - INFO -   Innings 1: Punjab Kings (batting)
2025-12-11 12:46:56 - core.metadata_extractor - INFO -   Innings 2: Sunrisers Hyderabad (batting)
2025-12-11 12:46:56 - core.metadata_extractor - INFO -   innings_1 (Punjab Kings): 8 batted, 3 did not bat
2025-12-11 12:46:56 - core.metadata_extractor - INFO -   innings_2 (Sunrisers Hyderabad): 4 batted, 7 did not bat
2025-12-11 12:46:56 - core.metadata_extractor - INFO - Found 2 bowling table(s)
2025-12-11 12:46:56 - core.metadata_extractor - INFO -   innings_1 bowling: Sunrisers Hyderabad (bowling against Punjab Kings)
2025-12-11 12:46:56 - core.metadata_extractor - INFO -   innings_1 bowling (Sunrisers Hyderabad): 5 bowlers
2025-12-11 12:46:56 - core.metadata_extractor - INFO -   innings_2 bowling: Punjab Kings (bowling against Sunrisers Hyderabad)
2025-12-11 12:46:56 - core.metadata_extractor - INFO -   innings_2 bowling (Punjab Kings): 8 bowlers
2025-12-11 12:46:56 - core.metadata_extractor - INFO - Created DataFrame with 35 player records, 24 unique players
2025-12-11 12:46:56 - scraping.player_extractor - INFO - Extracted 24 players for match 1473464
2025-12-11 12:46:56 - scraping.player_extractor - INFO -   Teams: Punjab Kings, Sunrisers Hyderabad
2025-12-11 12:46:56 - scraping.player_extractor - INFO -   Batted: 9, Did not bat: 15
2025-12-11 12:46:56 - scraping.player_extractor - INFO -   Regular: 24, Impact: 0
2025-12-11 12:46:56 - scraping.match_scraper - INFO - Stored 24 players
2025-12-11 12:46:56 - scraping.match_scraper - INFO -   - Punjab Kings
2025-12-11 12:46:56 - scraping.match_scraper - INFO -   - Sunrisers Hyderabad
2025-12-11 12:46:56 - scraping.match_scraper - INFO - Loading commentary page - attempt 1
2025-12-11 12:47:10 - scraping.match_scraper - INFO - commentary page loaded successfully
2025-12-11 12:47:10 - scraping.match_scraper - INFO - Scrolling commentary page
2025-12-11 12:47:10 - core.page_navigator - INFO - Scrolling page 20 times
2025-12-11 12:48:16 - core.page_navigator - INFO - Page scrolling completed
2025-12-11 12:48:19 - scraping.match_scraper - INFO - Getting current innings team
2025-12-11 12:48:19 - scraping.match_scraper - INFO - Default innings: SRH
2025-12-11 12:48:19 - scraping.match_scraper - INFO - Getting all innings options
2025-12-11 12:48:53 - core.page_navigator - INFO - Found 2 innings options: ['PBKS', 'SRH']
2025-12-11 12:48:55 - scraping.match_scraper - INFO - All innings: ['PBKS', 'SRH']
2025-12-11 12:48:55 - scraping.match_scraper - INFO - Regular innings: ['PBKS', 'SRH']
2025-12-11 12:48:55 - scraping.match_scraper - INFO - Super overs: []
2025-12-11 12:48:55 - scraping.match_scraper - INFO - Scraping default innings: SRH
2025-12-11 12:48:57 - core.commentary_parser - INFO - Found 120 commentary blocks
2025-12-11 12:48:57 - core.commentary_parser - INFO - Parsed 120 commentary entries
2025-12-11 12:48:57 - core.commentary_parser - INFO - Normalizing to 6 columns (most common)
2025-12-11 12:48:57 - core.commentary_parser - INFO - Normalized 120 rows to 6 columns
2025-12-11 12:48:57 - core.commentary_parser - INFO - DataFrame created with 120 rows and 6 columns
2025-12-11 12:48:57 - core.commentary_parser - INFO - Final DataFrame: 120 rows with columns: ['Ball', 'Event', 'Score', 'Commentary', 'Bowler', 'Batsman']
2025-12-11 12:48:57 - core.commentary_parser - INFO -   Rows with commentary: 120
2025-12-11 12:48:57 - core.commentary_parser - INFO -   Rows without commentary: 0
2025-12-11 12:48:57 - scraping.match_scraper - INFO - SRH: 120 events (super_over=False)
2025-12-11 12:48:57 - scraping.match_scraper - INFO - Switching to innings: PBKS
2025-12-11 12:48:57 - core.page_navigator - INFO - Scrolling to top of page
2025-12-11 12:49:01 - core.page_navigator - INFO - Switching to innings: PBKS
2025-12-11 12:49:35 - core.page_navigator - INFO - Found target innings: PBKS
2025-12-11 12:49:39 - core.page_navigator - INFO - Successfully switched to PBKS
2025-12-11 12:49:39 - scraping.match_scraper - INFO - Successfully switched to: PBKS
2025-12-11 12:49:42 - core.page_navigator - INFO - Scrolling page 20 times
2025-12-11 12:50:42 - core.page_navigator - INFO - Page scrolling completed
2025-12-11 12:50:45 - scraping.match_scraper - INFO - Scraping innings: PBKS
2025-12-11 12:50:46 - core.commentary_parser - INFO - Found 128 commentary blocks
2025-12-11 12:50:46 - core.commentary_parser - INFO - Parsed 128 commentary entries
2025-12-11 12:50:46 - core.commentary_parser - INFO - Normalizing to 6 columns (most common)
2025-12-11 12:50:46 - core.commentary_parser - INFO - Normalized 128 rows to 6 columns
2025-12-11 12:50:46 - core.commentary_parser - INFO - DataFrame created with 128 rows and 6 columns
2025-12-11 12:50:46 - core.commentary_parser - INFO - Final DataFrame: 128 rows with columns: ['Ball', 'Event', 'Score', 'Commentary', 'Bowler', 'Batsman']
2025-12-11 12:50:46 - core.commentary_parser - INFO -   Rows with commentary: 128
2025-12-11 12:50:46 - core.commentary_parser - INFO -   Rows without commentary: 0
2025-12-11 12:50:46 - scraping.match_scraper - INFO - PBKS: 128 events (super_over=False)
2025-12-11 12:50:46 - scraping.match_scraper - INFO - Combining all innings dataframes
2025-12-11 12:50:46 - scraping.match_scraper - INFO - Total events: 248 across 2 innings
2025-12-11 12:50:46 - scraping.match_scraper - INFO -   - Regular innings: 248 events
2025-12-11 12:50:46 - scraping.match_scraper - INFO -   - Super over(s): 0 events
2025-12-11 12:50:46 - scraping.match_scraper - INFO - Saving commentary to database
2025-12-11 12:50:46 - scraping.match_scraper - INFO - Commentary saved: 248 total events
2025-12-11 12:50:46 - scraping.match_scraper - INFO - Saving metadata to database
2025-12-11 12:50:46 - scraping.match_scraper - INFO - Metadata saved with super_over_count=0
2025-12-11 12:50:46 - scraping.match_scraper - INFO - Saving match players to database
2025-12-11 12:50:46 - scraping.match_scraper - INFO - Successfully completed scraping match 1473464
2025-12-11 12:50:46 - scraping.match_scraper - INFO - Closing WebDriver
2025-12-11 12:50:49 - __main__ - INFO - Successfully downloaded match 1473464
2025-12-11 12:50:59 - __main__ - INFO - Processing match 28/74: https://www.espncricinfo.com/series/ipl-2025-1449924/rajasthan-royals-vs-royal-challengers-bengaluru-28th-match-1473465/full-scorecard
2025-12-11 12:50:59 - __main__ - INFO - Attempting to download match 1473465 (attempt 1/4)
2025-12-11 12:50:59 - scraping.player_extractor - INFO - PlayerExtractor initialized - Target: raw.match_players
2025-12-11 12:50:59 - scraping.match_scraper - INFO - Initializing WebDriver
2025-12-11 12:51:08 - scraping.match_scraper - INFO - Loading full scorecard - attempt 1
2025-12-11 12:51:23 - scraping.match_scraper - INFO - full scorecard loaded successfully
2025-12-11 12:51:23 - scraping.match_scraper - INFO - Scrolling full scorecard page
2025-12-11 12:51:23 - core.page_navigator - INFO - Scrolling page 5 times
2025-12-11 12:51:55 - core.page_navigator - INFO - Page scrolling completed
2025-12-11 12:51:58 - scraping.match_scraper - INFO - Extracting metadata
2025-12-11 12:51:58 - core.metadata_extractor - INFO - Found 14 metadata rows for match 1473465
2025-12-11 12:51:58 - core.metadata_extractor - INFO - Extracted 15 metadata fields for match 1473465
2025-12-11 12:51:58 - scraping.match_scraper - INFO - Extracting player rosters...
2025-12-11 12:51:58 - scraping.player_extractor - INFO - Extracting players for match 1473465
2025-12-11 12:51:59 - core.metadata_extractor - INFO - Extracting player names for match 1473465
2025-12-11 12:51:59 - core.metadata_extractor - INFO - Found 2 batting scorecard table(s)
2025-12-11 12:51:59 - core.metadata_extractor - INFO -   Innings 1: Rajasthan Royals (batting)
2025-12-11 12:51:59 - core.metadata_extractor - INFO -   Innings 2: Royal Challengers Bengaluru (batting)
2025-12-11 12:51:59 - core.metadata_extractor - INFO -   innings_1 (Rajasthan Royals): 6 batted, 5 did not bat
2025-12-11 12:51:59 - core.metadata_extractor - INFO -   innings_2 (Royal Challengers Bengaluru): 3 batted, 8 did not bat
2025-12-11 12:51:59 - core.metadata_extractor - INFO - Found 2 bowling table(s)
2025-12-11 12:51:59 - core.metadata_extractor - INFO -   innings_1 bowling: Royal Challengers Bengaluru (bowling against Rajasthan Royals)
2025-12-11 12:51:59 - core.metadata_extractor - INFO -   innings_1 bowling (Royal Challengers Bengaluru): 6 bowlers
2025-12-11 12:51:59 - core.metadata_extractor - INFO -   innings_2 bowling: Rajasthan Royals (bowling against Royal Challengers Bengaluru)
2025-12-11 12:51:59 - core.metadata_extractor - INFO -   innings_2 bowling (Rajasthan Royals): 7 bowlers
2025-12-11 12:51:59 - core.metadata_extractor - INFO - Created DataFrame with 35 player records, 24 unique players
2025-12-11 12:51:59 - scraping.player_extractor - INFO - Extracted 24 players for match 1473465
2025-12-11 12:51:59 - scraping.player_extractor - INFO -   Teams: Royal Challengers Bengaluru, Rajasthan Royals
2025-12-11 12:51:59 - scraping.player_extractor - INFO -   Batted: 9, Did not bat: 15
2025-12-11 12:51:59 - scraping.player_extractor - INFO -   Regular: 23, Impact: 1
2025-12-11 12:51:59 - scraping.player_extractor - INFO -   Impact players: Devdutt Padikkal
2025-12-11 12:51:59 - scraping.match_scraper - INFO - Stored 24 players
2025-12-11 12:51:59 - scraping.match_scraper - INFO -   - Royal Challengers Bengaluru
2025-12-11 12:51:59 - scraping.match_scraper - INFO -   - Rajasthan Royals
2025-12-11 12:51:59 - scraping.match_scraper - INFO - Loading commentary page - attempt 1
2025-12-11 12:52:12 - scraping.match_scraper - INFO - commentary page loaded successfully
2025-12-11 12:52:12 - scraping.match_scraper - INFO - Scrolling commentary page
2025-12-11 12:52:12 - core.page_navigator - INFO - Scrolling page 20 times
2025-12-11 12:53:16 - core.page_navigator - INFO - Page scrolling completed
2025-12-11 12:53:19 - scraping.match_scraper - INFO - Getting current innings team
2025-12-11 12:53:19 - scraping.match_scraper - INFO - Default innings: RCB
2025-12-11 12:53:19 - scraping.match_scraper - INFO - Getting all innings options
2025-12-11 12:53:54 - core.page_navigator - INFO - Found 2 innings options: ['RR', 'RCB']
2025-12-11 12:53:56 - scraping.match_scraper - INFO - All innings: ['RR', 'RCB']
2025-12-11 12:53:56 - scraping.match_scraper - INFO - Regular innings: ['RR', 'RCB']
2025-12-11 12:53:56 - scraping.match_scraper - INFO - Super overs: []
2025-12-11 12:53:56 - scraping.match_scraper - INFO - Scraping default innings: RCB
2025-12-11 12:53:57 - core.commentary_parser - INFO - Found 111 commentary blocks
2025-12-11 12:53:57 - core.commentary_parser - INFO - Parsed 111 commentary entries
2025-12-11 12:53:57 - core.commentary_parser - INFO - Normalizing to 6 columns (most common)
2025-12-11 12:53:57 - core.commentary_parser - INFO - Normalized 111 rows to 6 columns
2025-12-11 12:53:57 - core.commentary_parser - INFO - DataFrame created with 111 rows and 6 columns
2025-12-11 12:53:57 - core.commentary_parser - INFO - Final DataFrame: 111 rows with columns: ['Ball', 'Event', 'Score', 'Commentary', 'Bowler', 'Batsman']
2025-12-11 12:53:57 - core.commentary_parser - INFO -   Rows with commentary: 111
2025-12-11 12:53:57 - core.commentary_parser - INFO -   Rows without commentary: 0
2025-12-11 12:53:57 - scraping.match_scraper - INFO - RCB: 111 events (super_over=False)
2025-12-11 12:53:57 - scraping.match_scraper - INFO - Switching to innings: RR
2025-12-11 12:53:57 - core.page_navigator - INFO - Scrolling to top of page
2025-12-11 12:54:01 - core.page_navigator - INFO - Switching to innings: RR
2025-12-11 12:54:35 - core.page_navigator - INFO - Found target innings: RR
2025-12-11 12:54:39 - core.page_navigator - INFO - Successfully switched to RR
2025-12-11 12:54:39 - scraping.match_scraper - INFO - Successfully switched to: RR
2025-12-11 12:54:42 - core.page_navigator - INFO - Scrolling page 20 times
2025-12-11 12:55:42 - core.page_navigator - INFO - Page scrolling completed
2025-12-11 12:55:45 - scraping.match_scraper - INFO - Scraping innings: RR
2025-12-11 12:55:46 - core.commentary_parser - INFO - Found 122 commentary blocks
2025-12-11 12:55:46 - core.commentary_parser - INFO - Parsed 122 commentary entries
2025-12-11 12:55:46 - core.commentary_parser - INFO - Normalizing to 6 columns (most common)
2025-12-11 12:55:46 - core.commentary_parser - INFO - Normalized 122 rows to 6 columns
2025-12-11 12:55:46 - core.commentary_parser - INFO - DataFrame created with 122 rows and 6 columns
2025-12-11 12:55:46 - core.commentary_parser - INFO - Final DataFrame: 122 rows with columns: ['Ball', 'Event', 'Score', 'Commentary', 'Bowler', 'Batsman']
2025-12-11 12:55:46 - core.commentary_parser - INFO -   Rows with commentary: 122
2025-12-11 12:55:46 - core.commentary_parser - INFO -   Rows without commentary: 0
2025-12-11 12:55:46 - scraping.match_scraper - INFO - RR: 122 events (super_over=False)
2025-12-11 12:55:46 - scraping.match_scraper - INFO - Combining all innings dataframes
2025-12-11 12:55:46 - scraping.match_scraper - INFO - Total events: 233 across 2 innings
2025-12-11 12:55:46 - scraping.match_scraper - INFO -   - Regular innings: 233 events
2025-12-11 12:55:46 - scraping.match_scraper - INFO -   - Super over(s): 0 events
2025-12-11 12:55:46 - scraping.match_scraper - INFO - Saving commentary to database
2025-12-11 12:55:46 - scraping.match_scraper - INFO - Commentary saved: 233 total events
2025-12-11 12:55:46 - scraping.match_scraper - INFO - Saving metadata to database
2025-12-11 12:55:46 - scraping.match_scraper - INFO - Metadata saved with super_over_count=0
2025-12-11 12:55:46 - scraping.match_scraper - INFO - Saving match players to database
2025-12-11 12:55:46 - scraping.match_scraper - INFO - Successfully completed scraping match 1473465
2025-12-11 12:55:46 - scraping.match_scraper - INFO - Closing WebDriver
2025-12-11 12:55:49 - __main__ - INFO - Successfully downloaded match 1473465
2025-12-11 12:55:59 - __main__ - INFO - Processing match 29/74: https://www.espncricinfo.com/series/ipl-2025-1449924/delhi-capitals-vs-mumbai-indians-29th-match-1473466/full-scorecard
2025-12-11 12:55:59 - __main__ - INFO - Attempting to download match 1473466 (attempt 1/4)
2025-12-11 12:55:59 - scraping.player_extractor - INFO - PlayerExtractor initialized - Target: raw.match_players
2025-12-11 12:55:59 - scraping.match_scraper - INFO - Initializing WebDriver
2025-12-11 12:56:09 - scraping.match_scraper - INFO - Loading full scorecard - attempt 1
2025-12-11 12:56:24 - scraping.match_scraper - INFO - full scorecard loaded successfully
2025-12-11 12:56:24 - scraping.match_scraper - INFO - Scrolling full scorecard page
2025-12-11 12:56:24 - core.page_navigator - INFO - Scrolling page 5 times
2025-12-11 12:56:52 - core.page_navigator - INFO - Page scrolling completed
2025-12-11 12:56:55 - scraping.match_scraper - INFO - Extracting metadata
2025-12-11 13:04:55 - scraping.match_scraper - ERROR - Error scraping match 1473466: HTTPConnectionPool(host='localhost', port=60938): Max retries exceeded with url: /session/53d7942b550a0f856d63aaf836980732/source (Caused by ReadTimeoutError("HTTPConnectionPool(host='localhost', port=60938): Read timed out. (read timeout=120)"))
Traceback (most recent call last):
  File "C:\Users\prade\PycharmProjects\Cricinfo_scraper\.venv\Lib\site-packages\urllib3\connectionpool.py", line 534, in _make_request
    response = conn.getresponse()
               ^^^^^^^^^^^^^^^^^^
  File "C:\Users\prade\PycharmProjects\Cricinfo_scraper\.venv\Lib\site-packages\urllib3\connection.py", line 516, in getresponse
    httplib_response = super().getresponse()
                       ^^^^^^^^^^^^^^^^^^^^^
  File "C:\Users\prade\AppData\Local\Programs\Python\Python311\Lib\http\client.py", line 1395, in getresponse
    response.begin()
  File "C:\Users\prade\AppData\Local\Programs\Python\Python311\Lib\http\client.py", line 325, in begin
    version, status, reason = self._read_status()
                              ^^^^^^^^^^^^^^^^^^^
  File "C:\Users\prade\AppData\Local\Programs\Python\Python311\Lib\http\client.py", line 286, in _read_status
    line = str(self.fp.readline(_MAXLINE + 1), "iso-8859-1")
               ^^^^^^^^^^^^^^^^^^^^^^^^^^^^^^
  File "C:\Users\prade\AppData\Local\Programs\Python\Python311\Lib\socket.py", line 706, in readinto
    return self._sock.recv_into(b)
           ^^^^^^^^^^^^^^^^^^^^^^^
TimeoutError: timed out

The above exception was the direct cause of the following exception:

Traceback (most recent call last):
  File "C:\Users\prade\PycharmProjects\Cricinfo_scraper\.venv\Lib\site-packages\urllib3\connectionpool.py", line 787, in urlopen
    response = self._make_request(
               ^^^^^^^^^^^^^^^^^^^
  File "C:\Users\prade\PycharmProjects\Cricinfo_scraper\.venv\Lib\site-packages\urllib3\connectionpool.py", line 536, in _make_request
    self._raise_timeout(err=e, url=url, timeout_value=read_timeout)
  File "C:\Users\prade\PycharmProjects\Cricinfo_scraper\.venv\Lib\site-packages\urllib3\connectionpool.py", line 367, in _raise_timeout
    raise ReadTimeoutError(
urllib3.exceptions.ReadTimeoutError: HTTPConnectionPool(host='localhost', port=60938): Read timed out. (read timeout=120)

The above exception was the direct cause of the following exception:

Traceback (most recent call last):
  File "C:\Users\prade\Pycharm\Cricinfo_scraper\scraping\match_scraper.py", line 163, in scrape
    metadata = MetadataExtractor.extract_metadata(driver.page_source, match_id)
                                                  ^^^^^^^^^^^^^^^^^^
  File "C:\Users\prade\PycharmProjects\Cricinfo_scraper\.venv\Lib\site-packages\selenium\webdriver\remote\webdriver.py", line 586, in page_source
    return self.execute(Command.GET_PAGE_SOURCE)["value"]
           ^^^^^^^^^^^^^^^^^^^^^^^^^^^^^^^^^^^^^
  File "C:\Users\prade\PycharmProjects\Cricinfo_scraper\.venv\Lib\site-packages\selenium\webdriver\remote\webdriver.py", line 445, in execute
    response = self.command_executor.execute(driver_command, params)
               ^^^^^^^^^^^^^^^^^^^^^^^^^^^^^^^^^^^^^^^^^^^^^^^^^^^^^
  File "C:\Users\prade\PycharmProjects\Cricinfo_scraper\.venv\Lib\site-packages\selenium\webdriver\remote\remote_connection.py", line 404, in execute
    return self._request(command_info[0], url, body=data)
           ^^^^^^^^^^^^^^^^^^^^^^^^^^^^^^^^^^^^^^^^^^^^^^
  File "C:\Users\prade\PycharmProjects\Cricinfo_scraper\.venv\Lib\site-packages\selenium\webdriver\remote\remote_connection.py", line 428, in _request
    response = self._conn.request(method, url, body=body, headers=headers, timeout=self._client_config.timeout)
               ^^^^^^^^^^^^^^^^^^^^^^^^^^^^^^^^^^^^^^^^^^^^^^^^^^^^^^^^^^^^^^^^^^^^^^^^^^^^^^^^^^^^^^^^^^^^^^^^
  File "C:\Users\prade\PycharmProjects\Cricinfo_scraper\.venv\Lib\site-packages\urllib3\_request_methods.py", line 135, in request
    return self.request_encode_url(
           ^^^^^^^^^^^^^^^^^^^^^^^^
  File "C:\Users\prade\PycharmProjects\Cricinfo_scraper\.venv\Lib\site-packages\urllib3\_request_methods.py", line 182, in request_encode_url
    return self.urlopen(method, url, **extra_kw)
           ^^^^^^^^^^^^^^^^^^^^^^^^^^^^^^^^^^^^^
  File "C:\Users\prade\PycharmProjects\Cricinfo_scraper\.venv\Lib\site-packages\urllib3\poolmanager.py", line 443, in urlopen
    response = conn.urlopen(method, u.request_uri, **kw)
               ^^^^^^^^^^^^^^^^^^^^^^^^^^^^^^^^^^^^^^^^^
  File "C:\Users\prade\PycharmProjects\Cricinfo_scraper\.venv\Lib\site-packages\urllib3\connectionpool.py", line 871, in urlopen
    return self.urlopen(
           ^^^^^^^^^^^^^
  File "C:\Users\prade\PycharmProjects\Cricinfo_scraper\.venv\Lib\site-packages\urllib3\connectionpool.py", line 871, in urlopen
    return self.urlopen(
           ^^^^^^^^^^^^^
  File "C:\Users\prade\PycharmProjects\Cricinfo_scraper\.venv\Lib\site-packages\urllib3\connectionpool.py", line 871, in urlopen
    return self.urlopen(
           ^^^^^^^^^^^^^
  File "C:\Users\prade\PycharmProjects\Cricinfo_scraper\.venv\Lib\site-packages\urllib3\connectionpool.py", line 841, in urlopen
    retries = retries.increment(
              ^^^^^^^^^^^^^^^^^^
  File "C:\Users\prade\PycharmProjects\Cricinfo_scraper\.venv\Lib\site-packages\urllib3\util\retry.py", line 519, in increment
    raise MaxRetryError(_pool, url, reason) from reason  # type: ignore[arg-type]
    ^^^^^^^^^^^^^^^^^^^^^^^^^^^^^^^^^^^^^^^^^^^^^^^^^^^
urllib3.exceptions.MaxRetryError: HTTPConnectionPool(host='localhost', port=60938): Max retries exceeded with url: /session/53d7942b550a0f856d63aaf836980732/source (Caused by ReadTimeoutError("HTTPConnectionPool(host='localhost', port=60938): Read timed out. (read timeout=120)"))
2025-12-11 13:04:55 - scraping.match_scraper - INFO - Closing WebDriver
2025-12-11 13:13:08 - __main__ - WARNING - Connection error for match 1473466 (attempt 1): HTTPConnectionPool(host='localhost', port=60938): Max retries exceeded with url: /session/53d7942b550a0f856d63aaf836980732/source (Caused by ReadTimeoutError("HTTPConnectionPool(host='localhost', port
2025-12-11 13:13:08 - __main__ - INFO - Retrying match 1473466 in 30 seconds...
2025-12-11 13:13:38 - __main__ - INFO - Attempting to download match 1473466 (attempt 2/4)
2025-12-11 13:13:38 - scraping.player_extractor - INFO - PlayerExtractor initialized - Target: raw.match_players
2025-12-11 13:13:38 - scraping.match_scraper - INFO - Initializing WebDriver
2025-12-11 13:13:49 - scraping.match_scraper - INFO - Loading full scorecard - attempt 1
2025-12-11 13:14:04 - scraping.match_scraper - INFO - full scorecard loaded successfully
2025-12-11 13:14:04 - scraping.match_scraper - INFO - Scrolling full scorecard page
2025-12-11 13:14:04 - core.page_navigator - INFO - Scrolling page 5 times
2025-12-11 13:14:27 - core.page_navigator - INFO - Page scrolling completed
2025-12-11 13:14:30 - scraping.match_scraper - INFO - Extracting metadata
2025-12-11 13:14:30 - core.metadata_extractor - INFO - Found 14 metadata rows for match 1473466
2025-12-11 13:14:30 - core.metadata_extractor - INFO - Extracted 15 metadata fields for match 1473466
2025-12-11 13:14:30 - scraping.match_scraper - INFO - Extracting player rosters...
2025-12-11 13:14:31 - scraping.player_extractor - INFO - Extracting players for match 1473466
2025-12-11 13:14:31 - core.metadata_extractor - INFO - Extracting player names for match 1473466
2025-12-11 13:14:31 - core.metadata_extractor - INFO - Found 2 batting scorecard table(s)
2025-12-11 13:14:31 - core.metadata_extractor - INFO -   Innings 1: Mumbai Indians (batting)
2025-12-11 13:14:31 - core.metadata_extractor - INFO -   Innings 2: Delhi Capitals (batting)
2025-12-11 13:14:31 - core.metadata_extractor - INFO -   innings_1 (Mumbai Indians): 7 batted, 4 did not bat
2025-12-11 13:14:31 - core.metadata_extractor - INFO -   innings_2 (Delhi Capitals): 11 batted, 0 did not bat
2025-12-11 13:14:31 - core.metadata_extractor - INFO - Found 2 bowling table(s)
2025-12-11 13:14:31 - core.metadata_extractor - INFO -   innings_1 bowling: Delhi Capitals (bowling against Mumbai Indians)
2025-12-11 13:14:31 - core.metadata_extractor - INFO -   innings_1 bowling (Delhi Capitals): 6 bowlers
2025-12-11 13:14:31 - core.metadata_extractor - INFO -   innings_2 bowling: Mumbai Indians (bowling against Delhi Capitals)
2025-12-11 13:14:31 - core.metadata_extractor - INFO -   innings_2 bowling (Mumbai Indians): 6 bowlers
2025-12-11 13:14:31 - core.metadata_extractor - INFO - Created DataFrame with 34 player records, 24 unique players
2025-12-11 13:14:31 - scraping.player_extractor - INFO - Extracted 24 players for match 1473466
2025-12-11 13:14:31 - scraping.player_extractor - INFO -   Teams: Delhi Capitals, Mumbai Indians
2025-12-11 13:14:31 - scraping.player_extractor - INFO -   Batted: 17, Did not bat: 7
2025-12-11 13:14:31 - scraping.player_extractor - INFO -   Regular: 23, Impact: 1
2025-12-11 13:14:31 - scraping.player_extractor - INFO -   Impact players: Karun Nair
2025-12-11 13:14:31 - scraping.match_scraper - INFO - Stored 24 players
2025-12-11 13:14:31 - scraping.match_scraper - INFO -   - Delhi Capitals
2025-12-11 13:14:31 - scraping.match_scraper - INFO -   - Mumbai Indians
2025-12-11 13:14:31 - scraping.match_scraper - INFO - Loading commentary page - attempt 1
2025-12-11 13:14:44 - scraping.match_scraper - INFO - commentary page loaded successfully
2025-12-11 13:14:44 - scraping.match_scraper - INFO - Scrolling commentary page
2025-12-11 13:14:44 - core.page_navigator - INFO - Scrolling page 20 times
2025-12-11 13:15:52 - core.page_navigator - INFO - Page scrolling completed
2025-12-11 13:15:55 - scraping.match_scraper - INFO - Getting current innings team
2025-12-11 13:15:55 - scraping.match_scraper - INFO - Default innings: DC
2025-12-11 13:15:55 - scraping.match_scraper - INFO - Getting all innings options
2025-12-11 13:16:32 - core.page_navigator - INFO - Found 2 innings options: ['MI', 'DC']
2025-12-11 13:16:34 - scraping.match_scraper - INFO - All innings: ['MI', 'DC']
2025-12-11 13:16:34 - scraping.match_scraper - INFO - Regular innings: ['MI', 'DC']
2025-12-11 13:16:34 - scraping.match_scraper - INFO - Super overs: []
2025-12-11 13:16:34 - scraping.match_scraper - INFO - Scraping default innings: DC
2025-12-11 13:16:36 - core.commentary_parser - INFO - Found 119 commentary blocks
2025-12-11 13:16:36 - core.commentary_parser - INFO - Parsed 119 commentary entries
2025-12-11 13:16:36 - core.commentary_parser - INFO - Normalizing to 6 columns (most common)
2025-12-11 13:16:36 - core.commentary_parser - INFO - Normalized 119 rows to 6 columns
2025-12-11 13:16:36 - core.commentary_parser - INFO - DataFrame created with 119 rows and 6 columns
2025-12-11 13:16:36 - core.commentary_parser - INFO - Final DataFrame: 119 rows with columns: ['Ball', 'Event', 'Score', 'Commentary', 'Bowler', 'Batsman']
2025-12-11 13:16:36 - core.commentary_parser - INFO -   Rows with commentary: 119
2025-12-11 13:16:36 - core.commentary_parser - INFO -   Rows without commentary: 0
2025-12-11 13:16:36 - scraping.match_scraper - INFO - DC: 119 events (super_over=False)
2025-12-11 13:16:36 - scraping.match_scraper - INFO - Switching to innings: MI
2025-12-11 13:16:36 - core.page_navigator - INFO - Scrolling to top of page
2025-12-11 13:16:40 - core.page_navigator - INFO - Switching to innings: MI
2025-12-11 13:17:14 - core.page_navigator - INFO - Found target innings: MI
2025-12-11 13:17:18 - core.page_navigator - INFO - Successfully switched to MI
2025-12-11 13:17:18 - scraping.match_scraper - INFO - Successfully switched to: MI
2025-12-11 13:17:21 - core.page_navigator - INFO - Scrolling page 20 times
2025-12-11 13:18:22 - core.page_navigator - INFO - Page scrolling completed
2025-12-11 13:18:25 - scraping.match_scraper - INFO - Scraping innings: MI
2025-12-11 13:18:26 - core.commentary_parser - INFO - Found 124 commentary blocks
2025-12-11 13:18:26 - core.commentary_parser - INFO - Parsed 124 commentary entries
2025-12-11 13:18:26 - core.commentary_parser - INFO - Normalizing to 6 columns (most common)
2025-12-11 13:18:26 - core.commentary_parser - INFO - Normalized 124 rows to 6 columns
2025-12-11 13:18:26 - core.commentary_parser - INFO - DataFrame created with 124 rows and 6 columns
2025-12-11 13:18:26 - core.commentary_parser - INFO - Final DataFrame: 124 rows with columns: ['Ball', 'Event', 'Score', 'Commentary', 'Bowler', 'Batsman']
2025-12-11 13:18:26 - core.commentary_parser - INFO -   Rows with commentary: 124
2025-12-11 13:18:26 - core.commentary_parser - INFO -   Rows without commentary: 0
2025-12-11 13:18:26 - scraping.match_scraper - INFO - MI: 124 events (super_over=False)
2025-12-11 13:18:26 - scraping.match_scraper - INFO - Combining all innings dataframes
2025-12-11 13:18:26 - scraping.match_scraper - INFO - Total events: 243 across 2 innings
2025-12-11 13:18:26 - scraping.match_scraper - INFO -   - Regular innings: 243 events
2025-12-11 13:18:26 - scraping.match_scraper - INFO -   - Super over(s): 0 events
2025-12-11 13:18:26 - scraping.match_scraper - INFO - Saving commentary to database
2025-12-11 13:18:27 - scraping.match_scraper - INFO - Commentary saved: 243 total events
2025-12-11 13:18:27 - scraping.match_scraper - INFO - Saving metadata to database
2025-12-11 13:18:27 - scraping.match_scraper - INFO - Metadata saved with super_over_count=0
2025-12-11 13:18:27 - scraping.match_scraper - INFO - Saving match players to database
2025-12-11 13:18:27 - scraping.match_scraper - INFO - Successfully completed scraping match 1473466
2025-12-11 13:18:27 - scraping.match_scraper - INFO - Closing WebDriver
2025-12-11 13:18:30 - __main__ - INFO - Successfully downloaded match 1473466
2025-12-11 13:18:40 - __main__ - INFO - Processing match 30/74: https://www.espncricinfo.com/series/ipl-2025-1449924/lucknow-super-giants-vs-chennai-super-kings-30th-match-1473467/full-scorecard
2025-12-11 13:18:40 - __main__ - INFO - Attempting to download match 1473467 (attempt 1/4)
2025-12-11 13:18:40 - scraping.player_extractor - INFO - PlayerExtractor initialized - Target: raw.match_players
2025-12-11 13:18:40 - scraping.match_scraper - INFO - Initializing WebDriver
2025-12-11 13:18:49 - scraping.match_scraper - INFO - Loading full scorecard - attempt 1
2025-12-11 13:19:04 - scraping.match_scraper - INFO - full scorecard loaded successfully
2025-12-11 13:19:04 - scraping.match_scraper - INFO - Scrolling full scorecard page
2025-12-11 13:19:04 - core.page_navigator - INFO - Scrolling page 5 times
2025-12-11 13:19:30 - core.page_navigator - INFO - Page scrolling completed
2025-12-11 13:19:33 - scraping.match_scraper - INFO - Extracting metadata
2025-12-11 13:19:34 - core.metadata_extractor - INFO - Found 14 metadata rows for match 1473467
2025-12-11 13:19:34 - core.metadata_extractor - INFO - Extracted 15 metadata fields for match 1473467
2025-12-11 13:19:34 - scraping.match_scraper - INFO - Extracting player rosters...
2025-12-11 13:19:34 - scraping.player_extractor - INFO - Extracting players for match 1473467
2025-12-11 13:19:34 - core.metadata_extractor - INFO - Extracting player names for match 1473467
2025-12-11 13:19:34 - core.metadata_extractor - INFO - Found 2 batting scorecard table(s)
2025-12-11 13:19:34 - core.metadata_extractor - INFO -   Innings 1: Lucknow Super Giants (batting)
2025-12-11 13:19:34 - core.metadata_extractor - INFO -   Innings 2: Chennai Super Kings (batting)
2025-12-11 13:19:34 - core.metadata_extractor - INFO -   innings_1 (Lucknow Super Giants): 8 batted, 3 did not bat
2025-12-11 13:19:34 - core.metadata_extractor - INFO -   innings_2 (Chennai Super Kings): 7 batted, 4 did not bat
2025-12-11 13:19:34 - core.metadata_extractor - INFO - Found 2 bowling table(s)
2025-12-11 13:19:34 - core.metadata_extractor - INFO -   innings_1 bowling: Chennai Super Kings (bowling against Lucknow Super Giants)
2025-12-11 13:19:34 - core.metadata_extractor - INFO -   innings_1 bowling (Chennai Super Kings): 6 bowlers
2025-12-11 13:19:34 - core.metadata_extractor - INFO -   innings_2 bowling: Lucknow Super Giants (bowling against Chennai Super Kings)
2025-12-11 13:19:34 - core.metadata_extractor - INFO -   innings_2 bowling (Lucknow Super Giants): 6 bowlers
2025-12-11 13:19:34 - core.metadata_extractor - INFO - Created DataFrame with 34 player records, 24 unique players
2025-12-11 13:19:34 - scraping.player_extractor - INFO - Extracted 24 players for match 1473467
2025-12-11 13:19:34 - scraping.player_extractor - INFO -   Teams: Chennai Super Kings, Lucknow Super Giants
2025-12-11 13:19:34 - scraping.player_extractor - INFO -   Batted: 13, Did not bat: 11
2025-12-11 13:19:34 - scraping.player_extractor - INFO -   Regular: 23, Impact: 1
2025-12-11 13:19:34 - scraping.player_extractor - INFO -   Impact players: Shivam Dube
2025-12-11 13:19:34 - scraping.match_scraper - INFO - Stored 24 players
2025-12-11 13:19:34 - scraping.match_scraper - INFO -   - Chennai Super Kings
2025-12-11 13:19:34 - scraping.match_scraper - INFO -   - Lucknow Super Giants
2025-12-11 13:19:34 - scraping.match_scraper - INFO - Loading commentary page - attempt 1
2025-12-11 13:19:47 - scraping.match_scraper - INFO - commentary page loaded successfully
2025-12-11 13:19:47 - scraping.match_scraper - INFO - Scrolling commentary page
2025-12-11 13:19:47 - core.page_navigator - INFO - Scrolling page 20 times
2025-12-11 13:20:57 - core.page_navigator - INFO - Page scrolling completed
2025-12-11 13:21:00 - scraping.match_scraper - INFO - Getting current innings team
2025-12-11 13:21:00 - scraping.match_scraper - INFO - Default innings: CSK
2025-12-11 13:21:00 - scraping.match_scraper - INFO - Getting all innings options
2025-12-11 13:21:35 - core.page_navigator - INFO - Found 2 innings options: ['LSG', 'CSK']
2025-12-11 13:21:37 - scraping.match_scraper - INFO - All innings: ['LSG', 'CSK']
2025-12-11 13:21:37 - scraping.match_scraper - INFO - Regular innings: ['LSG', 'CSK']
2025-12-11 13:21:37 - scraping.match_scraper - INFO - Super overs: []
2025-12-11 13:21:37 - scraping.match_scraper - INFO - Scraping default innings: CSK
2025-12-11 13:21:38 - core.commentary_parser - INFO - Found 126 commentary blocks
2025-12-11 13:21:39 - core.commentary_parser - INFO - Parsed 126 commentary entries
2025-12-11 13:21:39 - core.commentary_parser - INFO - Normalizing to 6 columns (most common)
2025-12-11 13:21:39 - core.commentary_parser - INFO - Normalized 126 rows to 6 columns
2025-12-11 13:21:39 - core.commentary_parser - INFO - DataFrame created with 126 rows and 6 columns
2025-12-11 13:21:39 - core.commentary_parser - INFO - Final DataFrame: 126 rows with columns: ['Ball', 'Event', 'Score', 'Commentary', 'Bowler', 'Batsman']
2025-12-11 13:21:39 - core.commentary_parser - INFO -   Rows with commentary: 126
2025-12-11 13:21:39 - core.commentary_parser - INFO -   Rows without commentary: 0
2025-12-11 13:21:39 - scraping.match_scraper - INFO - CSK: 126 events (super_over=False)
2025-12-11 13:21:39 - scraping.match_scraper - INFO - Switching to innings: LSG
2025-12-11 13:21:39 - core.page_navigator - INFO - Scrolling to top of page
2025-12-11 13:21:43 - core.page_navigator - INFO - Switching to innings: LSG
2025-12-11 13:22:17 - core.page_navigator - INFO - Found target innings: LSG
2025-12-11 13:22:21 - core.page_navigator - INFO - Successfully switched to LSG
2025-12-11 13:22:21 - scraping.match_scraper - INFO - Successfully switched to: LSG
2025-12-11 13:22:24 - core.page_navigator - INFO - Scrolling page 20 times
2025-12-11 13:23:24 - core.page_navigator - INFO - Page scrolling completed
2025-12-11 13:23:27 - scraping.match_scraper - INFO - Scraping innings: LSG
2025-12-11 13:23:28 - core.commentary_parser - INFO - Found 128 commentary blocks
2025-12-11 13:23:28 - core.commentary_parser - INFO - Parsed 128 commentary entries
2025-12-11 13:23:28 - core.commentary_parser - INFO - Normalizing to 6 columns (most common)
2025-12-11 13:23:28 - core.commentary_parser - INFO - Normalized 128 rows to 6 columns
2025-12-11 13:23:28 - core.commentary_parser - INFO - DataFrame created with 128 rows and 6 columns
2025-12-11 13:23:28 - core.commentary_parser - INFO - Final DataFrame: 128 rows with columns: ['Ball', 'Event', 'Score', 'Commentary', 'Bowler', 'Batsman']
2025-12-11 13:23:28 - core.commentary_parser - INFO -   Rows with commentary: 128
2025-12-11 13:23:28 - core.commentary_parser - INFO -   Rows without commentary: 0
2025-12-11 13:23:28 - scraping.match_scraper - INFO - LSG: 128 events (super_over=False)
2025-12-11 13:23:28 - scraping.match_scraper - INFO - Combining all innings dataframes
2025-12-11 13:23:28 - scraping.match_scraper - INFO - Total events: 254 across 2 innings
2025-12-11 13:23:28 - scraping.match_scraper - INFO -   - Regular innings: 254 events
2025-12-11 13:23:28 - scraping.match_scraper - INFO -   - Super over(s): 0 events
2025-12-11 13:23:28 - scraping.match_scraper - INFO - Saving commentary to database
2025-12-11 13:23:28 - scraping.match_scraper - INFO - Commentary saved: 254 total events
2025-12-11 13:23:28 - scraping.match_scraper - INFO - Saving metadata to database
2025-12-11 13:23:28 - scraping.match_scraper - INFO - Metadata saved with super_over_count=0
2025-12-11 13:23:28 - scraping.match_scraper - INFO - Saving match players to database
2025-12-11 13:23:28 - scraping.match_scraper - INFO - Successfully completed scraping match 1473467
2025-12-11 13:23:28 - scraping.match_scraper - INFO - Closing WebDriver
2025-12-11 13:23:31 - __main__ - INFO - Successfully downloaded match 1473467
2025-12-11 13:23:41 - __main__ - INFO - Processing match 31/74: https://www.espncricinfo.com/series/ipl-2025-1449924/punjab-kings-vs-kolkata-knight-riders-31st-match-1473468/full-scorecard
2025-12-11 13:23:41 - __main__ - INFO - Attempting to download match 1473468 (attempt 1/4)
2025-12-11 13:23:41 - scraping.player_extractor - INFO - PlayerExtractor initialized - Target: raw.match_players
2025-12-11 13:23:41 - scraping.match_scraper - INFO - Initializing WebDriver
2025-12-11 13:23:51 - scraping.match_scraper - INFO - Loading full scorecard - attempt 1
2025-12-11 13:24:06 - scraping.match_scraper - INFO - full scorecard loaded successfully
2025-12-11 13:24:06 - scraping.match_scraper - INFO - Scrolling full scorecard page
2025-12-11 13:24:06 - core.page_navigator - INFO - Scrolling page 5 times
2025-12-11 13:24:27 - core.page_navigator - INFO - Page scrolling completed
2025-12-11 13:24:30 - scraping.match_scraper - INFO - Extracting metadata
2025-12-11 13:24:31 - core.metadata_extractor - INFO - Found 14 metadata rows for match 1473468
2025-12-11 13:24:31 - core.metadata_extractor - INFO - Extracted 15 metadata fields for match 1473468
2025-12-11 13:24:31 - scraping.match_scraper - INFO - Extracting player rosters...
2025-12-11 13:24:31 - scraping.player_extractor - INFO - Extracting players for match 1473468
2025-12-11 13:24:32 - core.metadata_extractor - INFO - Extracting player names for match 1473468
2025-12-11 13:24:32 - core.metadata_extractor - INFO - Found 2 batting scorecard table(s)
2025-12-11 13:24:32 - core.metadata_extractor - INFO -   Innings 1: Punjab Kings (batting)
2025-12-11 13:24:32 - core.metadata_extractor - INFO -   Innings 2: Kolkata Knight Riders (batting)
2025-12-11 13:24:32 - core.metadata_extractor - INFO -   innings_1 (Punjab Kings): 11 batted, 1 did not bat
2025-12-11 13:24:32 - core.metadata_extractor - INFO -   innings_2 (Kolkata Knight Riders): 11 batted, 0 did not bat
2025-12-11 13:24:32 - core.metadata_extractor - INFO - Found 2 bowling table(s)
2025-12-11 13:24:32 - core.metadata_extractor - INFO -   innings_1 bowling: Kolkata Knight Riders (bowling against Punjab Kings)
2025-12-11 13:24:32 - core.metadata_extractor - INFO -   innings_1 bowling (Kolkata Knight Riders): 5 bowlers
2025-12-11 13:24:32 - core.metadata_extractor - INFO -   innings_2 bowling: Punjab Kings (bowling against Kolkata Knight Riders)
2025-12-11 13:24:32 - core.metadata_extractor - INFO -   innings_2 bowling (Punjab Kings): 5 bowlers
2025-12-11 13:24:32 - core.metadata_extractor - INFO - Created DataFrame with 33 player records, 24 unique players
2025-12-11 13:24:32 - scraping.player_extractor - INFO - Extracted 24 players for match 1473468
2025-12-11 13:24:32 - scraping.player_extractor - INFO -   Teams: Punjab Kings, Kolkata Knight Riders
2025-12-11 13:24:32 - scraping.player_extractor - INFO -   Batted: 18, Did not bat: 6
2025-12-11 13:24:32 - scraping.player_extractor - INFO -   Regular: 22, Impact: 2
2025-12-11 13:24:32 - scraping.player_extractor - INFO -   Impact players: Suryansh Shedge, Angkrish Raghuvanshi
2025-12-11 13:24:32 - scraping.match_scraper - INFO - Stored 24 players
2025-12-11 13:24:32 - scraping.match_scraper - INFO -   - Punjab Kings
2025-12-11 13:24:32 - scraping.match_scraper - INFO -   - Kolkata Knight Riders
2025-12-11 13:24:32 - scraping.match_scraper - INFO - Loading commentary page - attempt 1
2025-12-11 13:24:51 - scraping.match_scraper - INFO - commentary page loaded successfully
2025-12-11 13:24:51 - scraping.match_scraper - INFO - Scrolling commentary page
2025-12-11 13:24:51 - core.page_navigator - INFO - Scrolling page 20 times
2025-12-11 13:25:51 - core.page_navigator - INFO - Page scrolling completed
2025-12-11 13:25:54 - scraping.match_scraper - INFO - Getting current innings team
2025-12-11 13:25:54 - scraping.match_scraper - INFO - Default innings: KKR
2025-12-11 13:25:54 - scraping.match_scraper - INFO - Getting all innings options
2025-12-11 13:26:29 - core.page_navigator - INFO - Found 2 innings options: ['PBKS', 'KKR']
2025-12-11 13:26:31 - scraping.match_scraper - INFO - All innings: ['PBKS', 'KKR']
2025-12-11 13:26:31 - scraping.match_scraper - INFO - Regular innings: ['PBKS', 'KKR']
2025-12-11 13:26:31 - scraping.match_scraper - INFO - Super overs: []
2025-12-11 13:26:31 - scraping.match_scraper - INFO - Scraping default innings: KKR
2025-12-11 13:26:32 - core.commentary_parser - INFO - Found 92 commentary blocks
2025-12-11 13:26:32 - core.commentary_parser - INFO - Parsed 92 commentary entries
2025-12-11 13:26:32 - core.commentary_parser - INFO - Normalizing to 6 columns (most common)
2025-12-11 13:26:32 - core.commentary_parser - INFO - Normalized 92 rows to 6 columns
2025-12-11 13:26:32 - core.commentary_parser - INFO - DataFrame created with 92 rows and 6 columns
2025-12-11 13:26:32 - core.commentary_parser - INFO - Final DataFrame: 92 rows with columns: ['Ball', 'Event', 'Score', 'Commentary', 'Bowler', 'Batsman']
2025-12-11 13:26:32 - core.commentary_parser - INFO -   Rows with commentary: 92
2025-12-11 13:26:32 - core.commentary_parser - INFO -   Rows without commentary: 0
2025-12-11 13:26:32 - scraping.match_scraper - INFO - KKR: 92 events (super_over=False)
2025-12-11 13:26:32 - scraping.match_scraper - INFO - Switching to innings: PBKS
2025-12-11 13:26:32 - core.page_navigator - INFO - Scrolling to top of page
2025-12-11 13:26:36 - core.page_navigator - INFO - Switching to innings: PBKS
2025-12-11 13:27:11 - core.page_navigator - INFO - Found target innings: PBKS
2025-12-11 13:27:15 - core.page_navigator - INFO - Successfully switched to PBKS
2025-12-11 13:27:15 - scraping.match_scraper - INFO - Successfully switched to: PBKS
2025-12-11 13:27:18 - core.page_navigator - INFO - Scrolling page 20 times
2025-12-11 13:28:18 - core.page_navigator - INFO - Page scrolling completed
2025-12-11 13:28:21 - scraping.match_scraper - INFO - Scraping innings: PBKS
2025-12-11 13:28:23 - core.commentary_parser - INFO - Found 96 commentary blocks
2025-12-11 13:28:23 - core.commentary_parser - INFO - Parsed 96 commentary entries
2025-12-11 13:28:23 - core.commentary_parser - INFO - Normalizing to 6 columns (most common)
2025-12-11 13:28:23 - core.commentary_parser - INFO - Normalized 96 rows to 6 columns
2025-12-11 13:28:23 - core.commentary_parser - INFO - DataFrame created with 96 rows and 6 columns
2025-12-11 13:28:23 - core.commentary_parser - INFO - Final DataFrame: 96 rows with columns: ['Ball', 'Event', 'Score', 'Commentary', 'Bowler', 'Batsman']
2025-12-11 13:28:23 - core.commentary_parser - INFO -   Rows with commentary: 96
2025-12-11 13:28:23 - core.commentary_parser - INFO -   Rows without commentary: 0
2025-12-11 13:28:23 - scraping.match_scraper - INFO - PBKS: 96 events (super_over=False)
2025-12-11 13:28:23 - scraping.match_scraper - INFO - Combining all innings dataframes
2025-12-11 13:28:23 - scraping.match_scraper - INFO - Total events: 188 across 2 innings
2025-12-11 13:28:23 - scraping.match_scraper - INFO -   - Regular innings: 188 events
2025-12-11 13:28:23 - scraping.match_scraper - INFO -   - Super over(s): 0 events
2025-12-11 13:28:23 - scraping.match_scraper - INFO - Saving commentary to database
2025-12-11 13:28:23 - scraping.match_scraper - INFO - Commentary saved: 188 total events
2025-12-11 13:28:23 - scraping.match_scraper - INFO - Saving metadata to database
2025-12-11 13:28:23 - scraping.match_scraper - INFO - Metadata saved with super_over_count=0
2025-12-11 13:28:23 - scraping.match_scraper - INFO - Saving match players to database
2025-12-11 13:28:24 - scraping.match_scraper - INFO - Successfully completed scraping match 1473468
2025-12-11 13:28:24 - scraping.match_scraper - INFO - Closing WebDriver
2025-12-11 13:28:27 - __main__ - INFO - Successfully downloaded match 1473468
2025-12-11 13:28:37 - __main__ - INFO - Processing match 32/74: https://www.espncricinfo.com/series/ipl-2025-1449924/delhi-capitals-vs-rajasthan-royals-32nd-match-1473469/full-scorecard
2025-12-11 13:28:37 - __main__ - INFO - Attempting to download match 1473469 (attempt 1/4)
2025-12-11 13:28:37 - scraping.player_extractor - INFO - PlayerExtractor initialized - Target: raw.match_players
2025-12-11 13:28:37 - scraping.match_scraper - INFO - Initializing WebDriver
2025-12-11 13:28:45 - scraping.match_scraper - INFO - Loading full scorecard - attempt 1
2025-12-11 13:29:00 - scraping.match_scraper - INFO - full scorecard loaded successfully
2025-12-11 13:29:00 - scraping.match_scraper - INFO - Scrolling full scorecard page
2025-12-11 13:29:00 - core.page_navigator - INFO - Scrolling page 5 times
2025-12-11 13:29:23 - core.page_navigator - INFO - Page scrolling completed
2025-12-11 13:29:26 - scraping.match_scraper - INFO - Extracting metadata
2025-12-11 13:29:27 - core.metadata_extractor - INFO - Found 14 metadata rows for match 1473469
2025-12-11 13:29:27 - core.metadata_extractor - INFO - Extracted 15 metadata fields for match 1473469
2025-12-11 13:29:27 - scraping.match_scraper - INFO - Extracting player rosters...
2025-12-11 13:29:27 - scraping.player_extractor - INFO - Extracting players for match 1473469
2025-12-11 13:29:28 - core.metadata_extractor - INFO - Extracting player names for match 1473469
2025-12-11 13:29:28 - core.metadata_extractor - INFO - Found 4 batting scorecard table(s)
2025-12-11 13:29:28 - core.metadata_extractor - INFO -   Innings 1: Delhi Capitals (batting)
2025-12-11 13:29:28 - core.metadata_extractor - INFO -   Innings 2: Rajasthan Royals (batting)
2025-12-11 13:29:28 - core.metadata_extractor - INFO -   Innings 3: Rajasthan Royals (batting)
2025-12-11 13:29:28 - core.metadata_extractor - INFO -   Innings 4: Delhi Capitals (batting)
2025-12-11 13:29:28 - core.metadata_extractor - INFO -   innings_1 (Delhi Capitals): 7 batted, 4 did not bat
2025-12-11 13:29:28 - core.metadata_extractor - INFO -   innings_2 (Rajasthan Royals): 6 batted, 5 did not bat
2025-12-11 13:29:28 - core.metadata_extractor - INFO -   innings_3 (Rajasthan Royals): 0 batted, 0 did not bat
2025-12-11 13:29:28 - core.metadata_extractor - INFO -   innings_4 (Delhi Capitals): 0 batted, 0 did not bat
2025-12-11 13:29:28 - core.metadata_extractor - INFO - Found 4 bowling table(s)
2025-12-11 13:29:28 - core.metadata_extractor - INFO -   innings_1 bowling: Rajasthan Royals (bowling against Delhi Capitals)
2025-12-11 13:29:28 - core.metadata_extractor - INFO -   innings_1 bowling (Rajasthan Royals): 6 bowlers
2025-12-11 13:29:28 - core.metadata_extractor - INFO -   innings_2 bowling: Delhi Capitals (bowling against Rajasthan Royals)
2025-12-11 13:29:28 - core.metadata_extractor - INFO -   innings_2 bowling (Delhi Capitals): 7 bowlers
2025-12-11 13:29:28 - core.metadata_extractor - INFO -   innings_3 bowling: Delhi Capitals (bowling against Rajasthan Royals)
2025-12-11 13:29:28 - core.metadata_extractor - INFO -   innings_3 bowling (Delhi Capitals): 1 bowlers
2025-12-11 13:29:28 - core.metadata_extractor - INFO -   innings_4 bowling: Rajasthan Royals (bowling against Delhi Capitals)
2025-12-11 13:29:28 - core.metadata_extractor - INFO -   innings_4 bowling (Rajasthan Royals): 1 bowlers
2025-12-11 13:29:28 - core.metadata_extractor - INFO - Created DataFrame with 37 player records, 24 unique players
2025-12-11 13:29:28 - scraping.player_extractor - INFO - Extracted 24 players for match 1473469
2025-12-11 13:29:28 - scraping.player_extractor - INFO -   Teams: Delhi Capitals, Rajasthan Royals
2025-12-11 13:29:28 - scraping.player_extractor - INFO -   Batted: 10, Did not bat: 14
2025-12-11 13:29:28 - scraping.player_extractor - INFO -   Regular: 24, Impact: 0
2025-12-11 13:29:28 - scraping.match_scraper - INFO - Stored 24 players
2025-12-11 13:29:28 - scraping.match_scraper - INFO -   - Delhi Capitals
2025-12-11 13:29:28 - scraping.match_scraper - INFO -   - Rajasthan Royals
2025-12-11 13:29:28 - scraping.match_scraper - INFO - Loading commentary page - attempt 1
2025-12-11 13:29:41 - scraping.match_scraper - INFO - commentary page loaded successfully
2025-12-11 13:29:41 - scraping.match_scraper - INFO - Scrolling commentary page
2025-12-11 13:29:41 - core.page_navigator - INFO - Scrolling page 20 times
2025-12-11 13:30:47 - core.page_navigator - INFO - Page scrolling completed
2025-12-11 13:30:50 - scraping.match_scraper - INFO - Getting current innings team
2025-12-11 13:30:50 - scraping.match_scraper - INFO - Default innings: Super Over 1
2025-12-11 13:30:50 - scraping.match_scraper - INFO - Getting all innings options
2025-12-11 13:31:25 - core.page_navigator - INFO - Found 3 innings options: ['DC', 'RR', 'Super Over 1']
2025-12-11 13:31:27 - scraping.match_scraper - INFO - All innings: ['DC', 'RR', 'Super Over 1']
2025-12-11 13:31:27 - scraping.match_scraper - INFO - Regular innings: ['DC', 'RR']
2025-12-11 13:31:27 - scraping.match_scraper - INFO - Super overs: ['Super Over 1']
2025-12-11 13:31:27 - scraping.match_scraper - INFO - Match has 1 super over(s)
2025-12-11 13:31:27 - scraping.match_scraper - INFO - Scraping default innings: Super Over 1
2025-12-11 13:31:28 - core.commentary_parser - INFO - Found 10 commentary blocks
2025-12-11 13:31:28 - core.commentary_parser - INFO - Parsed 10 commentary entries
2025-12-11 13:31:28 - core.commentary_parser - INFO - Normalizing to 6 columns (most common)
2025-12-11 13:31:28 - core.commentary_parser - INFO - Normalized 10 rows to 6 columns
2025-12-11 13:31:28 - core.commentary_parser - INFO - DataFrame created with 10 rows and 6 columns
2025-12-11 13:31:28 - core.commentary_parser - INFO - Final DataFrame: 10 rows with columns: ['Ball', 'Event', 'Score', 'Commentary', 'Bowler', 'Batsman']
2025-12-11 13:31:28 - core.commentary_parser - INFO -   Rows with commentary: 10
2025-12-11 13:31:28 - core.commentary_parser - INFO -   Rows without commentary: 0
2025-12-11 13:31:28 - scraping.match_scraper - INFO - Super Over 1: 10 events (super_over=True)
2025-12-11 13:31:28 - scraping.match_scraper - INFO - Switching to innings: DC
2025-12-11 13:31:28 - core.page_navigator - INFO - Scrolling to top of page
2025-12-11 13:31:32 - core.page_navigator - INFO - Switching to innings: DC
2025-12-11 13:32:06 - core.page_navigator - INFO - Found target innings: DC
2025-12-11 13:32:10 - core.page_navigator - INFO - Successfully switched to DC
2025-12-11 13:32:10 - scraping.match_scraper - INFO - Successfully switched to: DC
2025-12-11 13:32:13 - core.page_navigator - INFO - Scrolling page 20 times
2025-12-11 13:33:14 - core.page_navigator - INFO - Page scrolling completed
2025-12-11 13:33:17 - scraping.match_scraper - INFO - Scraping innings: DC
2025-12-11 13:33:18 - core.commentary_parser - INFO - Found 128 commentary blocks
2025-12-11 13:33:18 - core.commentary_parser - INFO - Parsed 128 commentary entries
2025-12-11 13:33:18 - core.commentary_parser - INFO - Normalizing to 6 columns (most common)
2025-12-11 13:33:18 - core.commentary_parser - INFO - Normalized 128 rows to 6 columns
2025-12-11 13:33:18 - core.commentary_parser - INFO - DataFrame created with 128 rows and 6 columns
2025-12-11 13:33:18 - core.commentary_parser - INFO - Final DataFrame: 128 rows with columns: ['Ball', 'Event', 'Score', 'Commentary', 'Bowler', 'Batsman']
2025-12-11 13:33:18 - core.commentary_parser - INFO -   Rows with commentary: 128
2025-12-11 13:33:18 - core.commentary_parser - INFO -   Rows without commentary: 0
2025-12-11 13:33:18 - scraping.match_scraper - INFO - DC: 128 events (super_over=False)
2025-12-11 13:33:18 - scraping.match_scraper - INFO - Switching to innings: RR
2025-12-11 13:33:18 - core.page_navigator - INFO - Scrolling to top of page
2025-12-11 13:33:22 - core.page_navigator - INFO - Switching to innings: RR
2025-12-11 13:33:56 - core.page_navigator - INFO - Found target innings: RR
2025-12-11 13:34:01 - core.page_navigator - INFO - Successfully switched to RR
2025-12-11 13:34:01 - scraping.match_scraper - INFO - Successfully switched to: RR
2025-12-11 13:34:04 - core.page_navigator - INFO - Scrolling page 20 times
2025-12-11 13:35:07 - core.page_navigator - INFO - Page scrolling completed
2025-12-11 13:35:10 - scraping.match_scraper - INFO - Scraping innings: RR
2025-12-11 13:35:11 - core.commentary_parser - INFO - Found 124 commentary blocks
2025-12-11 13:35:11 - core.commentary_parser - INFO - Parsed 124 commentary entries
2025-12-11 13:35:11 - core.commentary_parser - INFO - Normalizing to 6 columns (most common)
2025-12-11 13:35:11 - core.commentary_parser - INFO - Normalized 124 rows to 6 columns
2025-12-11 13:35:11 - core.commentary_parser - INFO - DataFrame created with 124 rows and 6 columns
2025-12-11 13:35:11 - core.commentary_parser - INFO - Final DataFrame: 124 rows with columns: ['Ball', 'Event', 'Score', 'Commentary', 'Bowler', 'Batsman']
2025-12-11 13:35:11 - core.commentary_parser - INFO -   Rows with commentary: 124
2025-12-11 13:35:11 - core.commentary_parser - INFO -   Rows without commentary: 0
2025-12-11 13:35:11 - scraping.match_scraper - INFO - RR: 124 events (super_over=False)
2025-12-11 13:35:11 - scraping.match_scraper - INFO - Combining all innings dataframes
2025-12-11 13:35:11 - scraping.match_scraper - INFO - Total events: 262 across 3 innings
2025-12-11 13:35:11 - scraping.match_scraper - INFO -   - Regular innings: 252 events
2025-12-11 13:35:11 - scraping.match_scraper - INFO -   - Super over(s): 10 events
2025-12-11 13:35:11 - scraping.match_scraper - INFO - Saving commentary to database
2025-12-11 13:35:11 - scraping.match_scraper - INFO - Commentary saved: 262 total events
2025-12-11 13:35:11 - scraping.match_scraper - INFO - Saving metadata to database
2025-12-11 13:35:11 - scraping.match_scraper - INFO - Metadata saved with super_over_count=1
2025-12-11 13:35:11 - scraping.match_scraper - INFO - Saving match players to database
2025-12-11 13:35:11 - scraping.match_scraper - INFO - Successfully completed scraping match 1473469
2025-12-11 13:35:11 - scraping.match_scraper - INFO - Closing WebDriver
2025-12-11 13:35:15 - __main__ - INFO - Successfully downloaded match 1473469
2025-12-11 13:35:25 - __main__ - INFO - Processing match 33/74: https://www.espncricinfo.com/series/ipl-2025-1449924/mumbai-indians-vs-sunrisers-hyderabad-33rd-match-1473470/full-scorecard
2025-12-11 13:35:25 - __main__ - INFO - Attempting to download match 1473470 (attempt 1/4)
2025-12-11 13:35:25 - scraping.player_extractor - INFO - PlayerExtractor initialized - Target: raw.match_players
2025-12-11 13:35:25 - scraping.match_scraper - INFO - Initializing WebDriver
2025-12-11 13:35:35 - scraping.match_scraper - INFO - Loading full scorecard - attempt 1
2025-12-11 13:35:50 - scraping.match_scraper - INFO - full scorecard loaded successfully
2025-12-11 13:35:50 - scraping.match_scraper - INFO - Scrolling full scorecard page
2025-12-11 13:35:50 - core.page_navigator - INFO - Scrolling page 5 times
2025-12-11 13:36:07 - core.page_navigator - INFO - Page scrolling completed
2025-12-11 13:36:10 - scraping.match_scraper - INFO - Extracting metadata
2025-12-11 13:36:10 - core.metadata_extractor - INFO - Found 14 metadata rows for match 1473470
2025-12-11 13:36:10 - core.metadata_extractor - INFO - Extracted 15 metadata fields for match 1473470
2025-12-11 13:36:10 - scraping.match_scraper - INFO - Extracting player rosters...
2025-12-11 13:36:10 - scraping.player_extractor - INFO - Extracting players for match 1473470
2025-12-11 13:36:11 - core.metadata_extractor - INFO - Extracting player names for match 1473470
2025-12-11 13:36:11 - core.metadata_extractor - INFO - Found 2 batting scorecard table(s)
2025-12-11 13:36:11 - core.metadata_extractor - INFO -   Innings 1: Sunrisers Hyderabad (batting)
2025-12-11 13:36:11 - core.metadata_extractor - INFO -   Innings 2: Mumbai Indians (batting)
2025-12-11 13:36:11 - core.metadata_extractor - INFO -   innings_1 (Sunrisers Hyderabad): 7 batted, 4 did not bat
2025-12-11 13:36:11 - core.metadata_extractor - INFO -   innings_2 (Mumbai Indians): 8 batted, 3 did not bat
2025-12-11 13:36:11 - core.metadata_extractor - INFO - Found 2 bowling table(s)
2025-12-11 13:36:11 - core.metadata_extractor - INFO -   innings_1 bowling: Mumbai Indians (bowling against Sunrisers Hyderabad)
2025-12-11 13:36:11 - core.metadata_extractor - INFO -   innings_1 bowling (Mumbai Indians): 6 bowlers
2025-12-11 13:36:11 - core.metadata_extractor - INFO -   innings_2 bowling: Sunrisers Hyderabad (bowling against Mumbai Indians)
2025-12-11 13:36:11 - core.metadata_extractor - INFO -   innings_2 bowling (Sunrisers Hyderabad): 6 bowlers
2025-12-11 13:36:11 - core.metadata_extractor - INFO - Created DataFrame with 34 player records, 23 unique players
2025-12-11 13:36:11 - scraping.player_extractor - INFO - Extracted 23 players for match 1473470
2025-12-11 13:36:11 - scraping.player_extractor - INFO -   Teams: Mumbai Indians, Sunrisers Hyderabad
2025-12-11 13:36:11 - scraping.player_extractor - INFO -   Batted: 12, Did not bat: 11
2025-12-11 13:36:11 - scraping.player_extractor - INFO -   Regular: 22, Impact: 1
2025-12-11 13:36:11 - scraping.player_extractor - INFO -   Impact players: Rohit Sharma
2025-12-11 13:36:11 - scraping.match_scraper - INFO - Stored 23 players
2025-12-11 13:36:11 - scraping.match_scraper - INFO -   - Mumbai Indians
2025-12-11 13:36:11 - scraping.match_scraper - INFO -   - Sunrisers Hyderabad
2025-12-11 13:36:11 - scraping.match_scraper - INFO - Loading commentary page - attempt 1
2025-12-11 13:36:26 - scraping.match_scraper - INFO - commentary page loaded successfully
2025-12-11 13:36:26 - scraping.match_scraper - INFO - Scrolling commentary page
2025-12-11 13:36:26 - core.page_navigator - INFO - Scrolling page 20 times
2025-12-11 13:37:30 - core.page_navigator - INFO - Page scrolling completed
2025-12-11 13:37:33 - scraping.match_scraper - INFO - Getting current innings team
2025-12-11 13:37:33 - scraping.match_scraper - INFO - Default innings: MI
2025-12-11 13:37:33 - scraping.match_scraper - INFO - Getting all innings options
2025-12-11 13:38:08 - core.page_navigator - INFO - Found 2 innings options: ['SRH', 'MI']
2025-12-11 13:38:10 - scraping.match_scraper - INFO - All innings: ['SRH', 'MI']
2025-12-11 13:38:10 - scraping.match_scraper - INFO - Regular innings: ['SRH', 'MI']
2025-12-11 13:38:10 - scraping.match_scraper - INFO - Super overs: []
2025-12-11 13:38:10 - scraping.match_scraper - INFO - Scraping default innings: MI
2025-12-11 13:38:11 - core.commentary_parser - INFO - Found 113 commentary blocks
2025-12-11 13:38:11 - core.commentary_parser - INFO - Parsed 113 commentary entries
2025-12-11 13:38:11 - core.commentary_parser - INFO - Normalizing to 6 columns (most common)
2025-12-11 13:38:11 - core.commentary_parser - INFO - Normalized 113 rows to 6 columns
2025-12-11 13:38:11 - core.commentary_parser - INFO - DataFrame created with 113 rows and 6 columns
2025-12-11 13:38:11 - core.commentary_parser - INFO - Final DataFrame: 113 rows with columns: ['Ball', 'Event', 'Score', 'Commentary', 'Bowler', 'Batsman']
2025-12-11 13:38:11 - core.commentary_parser - INFO -   Rows with commentary: 113
2025-12-11 13:38:11 - core.commentary_parser - INFO -   Rows without commentary: 0
2025-12-11 13:38:11 - scraping.match_scraper - INFO - MI: 113 events (super_over=False)
2025-12-11 13:38:11 - scraping.match_scraper - INFO - Switching to innings: SRH
2025-12-11 13:38:11 - core.page_navigator - INFO - Scrolling to top of page
2025-12-11 13:38:15 - core.page_navigator - INFO - Switching to innings: SRH
2025-12-11 13:38:49 - core.page_navigator - INFO - Found target innings: SRH
2025-12-11 13:38:53 - core.page_navigator - INFO - Successfully switched to SRH
2025-12-11 13:38:53 - scraping.match_scraper - INFO - Successfully switched to: SRH
2025-12-11 13:38:56 - core.page_navigator - INFO - Scrolling page 20 times
2025-12-11 13:39:57 - core.page_navigator - INFO - Page scrolling completed
2025-12-11 13:40:00 - scraping.match_scraper - INFO - Scraping innings: SRH
2025-12-11 13:40:01 - core.commentary_parser - INFO - Found 129 commentary blocks
2025-12-11 13:40:01 - core.commentary_parser - INFO - Parsed 129 commentary entries
2025-12-11 13:40:01 - core.commentary_parser - INFO - Normalizing to 6 columns (most common)
2025-12-11 13:40:01 - core.commentary_parser - INFO - Normalized 129 rows to 6 columns
2025-12-11 13:40:01 - core.commentary_parser - INFO - DataFrame created with 129 rows and 6 columns
2025-12-11 13:40:01 - core.commentary_parser - INFO - Final DataFrame: 129 rows with columns: ['Ball', 'Event', 'Score', 'Commentary', 'Bowler', 'Batsman']
2025-12-11 13:40:01 - core.commentary_parser - INFO -   Rows with commentary: 129
2025-12-11 13:40:01 - core.commentary_parser - INFO -   Rows without commentary: 0
2025-12-11 13:40:01 - scraping.match_scraper - INFO - SRH: 129 events (super_over=False)
2025-12-11 13:40:01 - scraping.match_scraper - INFO - Combining all innings dataframes
2025-12-11 13:40:01 - scraping.match_scraper - INFO - Total events: 242 across 2 innings
2025-12-11 13:40:01 - scraping.match_scraper - INFO -   - Regular innings: 242 events
2025-12-11 13:40:01 - scraping.match_scraper - INFO -   - Super over(s): 0 events
2025-12-11 13:40:01 - scraping.match_scraper - INFO - Saving commentary to database
2025-12-11 13:40:01 - scraping.match_scraper - INFO - Commentary saved: 242 total events
2025-12-11 13:40:01 - scraping.match_scraper - INFO - Saving metadata to database
2025-12-11 13:40:01 - scraping.match_scraper - INFO - Metadata saved with super_over_count=0
2025-12-11 13:40:01 - scraping.match_scraper - INFO - Saving match players to database
2025-12-11 13:40:01 - scraping.match_scraper - INFO - Successfully completed scraping match 1473470
2025-12-11 13:40:01 - scraping.match_scraper - INFO - Closing WebDriver
2025-12-11 13:40:04 - __main__ - INFO - Successfully downloaded match 1473470
2025-12-11 13:40:14 - __main__ - INFO - Processing match 34/74: https://www.espncricinfo.com/series/ipl-2025-1449924/royal-challengers-bengaluru-vs-punjab-kings-34th-match-1473471/full-scorecard
2025-12-11 13:40:14 - __main__ - INFO - Attempting to download match 1473471 (attempt 1/4)
2025-12-11 13:40:14 - scraping.player_extractor - INFO - PlayerExtractor initialized - Target: raw.match_players
2025-12-11 13:40:14 - scraping.match_scraper - INFO - Initializing WebDriver
2025-12-11 13:40:23 - scraping.match_scraper - INFO - Loading full scorecard - attempt 1
2025-12-11 13:40:38 - scraping.match_scraper - INFO - full scorecard loaded successfully
2025-12-11 13:40:38 - scraping.match_scraper - INFO - Scrolling full scorecard page
2025-12-11 13:40:38 - core.page_navigator - INFO - Scrolling page 5 times
2025-12-11 13:41:07 - core.page_navigator - INFO - Page scrolling completed
2025-12-11 13:41:10 - scraping.match_scraper - INFO - Extracting metadata
2025-12-11 13:41:11 - core.metadata_extractor - INFO - Found 14 metadata rows for match 1473471
2025-12-11 13:41:11 - core.metadata_extractor - INFO - Extracted 15 metadata fields for match 1473471
2025-12-11 13:41:11 - scraping.match_scraper - INFO - Extracting player rosters...
2025-12-11 13:41:11 - scraping.player_extractor - INFO - Extracting players for match 1473471
2025-12-11 13:41:12 - core.metadata_extractor - INFO - Extracting player names for match 1473471
2025-12-11 13:41:12 - core.metadata_extractor - INFO - Found 2 batting scorecard table(s)
2025-12-11 13:41:12 - core.metadata_extractor - INFO -   Innings 1: Royal Challengers Bengaluru (batting)
2025-12-11 13:41:12 - core.metadata_extractor - INFO -   Innings 2: Punjab Kings (batting)
2025-12-11 13:41:12 - core.metadata_extractor - INFO -   innings_1 (Royal Challengers Bengaluru): 11 batted, 1 did not bat
2025-12-11 13:41:12 - core.metadata_extractor - INFO -   innings_2 (Punjab Kings): 7 batted, 4 did not bat
2025-12-11 13:41:12 - core.metadata_extractor - INFO - Found 2 bowling table(s)
2025-12-11 13:41:12 - core.metadata_extractor - INFO -   innings_1 bowling: Punjab Kings (bowling against Royal Challengers Bengaluru)
2025-12-11 13:41:12 - core.metadata_extractor - INFO -   innings_1 bowling (Punjab Kings): 5 bowlers
2025-12-11 13:41:12 - core.metadata_extractor - INFO -   innings_2 bowling: Royal Challengers Bengaluru (bowling against Punjab Kings)
2025-12-11 13:41:12 - core.metadata_extractor - INFO -   innings_2 bowling (Royal Challengers Bengaluru): 5 bowlers
2025-12-11 13:41:12 - core.metadata_extractor - INFO - Created DataFrame with 33 player records, 24 unique players
2025-12-11 13:41:12 - scraping.player_extractor - INFO - Extracted 24 players for match 1473471
2025-12-11 13:41:12 - scraping.player_extractor - INFO -   Teams: Punjab Kings, Royal Challengers Bengaluru
2025-12-11 13:41:12 - scraping.player_extractor - INFO -   Batted: 15, Did not bat: 9
2025-12-11 13:41:12 - scraping.player_extractor - INFO -   Regular: 22, Impact: 2
2025-12-11 13:41:12 - scraping.player_extractor - INFO -   Impact players: Prabhsimran Singh, Manoj Bhandage
2025-12-11 13:41:12 - scraping.match_scraper - INFO - Stored 24 players
2025-12-11 13:41:12 - scraping.match_scraper - INFO -   - Punjab Kings
2025-12-11 13:41:12 - scraping.match_scraper - INFO -   - Royal Challengers Bengaluru
2025-12-11 13:41:12 - scraping.match_scraper - INFO - Loading commentary page - attempt 1
2025-12-11 13:41:26 - scraping.match_scraper - INFO - commentary page loaded successfully
2025-12-11 13:41:26 - scraping.match_scraper - INFO - Scrolling commentary page
2025-12-11 13:41:26 - core.page_navigator - INFO - Scrolling page 20 times
2025-12-11 13:42:27 - core.page_navigator - INFO - Page scrolling completed
2025-12-11 13:42:30 - scraping.match_scraper - INFO - Getting current innings team
2025-12-11 13:42:30 - scraping.match_scraper - INFO - Default innings: PBKS
2025-12-11 13:42:30 - scraping.match_scraper - INFO - Getting all innings options
2025-12-11 13:43:05 - core.page_navigator - INFO - Found 2 innings options: ['RCB', 'PBKS']
2025-12-11 13:43:07 - scraping.match_scraper - INFO - All innings: ['RCB', 'PBKS']
2025-12-11 13:43:07 - scraping.match_scraper - INFO - Regular innings: ['RCB', 'PBKS']
2025-12-11 13:43:07 - scraping.match_scraper - INFO - Super overs: []
2025-12-11 13:43:07 - scraping.match_scraper - INFO - Scraping default innings: PBKS
2025-12-11 13:43:08 - core.commentary_parser - INFO - Found 75 commentary blocks
2025-12-11 13:43:08 - core.commentary_parser - INFO - Parsed 75 commentary entries
2025-12-11 13:43:08 - core.commentary_parser - INFO - Normalizing to 6 columns (most common)
2025-12-11 13:43:08 - core.commentary_parser - INFO - Normalized 75 rows to 6 columns
2025-12-11 13:43:08 - core.commentary_parser - INFO - DataFrame created with 75 rows and 6 columns
2025-12-11 13:43:08 - core.commentary_parser - INFO - Final DataFrame: 75 rows with columns: ['Ball', 'Event', 'Score', 'Commentary', 'Bowler', 'Batsman']
2025-12-11 13:43:08 - core.commentary_parser - INFO -   Rows with commentary: 75
2025-12-11 13:43:08 - core.commentary_parser - INFO -   Rows without commentary: 0
2025-12-11 13:43:08 - scraping.match_scraper - INFO - PBKS: 75 events (super_over=False)
2025-12-11 13:43:08 - scraping.match_scraper - INFO - Switching to innings: RCB
2025-12-11 13:43:08 - core.page_navigator - INFO - Scrolling to top of page
2025-12-11 13:43:12 - core.page_navigator - INFO - Switching to innings: RCB
2025-12-11 13:43:46 - core.page_navigator - INFO - Found target innings: RCB
2025-12-11 13:43:50 - core.page_navigator - INFO - Successfully switched to RCB
2025-12-11 13:43:50 - scraping.match_scraper - INFO - Successfully switched to: RCB
2025-12-11 13:43:53 - core.page_navigator - INFO - Scrolling page 20 times
2025-12-11 13:44:54 - core.page_navigator - INFO - Page scrolling completed
2025-12-11 13:44:57 - scraping.match_scraper - INFO - Scraping innings: RCB
2025-12-11 13:44:57 - core.commentary_parser - INFO - Found 85 commentary blocks
2025-12-11 13:44:57 - core.commentary_parser - INFO - Parsed 85 commentary entries
2025-12-11 13:44:57 - core.commentary_parser - INFO - Normalizing to 6 columns (most common)
2025-12-11 13:44:57 - core.commentary_parser - INFO - Normalized 85 rows to 6 columns
2025-12-11 13:44:57 - core.commentary_parser - INFO - DataFrame created with 85 rows and 6 columns
2025-12-11 13:44:57 - core.commentary_parser - INFO - Final DataFrame: 85 rows with columns: ['Ball', 'Event', 'Score', 'Commentary', 'Bowler', 'Batsman']
2025-12-11 13:44:57 - core.commentary_parser - INFO -   Rows with commentary: 85
2025-12-11 13:44:57 - core.commentary_parser - INFO -   Rows without commentary: 0
2025-12-11 13:44:57 - scraping.match_scraper - INFO - RCB: 85 events (super_over=False)
2025-12-11 13:44:57 - scraping.match_scraper - INFO - Combining all innings dataframes
2025-12-11 13:44:57 - scraping.match_scraper - INFO - Total events: 160 across 2 innings
2025-12-11 13:44:57 - scraping.match_scraper - INFO -   - Regular innings: 160 events
2025-12-11 13:44:57 - scraping.match_scraper - INFO -   - Super over(s): 0 events
2025-12-11 13:44:57 - scraping.match_scraper - INFO - Saving commentary to database
2025-12-11 13:44:57 - scraping.match_scraper - INFO - Commentary saved: 160 total events
2025-12-11 13:44:57 - scraping.match_scraper - INFO - Saving metadata to database
2025-12-11 13:44:58 - scraping.match_scraper - INFO - Metadata saved with super_over_count=0
2025-12-11 13:44:58 - scraping.match_scraper - INFO - Saving match players to database
2025-12-11 13:44:58 - scraping.match_scraper - INFO - Successfully completed scraping match 1473471
2025-12-11 13:44:58 - scraping.match_scraper - INFO - Closing WebDriver
2025-12-11 13:45:00 - __main__ - INFO - Successfully downloaded match 1473471
2025-12-11 13:45:10 - __main__ - INFO - Processing match 35/74: https://www.espncricinfo.com/series/ipl-2025-1449924/gujarat-titans-vs-delhi-capitals-35th-match-1473472/full-scorecard
2025-12-11 13:45:10 - __main__ - INFO - Attempting to download match 1473472 (attempt 1/4)
2025-12-11 13:45:10 - scraping.player_extractor - INFO - PlayerExtractor initialized - Target: raw.match_players
2025-12-11 13:45:10 - scraping.match_scraper - INFO - Initializing WebDriver
2025-12-11 13:45:18 - scraping.match_scraper - INFO - Loading full scorecard - attempt 1
2025-12-11 13:45:34 - scraping.match_scraper - INFO - full scorecard loaded successfully
2025-12-11 13:45:34 - scraping.match_scraper - INFO - Scrolling full scorecard page
2025-12-11 13:45:34 - core.page_navigator - INFO - Scrolling page 5 times
2025-12-11 13:45:54 - core.page_navigator - INFO - Page scrolling completed
2025-12-11 13:45:57 - scraping.match_scraper - INFO - Extracting metadata
2025-12-11 13:45:57 - core.metadata_extractor - INFO - Found 14 metadata rows for match 1473472
2025-12-11 13:45:57 - core.metadata_extractor - INFO - Extracted 15 metadata fields for match 1473472
2025-12-11 13:45:57 - scraping.match_scraper - INFO - Extracting player rosters...
2025-12-11 13:45:57 - scraping.player_extractor - INFO - Extracting players for match 1473472
2025-12-11 13:45:58 - core.metadata_extractor - INFO - Extracting player names for match 1473472
2025-12-11 13:45:58 - core.metadata_extractor - INFO - Found 2 batting scorecard table(s)
2025-12-11 13:45:58 - core.metadata_extractor - INFO -   Innings 1: Delhi Capitals (batting)
2025-12-11 13:45:58 - core.metadata_extractor - INFO -   Innings 2: Gujarat Titans (batting)
2025-12-11 13:45:58 - core.metadata_extractor - INFO -   innings_1 (Delhi Capitals): 10 batted, 2 did not bat
2025-12-11 13:45:58 - core.metadata_extractor - INFO -   innings_2 (Gujarat Titans): 5 batted, 6 did not bat
2025-12-11 13:45:58 - core.metadata_extractor - INFO - Found 2 bowling table(s)
2025-12-11 13:45:58 - core.metadata_extractor - INFO -   innings_1 bowling: Gujarat Titans (bowling against Delhi Capitals)
2025-12-11 13:45:58 - core.metadata_extractor - INFO -   innings_1 bowling (Gujarat Titans): 6 bowlers
2025-12-11 13:45:58 - core.metadata_extractor - INFO -   innings_2 bowling: Delhi Capitals (bowling against Gujarat Titans)
2025-12-11 13:45:58 - core.metadata_extractor - INFO -   innings_2 bowling (Delhi Capitals): 6 bowlers
2025-12-11 13:45:58 - core.metadata_extractor - INFO - Created DataFrame with 35 player records, 24 unique players
2025-12-11 13:45:58 - scraping.player_extractor - INFO - Extracted 24 players for match 1473472
2025-12-11 13:45:58 - scraping.player_extractor - INFO -   Teams: Gujarat Titans, Delhi Capitals
2025-12-11 13:45:58 - scraping.player_extractor - INFO -   Batted: 12, Did not bat: 12
2025-12-11 13:45:58 - scraping.player_extractor - INFO -   Regular: 22, Impact: 2
2025-12-11 13:45:58 - scraping.player_extractor - INFO -   Impact players: Sherfane Rutherford, Donovan Ferreira
2025-12-11 13:45:58 - scraping.match_scraper - INFO - Stored 24 players
2025-12-11 13:45:58 - scraping.match_scraper - INFO -   - Gujarat Titans
2025-12-11 13:45:58 - scraping.match_scraper - INFO -   - Delhi Capitals
2025-12-11 13:45:58 - scraping.match_scraper - INFO - Loading commentary page - attempt 1
2025-12-11 13:46:12 - scraping.match_scraper - INFO - commentary page loaded successfully
2025-12-11 13:46:12 - scraping.match_scraper - INFO - Scrolling commentary page
2025-12-11 13:46:12 - core.page_navigator - INFO - Scrolling page 20 times
2025-12-11 13:47:20 - core.page_navigator - INFO - Page scrolling completed
2025-12-11 13:47:23 - scraping.match_scraper - INFO - Getting current innings team
2025-12-11 13:47:23 - scraping.match_scraper - INFO - Default innings: GT
2025-12-11 13:47:23 - scraping.match_scraper - INFO - Getting all innings options
2025-12-11 13:48:00 - core.page_navigator - INFO - Found 2 innings options: ['DC', 'GT']
2025-12-11 13:48:02 - scraping.match_scraper - INFO - All innings: ['DC', 'GT']
2025-12-11 13:48:02 - scraping.match_scraper - INFO - Regular innings: ['DC', 'GT']
2025-12-11 13:48:02 - scraping.match_scraper - INFO - Super overs: []
2025-12-11 13:48:02 - scraping.match_scraper - INFO - Scraping default innings: GT
2025-12-11 13:48:03 - core.commentary_parser - INFO - Found 121 commentary blocks
2025-12-11 13:48:03 - core.commentary_parser - INFO - Parsed 121 commentary entries
2025-12-11 13:48:03 - core.commentary_parser - INFO - Normalizing to 6 columns (most common)
2025-12-11 13:48:03 - core.commentary_parser - INFO - Normalized 121 rows to 6 columns
2025-12-11 13:48:03 - core.commentary_parser - INFO - DataFrame created with 121 rows and 6 columns
2025-12-11 13:48:03 - core.commentary_parser - INFO - Final DataFrame: 121 rows with columns: ['Ball', 'Event', 'Score', 'Commentary', 'Bowler', 'Batsman']
2025-12-11 13:48:03 - core.commentary_parser - INFO -   Rows with commentary: 121
2025-12-11 13:48:03 - core.commentary_parser - INFO -   Rows without commentary: 0
2025-12-11 13:48:03 - scraping.match_scraper - INFO - GT: 121 events (super_over=False)
2025-12-11 13:48:03 - scraping.match_scraper - INFO - Switching to innings: DC
2025-12-11 13:48:03 - core.page_navigator - INFO - Scrolling to top of page
2025-12-11 13:48:07 - core.page_navigator - INFO - Switching to innings: DC
2025-12-11 13:48:41 - core.page_navigator - INFO - Found target innings: DC
2025-12-11 13:48:45 - core.page_navigator - INFO - Successfully switched to DC
2025-12-11 13:48:45 - scraping.match_scraper - INFO - Successfully switched to: DC
2025-12-11 13:48:48 - core.page_navigator - INFO - Scrolling page 20 times
2025-12-11 13:49:49 - core.page_navigator - INFO - Page scrolling completed
2025-12-11 13:49:52 - scraping.match_scraper - INFO - Scraping innings: DC
2025-12-11 13:49:52 - core.commentary_parser - INFO - Found 129 commentary blocks
2025-12-11 13:49:52 - core.commentary_parser - INFO - Parsed 129 commentary entries
2025-12-11 13:49:52 - core.commentary_parser - INFO - Normalizing to 6 columns (most common)
2025-12-11 13:49:52 - core.commentary_parser - INFO - Normalized 129 rows to 6 columns
2025-12-11 13:49:52 - core.commentary_parser - INFO - DataFrame created with 129 rows and 6 columns
2025-12-11 13:49:52 - core.commentary_parser - INFO - Final DataFrame: 129 rows with columns: ['Ball', 'Event', 'Score', 'Commentary', 'Bowler', 'Batsman']
2025-12-11 13:49:52 - core.commentary_parser - INFO -   Rows with commentary: 129
2025-12-11 13:49:52 - core.commentary_parser - INFO -   Rows without commentary: 0
2025-12-11 13:49:52 - scraping.match_scraper - INFO - DC: 129 events (super_over=False)
2025-12-11 13:49:52 - scraping.match_scraper - INFO - Combining all innings dataframes
2025-12-11 13:49:52 - scraping.match_scraper - INFO - Total events: 250 across 2 innings
2025-12-11 13:49:52 - scraping.match_scraper - INFO -   - Regular innings: 250 events
2025-12-11 13:49:52 - scraping.match_scraper - INFO -   - Super over(s): 0 events
2025-12-11 13:49:52 - scraping.match_scraper - INFO - Saving commentary to database
2025-12-11 13:49:53 - scraping.match_scraper - INFO - Commentary saved: 250 total events
2025-12-11 13:49:53 - scraping.match_scraper - INFO - Saving metadata to database
2025-12-11 13:49:53 - scraping.match_scraper - INFO - Metadata saved with super_over_count=0
2025-12-11 13:49:53 - scraping.match_scraper - INFO - Saving match players to database
2025-12-11 13:49:53 - scraping.match_scraper - INFO - Successfully completed scraping match 1473472
2025-12-11 13:49:53 - scraping.match_scraper - INFO - Closing WebDriver
2025-12-11 13:49:56 - __main__ - INFO - Successfully downloaded match 1473472
2025-12-11 13:50:06 - __main__ - INFO - Processing match 36/74: https://www.espncricinfo.com/series/ipl-2025-1449924/rajasthan-royals-vs-lucknow-super-giants-36th-match-1473473/full-scorecard
2025-12-11 13:50:06 - __main__ - INFO - Attempting to download match 1473473 (attempt 1/4)
2025-12-11 13:50:06 - scraping.player_extractor - INFO - PlayerExtractor initialized - Target: raw.match_players
2025-12-11 13:50:06 - scraping.match_scraper - INFO - Initializing WebDriver
2025-12-11 13:50:16 - scraping.match_scraper - INFO - Loading full scorecard - attempt 1
2025-12-11 13:50:32 - scraping.match_scraper - INFO - full scorecard loaded successfully
2025-12-11 13:50:32 - scraping.match_scraper - INFO - Scrolling full scorecard page
2025-12-11 13:50:32 - core.page_navigator - INFO - Scrolling page 5 times
2025-12-11 13:50:59 - core.page_navigator - INFO - Page scrolling completed
2025-12-11 13:51:02 - scraping.match_scraper - INFO - Extracting metadata
2025-12-11 13:51:03 - core.metadata_extractor - INFO - Found 14 metadata rows for match 1473473
2025-12-11 13:51:03 - core.metadata_extractor - INFO - Extracted 15 metadata fields for match 1473473
2025-12-11 13:51:03 - scraping.match_scraper - INFO - Extracting player rosters...
2025-12-11 13:51:04 - scraping.player_extractor - INFO - Extracting players for match 1473473
2025-12-11 13:51:05 - core.metadata_extractor - INFO - Extracting player names for match 1473473
2025-12-11 13:51:05 - core.metadata_extractor - INFO - Found 2 batting scorecard table(s)
2025-12-11 13:51:05 - core.metadata_extractor - INFO -   Innings 1: Lucknow Super Giants (batting)
2025-12-11 13:51:05 - core.metadata_extractor - INFO -   Innings 2: Rajasthan Royals (batting)
2025-12-11 13:51:05 - core.metadata_extractor - INFO -   innings_1 (Lucknow Super Giants): 7 batted, 5 did not bat
2025-12-11 13:51:05 - core.metadata_extractor - INFO -   innings_2 (Rajasthan Royals): 7 batted, 4 did not bat
2025-12-11 13:51:05 - core.metadata_extractor - INFO - Found 2 bowling table(s)
2025-12-11 13:51:05 - core.metadata_extractor - INFO -   innings_1 bowling: Rajasthan Royals (bowling against Lucknow Super Giants)
2025-12-11 13:51:05 - core.metadata_extractor - INFO -   innings_1 bowling (Rajasthan Royals): 5 bowlers
2025-12-11 13:51:05 - core.metadata_extractor - INFO -   innings_2 bowling: Lucknow Super Giants (bowling against Rajasthan Royals)
2025-12-11 13:51:05 - core.metadata_extractor - INFO -   innings_2 bowling (Lucknow Super Giants): 6 bowlers
2025-12-11 13:51:05 - core.metadata_extractor - INFO - Created DataFrame with 34 player records, 24 unique players
2025-12-11 13:51:05 - scraping.player_extractor - INFO - Extracted 24 players for match 1473473
2025-12-11 13:51:05 - scraping.player_extractor - INFO -   Teams: Rajasthan Royals, Lucknow Super Giants
2025-12-11 13:51:05 - scraping.player_extractor - INFO -   Batted: 13, Did not bat: 11
2025-12-11 13:51:05 - scraping.player_extractor - INFO -   Regular: 22, Impact: 2
2025-12-11 13:51:05 - scraping.player_extractor - INFO -   Impact players: Vaibhav Suryavanshi, Ayush Badoni
2025-12-11 13:51:05 - scraping.match_scraper - INFO - Stored 24 players
2025-12-11 13:51:05 - scraping.match_scraper - INFO -   - Rajasthan Royals
2025-12-11 13:51:05 - scraping.match_scraper - INFO -   - Lucknow Super Giants
2025-12-11 13:51:05 - scraping.match_scraper - INFO - Loading commentary page - attempt 1
2025-12-11 13:51:20 - scraping.match_scraper - INFO - commentary page loaded successfully
2025-12-11 13:51:20 - scraping.match_scraper - INFO - Scrolling commentary page
2025-12-11 13:51:20 - core.page_navigator - INFO - Scrolling page 20 times
2025-12-11 13:52:28 - core.page_navigator - INFO - Page scrolling completed
2025-12-11 13:52:31 - scraping.match_scraper - INFO - Getting current innings team
2025-12-11 13:52:31 - scraping.match_scraper - INFO - Default innings: RR
2025-12-11 13:52:31 - scraping.match_scraper - INFO - Getting all innings options
2025-12-11 13:53:07 - core.page_navigator - INFO - Found 2 innings options: ['LSG', 'RR']
2025-12-11 13:53:10 - scraping.match_scraper - INFO - All innings: ['LSG', 'RR']
2025-12-11 13:53:10 - scraping.match_scraper - INFO - Regular innings: ['LSG', 'RR']
2025-12-11 13:53:10 - scraping.match_scraper - INFO - Super overs: []
2025-12-11 13:53:10 - scraping.match_scraper - INFO - Scraping default innings: RR
2025-12-11 13:53:10 - core.commentary_parser - INFO - Found 121 commentary blocks
2025-12-11 13:53:10 - core.commentary_parser - INFO - Parsed 121 commentary entries
2025-12-11 13:53:10 - core.commentary_parser - INFO - Normalizing to 6 columns (most common)
2025-12-11 13:53:10 - core.commentary_parser - INFO - Normalized 121 rows to 6 columns
2025-12-11 13:53:10 - core.commentary_parser - INFO - DataFrame created with 121 rows and 6 columns
2025-12-11 13:53:10 - core.commentary_parser - INFO - Final DataFrame: 121 rows with columns: ['Ball', 'Event', 'Score', 'Commentary', 'Bowler', 'Batsman']
2025-12-11 13:53:10 - core.commentary_parser - INFO -   Rows with commentary: 121
2025-12-11 13:53:10 - core.commentary_parser - INFO -   Rows without commentary: 0
2025-12-11 13:53:10 - scraping.match_scraper - INFO - RR: 121 events (super_over=False)
2025-12-11 13:53:10 - scraping.match_scraper - INFO - Switching to innings: LSG
2025-12-11 13:53:10 - core.page_navigator - INFO - Scrolling to top of page
2025-12-11 13:53:14 - core.page_navigator - INFO - Switching to innings: LSG
2025-12-11 13:53:49 - core.page_navigator - INFO - Found target innings: LSG
2025-12-11 13:53:52 - core.page_navigator - INFO - Successfully switched to LSG
2025-12-11 13:53:52 - scraping.match_scraper - INFO - Successfully switched to: LSG
2025-12-11 13:53:55 - core.page_navigator - INFO - Scrolling page 20 times
2025-12-11 13:54:56 - core.page_navigator - INFO - Page scrolling completed
2025-12-11 13:54:59 - scraping.match_scraper - INFO - Scraping innings: LSG
2025-12-11 13:55:01 - core.commentary_parser - INFO - Found 125 commentary blocks
2025-12-11 13:55:01 - core.commentary_parser - INFO - Parsed 125 commentary entries
2025-12-11 13:55:01 - core.commentary_parser - INFO - Normalizing to 6 columns (most common)
2025-12-11 13:55:01 - core.commentary_parser - INFO - Normalized 125 rows to 6 columns
2025-12-11 13:55:01 - core.commentary_parser - INFO - DataFrame created with 125 rows and 6 columns
2025-12-11 13:55:01 - core.commentary_parser - INFO - Final DataFrame: 125 rows with columns: ['Ball', 'Event', 'Score', 'Commentary', 'Bowler', 'Batsman']
2025-12-11 13:55:01 - core.commentary_parser - INFO -   Rows with commentary: 125
2025-12-11 13:55:01 - core.commentary_parser - INFO -   Rows without commentary: 0
2025-12-11 13:55:01 - scraping.match_scraper - INFO - LSG: 125 events (super_over=False)
2025-12-11 13:55:01 - scraping.match_scraper - INFO - Combining all innings dataframes
2025-12-11 13:55:01 - scraping.match_scraper - INFO - Total events: 246 across 2 innings
2025-12-11 13:55:01 - scraping.match_scraper - INFO -   - Regular innings: 246 events
2025-12-11 13:55:01 - scraping.match_scraper - INFO -   - Super over(s): 0 events
2025-12-11 13:55:01 - scraping.match_scraper - INFO - Saving commentary to database
2025-12-11 13:55:01 - scraping.match_scraper - INFO - Commentary saved: 246 total events
2025-12-11 13:55:01 - scraping.match_scraper - INFO - Saving metadata to database
2025-12-11 13:55:01 - scraping.match_scraper - INFO - Metadata saved with super_over_count=0
2025-12-11 13:55:01 - scraping.match_scraper - INFO - Saving match players to database
2025-12-11 13:55:01 - scraping.match_scraper - INFO - Successfully completed scraping match 1473473
2025-12-11 13:55:01 - scraping.match_scraper - INFO - Closing WebDriver
2025-12-11 13:55:04 - __main__ - INFO - Successfully downloaded match 1473473
2025-12-11 13:55:14 - __main__ - INFO - Processing match 37/74: https://www.espncricinfo.com/series/ipl-2025-1449924/punjab-kings-vs-royal-challengers-bengaluru-37th-match-1473474/full-scorecard
2025-12-11 13:55:14 - __main__ - INFO - Attempting to download match 1473474 (attempt 1/4)
2025-12-11 13:55:14 - scraping.player_extractor - INFO - PlayerExtractor initialized - Target: raw.match_players
2025-12-11 13:55:14 - scraping.match_scraper - INFO - Initializing WebDriver
2025-12-11 13:55:23 - scraping.match_scraper - INFO - Loading full scorecard - attempt 1
2025-12-11 13:55:38 - scraping.match_scraper - INFO - full scorecard loaded successfully
2025-12-11 13:55:38 - scraping.match_scraper - INFO - Scrolling full scorecard page
2025-12-11 13:55:38 - core.page_navigator - INFO - Scrolling page 5 times
2025-12-11 13:56:03 - core.page_navigator - INFO - Page scrolling completed
2025-12-11 13:56:06 - scraping.match_scraper - INFO - Extracting metadata
2025-12-11 13:56:07 - core.metadata_extractor - INFO - Found 14 metadata rows for match 1473474
2025-12-11 13:56:07 - core.metadata_extractor - INFO - Extracted 15 metadata fields for match 1473474
2025-12-11 13:56:07 - scraping.match_scraper - INFO - Extracting player rosters...
2025-12-11 13:56:07 - scraping.player_extractor - INFO - Extracting players for match 1473474
2025-12-11 13:56:08 - core.metadata_extractor - INFO - Extracting player names for match 1473474
2025-12-11 13:56:08 - core.metadata_extractor - INFO - Found 2 batting scorecard table(s)
2025-12-11 13:56:08 - core.metadata_extractor - INFO -   Innings 1: Punjab Kings (batting)
2025-12-11 13:56:08 - core.metadata_extractor - INFO -   Innings 2: Royal Challengers Bengaluru (batting)
2025-12-11 13:56:08 - core.metadata_extractor - INFO -   innings_1 (Punjab Kings): 8 batted, 3 did not bat
2025-12-11 13:56:08 - core.metadata_extractor - INFO -   innings_2 (Royal Challengers Bengaluru): 5 batted, 6 did not bat
2025-12-11 13:56:08 - core.metadata_extractor - INFO - Found 2 bowling table(s)
2025-12-11 13:56:08 - core.metadata_extractor - INFO -   innings_1 bowling: Royal Challengers Bengaluru (bowling against Punjab Kings)
2025-12-11 13:56:08 - core.metadata_extractor - INFO -   innings_1 bowling (Royal Challengers Bengaluru): 6 bowlers
2025-12-11 13:56:08 - core.metadata_extractor - INFO -   innings_2 bowling: Punjab Kings (bowling against Royal Challengers Bengaluru)
2025-12-11 13:56:08 - core.metadata_extractor - INFO -   innings_2 bowling (Punjab Kings): 7 bowlers
2025-12-11 13:56:08 - core.metadata_extractor - INFO - Created DataFrame with 35 player records, 24 unique players
2025-12-11 13:56:08 - scraping.player_extractor - INFO - Extracted 24 players for match 1473474
2025-12-11 13:56:08 - scraping.player_extractor - INFO -   Teams: Royal Challengers Bengaluru, Punjab Kings
2025-12-11 13:56:08 - scraping.player_extractor - INFO -   Batted: 12, Did not bat: 12
2025-12-11 13:56:08 - scraping.player_extractor - INFO -   Regular: 23, Impact: 1
2025-12-11 13:56:08 - scraping.player_extractor - INFO -   Impact players: Devdutt Padikkal
2025-12-11 13:56:08 - scraping.match_scraper - INFO - Stored 24 players
2025-12-11 13:56:08 - scraping.match_scraper - INFO -   - Royal Challengers Bengaluru
2025-12-11 13:56:08 - scraping.match_scraper - INFO -   - Punjab Kings
2025-12-11 13:56:08 - scraping.match_scraper - INFO - Loading commentary page - attempt 1
2025-12-11 13:56:22 - scraping.match_scraper - INFO - commentary page loaded successfully
2025-12-11 13:56:22 - scraping.match_scraper - INFO - Scrolling commentary page
2025-12-11 13:56:22 - core.page_navigator - INFO - Scrolling page 20 times
2025-12-11 13:57:22 - core.page_navigator - INFO - Page scrolling completed
2025-12-11 13:57:25 - scraping.match_scraper - INFO - Getting current innings team
2025-12-11 13:57:25 - scraping.match_scraper - INFO - Default innings: RCB
2025-12-11 13:57:25 - scraping.match_scraper - INFO - Getting all innings options
2025-12-11 13:58:00 - core.page_navigator - INFO - Found 2 innings options: ['PBKS', 'RCB']
2025-12-11 13:58:03 - scraping.match_scraper - INFO - All innings: ['PBKS', 'RCB']
2025-12-11 13:58:03 - scraping.match_scraper - INFO - Regular innings: ['PBKS', 'RCB']
2025-12-11 13:58:03 - scraping.match_scraper - INFO - Super overs: []
2025-12-11 13:58:03 - scraping.match_scraper - INFO - Scraping default innings: RCB
2025-12-11 13:58:04 - core.commentary_parser - INFO - Found 114 commentary blocks
2025-12-11 13:58:04 - core.commentary_parser - INFO - Parsed 114 commentary entries
2025-12-11 13:58:04 - core.commentary_parser - INFO - Normalizing to 6 columns (most common)
2025-12-11 13:58:04 - core.commentary_parser - INFO - Normalized 114 rows to 6 columns
2025-12-11 13:58:04 - core.commentary_parser - INFO - DataFrame created with 114 rows and 6 columns
2025-12-11 13:58:04 - core.commentary_parser - INFO - Final DataFrame: 114 rows with columns: ['Ball', 'Event', 'Score', 'Commentary', 'Bowler', 'Batsman']
2025-12-11 13:58:04 - core.commentary_parser - INFO -   Rows with commentary: 114
2025-12-11 13:58:04 - core.commentary_parser - INFO -   Rows without commentary: 0
2025-12-11 13:58:04 - scraping.match_scraper - INFO - RCB: 114 events (super_over=False)
2025-12-11 13:58:04 - scraping.match_scraper - INFO - Switching to innings: PBKS
2025-12-11 13:58:04 - core.page_navigator - INFO - Scrolling to top of page
2025-12-11 13:58:08 - core.page_navigator - INFO - Switching to innings: PBKS
2025-12-11 13:58:42 - core.page_navigator - INFO - Found target innings: PBKS
2025-12-11 13:58:46 - core.page_navigator - INFO - Successfully switched to PBKS
2025-12-11 13:58:46 - scraping.match_scraper - INFO - Successfully switched to: PBKS
2025-12-11 13:58:49 - core.page_navigator - INFO - Scrolling page 20 times
2025-12-11 13:59:50 - core.page_navigator - INFO - Page scrolling completed
2025-12-11 13:59:53 - scraping.match_scraper - INFO - Scraping innings: PBKS
2025-12-11 13:59:54 - core.commentary_parser - INFO - Found 123 commentary blocks
2025-12-11 13:59:54 - core.commentary_parser - INFO - Parsed 123 commentary entries
2025-12-11 13:59:54 - core.commentary_parser - INFO - Normalizing to 6 columns (most common)
2025-12-11 13:59:54 - core.commentary_parser - INFO - Normalized 123 rows to 6 columns
2025-12-11 13:59:54 - core.commentary_parser - INFO - DataFrame created with 123 rows and 6 columns
2025-12-11 13:59:54 - core.commentary_parser - INFO - Final DataFrame: 123 rows with columns: ['Ball', 'Event', 'Score', 'Commentary', 'Bowler', 'Batsman']
2025-12-11 13:59:54 - core.commentary_parser - INFO -   Rows with commentary: 123
2025-12-11 13:59:54 - core.commentary_parser - INFO -   Rows without commentary: 0
2025-12-11 13:59:54 - scraping.match_scraper - INFO - PBKS: 123 events (super_over=False)
2025-12-11 13:59:54 - scraping.match_scraper - INFO - Combining all innings dataframes
2025-12-11 13:59:54 - scraping.match_scraper - INFO - Total events: 237 across 2 innings
2025-12-11 13:59:54 - scraping.match_scraper - INFO -   - Regular innings: 237 events
2025-12-11 13:59:54 - scraping.match_scraper - INFO -   - Super over(s): 0 events
2025-12-11 13:59:54 - scraping.match_scraper - INFO - Saving commentary to database
2025-12-11 13:59:54 - scraping.match_scraper - INFO - Commentary saved: 237 total events
2025-12-11 13:59:54 - scraping.match_scraper - INFO - Saving metadata to database
2025-12-11 13:59:54 - scraping.match_scraper - INFO - Metadata saved with super_over_count=0
2025-12-11 13:59:54 - scraping.match_scraper - INFO - Saving match players to database
2025-12-11 13:59:54 - scraping.match_scraper - INFO - Successfully completed scraping match 1473474
2025-12-11 13:59:54 - scraping.match_scraper - INFO - Closing WebDriver
2025-12-11 13:59:57 - __main__ - INFO - Successfully downloaded match 1473474
2025-12-11 14:00:07 - __main__ - INFO - Processing match 38/74: https://www.espncricinfo.com/series/ipl-2025-1449924/mumbai-indians-vs-chennai-super-kings-38th-match-1473475/full-scorecard
2025-12-11 14:00:07 - __main__ - INFO - Attempting to download match 1473475 (attempt 1/4)
2025-12-11 14:00:07 - scraping.player_extractor - INFO - PlayerExtractor initialized - Target: raw.match_players
2025-12-11 14:00:07 - scraping.match_scraper - INFO - Initializing WebDriver
2025-12-11 14:00:17 - scraping.match_scraper - INFO - Loading full scorecard - attempt 1
2025-12-11 14:00:33 - scraping.match_scraper - INFO - full scorecard loaded successfully
2025-12-11 14:00:33 - scraping.match_scraper - INFO - Scrolling full scorecard page
2025-12-11 14:00:33 - core.page_navigator - INFO - Scrolling page 5 times
2025-12-11 14:00:48 - core.page_navigator - INFO - Page scrolling completed
2025-12-11 14:00:51 - scraping.match_scraper - INFO - Extracting metadata
2025-12-11 14:00:52 - core.metadata_extractor - INFO - Found 15 metadata rows for match 1473475
2025-12-11 14:00:52 - core.metadata_extractor - INFO - Extracted 16 metadata fields for match 1473475
2025-12-11 14:00:52 - scraping.match_scraper - INFO - Extracting player rosters...
2025-12-11 14:00:52 - scraping.player_extractor - INFO - Extracting players for match 1473475
2025-12-11 14:00:52 - core.metadata_extractor - INFO - Extracting player names for match 1473475
2025-12-11 14:00:52 - core.metadata_extractor - INFO - Found 2 batting scorecard table(s)
2025-12-11 14:00:52 - core.metadata_extractor - INFO -   Innings 1: Chennai Super Kings (batting)
2025-12-11 14:00:52 - core.metadata_extractor - INFO -   Innings 2: Mumbai Indians (batting)
2025-12-11 14:00:52 - core.metadata_extractor - INFO -   innings_1 (Chennai Super Kings): 7 batted, 4 did not bat
2025-12-11 14:00:52 - core.metadata_extractor - INFO -   innings_2 (Mumbai Indians): 3 batted, 8 did not bat
2025-12-11 14:00:52 - core.metadata_extractor - INFO - Found 2 bowling table(s)
2025-12-11 14:00:52 - core.metadata_extractor - INFO -   innings_1 bowling: Mumbai Indians (bowling against Chennai Super Kings)
2025-12-11 14:00:52 - core.metadata_extractor - INFO -   innings_1 bowling (Mumbai Indians): 7 bowlers
2025-12-11 14:00:52 - core.metadata_extractor - INFO -   innings_2 bowling: Chennai Super Kings (bowling against Mumbai Indians)
2025-12-11 14:00:52 - core.metadata_extractor - INFO -   innings_2 bowling (Chennai Super Kings): 6 bowlers
2025-12-11 14:00:52 - core.metadata_extractor - INFO - Created DataFrame with 35 player records, 24 unique players
2025-12-11 14:00:52 - scraping.player_extractor - INFO - Extracted 24 players for match 1473475
2025-12-11 14:00:52 - scraping.player_extractor - INFO -   Teams: Mumbai Indians, Chennai Super Kings
2025-12-11 14:00:52 - scraping.player_extractor - INFO -   Batted: 8, Did not bat: 16
2025-12-11 14:00:52 - scraping.player_extractor - INFO -   Regular: 23, Impact: 1
2025-12-11 14:00:52 - scraping.player_extractor - INFO -   Impact players: Rohit Sharma
2025-12-11 14:00:52 - scraping.match_scraper - INFO - Stored 24 players
2025-12-11 14:00:52 - scraping.match_scraper - INFO -   - Mumbai Indians
2025-12-11 14:00:52 - scraping.match_scraper - INFO -   - Chennai Super Kings
2025-12-11 14:00:52 - scraping.match_scraper - INFO - Loading commentary page - attempt 1
2025-12-11 14:01:05 - scraping.match_scraper - INFO - commentary page loaded successfully
2025-12-11 14:01:05 - scraping.match_scraper - INFO - Scrolling commentary page
2025-12-11 14:01:05 - core.page_navigator - INFO - Scrolling page 20 times
2025-12-11 14:02:11 - core.page_navigator - INFO - Page scrolling completed
2025-12-11 14:02:14 - scraping.match_scraper - INFO - Getting current innings team
2025-12-11 14:02:14 - scraping.match_scraper - INFO - Default innings: MI
2025-12-11 14:02:14 - scraping.match_scraper - INFO - Getting all innings options
2025-12-11 14:02:50 - core.page_navigator - INFO - Found 2 innings options: ['CSK', 'MI']
2025-12-11 14:02:52 - scraping.match_scraper - INFO - All innings: ['CSK', 'MI']
2025-12-11 14:02:52 - scraping.match_scraper - INFO - Regular innings: ['CSK', 'MI']
2025-12-11 14:02:52 - scraping.match_scraper - INFO - Super overs: []
2025-12-11 14:02:52 - scraping.match_scraper - INFO - Scraping default innings: MI
2025-12-11 14:02:54 - core.commentary_parser - INFO - Found 102 commentary blocks
2025-12-11 14:02:54 - core.commentary_parser - INFO - Parsed 102 commentary entries
2025-12-11 14:02:54 - core.commentary_parser - INFO - Normalizing to 6 columns (most common)
2025-12-11 14:02:54 - core.commentary_parser - INFO - Normalized 102 rows to 6 columns
2025-12-11 14:02:54 - core.commentary_parser - INFO - DataFrame created with 102 rows and 6 columns
2025-12-11 14:02:54 - core.commentary_parser - INFO - Final DataFrame: 102 rows with columns: ['Ball', 'Event', 'Score', 'Commentary', 'Bowler', 'Batsman']
2025-12-11 14:02:54 - core.commentary_parser - INFO -   Rows with commentary: 102
2025-12-11 14:02:54 - core.commentary_parser - INFO -   Rows without commentary: 0
2025-12-11 14:02:54 - scraping.match_scraper - INFO - MI: 102 events (super_over=False)
2025-12-11 14:02:54 - scraping.match_scraper - INFO - Switching to innings: CSK
2025-12-11 14:02:54 - core.page_navigator - INFO - Scrolling to top of page
2025-12-11 14:02:58 - core.page_navigator - INFO - Switching to innings: CSK
2025-12-11 14:03:32 - core.page_navigator - INFO - Found target innings: CSK
2025-12-11 14:03:36 - core.page_navigator - INFO - Successfully switched to CSK
2025-12-11 14:03:36 - scraping.match_scraper - INFO - Successfully switched to: CSK
2025-12-11 14:03:39 - core.page_navigator - INFO - Scrolling page 20 times
2025-12-11 14:04:40 - core.page_navigator - INFO - Page scrolling completed
2025-12-11 14:04:43 - scraping.match_scraper - INFO - Scraping innings: CSK
2025-12-11 14:04:44 - core.commentary_parser - INFO - Found 126 commentary blocks
2025-12-11 14:04:44 - core.commentary_parser - INFO - Parsed 126 commentary entries
2025-12-11 14:04:44 - core.commentary_parser - INFO - Normalizing to 6 columns (most common)
2025-12-11 14:04:44 - core.commentary_parser - INFO - Normalized 126 rows to 6 columns
2025-12-11 14:04:44 - core.commentary_parser - INFO - DataFrame created with 126 rows and 6 columns
2025-12-11 14:04:44 - core.commentary_parser - INFO - Final DataFrame: 126 rows with columns: ['Ball', 'Event', 'Score', 'Commentary', 'Bowler', 'Batsman']
2025-12-11 14:04:44 - core.commentary_parser - INFO -   Rows with commentary: 126
2025-12-11 14:04:44 - core.commentary_parser - INFO -   Rows without commentary: 0
2025-12-11 14:04:44 - scraping.match_scraper - INFO - CSK: 126 events (super_over=False)
2025-12-11 14:04:44 - scraping.match_scraper - INFO - Combining all innings dataframes
2025-12-11 14:04:44 - scraping.match_scraper - INFO - Total events: 228 across 2 innings
2025-12-11 14:04:44 - scraping.match_scraper - INFO -   - Regular innings: 228 events
2025-12-11 14:04:44 - scraping.match_scraper - INFO -   - Super over(s): 0 events
2025-12-11 14:04:44 - scraping.match_scraper - INFO - Saving commentary to database
2025-12-11 14:04:44 - scraping.match_scraper - INFO - Commentary saved: 228 total events
2025-12-11 14:04:44 - scraping.match_scraper - INFO - Saving metadata to database
2025-12-11 14:04:44 - scraping.match_scraper - INFO - Metadata saved with super_over_count=0
2025-12-11 14:04:44 - scraping.match_scraper - INFO - Saving match players to database
2025-12-11 14:04:44 - scraping.match_scraper - INFO - Successfully completed scraping match 1473475
2025-12-11 14:04:44 - scraping.match_scraper - INFO - Closing WebDriver
2025-12-11 14:04:48 - __main__ - INFO - Successfully downloaded match 1473475
2025-12-11 14:04:58 - __main__ - INFO - Processing match 39/74: https://www.espncricinfo.com/series/ipl-2025-1449924/kolkata-knight-riders-vs-gujarat-titans-39th-match-1473476/full-scorecard
2025-12-11 14:04:58 - __main__ - INFO - Attempting to download match 1473476 (attempt 1/4)
2025-12-11 14:04:58 - scraping.player_extractor - INFO - PlayerExtractor initialized - Target: raw.match_players
2025-12-11 14:04:58 - scraping.match_scraper - INFO - Initializing WebDriver
2025-12-11 14:05:09 - scraping.match_scraper - INFO - Loading full scorecard - attempt 1
2025-12-11 14:05:25 - scraping.match_scraper - INFO - full scorecard loaded successfully
2025-12-11 14:05:25 - scraping.match_scraper - INFO - Scrolling full scorecard page
2025-12-11 14:05:25 - core.page_navigator - INFO - Scrolling page 5 times
2025-12-11 14:05:43 - core.page_navigator - INFO - Page scrolling completed
2025-12-11 14:05:46 - scraping.match_scraper - INFO - Extracting metadata
2025-12-11 14:05:46 - core.metadata_extractor - INFO - Found 14 metadata rows for match 1473476
2025-12-11 14:05:46 - core.metadata_extractor - INFO - Extracted 15 metadata fields for match 1473476
2025-12-11 14:05:46 - scraping.match_scraper - INFO - Extracting player rosters...
2025-12-11 14:05:46 - scraping.player_extractor - INFO - Extracting players for match 1473476
2025-12-11 14:05:47 - core.metadata_extractor - INFO - Extracting player names for match 1473476
2025-12-11 14:05:47 - core.metadata_extractor - INFO - Found 2 batting scorecard table(s)
2025-12-11 14:05:47 - core.metadata_extractor - INFO -   Innings 1: Gujarat Titans (batting)
2025-12-11 14:05:47 - core.metadata_extractor - INFO -   Innings 2: Kolkata Knight Riders (batting)
2025-12-11 14:05:47 - core.metadata_extractor - INFO -   innings_1 (Gujarat Titans): 5 batted, 6 did not bat
2025-12-11 14:05:47 - core.metadata_extractor - INFO -   innings_2 (Kolkata Knight Riders): 10 batted, 1 did not bat
2025-12-11 14:05:47 - core.metadata_extractor - INFO - Found 2 bowling table(s)
2025-12-11 14:05:47 - core.metadata_extractor - INFO -   innings_1 bowling: Kolkata Knight Riders (bowling against Gujarat Titans)
2025-12-11 14:05:47 - core.metadata_extractor - INFO -   innings_1 bowling (Kolkata Knight Riders): 6 bowlers
2025-12-11 14:05:47 - core.metadata_extractor - INFO -   innings_2 bowling: Gujarat Titans (bowling against Kolkata Knight Riders)
2025-12-11 14:05:47 - core.metadata_extractor - INFO -   innings_2 bowling (Gujarat Titans): 6 bowlers
2025-12-11 14:05:47 - core.metadata_extractor - INFO - Created DataFrame with 34 player records, 23 unique players
2025-12-11 14:05:47 - scraping.player_extractor - INFO - Extracted 23 players for match 1473476
2025-12-11 14:05:47 - scraping.player_extractor - INFO -   Teams: Kolkata Knight Riders, Gujarat Titans
2025-12-11 14:05:47 - scraping.player_extractor - INFO -   Batted: 11, Did not bat: 12
2025-12-11 14:05:47 - scraping.player_extractor - INFO -   Regular: 22, Impact: 1
2025-12-11 14:05:47 - scraping.player_extractor - INFO -   Impact players: Angkrish Raghuvanshi
2025-12-11 14:05:47 - scraping.match_scraper - INFO - Stored 23 players
2025-12-11 14:05:47 - scraping.match_scraper - INFO -   - Kolkata Knight Riders
2025-12-11 14:05:47 - scraping.match_scraper - INFO -   - Gujarat Titans
2025-12-11 14:05:47 - scraping.match_scraper - INFO - Loading commentary page - attempt 1
2025-12-11 14:06:00 - scraping.match_scraper - INFO - commentary page loaded successfully
2025-12-11 14:06:00 - scraping.match_scraper - INFO - Scrolling commentary page
2025-12-11 14:06:00 - core.page_navigator - INFO - Scrolling page 20 times
2025-12-11 14:08:11 - core.page_navigator - ERROR - Error during page scroll: HTTPConnectionPool(host='localhost', port=61818): Read timed out. (read timeout=120)
2025-12-11 14:08:14 - scraping.match_scraper - INFO - Getting current innings team
2025-12-11 14:10:14 - scraping.match_scraper - ERROR - Error scraping match 1473476: HTTPConnectionPool(host='localhost', port=61818): Read timed out. (read timeout=120)
Traceback (most recent call last):
  File "C:\Users\prade\PycharmProjects\Cricinfo_scraper\.venv\Lib\site-packages\urllib3\connectionpool.py", line 534, in _make_request
    response = conn.getresponse()
               ^^^^^^^^^^^^^^^^^^
  File "C:\Users\prade\PycharmProjects\Cricinfo_scraper\.venv\Lib\site-packages\urllib3\connection.py", line 516, in getresponse
    httplib_response = super().getresponse()
                       ^^^^^^^^^^^^^^^^^^^^^
  File "C:\Users\prade\AppData\Local\Programs\Python\Python311\Lib\http\client.py", line 1395, in getresponse
    response.begin()
  File "C:\Users\prade\AppData\Local\Programs\Python\Python311\Lib\http\client.py", line 325, in begin
    version, status, reason = self._read_status()
                              ^^^^^^^^^^^^^^^^^^^
  File "C:\Users\prade\AppData\Local\Programs\Python\Python311\Lib\http\client.py", line 286, in _read_status
    line = str(self.fp.readline(_MAXLINE + 1), "iso-8859-1")
               ^^^^^^^^^^^^^^^^^^^^^^^^^^^^^^
  File "C:\Users\prade\AppData\Local\Programs\Python\Python311\Lib\socket.py", line 706, in readinto
    return self._sock.recv_into(b)
           ^^^^^^^^^^^^^^^^^^^^^^^
TimeoutError: timed out

The above exception was the direct cause of the following exception:

Traceback (most recent call last):
  File "C:\Users\prade\Pycharm\Cricinfo_scraper\scraping\match_scraper.py", line 197, in scrape
    default_innings = self.get_current_innings_team(driver)
                      ^^^^^^^^^^^^^^^^^^^^^^^^^^^^^^^^^^^^^
  File "C:\Users\prade\Pycharm\Cricinfo_scraper\scraping\match_scraper.py", line 409, in get_current_innings_team
    team_element = driver.find_element("css selector", "div.ds-cursor-pointer.ds-min-w-max")
                   ^^^^^^^^^^^^^^^^^^^^^^^^^^^^^^^^^^^^^^^^^^^^^^^^^^^^^^^^^^^^^^^^^^^^^^^^^
  File "C:\Users\prade\PycharmProjects\Cricinfo_scraper\.venv\Lib\site-packages\selenium\webdriver\remote\webdriver.py", line 914, in find_element
    return self.execute(Command.FIND_ELEMENT, {"using": by, "value": value})["value"]
           ^^^^^^^^^^^^^^^^^^^^^^^^^^^^^^^^^^^^^^^^^^^^^^^^^^^^^^^^^^^^^^^^^
  File "C:\Users\prade\PycharmProjects\Cricinfo_scraper\.venv\Lib\site-packages\selenium\webdriver\remote\webdriver.py", line 445, in execute
    response = self.command_executor.execute(driver_command, params)
               ^^^^^^^^^^^^^^^^^^^^^^^^^^^^^^^^^^^^^^^^^^^^^^^^^^^^^
  File "C:\Users\prade\PycharmProjects\Cricinfo_scraper\.venv\Lib\site-packages\selenium\webdriver\remote\remote_connection.py", line 404, in execute
    return self._request(command_info[0], url, body=data)
           ^^^^^^^^^^^^^^^^^^^^^^^^^^^^^^^^^^^^^^^^^^^^^^
  File "C:\Users\prade\PycharmProjects\Cricinfo_scraper\.venv\Lib\site-packages\selenium\webdriver\remote\remote_connection.py", line 428, in _request
    response = self._conn.request(method, url, body=body, headers=headers, timeout=self._client_config.timeout)
               ^^^^^^^^^^^^^^^^^^^^^^^^^^^^^^^^^^^^^^^^^^^^^^^^^^^^^^^^^^^^^^^^^^^^^^^^^^^^^^^^^^^^^^^^^^^^^^^^
  File "C:\Users\prade\PycharmProjects\Cricinfo_scraper\.venv\Lib\site-packages\urllib3\_request_methods.py", line 143, in request
    return self.request_encode_body(
           ^^^^^^^^^^^^^^^^^^^^^^^^^
  File "C:\Users\prade\PycharmProjects\Cricinfo_scraper\.venv\Lib\site-packages\urllib3\_request_methods.py", line 278, in request_encode_body
    return self.urlopen(method, url, **extra_kw)
           ^^^^^^^^^^^^^^^^^^^^^^^^^^^^^^^^^^^^^
  File "C:\Users\prade\PycharmProjects\Cricinfo_scraper\.venv\Lib\site-packages\urllib3\poolmanager.py", line 443, in urlopen
    response = conn.urlopen(method, u.request_uri, **kw)
               ^^^^^^^^^^^^^^^^^^^^^^^^^^^^^^^^^^^^^^^^^
  File "C:\Users\prade\PycharmProjects\Cricinfo_scraper\.venv\Lib\site-packages\urllib3\connectionpool.py", line 841, in urlopen
    retries = retries.increment(
              ^^^^^^^^^^^^^^^^^^
  File "C:\Users\prade\PycharmProjects\Cricinfo_scraper\.venv\Lib\site-packages\urllib3\util\retry.py", line 474, in increment
    raise reraise(type(error), error, _stacktrace)
          ^^^^^^^^^^^^^^^^^^^^^^^^^^^^^^^^^^^^^^^^
  File "C:\Users\prade\PycharmProjects\Cricinfo_scraper\.venv\Lib\site-packages\urllib3\util\util.py", line 39, in reraise
    raise value
  File "C:\Users\prade\PycharmProjects\Cricinfo_scraper\.venv\Lib\site-packages\urllib3\connectionpool.py", line 787, in urlopen
    response = self._make_request(
               ^^^^^^^^^^^^^^^^^^^
  File "C:\Users\prade\PycharmProjects\Cricinfo_scraper\.venv\Lib\site-packages\urllib3\connectionpool.py", line 536, in _make_request
    self._raise_timeout(err=e, url=url, timeout_value=read_timeout)
  File "C:\Users\prade\PycharmProjects\Cricinfo_scraper\.venv\Lib\site-packages\urllib3\connectionpool.py", line 367, in _raise_timeout
    raise ReadTimeoutError(
urllib3.exceptions.ReadTimeoutError: HTTPConnectionPool(host='localhost', port=61818): Read timed out. (read timeout=120)
2025-12-11 14:10:14 - scraping.match_scraper - INFO - Closing WebDriver
2025-12-11 14:15:29 - __main__ - WARNING - Connection error for match 1473476 (attempt 1): HTTPConnectionPool(host='localhost', port=61818): Read timed out. (read timeout=120)
2025-12-11 14:15:29 - __main__ - INFO - Retrying match 1473476 in 30 seconds...
2025-12-11 14:15:49 - __main__ - INFO - Cricket Data Pipeline Started
2025-12-11 14:15:49 - __main__ - INFO - STEP 1: Initializing database and schemas
2025-12-11 14:15:49 - configs.db_config - INFO - Initializing Medallion Architecture schemas...
2025-12-11 14:15:50 - configs.db_config - INFO - Medallion schemas (Bronze, Silver, Gold) initialized
2025-12-11 14:15:50 - __main__ - INFO - Database initialization complete
2025-12-11 14:15:50 - __main__ - INFO - STEP 2: Loading configuration
2025-12-11 14:15:50 - __main__ - INFO - Configuration loaded successfully
2025-12-11 14:15:50 - __main__ - INFO - STEP 3: Scraping data from Cricinfo
2025-12-11 14:15:50 - __main__ - INFO - Initializing match tracker
2025-12-11 14:15:50 - __main__ - INFO - Current Status: 38 matches already downloaded
2025-12-11 14:15:50 - __main__ - INFO - Fetching match schedule from Cricinfo
2025-12-11 14:15:50 - scraping.schedule_scraper - INFO - Initializing WebDriver for schedule scraping
2025-12-11 14:15:59 - scraping.schedule_scraper - INFO - Loading schedule page - attempt 1
2025-12-11 14:16:14 - scraping.schedule_scraper - INFO - Schedule page loaded successfully
2025-12-11 14:16:14 - scraping.schedule_scraper - INFO - Parsing schedule page with BeautifulSoup
2025-12-11 14:16:18 - scraping.schedule_scraper - INFO - Extracting match links from schedule
2025-12-11 14:16:18 - scraping.schedule_scraper - INFO - Successfully extracted 104 match links
2025-12-11 14:16:18 - scraping.schedule_scraper - INFO - Closing WebDriver
2025-12-11 14:16:21 - __main__ - INFO - Found 104 total links
2025-12-11 14:16:21 - __main__ - INFO - Found 74 match scorecards
2025-12-11 14:16:21 - __main__ - INFO - Loading match cache
2025-12-11 14:16:21 - __main__ - INFO - Starting match scraping process with retry logic
2025-12-11 14:16:21 - __main__ - INFO - Processing match 1/74: https://www.espncricinfo.com/series/ipl-2025-1449924/kolkata-knight-riders-vs-royal-challengers-bengaluru-1st-match-1473438/full-scorecard
2025-12-11 14:16:21 - __main__ - INFO - Match 1473438 already downloaded - skipping
2025-12-11 14:16:21 - __main__ - INFO - Processing match 2/74: https://www.espncricinfo.com/series/ipl-2025-1449924/sunrisers-hyderabad-vs-rajasthan-royals-2nd-match-1473439/full-scorecard
2025-12-11 14:16:21 - __main__ - INFO - Match 1473439 already downloaded - skipping
2025-12-11 14:16:21 - __main__ - INFO - Processing match 3/74: https://www.espncricinfo.com/series/ipl-2025-1449924/chennai-super-kings-vs-mumbai-indians-3rd-match-1473440/full-scorecard
2025-12-11 14:16:21 - __main__ - INFO - Match 1473440 already downloaded - skipping
2025-12-11 14:16:21 - __main__ - INFO - Processing match 4/74: https://www.espncricinfo.com/series/ipl-2025-1449924/delhi-capitals-vs-lucknow-super-giants-4th-match-1473441/full-scorecard
2025-12-11 14:16:21 - __main__ - INFO - Match 1473441 already downloaded - skipping
2025-12-11 14:16:21 - __main__ - INFO - Processing match 5/74: https://www.espncricinfo.com/series/ipl-2025-1449924/gujarat-titans-vs-punjab-kings-5th-match-1473442/full-scorecard
2025-12-11 14:16:21 - __main__ - INFO - Match 1473442 already downloaded - skipping
2025-12-11 14:16:21 - __main__ - INFO - Processing match 6/74: https://www.espncricinfo.com/series/ipl-2025-1449924/rajasthan-royals-vs-kolkata-knight-riders-6th-match-1473443/full-scorecard
2025-12-11 14:16:21 - __main__ - INFO - Match 1473443 already downloaded - skipping
2025-12-11 14:16:21 - __main__ - INFO - Processing match 7/74: https://www.espncricinfo.com/series/ipl-2025-1449924/sunrisers-hyderabad-vs-lucknow-super-giants-7th-match-1473444/full-scorecard
2025-12-11 14:16:21 - __main__ - INFO - Match 1473444 already downloaded - skipping
2025-12-11 14:16:21 - __main__ - INFO - Processing match 8/74: https://www.espncricinfo.com/series/ipl-2025-1449924/chennai-super-kings-vs-royal-challengers-bengaluru-8th-match-1473445/full-scorecard
2025-12-11 14:16:21 - __main__ - INFO - Match 1473445 already downloaded - skipping
2025-12-11 14:16:21 - __main__ - INFO - Processing match 9/74: https://www.espncricinfo.com/series/ipl-2025-1449924/gujarat-titans-vs-mumbai-indians-9th-match-1473446/full-scorecard
2025-12-11 14:16:21 - __main__ - INFO - Match 1473446 already downloaded - skipping
2025-12-11 14:16:21 - __main__ - INFO - Processing match 10/74: https://www.espncricinfo.com/series/ipl-2025-1449924/delhi-capitals-vs-sunrisers-hyderabad-10th-match-1473447/full-scorecard
2025-12-11 14:16:21 - __main__ - INFO - Match 1473447 already downloaded - skipping
2025-12-11 14:16:21 - __main__ - INFO - Processing match 11/74: https://www.espncricinfo.com/series/ipl-2025-1449924/rajasthan-royals-vs-chennai-super-kings-11th-match-1473448/full-scorecard
2025-12-11 14:16:21 - __main__ - INFO - Match 1473448 already downloaded - skipping
2025-12-11 14:16:21 - __main__ - INFO - Processing match 12/74: https://www.espncricinfo.com/series/ipl-2025-1449924/mumbai-indians-vs-kolkata-knight-riders-12th-match-1473449/full-scorecard
2025-12-11 14:16:21 - __main__ - INFO - Match 1473449 already downloaded - skipping
2025-12-11 14:16:21 - __main__ - INFO - Processing match 13/74: https://www.espncricinfo.com/series/ipl-2025-1449924/lucknow-super-giants-vs-punjab-kings-13th-match-1473450/full-scorecard
2025-12-11 14:16:21 - __main__ - INFO - Match 1473450 already downloaded - skipping
2025-12-11 14:16:21 - __main__ - INFO - Processing match 14/74: https://www.espncricinfo.com/series/ipl-2025-1449924/royal-challengers-bengaluru-vs-gujarat-titans-14th-match-1473451/full-scorecard
2025-12-11 14:16:21 - __main__ - INFO - Match 1473451 already downloaded - skipping
2025-12-11 14:16:21 - __main__ - INFO - Processing match 15/74: https://www.espncricinfo.com/series/ipl-2025-1449924/kolkata-knight-riders-vs-sunrisers-hyderabad-15th-match-1473452/full-scorecard
2025-12-11 14:16:21 - __main__ - INFO - Match 1473452 already downloaded - skipping
2025-12-11 14:16:21 - __main__ - INFO - Processing match 16/74: https://www.espncricinfo.com/series/ipl-2025-1449924/lucknow-super-giants-vs-mumbai-indians-16th-match-1473453/full-scorecard
2025-12-11 14:16:21 - __main__ - INFO - Match 1473453 already downloaded - skipping
2025-12-11 14:16:21 - __main__ - INFO - Processing match 17/74: https://www.espncricinfo.com/series/ipl-2025-1449924/chennai-super-kings-vs-delhi-capitals-17th-match-1473454/full-scorecard
2025-12-11 14:16:21 - __main__ - INFO - Match 1473454 already downloaded - skipping
2025-12-11 14:16:21 - __main__ - INFO - Processing match 18/74: https://www.espncricinfo.com/series/ipl-2025-1449924/punjab-kings-vs-rajasthan-royals-18th-match-1473455/full-scorecard
2025-12-11 14:16:21 - __main__ - INFO - Match 1473455 already downloaded - skipping
2025-12-11 14:16:21 - __main__ - INFO - Processing match 19/74: https://www.espncricinfo.com/series/ipl-2025-1449924/sunrisers-hyderabad-vs-gujarat-titans-19th-match-1473457/full-scorecard
2025-12-11 14:16:21 - __main__ - INFO - Match 1473457 already downloaded - skipping
2025-12-11 14:16:21 - __main__ - INFO - Processing match 20/74: https://www.espncricinfo.com/series/ipl-2025-1449924/mumbai-indians-vs-royal-challengers-bengaluru-20th-match-1473458/full-scorecard
2025-12-11 14:16:21 - __main__ - INFO - Match 1473458 already downloaded - skipping
2025-12-11 14:16:21 - __main__ - INFO - Processing match 21/74: https://www.espncricinfo.com/series/ipl-2025-1449924/kolkata-knight-riders-vs-lucknow-super-giants-21st-match-1473456/full-scorecard
2025-12-11 14:16:21 - __main__ - INFO - Match 1473456 already downloaded - skipping
2025-12-11 14:16:21 - __main__ - INFO - Processing match 22/74: https://www.espncricinfo.com/series/ipl-2025-1449924/punjab-kings-vs-chennai-super-kings-22nd-match-1473459/full-scorecard
2025-12-11 14:16:21 - __main__ - INFO - Match 1473459 already downloaded - skipping
2025-12-11 14:16:21 - __main__ - INFO - Processing match 23/74: https://www.espncricinfo.com/series/ipl-2025-1449924/gujarat-titans-vs-rajasthan-royals-23rd-match-1473460/full-scorecard
2025-12-11 14:16:21 - __main__ - INFO - Match 1473460 already downloaded - skipping
2025-12-11 14:16:21 - __main__ - INFO - Processing match 24/74: https://www.espncricinfo.com/series/ipl-2025-1449924/royal-challengers-bengaluru-vs-delhi-capitals-24th-match-1473461/full-scorecard
2025-12-11 14:16:21 - __main__ - INFO - Match 1473461 already downloaded - skipping
2025-12-11 14:16:21 - __main__ - INFO - Processing match 25/74: https://www.espncricinfo.com/series/ipl-2025-1449924/chennai-super-kings-vs-kolkata-knight-riders-25th-match-1473462/full-scorecard
2025-12-11 14:16:21 - __main__ - INFO - Match 1473462 already downloaded - skipping
2025-12-11 14:16:21 - __main__ - INFO - Processing match 26/74: https://www.espncricinfo.com/series/ipl-2025-1449924/lucknow-super-giants-vs-gujarat-titans-26th-match-1473463/full-scorecard
2025-12-11 14:16:21 - __main__ - INFO - Match 1473463 already downloaded - skipping
2025-12-11 14:16:21 - __main__ - INFO - Processing match 27/74: https://www.espncricinfo.com/series/ipl-2025-1449924/sunrisers-hyderabad-vs-punjab-kings-27th-match-1473464/full-scorecard
2025-12-11 14:16:21 - __main__ - INFO - Match 1473464 already downloaded - skipping
2025-12-11 14:16:21 - __main__ - INFO - Processing match 28/74: https://www.espncricinfo.com/series/ipl-2025-1449924/rajasthan-royals-vs-royal-challengers-bengaluru-28th-match-1473465/full-scorecard
2025-12-11 14:16:21 - __main__ - INFO - Match 1473465 already downloaded - skipping
2025-12-11 14:16:21 - __main__ - INFO - Processing match 29/74: https://www.espncricinfo.com/series/ipl-2025-1449924/delhi-capitals-vs-mumbai-indians-29th-match-1473466/full-scorecard
2025-12-11 14:16:21 - __main__ - INFO - Match 1473466 already downloaded - skipping
2025-12-11 14:16:21 - __main__ - INFO - Processing match 30/74: https://www.espncricinfo.com/series/ipl-2025-1449924/lucknow-super-giants-vs-chennai-super-kings-30th-match-1473467/full-scorecard
2025-12-11 14:16:21 - __main__ - INFO - Match 1473467 already downloaded - skipping
2025-12-11 14:16:21 - __main__ - INFO - Processing match 31/74: https://www.espncricinfo.com/series/ipl-2025-1449924/punjab-kings-vs-kolkata-knight-riders-31st-match-1473468/full-scorecard
2025-12-11 14:16:21 - __main__ - INFO - Match 1473468 already downloaded - skipping
2025-12-11 14:16:21 - __main__ - INFO - Processing match 32/74: https://www.espncricinfo.com/series/ipl-2025-1449924/delhi-capitals-vs-rajasthan-royals-32nd-match-1473469/full-scorecard
2025-12-11 14:16:21 - __main__ - INFO - Match 1473469 already downloaded - skipping
2025-12-11 14:16:21 - __main__ - INFO - Processing match 33/74: https://www.espncricinfo.com/series/ipl-2025-1449924/mumbai-indians-vs-sunrisers-hyderabad-33rd-match-1473470/full-scorecard
2025-12-11 14:16:21 - __main__ - INFO - Match 1473470 already downloaded - skipping
2025-12-11 14:16:21 - __main__ - INFO - Processing match 34/74: https://www.espncricinfo.com/series/ipl-2025-1449924/royal-challengers-bengaluru-vs-punjab-kings-34th-match-1473471/full-scorecard
2025-12-11 14:16:21 - __main__ - INFO - Match 1473471 already downloaded - skipping
2025-12-11 14:16:21 - __main__ - INFO - Processing match 35/74: https://www.espncricinfo.com/series/ipl-2025-1449924/gujarat-titans-vs-delhi-capitals-35th-match-1473472/full-scorecard
2025-12-11 14:16:21 - __main__ - INFO - Match 1473472 already downloaded - skipping
2025-12-11 14:16:21 - __main__ - INFO - Processing match 36/74: https://www.espncricinfo.com/series/ipl-2025-1449924/rajasthan-royals-vs-lucknow-super-giants-36th-match-1473473/full-scorecard
2025-12-11 14:16:21 - __main__ - INFO - Match 1473473 already downloaded - skipping
2025-12-11 14:16:21 - __main__ - INFO - Processing match 37/74: https://www.espncricinfo.com/series/ipl-2025-1449924/punjab-kings-vs-royal-challengers-bengaluru-37th-match-1473474/full-scorecard
2025-12-11 14:16:21 - __main__ - INFO - Match 1473474 already downloaded - skipping
2025-12-11 14:16:21 - __main__ - INFO - Processing match 38/74: https://www.espncricinfo.com/series/ipl-2025-1449924/mumbai-indians-vs-chennai-super-kings-38th-match-1473475/full-scorecard
2025-12-11 14:16:21 - __main__ - INFO - Match 1473475 already downloaded - skipping
2025-12-11 14:16:21 - __main__ - INFO - Processing match 39/74: https://www.espncricinfo.com/series/ipl-2025-1449924/kolkata-knight-riders-vs-gujarat-titans-39th-match-1473476/full-scorecard
2025-12-11 14:16:21 - __main__ - INFO - Attempting to download match 1473476 (attempt 1/4)
2025-12-11 14:16:21 - scraping.player_extractor - INFO - PlayerExtractor initialized - Target: raw.match_players
2025-12-11 14:16:21 - scraping.match_scraper - INFO - Initializing WebDriver
2025-12-11 14:16:31 - scraping.match_scraper - INFO - Loading full scorecard - attempt 1
2025-12-11 14:16:47 - scraping.match_scraper - INFO - full scorecard loaded successfully
2025-12-11 14:16:47 - scraping.match_scraper - INFO - Scrolling full scorecard page
2025-12-11 14:16:47 - core.page_navigator - INFO - Scrolling page 5 times
2025-12-11 14:17:11 - core.page_navigator - INFO - Page scrolling completed
2025-12-11 14:17:14 - scraping.match_scraper - INFO - Extracting metadata
2025-12-11 14:25:14 - scraping.match_scraper - ERROR - Error scraping match 1473476: HTTPConnectionPool(host='localhost', port=64701): Max retries exceeded with url: /session/af6786fba2b353c93d24baf2a1cce8f0/source (Caused by ReadTimeoutError("HTTPConnectionPool(host='localhost', port=64701): Read timed out. (read timeout=120)"))
Traceback (most recent call last):
  File "C:\Users\prade\PycharmProjects\Cricinfo_scraper\.venv\Lib\site-packages\urllib3\connectionpool.py", line 534, in _make_request
    response = conn.getresponse()
               ^^^^^^^^^^^^^^^^^^
  File "C:\Users\prade\PycharmProjects\Cricinfo_scraper\.venv\Lib\site-packages\urllib3\connection.py", line 516, in getresponse
    httplib_response = super().getresponse()
                       ^^^^^^^^^^^^^^^^^^^^^
  File "C:\Users\prade\AppData\Local\Programs\Python\Python311\Lib\http\client.py", line 1395, in getresponse
    response.begin()
  File "C:\Users\prade\AppData\Local\Programs\Python\Python311\Lib\http\client.py", line 325, in begin
    version, status, reason = self._read_status()
                              ^^^^^^^^^^^^^^^^^^^
  File "C:\Users\prade\AppData\Local\Programs\Python\Python311\Lib\http\client.py", line 286, in _read_status
    line = str(self.fp.readline(_MAXLINE + 1), "iso-8859-1")
               ^^^^^^^^^^^^^^^^^^^^^^^^^^^^^^
  File "C:\Users\prade\AppData\Local\Programs\Python\Python311\Lib\socket.py", line 706, in readinto
    return self._sock.recv_into(b)
           ^^^^^^^^^^^^^^^^^^^^^^^
TimeoutError: timed out

The above exception was the direct cause of the following exception:

Traceback (most recent call last):
  File "C:\Users\prade\PycharmProjects\Cricinfo_scraper\.venv\Lib\site-packages\urllib3\connectionpool.py", line 787, in urlopen
    response = self._make_request(
               ^^^^^^^^^^^^^^^^^^^
  File "C:\Users\prade\PycharmProjects\Cricinfo_scraper\.venv\Lib\site-packages\urllib3\connectionpool.py", line 536, in _make_request
    self._raise_timeout(err=e, url=url, timeout_value=read_timeout)
  File "C:\Users\prade\PycharmProjects\Cricinfo_scraper\.venv\Lib\site-packages\urllib3\connectionpool.py", line 367, in _raise_timeout
    raise ReadTimeoutError(
urllib3.exceptions.ReadTimeoutError: HTTPConnectionPool(host='localhost', port=64701): Read timed out. (read timeout=120)

The above exception was the direct cause of the following exception:

Traceback (most recent call last):
  File "C:\Users\prade\Pycharm\Cricinfo_scraper\scraping\match_scraper.py", line 163, in scrape
    metadata = MetadataExtractor.extract_metadata(driver.page_source, match_id)
                                                  ^^^^^^^^^^^^^^^^^^
  File "C:\Users\prade\PycharmProjects\Cricinfo_scraper\.venv\Lib\site-packages\selenium\webdriver\remote\webdriver.py", line 586, in page_source
    return self.execute(Command.GET_PAGE_SOURCE)["value"]
           ^^^^^^^^^^^^^^^^^^^^^^^^^^^^^^^^^^^^^
  File "C:\Users\prade\PycharmProjects\Cricinfo_scraper\.venv\Lib\site-packages\selenium\webdriver\remote\webdriver.py", line 445, in execute
    response = self.command_executor.execute(driver_command, params)
               ^^^^^^^^^^^^^^^^^^^^^^^^^^^^^^^^^^^^^^^^^^^^^^^^^^^^^
  File "C:\Users\prade\PycharmProjects\Cricinfo_scraper\.venv\Lib\site-packages\selenium\webdriver\remote\remote_connection.py", line 404, in execute
    return self._request(command_info[0], url, body=data)
           ^^^^^^^^^^^^^^^^^^^^^^^^^^^^^^^^^^^^^^^^^^^^^^
  File "C:\Users\prade\PycharmProjects\Cricinfo_scraper\.venv\Lib\site-packages\selenium\webdriver\remote\remote_connection.py", line 428, in _request
    response = self._conn.request(method, url, body=body, headers=headers, timeout=self._client_config.timeout)
               ^^^^^^^^^^^^^^^^^^^^^^^^^^^^^^^^^^^^^^^^^^^^^^^^^^^^^^^^^^^^^^^^^^^^^^^^^^^^^^^^^^^^^^^^^^^^^^^^
  File "C:\Users\prade\PycharmProjects\Cricinfo_scraper\.venv\Lib\site-packages\urllib3\_request_methods.py", line 135, in request
    return self.request_encode_url(
           ^^^^^^^^^^^^^^^^^^^^^^^^
  File "C:\Users\prade\PycharmProjects\Cricinfo_scraper\.venv\Lib\site-packages\urllib3\_request_methods.py", line 182, in request_encode_url
    return self.urlopen(method, url, **extra_kw)
           ^^^^^^^^^^^^^^^^^^^^^^^^^^^^^^^^^^^^^
  File "C:\Users\prade\PycharmProjects\Cricinfo_scraper\.venv\Lib\site-packages\urllib3\poolmanager.py", line 443, in urlopen
    response = conn.urlopen(method, u.request_uri, **kw)
               ^^^^^^^^^^^^^^^^^^^^^^^^^^^^^^^^^^^^^^^^^
  File "C:\Users\prade\PycharmProjects\Cricinfo_scraper\.venv\Lib\site-packages\urllib3\connectionpool.py", line 871, in urlopen
    return self.urlopen(
           ^^^^^^^^^^^^^
  File "C:\Users\prade\PycharmProjects\Cricinfo_scraper\.venv\Lib\site-packages\urllib3\connectionpool.py", line 871, in urlopen
    return self.urlopen(
           ^^^^^^^^^^^^^
  File "C:\Users\prade\PycharmProjects\Cricinfo_scraper\.venv\Lib\site-packages\urllib3\connectionpool.py", line 871, in urlopen
    return self.urlopen(
           ^^^^^^^^^^^^^
  File "C:\Users\prade\PycharmProjects\Cricinfo_scraper\.venv\Lib\site-packages\urllib3\connectionpool.py", line 841, in urlopen
    retries = retries.increment(
              ^^^^^^^^^^^^^^^^^^
  File "C:\Users\prade\PycharmProjects\Cricinfo_scraper\.venv\Lib\site-packages\urllib3\util\retry.py", line 519, in increment
    raise MaxRetryError(_pool, url, reason) from reason  # type: ignore[arg-type]
    ^^^^^^^^^^^^^^^^^^^^^^^^^^^^^^^^^^^^^^^^^^^^^^^^^^^
urllib3.exceptions.MaxRetryError: HTTPConnectionPool(host='localhost', port=64701): Max retries exceeded with url: /session/af6786fba2b353c93d24baf2a1cce8f0/source (Caused by ReadTimeoutError("HTTPConnectionPool(host='localhost', port=64701): Read timed out. (read timeout=120)"))
2025-12-11 14:25:14 - scraping.match_scraper - INFO - Closing WebDriver
2025-12-11 14:33:26 - __main__ - WARNING - Connection error for match 1473476 (attempt 1): HTTPConnectionPool(host='localhost', port=64701): Max retries exceeded with url: /session/af6786fba2b353c93d24baf2a1cce8f0/source (Caused by ReadTimeoutError("HTTPConnectionPool(host='localhost', port
2025-12-11 14:33:26 - __main__ - INFO - Retrying match 1473476 in 30 seconds...
2025-12-11 14:33:56 - __main__ - INFO - Attempting to download match 1473476 (attempt 2/4)
2025-12-11 14:33:56 - scraping.player_extractor - INFO - PlayerExtractor initialized - Target: raw.match_players
2025-12-11 14:33:56 - scraping.match_scraper - INFO - Initializing WebDriver
2025-12-11 14:34:07 - scraping.match_scraper - INFO - Loading full scorecard - attempt 1
2025-12-11 14:34:23 - scraping.match_scraper - INFO - full scorecard loaded successfully
2025-12-11 14:34:23 - scraping.match_scraper - INFO - Scrolling full scorecard page
2025-12-11 14:34:23 - core.page_navigator - INFO - Scrolling page 5 times
2025-12-11 14:35:01 - core.page_navigator - INFO - Page scrolling completed
2025-12-11 14:35:04 - scraping.match_scraper - INFO - Extracting metadata
2025-12-11 14:35:06 - core.metadata_extractor - INFO - Found 14 metadata rows for match 1473476
2025-12-11 14:35:06 - core.metadata_extractor - INFO - Extracted 15 metadata fields for match 1473476
2025-12-11 14:35:06 - scraping.match_scraper - INFO - Extracting player rosters...
2025-12-11 14:35:06 - scraping.player_extractor - INFO - Extracting players for match 1473476
2025-12-11 14:35:07 - core.metadata_extractor - INFO - Extracting player names for match 1473476
2025-12-11 14:35:07 - core.metadata_extractor - INFO - Found 2 batting scorecard table(s)
2025-12-11 14:35:07 - core.metadata_extractor - INFO -   Innings 1: Gujarat Titans (batting)
2025-12-11 14:35:07 - core.metadata_extractor - INFO -   Innings 2: Kolkata Knight Riders (batting)
2025-12-11 14:35:07 - core.metadata_extractor - INFO -   innings_1 (Gujarat Titans): 5 batted, 6 did not bat
2025-12-11 14:35:07 - core.metadata_extractor - INFO -   innings_2 (Kolkata Knight Riders): 10 batted, 1 did not bat
2025-12-11 14:35:07 - core.metadata_extractor - INFO - Found 2 bowling table(s)
2025-12-11 14:35:07 - core.metadata_extractor - INFO -   innings_1 bowling: Kolkata Knight Riders (bowling against Gujarat Titans)
2025-12-11 14:35:07 - core.metadata_extractor - INFO -   innings_1 bowling (Kolkata Knight Riders): 6 bowlers
2025-12-11 14:35:07 - core.metadata_extractor - INFO -   innings_2 bowling: Gujarat Titans (bowling against Kolkata Knight Riders)
2025-12-11 14:35:07 - core.metadata_extractor - INFO -   innings_2 bowling (Gujarat Titans): 6 bowlers
2025-12-11 14:35:07 - core.metadata_extractor - INFO - Created DataFrame with 34 player records, 23 unique players
2025-12-11 14:35:07 - scraping.player_extractor - INFO - Extracted 23 players for match 1473476
2025-12-11 14:35:07 - scraping.player_extractor - INFO -   Teams: Kolkata Knight Riders, Gujarat Titans
2025-12-11 14:35:07 - scraping.player_extractor - INFO -   Batted: 11, Did not bat: 12
2025-12-11 14:35:07 - scraping.player_extractor - INFO -   Regular: 22, Impact: 1
2025-12-11 14:35:07 - scraping.player_extractor - INFO -   Impact players: Angkrish Raghuvanshi
2025-12-11 14:35:07 - scraping.match_scraper - INFO - Stored 23 players
2025-12-11 14:35:07 - scraping.match_scraper - INFO -   - Kolkata Knight Riders
2025-12-11 14:35:07 - scraping.match_scraper - INFO -   - Gujarat Titans
2025-12-11 14:35:07 - scraping.match_scraper - INFO - Loading commentary page - attempt 1
2025-12-11 14:35:19 - scraping.match_scraper - INFO - commentary page loaded successfully
2025-12-11 14:35:19 - scraping.match_scraper - INFO - Scrolling commentary page
2025-12-11 14:35:19 - core.page_navigator - INFO - Scrolling page 20 times
2025-12-11 14:36:23 - core.page_navigator - INFO - Page scrolling completed
2025-12-11 14:36:26 - scraping.match_scraper - INFO - Getting current innings team
2025-12-11 14:36:26 - scraping.match_scraper - INFO - Default innings: KKR
2025-12-11 14:36:26 - scraping.match_scraper - INFO - Getting all innings options
2025-12-11 14:37:01 - core.page_navigator - INFO - Found 2 innings options: ['GT', 'KKR']
2025-12-11 14:37:03 - scraping.match_scraper - INFO - All innings: ['GT', 'KKR']
2025-12-11 14:37:03 - scraping.match_scraper - INFO - Regular innings: ['GT', 'KKR']
2025-12-11 14:37:03 - scraping.match_scraper - INFO - Super overs: []
2025-12-11 14:37:03 - scraping.match_scraper - INFO - Scraping default innings: KKR
2025-12-11 14:37:04 - core.commentary_parser - INFO - Found 125 commentary blocks
2025-12-11 14:37:04 - core.commentary_parser - INFO - Parsed 125 commentary entries
2025-12-11 14:37:04 - core.commentary_parser - INFO - Normalizing to 6 columns (most common)
2025-12-11 14:37:04 - core.commentary_parser - INFO - Normalized 125 rows to 6 columns
2025-12-11 14:37:04 - core.commentary_parser - INFO - DataFrame created with 125 rows and 6 columns
2025-12-11 14:37:04 - core.commentary_parser - INFO - Final DataFrame: 125 rows with columns: ['Ball', 'Event', 'Score', 'Commentary', 'Bowler', 'Batsman']
2025-12-11 14:37:04 - core.commentary_parser - INFO -   Rows with commentary: 125
2025-12-11 14:37:04 - core.commentary_parser - INFO -   Rows without commentary: 0
2025-12-11 14:37:04 - scraping.match_scraper - INFO - KKR: 125 events (super_over=False)
2025-12-11 14:37:04 - scraping.match_scraper - INFO - Switching to innings: GT
2025-12-11 14:37:04 - core.page_navigator - INFO - Scrolling to top of page
2025-12-11 14:37:08 - core.page_navigator - INFO - Switching to innings: GT
2025-12-11 14:37:43 - core.page_navigator - INFO - Found target innings: GT
2025-12-11 14:37:47 - core.page_navigator - INFO - Successfully switched to GT
2025-12-11 14:37:47 - scraping.match_scraper - INFO - Successfully switched to: GT
2025-12-11 14:37:50 - core.page_navigator - INFO - Scrolling page 20 times
2025-12-11 14:38:51 - core.page_navigator - INFO - Page scrolling completed
2025-12-11 14:38:54 - scraping.match_scraper - INFO - Scraping innings: GT
2025-12-11 14:38:55 - core.commentary_parser - INFO - Found 124 commentary blocks
2025-12-11 14:38:55 - core.commentary_parser - INFO - Parsed 124 commentary entries
2025-12-11 14:38:55 - core.commentary_parser - INFO - Normalizing to 6 columns (most common)
2025-12-11 14:38:55 - core.commentary_parser - INFO - Normalized 124 rows to 6 columns
2025-12-11 14:38:55 - core.commentary_parser - INFO - DataFrame created with 124 rows and 6 columns
2025-12-11 14:38:55 - core.commentary_parser - INFO - Final DataFrame: 124 rows with columns: ['Ball', 'Event', 'Score', 'Commentary', 'Bowler', 'Batsman']
2025-12-11 14:38:55 - core.commentary_parser - INFO -   Rows with commentary: 124
2025-12-11 14:38:55 - core.commentary_parser - INFO -   Rows without commentary: 0
2025-12-11 14:38:55 - scraping.match_scraper - INFO - GT: 124 events (super_over=False)
2025-12-11 14:38:55 - scraping.match_scraper - INFO - Combining all innings dataframes
2025-12-11 14:38:55 - scraping.match_scraper - INFO - Total events: 249 across 2 innings
2025-12-11 14:38:55 - scraping.match_scraper - INFO -   - Regular innings: 249 events
2025-12-11 14:38:55 - scraping.match_scraper - INFO -   - Super over(s): 0 events
2025-12-11 14:38:55 - scraping.match_scraper - INFO - Saving commentary to database
2025-12-11 14:38:56 - scraping.match_scraper - INFO - Commentary saved: 249 total events
2025-12-11 14:38:56 - scraping.match_scraper - INFO - Saving metadata to database
2025-12-11 14:38:56 - scraping.match_scraper - INFO - Metadata saved with super_over_count=0
2025-12-11 14:38:56 - scraping.match_scraper - INFO - Saving match players to database
2025-12-11 14:38:56 - scraping.match_scraper - INFO - Successfully completed scraping match 1473476
2025-12-11 14:38:56 - scraping.match_scraper - INFO - Closing WebDriver
2025-12-11 14:38:59 - __main__ - INFO - Successfully downloaded match 1473476
2025-12-11 14:39:09 - __main__ - INFO - Processing match 40/74: https://www.espncricinfo.com/series/ipl-2025-1449924/lucknow-super-giants-vs-delhi-capitals-40th-match-1473477/full-scorecard
2025-12-11 14:39:09 - __main__ - INFO - Attempting to download match 1473477 (attempt 1/4)
2025-12-11 14:39:09 - scraping.player_extractor - INFO - PlayerExtractor initialized - Target: raw.match_players
2025-12-11 14:39:09 - scraping.match_scraper - INFO - Initializing WebDriver
2025-12-11 14:39:20 - scraping.match_scraper - INFO - Loading full scorecard - attempt 1
2025-12-11 14:39:35 - scraping.match_scraper - INFO - full scorecard loaded successfully
2025-12-11 14:39:35 - scraping.match_scraper - INFO - Scrolling full scorecard page
2025-12-11 14:39:35 - core.page_navigator - INFO - Scrolling page 5 times
2025-12-11 14:39:51 - core.page_navigator - INFO - Page scrolling completed
2025-12-11 14:39:54 - scraping.match_scraper - INFO - Extracting metadata
2025-12-11 14:39:54 - core.metadata_extractor - INFO - Found 13 metadata rows for match 1473477
2025-12-11 14:39:54 - core.metadata_extractor - INFO - Extracted 14 metadata fields for match 1473477
2025-12-11 14:39:54 - scraping.match_scraper - INFO - Extracting player rosters...
2025-12-11 14:39:55 - scraping.player_extractor - INFO - Extracting players for match 1473477
2025-12-11 14:39:55 - core.metadata_extractor - INFO - Extracting player names for match 1473477
2025-12-11 14:39:55 - core.metadata_extractor - INFO - Found 2 batting scorecard table(s)
2025-12-11 14:39:55 - core.metadata_extractor - INFO -   Innings 1: Lucknow Super Giants (batting)
2025-12-11 14:39:55 - core.metadata_extractor - INFO -   Innings 2: Delhi Capitals (batting)
2025-12-11 14:39:55 - core.metadata_extractor - INFO -   innings_1 (Lucknow Super Giants): 7 batted, 5 did not bat
2025-12-11 14:39:55 - core.metadata_extractor - INFO -   innings_2 (Delhi Capitals): 4 batted, 7 did not bat
2025-12-11 14:39:55 - core.metadata_extractor - INFO - Found 2 bowling table(s)
2025-12-11 14:39:55 - core.metadata_extractor - INFO -   innings_1 bowling: Delhi Capitals (bowling against Lucknow Super Giants)
2025-12-11 14:39:55 - core.metadata_extractor - INFO -   innings_1 bowling (Delhi Capitals): 6 bowlers
2025-12-11 14:39:55 - core.metadata_extractor - INFO -   innings_2 bowling: Lucknow Super Giants (bowling against Delhi Capitals)
2025-12-11 14:39:55 - core.metadata_extractor - INFO -   innings_2 bowling (Lucknow Super Giants): 6 bowlers
2025-12-11 14:39:55 - core.metadata_extractor - INFO - Created DataFrame with 35 player records, 23 unique players
2025-12-11 14:39:55 - scraping.player_extractor - INFO - Extracted 23 players for match 1473477
2025-12-11 14:39:55 - scraping.player_extractor - INFO -   Teams: Lucknow Super Giants, Delhi Capitals
2025-12-11 14:39:55 - scraping.player_extractor - INFO -   Batted: 10, Did not bat: 13
2025-12-11 14:39:55 - scraping.player_extractor - INFO -   Regular: 22, Impact: 1
2025-12-11 14:39:55 - scraping.player_extractor - INFO -   Impact players: Ayush Badoni
2025-12-11 14:39:55 - scraping.match_scraper - INFO - Stored 23 players
2025-12-11 14:39:55 - scraping.match_scraper - INFO -   - Lucknow Super Giants
2025-12-11 14:39:55 - scraping.match_scraper - INFO -   - Delhi Capitals
2025-12-11 14:39:55 - scraping.match_scraper - INFO - Loading commentary page - attempt 1
2025-12-11 14:40:08 - scraping.match_scraper - INFO - commentary page loaded successfully
2025-12-11 14:40:08 - scraping.match_scraper - INFO - Scrolling commentary page
2025-12-11 14:40:08 - core.page_navigator - INFO - Scrolling page 20 times
2025-12-11 14:41:15 - core.page_navigator - INFO - Page scrolling completed
2025-12-11 14:41:18 - scraping.match_scraper - INFO - Getting current innings team
2025-12-11 14:41:18 - scraping.match_scraper - INFO - Default innings: DC
2025-12-11 14:41:18 - scraping.match_scraper - INFO - Getting all innings options
2025-12-11 14:41:55 - core.page_navigator - INFO - Found 2 innings options: ['LSG', 'DC']
2025-12-11 14:41:57 - scraping.match_scraper - INFO - All innings: ['LSG', 'DC']
2025-12-11 14:41:57 - scraping.match_scraper - INFO - Regular innings: ['LSG', 'DC']
2025-12-11 14:41:57 - scraping.match_scraper - INFO - Super overs: []
2025-12-11 14:41:57 - scraping.match_scraper - INFO - Scraping default innings: DC
2025-12-11 14:41:58 - core.commentary_parser - INFO - Found 110 commentary blocks
2025-12-11 14:41:58 - core.commentary_parser - INFO - Parsed 110 commentary entries
2025-12-11 14:41:58 - core.commentary_parser - INFO - Normalizing to 6 columns (most common)
2025-12-11 14:41:58 - core.commentary_parser - INFO - Normalized 110 rows to 6 columns
2025-12-11 14:41:58 - core.commentary_parser - INFO - DataFrame created with 110 rows and 6 columns
2025-12-11 14:41:58 - core.commentary_parser - INFO - Final DataFrame: 110 rows with columns: ['Ball', 'Event', 'Score', 'Commentary', 'Bowler', 'Batsman']
2025-12-11 14:41:58 - core.commentary_parser - INFO -   Rows with commentary: 110
2025-12-11 14:41:58 - core.commentary_parser - INFO -   Rows without commentary: 0
2025-12-11 14:41:58 - scraping.match_scraper - INFO - DC: 110 events (super_over=False)
2025-12-11 14:41:58 - scraping.match_scraper - INFO - Switching to innings: LSG
2025-12-11 14:41:58 - core.page_navigator - INFO - Scrolling to top of page
2025-12-11 14:42:02 - core.page_navigator - INFO - Switching to innings: LSG
2025-12-11 14:42:36 - core.page_navigator - INFO - Found target innings: LSG
2025-12-11 14:42:40 - core.page_navigator - INFO - Successfully switched to LSG
2025-12-11 14:42:40 - scraping.match_scraper - INFO - Successfully switched to: LSG
2025-12-11 14:42:43 - core.page_navigator - INFO - Scrolling page 20 times
2025-12-11 14:43:44 - core.page_navigator - INFO - Page scrolling completed
2025-12-11 14:43:47 - scraping.match_scraper - INFO - Scraping innings: LSG
2025-12-11 14:43:48 - core.commentary_parser - INFO - Found 121 commentary blocks
2025-12-11 14:43:48 - core.commentary_parser - INFO - Parsed 121 commentary entries
2025-12-11 14:43:48 - core.commentary_parser - INFO - Normalizing to 6 columns (most common)
2025-12-11 14:43:48 - core.commentary_parser - INFO - Normalized 121 rows to 6 columns
2025-12-11 14:43:48 - core.commentary_parser - INFO - DataFrame created with 121 rows and 6 columns
2025-12-11 14:43:48 - core.commentary_parser - INFO - Final DataFrame: 121 rows with columns: ['Ball', 'Event', 'Score', 'Commentary', 'Bowler', 'Batsman']
2025-12-11 14:43:48 - core.commentary_parser - INFO -   Rows with commentary: 121
2025-12-11 14:43:48 - core.commentary_parser - INFO -   Rows without commentary: 0
2025-12-11 14:43:48 - scraping.match_scraper - INFO - LSG: 121 events (super_over=False)
2025-12-11 14:43:48 - scraping.match_scraper - INFO - Combining all innings dataframes
2025-12-11 14:43:48 - scraping.match_scraper - INFO - Total events: 231 across 2 innings
2025-12-11 14:43:48 - scraping.match_scraper - INFO -   - Regular innings: 231 events
2025-12-11 14:43:48 - scraping.match_scraper - INFO -   - Super over(s): 0 events
2025-12-11 14:43:48 - scraping.match_scraper - INFO - Saving commentary to database
2025-12-11 14:43:48 - scraping.match_scraper - INFO - Commentary saved: 231 total events
2025-12-11 14:43:48 - scraping.match_scraper - INFO - Saving metadata to database
2025-12-11 14:43:48 - scraping.match_scraper - INFO - Metadata saved with super_over_count=0
2025-12-11 14:43:48 - scraping.match_scraper - INFO - Saving match players to database
2025-12-11 14:43:48 - scraping.match_scraper - INFO - Successfully completed scraping match 1473477
2025-12-11 14:43:48 - scraping.match_scraper - INFO - Closing WebDriver
2025-12-11 14:43:52 - __main__ - INFO - Successfully downloaded match 1473477
2025-12-11 14:44:02 - __main__ - INFO - Processing match 41/74: https://www.espncricinfo.com/series/ipl-2025-1449924/sunrisers-hyderabad-vs-mumbai-indians-41st-match-1473478/full-scorecard
2025-12-11 14:44:02 - __main__ - INFO - Attempting to download match 1473478 (attempt 1/4)
2025-12-11 14:44:02 - scraping.player_extractor - INFO - PlayerExtractor initialized - Target: raw.match_players
2025-12-11 14:44:02 - scraping.match_scraper - INFO - Initializing WebDriver
2025-12-11 14:44:13 - scraping.match_scraper - INFO - Loading full scorecard - attempt 1
2025-12-11 14:44:29 - scraping.match_scraper - INFO - full scorecard loaded successfully
2025-12-11 14:44:29 - scraping.match_scraper - INFO - Scrolling full scorecard page
2025-12-11 14:44:29 - core.page_navigator - INFO - Scrolling page 5 times
2025-12-11 14:44:47 - core.page_navigator - INFO - Page scrolling completed
2025-12-11 14:44:50 - scraping.match_scraper - INFO - Extracting metadata
2025-12-11 14:44:51 - core.metadata_extractor - INFO - Found 14 metadata rows for match 1473478
2025-12-11 14:44:51 - core.metadata_extractor - INFO - Extracted 15 metadata fields for match 1473478
2025-12-11 14:44:51 - scraping.match_scraper - INFO - Extracting player rosters...
2025-12-11 14:44:51 - scraping.player_extractor - INFO - Extracting players for match 1473478
2025-12-11 14:44:51 - core.metadata_extractor - INFO - Extracting player names for match 1473478
2025-12-11 14:44:51 - core.metadata_extractor - INFO - Found 2 batting scorecard table(s)
2025-12-11 14:44:51 - core.metadata_extractor - INFO -   Innings 1: Sunrisers Hyderabad (batting)
2025-12-11 14:44:51 - core.metadata_extractor - INFO -   Innings 2: Mumbai Indians (batting)
2025-12-11 14:44:51 - core.metadata_extractor - INFO -   innings_1 (Sunrisers Hyderabad): 9 batted, 3 did not bat
2025-12-11 14:44:51 - core.metadata_extractor - INFO -   innings_2 (Mumbai Indians): 5 batted, 6 did not bat
2025-12-11 14:44:51 - core.metadata_extractor - INFO - Found 2 bowling table(s)
2025-12-11 14:44:51 - core.metadata_extractor - INFO -   innings_1 bowling: Mumbai Indians (bowling against Sunrisers Hyderabad)
2025-12-11 14:44:51 - core.metadata_extractor - INFO -   innings_1 bowling (Mumbai Indians): 6 bowlers
2025-12-11 14:44:51 - core.metadata_extractor - INFO -   innings_2 bowling: Sunrisers Hyderabad (bowling against Mumbai Indians)
2025-12-11 14:44:51 - core.metadata_extractor - INFO -   innings_2 bowling (Sunrisers Hyderabad): 5 bowlers
2025-12-11 14:44:51 - core.metadata_extractor - INFO - Created DataFrame with 34 player records, 24 unique players
2025-12-11 14:44:51 - scraping.player_extractor - INFO - Extracted 24 players for match 1473478
2025-12-11 14:44:51 - scraping.player_extractor - INFO -   Teams: Mumbai Indians, Sunrisers Hyderabad
2025-12-11 14:44:51 - scraping.player_extractor - INFO -   Batted: 12, Did not bat: 12
2025-12-11 14:44:51 - scraping.player_extractor - INFO -   Regular: 22, Impact: 2
2025-12-11 14:44:51 - scraping.player_extractor - INFO -   Impact players: Rohit Sharma, Abhinav Manohar
2025-12-11 14:44:51 - scraping.match_scraper - INFO - Stored 24 players
2025-12-11 14:44:51 - scraping.match_scraper - INFO -   - Mumbai Indians
2025-12-11 14:44:51 - scraping.match_scraper - INFO -   - Sunrisers Hyderabad
2025-12-11 14:44:51 - scraping.match_scraper - INFO - Loading commentary page - attempt 1
2025-12-11 14:45:05 - scraping.match_scraper - INFO - commentary page loaded successfully
2025-12-11 14:45:05 - scraping.match_scraper - INFO - Scrolling commentary page
2025-12-11 14:45:05 - core.page_navigator - INFO - Scrolling page 20 times
2025-12-11 14:47:05 - core.page_navigator - ERROR - Error during page scroll: HTTPConnectionPool(host='localhost', port=57459): Read timed out. (read timeout=120)
2025-12-11 14:47:08 - scraping.match_scraper - INFO - Getting current innings team
2025-12-11 14:49:08 - scraping.match_scraper - ERROR - Error scraping match 1473478: HTTPConnectionPool(host='localhost', port=57459): Read timed out. (read timeout=120)
Traceback (most recent call last):
  File "C:\Users\prade\PycharmProjects\Cricinfo_scraper\.venv\Lib\site-packages\urllib3\connectionpool.py", line 534, in _make_request
    response = conn.getresponse()
               ^^^^^^^^^^^^^^^^^^
  File "C:\Users\prade\PycharmProjects\Cricinfo_scraper\.venv\Lib\site-packages\urllib3\connection.py", line 516, in getresponse
    httplib_response = super().getresponse()
                       ^^^^^^^^^^^^^^^^^^^^^
  File "C:\Users\prade\AppData\Local\Programs\Python\Python311\Lib\http\client.py", line 1395, in getresponse
    response.begin()
  File "C:\Users\prade\AppData\Local\Programs\Python\Python311\Lib\http\client.py", line 325, in begin
    version, status, reason = self._read_status()
                              ^^^^^^^^^^^^^^^^^^^
  File "C:\Users\prade\AppData\Local\Programs\Python\Python311\Lib\http\client.py", line 286, in _read_status
    line = str(self.fp.readline(_MAXLINE + 1), "iso-8859-1")
               ^^^^^^^^^^^^^^^^^^^^^^^^^^^^^^
  File "C:\Users\prade\AppData\Local\Programs\Python\Python311\Lib\socket.py", line 706, in readinto
    return self._sock.recv_into(b)
           ^^^^^^^^^^^^^^^^^^^^^^^
TimeoutError: timed out

The above exception was the direct cause of the following exception:

Traceback (most recent call last):
  File "C:\Users\prade\Pycharm\Cricinfo_scraper\scraping\match_scraper.py", line 197, in scrape
    default_innings = self.get_current_innings_team(driver)
                      ^^^^^^^^^^^^^^^^^^^^^^^^^^^^^^^^^^^^^
  File "C:\Users\prade\Pycharm\Cricinfo_scraper\scraping\match_scraper.py", line 409, in get_current_innings_team
    team_element = driver.find_element("css selector", "div.ds-cursor-pointer.ds-min-w-max")
                   ^^^^^^^^^^^^^^^^^^^^^^^^^^^^^^^^^^^^^^^^^^^^^^^^^^^^^^^^^^^^^^^^^^^^^^^^^
  File "C:\Users\prade\PycharmProjects\Cricinfo_scraper\.venv\Lib\site-packages\selenium\webdriver\remote\webdriver.py", line 914, in find_element
    return self.execute(Command.FIND_ELEMENT, {"using": by, "value": value})["value"]
           ^^^^^^^^^^^^^^^^^^^^^^^^^^^^^^^^^^^^^^^^^^^^^^^^^^^^^^^^^^^^^^^^^
  File "C:\Users\prade\PycharmProjects\Cricinfo_scraper\.venv\Lib\site-packages\selenium\webdriver\remote\webdriver.py", line 445, in execute
    response = self.command_executor.execute(driver_command, params)
               ^^^^^^^^^^^^^^^^^^^^^^^^^^^^^^^^^^^^^^^^^^^^^^^^^^^^^
  File "C:\Users\prade\PycharmProjects\Cricinfo_scraper\.venv\Lib\site-packages\selenium\webdriver\remote\remote_connection.py", line 404, in execute
    return self._request(command_info[0], url, body=data)
           ^^^^^^^^^^^^^^^^^^^^^^^^^^^^^^^^^^^^^^^^^^^^^^
  File "C:\Users\prade\PycharmProjects\Cricinfo_scraper\.venv\Lib\site-packages\selenium\webdriver\remote\remote_connection.py", line 428, in _request
    response = self._conn.request(method, url, body=body, headers=headers, timeout=self._client_config.timeout)
               ^^^^^^^^^^^^^^^^^^^^^^^^^^^^^^^^^^^^^^^^^^^^^^^^^^^^^^^^^^^^^^^^^^^^^^^^^^^^^^^^^^^^^^^^^^^^^^^^
  File "C:\Users\prade\PycharmProjects\Cricinfo_scraper\.venv\Lib\site-packages\urllib3\_request_methods.py", line 143, in request
    return self.request_encode_body(
           ^^^^^^^^^^^^^^^^^^^^^^^^^
  File "C:\Users\prade\PycharmProjects\Cricinfo_scraper\.venv\Lib\site-packages\urllib3\_request_methods.py", line 278, in request_encode_body
    return self.urlopen(method, url, **extra_kw)
           ^^^^^^^^^^^^^^^^^^^^^^^^^^^^^^^^^^^^^
  File "C:\Users\prade\PycharmProjects\Cricinfo_scraper\.venv\Lib\site-packages\urllib3\poolmanager.py", line 443, in urlopen
    response = conn.urlopen(method, u.request_uri, **kw)
               ^^^^^^^^^^^^^^^^^^^^^^^^^^^^^^^^^^^^^^^^^
  File "C:\Users\prade\PycharmProjects\Cricinfo_scraper\.venv\Lib\site-packages\urllib3\connectionpool.py", line 841, in urlopen
    retries = retries.increment(
              ^^^^^^^^^^^^^^^^^^
  File "C:\Users\prade\PycharmProjects\Cricinfo_scraper\.venv\Lib\site-packages\urllib3\util\retry.py", line 474, in increment
    raise reraise(type(error), error, _stacktrace)
          ^^^^^^^^^^^^^^^^^^^^^^^^^^^^^^^^^^^^^^^^
  File "C:\Users\prade\PycharmProjects\Cricinfo_scraper\.venv\Lib\site-packages\urllib3\util\util.py", line 39, in reraise
    raise value
  File "C:\Users\prade\PycharmProjects\Cricinfo_scraper\.venv\Lib\site-packages\urllib3\connectionpool.py", line 787, in urlopen
    response = self._make_request(
               ^^^^^^^^^^^^^^^^^^^
  File "C:\Users\prade\PycharmProjects\Cricinfo_scraper\.venv\Lib\site-packages\urllib3\connectionpool.py", line 536, in _make_request
    self._raise_timeout(err=e, url=url, timeout_value=read_timeout)
  File "C:\Users\prade\PycharmProjects\Cricinfo_scraper\.venv\Lib\site-packages\urllib3\connectionpool.py", line 367, in _raise_timeout
    raise ReadTimeoutError(
urllib3.exceptions.ReadTimeoutError: HTTPConnectionPool(host='localhost', port=57459): Read timed out. (read timeout=120)
2025-12-11 14:49:08 - scraping.match_scraper - INFO - Closing WebDriver
2025-12-11 14:52:00 - __main__ - INFO - Cricket Data Pipeline Started
2025-12-11 14:52:00 - __main__ - INFO - STEP 1: Initializing database and schemas
2025-12-11 14:52:00 - configs.db_config - INFO - Initializing Medallion Architecture schemas...
2025-12-11 14:52:01 - configs.db_config - INFO - Medallion schemas (Bronze, Silver, Gold) initialized
2025-12-11 14:52:01 - __main__ - INFO - Database initialization complete
2025-12-11 14:52:01 - __main__ - INFO - STEP 2: Loading configuration
2025-12-11 14:52:01 - __main__ - INFO - Configuration loaded successfully
2025-12-11 14:52:01 - __main__ - INFO - STEP 3: Scraping data from Cricinfo
2025-12-11 14:52:01 - __main__ - INFO - Initializing match tracker
2025-12-11 14:52:02 - __main__ - INFO - Current Status: 40 matches already downloaded
2025-12-11 14:52:02 - __main__ - INFO - Fetching match schedule from Cricinfo
2025-12-11 14:52:02 - scraping.schedule_scraper - INFO - Initializing WebDriver for schedule scraping
2025-12-11 14:52:13 - scraping.schedule_scraper - INFO - Loading schedule page - attempt 1
2025-12-11 14:52:25 - scraping.schedule_scraper - INFO - Schedule page loaded successfully
2025-12-11 14:52:25 - scraping.schedule_scraper - INFO - Parsing schedule page with BeautifulSoup
2025-12-11 14:52:29 - scraping.schedule_scraper - INFO - Extracting match links from schedule
2025-12-11 14:52:29 - scraping.schedule_scraper - INFO - Successfully extracted 104 match links
2025-12-11 14:52:29 - scraping.schedule_scraper - INFO - Closing WebDriver
2025-12-11 14:52:32 - __main__ - INFO - Found 104 total links
2025-12-11 14:52:32 - __main__ - INFO - Found 74 match scorecards
2025-12-11 14:52:32 - __main__ - INFO - Loading match cache
2025-12-11 14:52:32 - __main__ - INFO - Starting match scraping process with retry logic
2025-12-11 14:52:32 - __main__ - INFO - Processing match 1/74: https://www.espncricinfo.com/series/ipl-2025-1449924/kolkata-knight-riders-vs-royal-challengers-bengaluru-1st-match-1473438/full-scorecard
2025-12-11 14:52:32 - __main__ - INFO - Match 1473438 already downloaded - skipping
2025-12-11 14:52:32 - __main__ - INFO - Processing match 2/74: https://www.espncricinfo.com/series/ipl-2025-1449924/sunrisers-hyderabad-vs-rajasthan-royals-2nd-match-1473439/full-scorecard
2025-12-11 14:52:32 - __main__ - INFO - Match 1473439 already downloaded - skipping
2025-12-11 14:52:32 - __main__ - INFO - Processing match 3/74: https://www.espncricinfo.com/series/ipl-2025-1449924/chennai-super-kings-vs-mumbai-indians-3rd-match-1473440/full-scorecard
2025-12-11 14:52:32 - __main__ - INFO - Match 1473440 already downloaded - skipping
2025-12-11 14:52:32 - __main__ - INFO - Processing match 4/74: https://www.espncricinfo.com/series/ipl-2025-1449924/delhi-capitals-vs-lucknow-super-giants-4th-match-1473441/full-scorecard
2025-12-11 14:52:32 - __main__ - INFO - Match 1473441 already downloaded - skipping
2025-12-11 14:52:32 - __main__ - INFO - Processing match 5/74: https://www.espncricinfo.com/series/ipl-2025-1449924/gujarat-titans-vs-punjab-kings-5th-match-1473442/full-scorecard
2025-12-11 14:52:32 - __main__ - INFO - Match 1473442 already downloaded - skipping
2025-12-11 14:52:32 - __main__ - INFO - Processing match 6/74: https://www.espncricinfo.com/series/ipl-2025-1449924/rajasthan-royals-vs-kolkata-knight-riders-6th-match-1473443/full-scorecard
2025-12-11 14:52:32 - __main__ - INFO - Match 1473443 already downloaded - skipping
2025-12-11 14:52:32 - __main__ - INFO - Processing match 7/74: https://www.espncricinfo.com/series/ipl-2025-1449924/sunrisers-hyderabad-vs-lucknow-super-giants-7th-match-1473444/full-scorecard
2025-12-11 14:52:32 - __main__ - INFO - Match 1473444 already downloaded - skipping
2025-12-11 14:52:32 - __main__ - INFO - Processing match 8/74: https://www.espncricinfo.com/series/ipl-2025-1449924/chennai-super-kings-vs-royal-challengers-bengaluru-8th-match-1473445/full-scorecard
2025-12-11 14:52:32 - __main__ - INFO - Match 1473445 already downloaded - skipping
2025-12-11 14:52:32 - __main__ - INFO - Processing match 9/74: https://www.espncricinfo.com/series/ipl-2025-1449924/gujarat-titans-vs-mumbai-indians-9th-match-1473446/full-scorecard
2025-12-11 14:52:32 - __main__ - INFO - Match 1473446 already downloaded - skipping
2025-12-11 14:52:32 - __main__ - INFO - Processing match 10/74: https://www.espncricinfo.com/series/ipl-2025-1449924/delhi-capitals-vs-sunrisers-hyderabad-10th-match-1473447/full-scorecard
2025-12-11 14:52:32 - __main__ - INFO - Match 1473447 already downloaded - skipping
2025-12-11 14:52:32 - __main__ - INFO - Processing match 11/74: https://www.espncricinfo.com/series/ipl-2025-1449924/rajasthan-royals-vs-chennai-super-kings-11th-match-1473448/full-scorecard
2025-12-11 14:52:32 - __main__ - INFO - Match 1473448 already downloaded - skipping
2025-12-11 14:52:32 - __main__ - INFO - Processing match 12/74: https://www.espncricinfo.com/series/ipl-2025-1449924/mumbai-indians-vs-kolkata-knight-riders-12th-match-1473449/full-scorecard
2025-12-11 14:52:32 - __main__ - INFO - Match 1473449 already downloaded - skipping
2025-12-11 14:52:32 - __main__ - INFO - Processing match 13/74: https://www.espncricinfo.com/series/ipl-2025-1449924/lucknow-super-giants-vs-punjab-kings-13th-match-1473450/full-scorecard
2025-12-11 14:52:32 - __main__ - INFO - Match 1473450 already downloaded - skipping
2025-12-11 14:52:32 - __main__ - INFO - Processing match 14/74: https://www.espncricinfo.com/series/ipl-2025-1449924/royal-challengers-bengaluru-vs-gujarat-titans-14th-match-1473451/full-scorecard
2025-12-11 14:52:32 - __main__ - INFO - Match 1473451 already downloaded - skipping
2025-12-11 14:52:32 - __main__ - INFO - Processing match 15/74: https://www.espncricinfo.com/series/ipl-2025-1449924/kolkata-knight-riders-vs-sunrisers-hyderabad-15th-match-1473452/full-scorecard
2025-12-11 14:52:32 - __main__ - INFO - Match 1473452 already downloaded - skipping
2025-12-11 14:52:32 - __main__ - INFO - Processing match 16/74: https://www.espncricinfo.com/series/ipl-2025-1449924/lucknow-super-giants-vs-mumbai-indians-16th-match-1473453/full-scorecard
2025-12-11 14:52:32 - __main__ - INFO - Match 1473453 already downloaded - skipping
2025-12-11 14:52:32 - __main__ - INFO - Processing match 17/74: https://www.espncricinfo.com/series/ipl-2025-1449924/chennai-super-kings-vs-delhi-capitals-17th-match-1473454/full-scorecard
2025-12-11 14:52:32 - __main__ - INFO - Match 1473454 already downloaded - skipping
2025-12-11 14:52:32 - __main__ - INFO - Processing match 18/74: https://www.espncricinfo.com/series/ipl-2025-1449924/punjab-kings-vs-rajasthan-royals-18th-match-1473455/full-scorecard
2025-12-11 14:52:32 - __main__ - INFO - Match 1473455 already downloaded - skipping
2025-12-11 14:52:32 - __main__ - INFO - Processing match 19/74: https://www.espncricinfo.com/series/ipl-2025-1449924/sunrisers-hyderabad-vs-gujarat-titans-19th-match-1473457/full-scorecard
2025-12-11 14:52:32 - __main__ - INFO - Match 1473457 already downloaded - skipping
2025-12-11 14:52:32 - __main__ - INFO - Processing match 20/74: https://www.espncricinfo.com/series/ipl-2025-1449924/mumbai-indians-vs-royal-challengers-bengaluru-20th-match-1473458/full-scorecard
2025-12-11 14:52:32 - __main__ - INFO - Match 1473458 already downloaded - skipping
2025-12-11 14:52:32 - __main__ - INFO - Processing match 21/74: https://www.espncricinfo.com/series/ipl-2025-1449924/kolkata-knight-riders-vs-lucknow-super-giants-21st-match-1473456/full-scorecard
2025-12-11 14:52:32 - __main__ - INFO - Match 1473456 already downloaded - skipping
2025-12-11 14:52:32 - __main__ - INFO - Processing match 22/74: https://www.espncricinfo.com/series/ipl-2025-1449924/punjab-kings-vs-chennai-super-kings-22nd-match-1473459/full-scorecard
2025-12-11 14:52:32 - __main__ - INFO - Match 1473459 already downloaded - skipping
2025-12-11 14:52:32 - __main__ - INFO - Processing match 23/74: https://www.espncricinfo.com/series/ipl-2025-1449924/gujarat-titans-vs-rajasthan-royals-23rd-match-1473460/full-scorecard
2025-12-11 14:52:32 - __main__ - INFO - Match 1473460 already downloaded - skipping
2025-12-11 14:52:32 - __main__ - INFO - Processing match 24/74: https://www.espncricinfo.com/series/ipl-2025-1449924/royal-challengers-bengaluru-vs-delhi-capitals-24th-match-1473461/full-scorecard
2025-12-11 14:52:32 - __main__ - INFO - Match 1473461 already downloaded - skipping
2025-12-11 14:52:32 - __main__ - INFO - Processing match 25/74: https://www.espncricinfo.com/series/ipl-2025-1449924/chennai-super-kings-vs-kolkata-knight-riders-25th-match-1473462/full-scorecard
2025-12-11 14:52:32 - __main__ - INFO - Match 1473462 already downloaded - skipping
2025-12-11 14:52:32 - __main__ - INFO - Processing match 26/74: https://www.espncricinfo.com/series/ipl-2025-1449924/lucknow-super-giants-vs-gujarat-titans-26th-match-1473463/full-scorecard
2025-12-11 14:52:32 - __main__ - INFO - Match 1473463 already downloaded - skipping
2025-12-11 14:52:32 - __main__ - INFO - Processing match 27/74: https://www.espncricinfo.com/series/ipl-2025-1449924/sunrisers-hyderabad-vs-punjab-kings-27th-match-1473464/full-scorecard
2025-12-11 14:52:32 - __main__ - INFO - Match 1473464 already downloaded - skipping
2025-12-11 14:52:32 - __main__ - INFO - Processing match 28/74: https://www.espncricinfo.com/series/ipl-2025-1449924/rajasthan-royals-vs-royal-challengers-bengaluru-28th-match-1473465/full-scorecard
2025-12-11 14:52:32 - __main__ - INFO - Match 1473465 already downloaded - skipping
2025-12-11 14:52:32 - __main__ - INFO - Processing match 29/74: https://www.espncricinfo.com/series/ipl-2025-1449924/delhi-capitals-vs-mumbai-indians-29th-match-1473466/full-scorecard
2025-12-11 14:52:32 - __main__ - INFO - Match 1473466 already downloaded - skipping
2025-12-11 14:52:32 - __main__ - INFO - Processing match 30/74: https://www.espncricinfo.com/series/ipl-2025-1449924/lucknow-super-giants-vs-chennai-super-kings-30th-match-1473467/full-scorecard
2025-12-11 14:52:32 - __main__ - INFO - Match 1473467 already downloaded - skipping
2025-12-11 14:52:32 - __main__ - INFO - Processing match 31/74: https://www.espncricinfo.com/series/ipl-2025-1449924/punjab-kings-vs-kolkata-knight-riders-31st-match-1473468/full-scorecard
2025-12-11 14:52:32 - __main__ - INFO - Match 1473468 already downloaded - skipping
2025-12-11 14:52:32 - __main__ - INFO - Processing match 32/74: https://www.espncricinfo.com/series/ipl-2025-1449924/delhi-capitals-vs-rajasthan-royals-32nd-match-1473469/full-scorecard
2025-12-11 14:52:32 - __main__ - INFO - Match 1473469 already downloaded - skipping
2025-12-11 14:52:32 - __main__ - INFO - Processing match 33/74: https://www.espncricinfo.com/series/ipl-2025-1449924/mumbai-indians-vs-sunrisers-hyderabad-33rd-match-1473470/full-scorecard
2025-12-11 14:52:32 - __main__ - INFO - Match 1473470 already downloaded - skipping
2025-12-11 14:52:32 - __main__ - INFO - Processing match 34/74: https://www.espncricinfo.com/series/ipl-2025-1449924/royal-challengers-bengaluru-vs-punjab-kings-34th-match-1473471/full-scorecard
2025-12-11 14:52:32 - __main__ - INFO - Match 1473471 already downloaded - skipping
2025-12-11 14:52:32 - __main__ - INFO - Processing match 35/74: https://www.espncricinfo.com/series/ipl-2025-1449924/gujarat-titans-vs-delhi-capitals-35th-match-1473472/full-scorecard
2025-12-11 14:52:32 - __main__ - INFO - Match 1473472 already downloaded - skipping
2025-12-11 14:52:32 - __main__ - INFO - Processing match 36/74: https://www.espncricinfo.com/series/ipl-2025-1449924/rajasthan-royals-vs-lucknow-super-giants-36th-match-1473473/full-scorecard
2025-12-11 14:52:32 - __main__ - INFO - Match 1473473 already downloaded - skipping
2025-12-11 14:52:32 - __main__ - INFO - Processing match 37/74: https://www.espncricinfo.com/series/ipl-2025-1449924/punjab-kings-vs-royal-challengers-bengaluru-37th-match-1473474/full-scorecard
2025-12-11 14:52:32 - __main__ - INFO - Match 1473474 already downloaded - skipping
2025-12-11 14:52:32 - __main__ - INFO - Processing match 38/74: https://www.espncricinfo.com/series/ipl-2025-1449924/mumbai-indians-vs-chennai-super-kings-38th-match-1473475/full-scorecard
2025-12-11 14:52:32 - __main__ - INFO - Match 1473475 already downloaded - skipping
2025-12-11 14:52:32 - __main__ - INFO - Processing match 39/74: https://www.espncricinfo.com/series/ipl-2025-1449924/kolkata-knight-riders-vs-gujarat-titans-39th-match-1473476/full-scorecard
2025-12-11 14:52:32 - __main__ - INFO - Match 1473476 already downloaded - skipping
2025-12-11 14:52:32 - __main__ - INFO - Processing match 40/74: https://www.espncricinfo.com/series/ipl-2025-1449924/lucknow-super-giants-vs-delhi-capitals-40th-match-1473477/full-scorecard
2025-12-11 14:52:32 - __main__ - INFO - Match 1473477 already downloaded - skipping
2025-12-11 14:52:32 - __main__ - INFO - Processing match 41/74: https://www.espncricinfo.com/series/ipl-2025-1449924/sunrisers-hyderabad-vs-mumbai-indians-41st-match-1473478/full-scorecard
2025-12-11 14:52:32 - __main__ - INFO - Attempting to download match 1473478 (attempt 1/4)
2025-12-11 14:52:32 - scraping.player_extractor - INFO - PlayerExtractor initialized - Target: raw.match_players
2025-12-11 14:52:32 - scraping.match_scraper - INFO - Initializing WebDriver
2025-12-11 14:52:45 - scraping.match_scraper - INFO - Loading full scorecard - attempt 1
2025-12-11 14:52:59 - scraping.match_scraper - INFO - full scorecard loaded successfully
2025-12-11 14:52:59 - scraping.match_scraper - INFO - Scrolling full scorecard page
2025-12-11 14:52:59 - core.page_navigator - INFO - Scrolling page 5 times
2025-12-11 14:53:22 - core.page_navigator - INFO - Page scrolling completed
2025-12-11 14:53:25 - scraping.match_scraper - INFO - Extracting metadata
2025-12-11 14:53:27 - core.metadata_extractor - INFO - Found 14 metadata rows for match 1473478
2025-12-11 14:53:27 - core.metadata_extractor - INFO - Extracted 15 metadata fields for match 1473478
2025-12-11 14:53:27 - scraping.match_scraper - INFO - Extracting player rosters...
2025-12-11 14:53:27 - scraping.player_extractor - INFO - Extracting players for match 1473478
2025-12-11 14:53:28 - core.metadata_extractor - INFO - Extracting player names for match 1473478
2025-12-11 14:53:28 - core.metadata_extractor - INFO - Found 2 batting scorecard table(s)
2025-12-11 14:53:28 - core.metadata_extractor - INFO -   Innings 1: Sunrisers Hyderabad (batting)
2025-12-11 14:53:28 - core.metadata_extractor - INFO -   Innings 2: Mumbai Indians (batting)
2025-12-11 14:53:28 - core.metadata_extractor - INFO -   innings_1 (Sunrisers Hyderabad): 9 batted, 3 did not bat
2025-12-11 14:53:28 - core.metadata_extractor - INFO -   innings_2 (Mumbai Indians): 5 batted, 6 did not bat
2025-12-11 14:53:28 - core.metadata_extractor - INFO - Found 2 bowling table(s)
2025-12-11 14:53:28 - core.metadata_extractor - INFO -   innings_1 bowling: Mumbai Indians (bowling against Sunrisers Hyderabad)
2025-12-11 14:53:28 - core.metadata_extractor - INFO -   innings_1 bowling (Mumbai Indians): 6 bowlers
2025-12-11 14:53:28 - core.metadata_extractor - INFO -   innings_2 bowling: Sunrisers Hyderabad (bowling against Mumbai Indians)
2025-12-11 14:53:28 - core.metadata_extractor - INFO -   innings_2 bowling (Sunrisers Hyderabad): 5 bowlers
2025-12-11 14:53:28 - core.metadata_extractor - INFO - Created DataFrame with 34 player records, 24 unique players
2025-12-11 14:53:28 - scraping.player_extractor - INFO - Extracted 24 players for match 1473478
2025-12-11 14:53:28 - scraping.player_extractor - INFO -   Teams: Mumbai Indians, Sunrisers Hyderabad
2025-12-11 14:53:28 - scraping.player_extractor - INFO -   Batted: 12, Did not bat: 12
2025-12-11 14:53:28 - scraping.player_extractor - INFO -   Regular: 22, Impact: 2
2025-12-11 14:53:28 - scraping.player_extractor - INFO -   Impact players: Rohit Sharma, Abhinav Manohar
2025-12-11 14:53:28 - scraping.match_scraper - INFO - Stored 24 players
2025-12-11 14:53:28 - scraping.match_scraper - INFO -   - Mumbai Indians
2025-12-11 14:53:28 - scraping.match_scraper - INFO -   - Sunrisers Hyderabad
2025-12-11 14:53:28 - scraping.match_scraper - INFO - Loading commentary page - attempt 1
2025-12-11 14:53:43 - scraping.match_scraper - INFO - commentary page loaded successfully
2025-12-11 14:53:43 - scraping.match_scraper - INFO - Scrolling commentary page
2025-12-11 14:53:43 - core.page_navigator - INFO - Scrolling page 20 times
2025-12-11 14:55:39 - scraping.match_scraper - INFO - Closing WebDriver
2025-12-11 14:55:45 - __main__ - INFO - Cricket Data Pipeline Started
2025-12-11 14:55:45 - __main__ - INFO - STEP 1: Initializing database and schemas
2025-12-11 14:55:45 - configs.db_config - INFO - Initializing Medallion Architecture schemas...
2025-12-11 14:55:46 - configs.db_config - INFO - Medallion schemas (Bronze, Silver, Gold) initialized
2025-12-11 14:55:46 - __main__ - INFO - Database initialization complete
2025-12-11 14:55:46 - __main__ - INFO - STEP 2: Loading configuration
2025-12-11 14:55:46 - __main__ - INFO - Configuration loaded successfully
2025-12-11 14:55:46 - __main__ - INFO - STEP 3: Scraping data from Cricinfo
2025-12-11 14:55:46 - __main__ - INFO - Initializing match tracker
2025-12-11 14:55:46 - __main__ - INFO - Current Status: 40 matches already downloaded
2025-12-11 14:55:46 - __main__ - INFO - Fetching match schedule from Cricinfo
2025-12-11 14:55:46 - scraping.schedule_scraper - INFO - Initializing WebDriver for schedule scraping
2025-12-11 14:55:53 - scraping.schedule_scraper - INFO - Loading schedule page - attempt 1
2025-12-11 14:56:04 - scraping.schedule_scraper - INFO - Schedule page loaded successfully
2025-12-11 14:56:04 - scraping.schedule_scraper - INFO - Parsing schedule page with BeautifulSoup
2025-12-11 14:56:08 - scraping.schedule_scraper - INFO - Extracting match links from schedule
2025-12-11 14:56:08 - scraping.schedule_scraper - INFO - Successfully extracted 104 match links
2025-12-11 14:56:08 - scraping.schedule_scraper - INFO - Closing WebDriver
2025-12-11 14:56:10 - __main__ - INFO - Found 104 total links
2025-12-11 14:56:10 - __main__ - INFO - Found 74 match scorecards
2025-12-11 14:56:10 - __main__ - INFO - Loading match cache
2025-12-11 14:56:10 - __main__ - INFO - Starting match scraping process with retry logic
2025-12-11 14:56:10 - __main__ - INFO - Processing match 1/74: https://www.espncricinfo.com/series/ipl-2025-1449924/kolkata-knight-riders-vs-royal-challengers-bengaluru-1st-match-1473438/full-scorecard
2025-12-11 14:56:10 - __main__ - INFO - Match 1473438 already downloaded - skipping
2025-12-11 14:56:10 - __main__ - INFO - Processing match 2/74: https://www.espncricinfo.com/series/ipl-2025-1449924/sunrisers-hyderabad-vs-rajasthan-royals-2nd-match-1473439/full-scorecard
2025-12-11 14:56:10 - __main__ - INFO - Match 1473439 already downloaded - skipping
2025-12-11 14:56:10 - __main__ - INFO - Processing match 3/74: https://www.espncricinfo.com/series/ipl-2025-1449924/chennai-super-kings-vs-mumbai-indians-3rd-match-1473440/full-scorecard
2025-12-11 14:56:10 - __main__ - INFO - Match 1473440 already downloaded - skipping
2025-12-11 14:56:10 - __main__ - INFO - Processing match 4/74: https://www.espncricinfo.com/series/ipl-2025-1449924/delhi-capitals-vs-lucknow-super-giants-4th-match-1473441/full-scorecard
2025-12-11 14:56:10 - __main__ - INFO - Match 1473441 already downloaded - skipping
2025-12-11 14:56:10 - __main__ - INFO - Processing match 5/74: https://www.espncricinfo.com/series/ipl-2025-1449924/gujarat-titans-vs-punjab-kings-5th-match-1473442/full-scorecard
2025-12-11 14:56:10 - __main__ - INFO - Match 1473442 already downloaded - skipping
2025-12-11 14:56:10 - __main__ - INFO - Processing match 6/74: https://www.espncricinfo.com/series/ipl-2025-1449924/rajasthan-royals-vs-kolkata-knight-riders-6th-match-1473443/full-scorecard
2025-12-11 14:56:10 - __main__ - INFO - Match 1473443 already downloaded - skipping
2025-12-11 14:56:10 - __main__ - INFO - Processing match 7/74: https://www.espncricinfo.com/series/ipl-2025-1449924/sunrisers-hyderabad-vs-lucknow-super-giants-7th-match-1473444/full-scorecard
2025-12-11 14:56:10 - __main__ - INFO - Match 1473444 already downloaded - skipping
2025-12-11 14:56:10 - __main__ - INFO - Processing match 8/74: https://www.espncricinfo.com/series/ipl-2025-1449924/chennai-super-kings-vs-royal-challengers-bengaluru-8th-match-1473445/full-scorecard
2025-12-11 14:56:10 - __main__ - INFO - Match 1473445 already downloaded - skipping
2025-12-11 14:56:10 - __main__ - INFO - Processing match 9/74: https://www.espncricinfo.com/series/ipl-2025-1449924/gujarat-titans-vs-mumbai-indians-9th-match-1473446/full-scorecard
2025-12-11 14:56:10 - __main__ - INFO - Match 1473446 already downloaded - skipping
2025-12-11 14:56:10 - __main__ - INFO - Processing match 10/74: https://www.espncricinfo.com/series/ipl-2025-1449924/delhi-capitals-vs-sunrisers-hyderabad-10th-match-1473447/full-scorecard
2025-12-11 14:56:10 - __main__ - INFO - Match 1473447 already downloaded - skipping
2025-12-11 14:56:10 - __main__ - INFO - Processing match 11/74: https://www.espncricinfo.com/series/ipl-2025-1449924/rajasthan-royals-vs-chennai-super-kings-11th-match-1473448/full-scorecard
2025-12-11 14:56:10 - __main__ - INFO - Match 1473448 already downloaded - skipping
2025-12-11 14:56:10 - __main__ - INFO - Processing match 12/74: https://www.espncricinfo.com/series/ipl-2025-1449924/mumbai-indians-vs-kolkata-knight-riders-12th-match-1473449/full-scorecard
2025-12-11 14:56:10 - __main__ - INFO - Match 1473449 already downloaded - skipping
2025-12-11 14:56:10 - __main__ - INFO - Processing match 13/74: https://www.espncricinfo.com/series/ipl-2025-1449924/lucknow-super-giants-vs-punjab-kings-13th-match-1473450/full-scorecard
2025-12-11 14:56:10 - __main__ - INFO - Match 1473450 already downloaded - skipping
2025-12-11 14:56:10 - __main__ - INFO - Processing match 14/74: https://www.espncricinfo.com/series/ipl-2025-1449924/royal-challengers-bengaluru-vs-gujarat-titans-14th-match-1473451/full-scorecard
2025-12-11 14:56:10 - __main__ - INFO - Match 1473451 already downloaded - skipping
2025-12-11 14:56:10 - __main__ - INFO - Processing match 15/74: https://www.espncricinfo.com/series/ipl-2025-1449924/kolkata-knight-riders-vs-sunrisers-hyderabad-15th-match-1473452/full-scorecard
2025-12-11 14:56:10 - __main__ - INFO - Match 1473452 already downloaded - skipping
2025-12-11 14:56:10 - __main__ - INFO - Processing match 16/74: https://www.espncricinfo.com/series/ipl-2025-1449924/lucknow-super-giants-vs-mumbai-indians-16th-match-1473453/full-scorecard
2025-12-11 14:56:10 - __main__ - INFO - Match 1473453 already downloaded - skipping
2025-12-11 14:56:10 - __main__ - INFO - Processing match 17/74: https://www.espncricinfo.com/series/ipl-2025-1449924/chennai-super-kings-vs-delhi-capitals-17th-match-1473454/full-scorecard
2025-12-11 14:56:10 - __main__ - INFO - Match 1473454 already downloaded - skipping
2025-12-11 14:56:10 - __main__ - INFO - Processing match 18/74: https://www.espncricinfo.com/series/ipl-2025-1449924/punjab-kings-vs-rajasthan-royals-18th-match-1473455/full-scorecard
2025-12-11 14:56:10 - __main__ - INFO - Match 1473455 already downloaded - skipping
2025-12-11 14:56:10 - __main__ - INFO - Processing match 19/74: https://www.espncricinfo.com/series/ipl-2025-1449924/sunrisers-hyderabad-vs-gujarat-titans-19th-match-1473457/full-scorecard
2025-12-11 14:56:10 - __main__ - INFO - Match 1473457 already downloaded - skipping
2025-12-11 14:56:10 - __main__ - INFO - Processing match 20/74: https://www.espncricinfo.com/series/ipl-2025-1449924/mumbai-indians-vs-royal-challengers-bengaluru-20th-match-1473458/full-scorecard
2025-12-11 14:56:10 - __main__ - INFO - Match 1473458 already downloaded - skipping
2025-12-11 14:56:10 - __main__ - INFO - Processing match 21/74: https://www.espncricinfo.com/series/ipl-2025-1449924/kolkata-knight-riders-vs-lucknow-super-giants-21st-match-1473456/full-scorecard
2025-12-11 14:56:10 - __main__ - INFO - Match 1473456 already downloaded - skipping
2025-12-11 14:56:10 - __main__ - INFO - Processing match 22/74: https://www.espncricinfo.com/series/ipl-2025-1449924/punjab-kings-vs-chennai-super-kings-22nd-match-1473459/full-scorecard
2025-12-11 14:56:10 - __main__ - INFO - Match 1473459 already downloaded - skipping
2025-12-11 14:56:10 - __main__ - INFO - Processing match 23/74: https://www.espncricinfo.com/series/ipl-2025-1449924/gujarat-titans-vs-rajasthan-royals-23rd-match-1473460/full-scorecard
2025-12-11 14:56:10 - __main__ - INFO - Match 1473460 already downloaded - skipping
2025-12-11 14:56:10 - __main__ - INFO - Processing match 24/74: https://www.espncricinfo.com/series/ipl-2025-1449924/royal-challengers-bengaluru-vs-delhi-capitals-24th-match-1473461/full-scorecard
2025-12-11 14:56:10 - __main__ - INFO - Match 1473461 already downloaded - skipping
2025-12-11 14:56:10 - __main__ - INFO - Processing match 25/74: https://www.espncricinfo.com/series/ipl-2025-1449924/chennai-super-kings-vs-kolkata-knight-riders-25th-match-1473462/full-scorecard
2025-12-11 14:56:10 - __main__ - INFO - Match 1473462 already downloaded - skipping
2025-12-11 14:56:10 - __main__ - INFO - Processing match 26/74: https://www.espncricinfo.com/series/ipl-2025-1449924/lucknow-super-giants-vs-gujarat-titans-26th-match-1473463/full-scorecard
2025-12-11 14:56:10 - __main__ - INFO - Match 1473463 already downloaded - skipping
2025-12-11 14:56:10 - __main__ - INFO - Processing match 27/74: https://www.espncricinfo.com/series/ipl-2025-1449924/sunrisers-hyderabad-vs-punjab-kings-27th-match-1473464/full-scorecard
2025-12-11 14:56:10 - __main__ - INFO - Match 1473464 already downloaded - skipping
2025-12-11 14:56:10 - __main__ - INFO - Processing match 28/74: https://www.espncricinfo.com/series/ipl-2025-1449924/rajasthan-royals-vs-royal-challengers-bengaluru-28th-match-1473465/full-scorecard
2025-12-11 14:56:10 - __main__ - INFO - Match 1473465 already downloaded - skipping
2025-12-11 14:56:10 - __main__ - INFO - Processing match 29/74: https://www.espncricinfo.com/series/ipl-2025-1449924/delhi-capitals-vs-mumbai-indians-29th-match-1473466/full-scorecard
2025-12-11 14:56:10 - __main__ - INFO - Match 1473466 already downloaded - skipping
2025-12-11 14:56:10 - __main__ - INFO - Processing match 30/74: https://www.espncricinfo.com/series/ipl-2025-1449924/lucknow-super-giants-vs-chennai-super-kings-30th-match-1473467/full-scorecard
2025-12-11 14:56:10 - __main__ - INFO - Match 1473467 already downloaded - skipping
2025-12-11 14:56:10 - __main__ - INFO - Processing match 31/74: https://www.espncricinfo.com/series/ipl-2025-1449924/punjab-kings-vs-kolkata-knight-riders-31st-match-1473468/full-scorecard
2025-12-11 14:56:10 - __main__ - INFO - Match 1473468 already downloaded - skipping
2025-12-11 14:56:10 - __main__ - INFO - Processing match 32/74: https://www.espncricinfo.com/series/ipl-2025-1449924/delhi-capitals-vs-rajasthan-royals-32nd-match-1473469/full-scorecard
2025-12-11 14:56:10 - __main__ - INFO - Match 1473469 already downloaded - skipping
2025-12-11 14:56:10 - __main__ - INFO - Processing match 33/74: https://www.espncricinfo.com/series/ipl-2025-1449924/mumbai-indians-vs-sunrisers-hyderabad-33rd-match-1473470/full-scorecard
2025-12-11 14:56:10 - __main__ - INFO - Match 1473470 already downloaded - skipping
2025-12-11 14:56:10 - __main__ - INFO - Processing match 34/74: https://www.espncricinfo.com/series/ipl-2025-1449924/royal-challengers-bengaluru-vs-punjab-kings-34th-match-1473471/full-scorecard
2025-12-11 14:56:10 - __main__ - INFO - Match 1473471 already downloaded - skipping
2025-12-11 14:56:10 - __main__ - INFO - Processing match 35/74: https://www.espncricinfo.com/series/ipl-2025-1449924/gujarat-titans-vs-delhi-capitals-35th-match-1473472/full-scorecard
2025-12-11 14:56:10 - __main__ - INFO - Match 1473472 already downloaded - skipping
2025-12-11 14:56:10 - __main__ - INFO - Processing match 36/74: https://www.espncricinfo.com/series/ipl-2025-1449924/rajasthan-royals-vs-lucknow-super-giants-36th-match-1473473/full-scorecard
2025-12-11 14:56:10 - __main__ - INFO - Match 1473473 already downloaded - skipping
2025-12-11 14:56:10 - __main__ - INFO - Processing match 37/74: https://www.espncricinfo.com/series/ipl-2025-1449924/punjab-kings-vs-royal-challengers-bengaluru-37th-match-1473474/full-scorecard
2025-12-11 14:56:10 - __main__ - INFO - Match 1473474 already downloaded - skipping
2025-12-11 14:56:10 - __main__ - INFO - Processing match 38/74: https://www.espncricinfo.com/series/ipl-2025-1449924/mumbai-indians-vs-chennai-super-kings-38th-match-1473475/full-scorecard
2025-12-11 14:56:10 - __main__ - INFO - Match 1473475 already downloaded - skipping
2025-12-11 14:56:10 - __main__ - INFO - Processing match 39/74: https://www.espncricinfo.com/series/ipl-2025-1449924/kolkata-knight-riders-vs-gujarat-titans-39th-match-1473476/full-scorecard
2025-12-11 14:56:10 - __main__ - INFO - Match 1473476 already downloaded - skipping
2025-12-11 14:56:10 - __main__ - INFO - Processing match 40/74: https://www.espncricinfo.com/series/ipl-2025-1449924/lucknow-super-giants-vs-delhi-capitals-40th-match-1473477/full-scorecard
2025-12-11 14:56:10 - __main__ - INFO - Match 1473477 already downloaded - skipping
2025-12-11 14:56:10 - __main__ - INFO - Processing match 41/74: https://www.espncricinfo.com/series/ipl-2025-1449924/sunrisers-hyderabad-vs-mumbai-indians-41st-match-1473478/full-scorecard
2025-12-11 14:56:10 - __main__ - INFO - Attempting to download match 1473478 (attempt 1/4)
2025-12-11 14:56:10 - scraping.player_extractor - INFO - PlayerExtractor initialized - Target: raw.match_players
2025-12-11 14:56:10 - scraping.match_scraper - INFO - Initializing WebDriver
2025-12-11 14:56:16 - scraping.match_scraper - INFO - Loading full scorecard - attempt 1
2025-12-11 14:56:29 - scraping.match_scraper - INFO - full scorecard loaded successfully
2025-12-11 14:56:29 - scraping.match_scraper - INFO - Scrolling full scorecard page
2025-12-11 14:56:29 - core.page_navigator - INFO - Scrolling page 5 times
2025-12-11 14:56:46 - core.page_navigator - INFO - Page scrolling completed
2025-12-11 14:56:49 - scraping.match_scraper - INFO - Extracting metadata
2025-12-11 14:56:49 - core.metadata_extractor - INFO - Found 14 metadata rows for match 1473478
2025-12-11 14:56:49 - core.metadata_extractor - INFO - Extracted 15 metadata fields for match 1473478
2025-12-11 14:56:49 - scraping.match_scraper - INFO - Extracting player rosters...
2025-12-11 14:56:49 - scraping.player_extractor - INFO - Extracting players for match 1473478
2025-12-11 14:56:49 - core.metadata_extractor - INFO - Extracting player names for match 1473478
2025-12-11 14:56:49 - core.metadata_extractor - INFO - Found 2 batting scorecard table(s)
2025-12-11 14:56:49 - core.metadata_extractor - INFO -   Innings 1: Sunrisers Hyderabad (batting)
2025-12-11 14:56:49 - core.metadata_extractor - INFO -   Innings 2: Mumbai Indians (batting)
2025-12-11 14:56:49 - core.metadata_extractor - INFO -   innings_1 (Sunrisers Hyderabad): 9 batted, 3 did not bat
2025-12-11 14:56:49 - core.metadata_extractor - INFO -   innings_2 (Mumbai Indians): 5 batted, 6 did not bat
2025-12-11 14:56:49 - core.metadata_extractor - INFO - Found 2 bowling table(s)
2025-12-11 14:56:49 - core.metadata_extractor - INFO -   innings_1 bowling: Mumbai Indians (bowling against Sunrisers Hyderabad)
2025-12-11 14:56:49 - core.metadata_extractor - INFO -   innings_1 bowling (Mumbai Indians): 6 bowlers
2025-12-11 14:56:49 - core.metadata_extractor - INFO -   innings_2 bowling: Sunrisers Hyderabad (bowling against Mumbai Indians)
2025-12-11 14:56:49 - core.metadata_extractor - INFO -   innings_2 bowling (Sunrisers Hyderabad): 5 bowlers
2025-12-11 14:56:49 - core.metadata_extractor - INFO - Created DataFrame with 34 player records, 24 unique players
2025-12-11 14:56:49 - scraping.player_extractor - INFO - Extracted 24 players for match 1473478
2025-12-11 14:56:49 - scraping.player_extractor - INFO -   Teams: Mumbai Indians, Sunrisers Hyderabad
2025-12-11 14:56:49 - scraping.player_extractor - INFO -   Batted: 12, Did not bat: 12
2025-12-11 14:56:49 - scraping.player_extractor - INFO -   Regular: 22, Impact: 2
2025-12-11 14:56:49 - scraping.player_extractor - INFO -   Impact players: Rohit Sharma, Abhinav Manohar
2025-12-11 14:56:49 - scraping.match_scraper - INFO - Stored 24 players
2025-12-11 14:56:49 - scraping.match_scraper - INFO -   - Mumbai Indians
2025-12-11 14:56:49 - scraping.match_scraper - INFO -   - Sunrisers Hyderabad
2025-12-11 14:56:49 - scraping.match_scraper - INFO - Loading commentary page - attempt 1
2025-12-11 14:56:58 - scraping.match_scraper - INFO - commentary page loaded successfully
2025-12-11 14:56:58 - scraping.match_scraper - INFO - Scrolling commentary page
2025-12-11 14:56:58 - core.page_navigator - INFO - Scrolling page 20 times
2025-12-11 14:57:59 - core.page_navigator - INFO - Page scrolling completed
2025-12-11 14:58:02 - scraping.match_scraper - INFO - Getting current innings team
2025-12-11 14:58:02 - scraping.match_scraper - INFO - Default innings: MI
2025-12-11 14:58:02 - scraping.match_scraper - INFO - Getting all innings options
2025-12-11 14:58:37 - core.page_navigator - INFO - Found 2 innings options: ['SRH', 'MI']
2025-12-11 14:58:39 - scraping.match_scraper - INFO - All innings: ['SRH', 'MI']
2025-12-11 14:58:39 - scraping.match_scraper - INFO - Regular innings: ['SRH', 'MI']
2025-12-11 14:58:39 - scraping.match_scraper - INFO - Super overs: []
2025-12-11 14:58:39 - scraping.match_scraper - INFO - Scraping default innings: MI
2025-12-11 14:58:40 - core.commentary_parser - INFO - Found 95 commentary blocks
2025-12-11 14:58:40 - core.commentary_parser - INFO - Parsed 95 commentary entries
2025-12-11 14:58:40 - core.commentary_parser - INFO - Normalizing to 6 columns (most common)
2025-12-11 14:58:40 - core.commentary_parser - INFO - Normalized 95 rows to 6 columns
2025-12-11 14:58:40 - core.commentary_parser - INFO - DataFrame created with 95 rows and 6 columns
2025-12-11 14:58:41 - core.commentary_parser - INFO - Final DataFrame: 95 rows with columns: ['Ball', 'Event', 'Score', 'Commentary', 'Bowler', 'Batsman']
2025-12-11 14:58:41 - core.commentary_parser - INFO -   Rows with commentary: 95
2025-12-11 14:58:41 - core.commentary_parser - INFO -   Rows without commentary: 0
2025-12-11 14:58:41 - scraping.match_scraper - INFO - MI: 95 events (super_over=False)
2025-12-11 14:58:41 - scraping.match_scraper - INFO - Switching to innings: SRH
2025-12-11 14:58:41 - core.page_navigator - INFO - Scrolling to top of page
2025-12-11 14:58:45 - core.page_navigator - INFO - Switching to innings: SRH
2025-12-11 14:59:19 - core.page_navigator - INFO - Found target innings: SRH
2025-12-11 14:59:23 - core.page_navigator - INFO - Successfully switched to SRH
2025-12-11 14:59:23 - scraping.match_scraper - INFO - Successfully switched to: SRH
2025-12-11 14:59:26 - core.page_navigator - INFO - Scrolling page 20 times
2025-12-11 15:00:26 - core.page_navigator - INFO - Page scrolling completed
2025-12-11 15:00:29 - scraping.match_scraper - INFO - Scraping innings: SRH
2025-12-11 15:00:30 - core.commentary_parser - INFO - Found 123 commentary blocks
2025-12-11 15:00:30 - core.commentary_parser - INFO - Parsed 123 commentary entries
2025-12-11 15:00:30 - core.commentary_parser - INFO - Normalizing to 6 columns (most common)
2025-12-11 15:00:30 - core.commentary_parser - INFO - Normalized 123 rows to 6 columns
2025-12-11 15:00:30 - core.commentary_parser - INFO - DataFrame created with 123 rows and 6 columns
2025-12-11 15:00:30 - core.commentary_parser - INFO - Final DataFrame: 123 rows with columns: ['Ball', 'Event', 'Score', 'Commentary', 'Bowler', 'Batsman']
2025-12-11 15:00:30 - core.commentary_parser - INFO -   Rows with commentary: 123
2025-12-11 15:00:30 - core.commentary_parser - INFO -   Rows without commentary: 0
2025-12-11 15:00:30 - scraping.match_scraper - INFO - SRH: 123 events (super_over=False)
2025-12-11 15:00:30 - scraping.match_scraper - INFO - Combining all innings dataframes
2025-12-11 15:00:30 - scraping.match_scraper - INFO - Total events: 218 across 2 innings
2025-12-11 15:00:30 - scraping.match_scraper - INFO -   - Regular innings: 218 events
2025-12-11 15:00:30 - scraping.match_scraper - INFO -   - Super over(s): 0 events
2025-12-11 15:00:30 - scraping.match_scraper - INFO - Saving commentary to database
2025-12-11 15:00:30 - scraping.match_scraper - INFO - Commentary saved: 218 total events
2025-12-11 15:00:30 - scraping.match_scraper - INFO - Saving metadata to database
2025-12-11 15:00:30 - scraping.match_scraper - INFO - Metadata saved with super_over_count=0
2025-12-11 15:00:30 - scraping.match_scraper - INFO - Saving match players to database
2025-12-11 15:00:31 - scraping.match_scraper - INFO - Successfully completed scraping match 1473478
2025-12-11 15:00:31 - scraping.match_scraper - INFO - Closing WebDriver
2025-12-11 15:00:34 - __main__ - INFO - Successfully downloaded match 1473478
2025-12-11 15:00:44 - __main__ - INFO - Processing match 42/74: https://www.espncricinfo.com/series/ipl-2025-1449924/royal-challengers-bengaluru-vs-rajasthan-royals-42nd-match-1473479/full-scorecard
2025-12-11 15:00:44 - __main__ - INFO - Attempting to download match 1473479 (attempt 1/4)
2025-12-11 15:00:44 - scraping.player_extractor - INFO - PlayerExtractor initialized - Target: raw.match_players
2025-12-11 15:00:44 - scraping.match_scraper - INFO - Initializing WebDriver
2025-12-11 15:00:53 - scraping.match_scraper - INFO - Loading full scorecard - attempt 1
2025-12-11 15:01:09 - scraping.match_scraper - INFO - full scorecard loaded successfully
2025-12-11 15:01:09 - scraping.match_scraper - INFO - Scrolling full scorecard page
2025-12-11 15:01:09 - core.page_navigator - INFO - Scrolling page 5 times
2025-12-11 15:01:33 - core.page_navigator - INFO - Page scrolling completed
2025-12-11 15:01:36 - scraping.match_scraper - INFO - Extracting metadata
2025-12-11 15:01:37 - core.metadata_extractor - INFO - Found 14 metadata rows for match 1473479
2025-12-11 15:01:37 - core.metadata_extractor - INFO - Extracted 15 metadata fields for match 1473479
2025-12-11 15:01:37 - scraping.match_scraper - INFO - Extracting player rosters...
2025-12-11 15:01:37 - scraping.player_extractor - INFO - Extracting players for match 1473479
2025-12-11 15:01:38 - core.metadata_extractor - INFO - Extracting player names for match 1473479
2025-12-11 15:01:38 - core.metadata_extractor - INFO - Found 2 batting scorecard table(s)
2025-12-11 15:01:38 - core.metadata_extractor - INFO -   Innings 1: Royal Challengers Bengaluru (batting)
2025-12-11 15:01:38 - core.metadata_extractor - INFO -   Innings 2: Rajasthan Royals (batting)
2025-12-11 15:01:38 - core.metadata_extractor - INFO -   innings_1 (Royal Challengers Bengaluru): 6 batted, 5 did not bat
2025-12-11 15:01:38 - core.metadata_extractor - INFO -   innings_2 (Rajasthan Royals): 11 batted, 0 did not bat
2025-12-11 15:01:38 - core.metadata_extractor - INFO - Found 2 bowling table(s)
2025-12-11 15:01:38 - core.metadata_extractor - INFO -   innings_1 bowling: Rajasthan Royals (bowling against Royal Challengers Bengaluru)
2025-12-11 15:01:38 - core.metadata_extractor - INFO -   innings_1 bowling (Rajasthan Royals): 6 bowlers
2025-12-11 15:01:38 - core.metadata_extractor - INFO -   innings_2 bowling: Royal Challengers Bengaluru (bowling against Rajasthan Royals)
2025-12-11 15:01:38 - core.metadata_extractor - INFO -   innings_2 bowling (Royal Challengers Bengaluru): 6 bowlers
2025-12-11 15:01:38 - core.metadata_extractor - INFO - Created DataFrame with 34 player records, 24 unique players
2025-12-11 15:01:38 - scraping.player_extractor - INFO - Extracted 24 players for match 1473479
2025-12-11 15:01:38 - scraping.player_extractor - INFO -   Teams: Rajasthan Royals, Royal Challengers Bengaluru
2025-12-11 15:01:38 - scraping.player_extractor - INFO -   Batted: 15, Did not bat: 9
2025-12-11 15:01:38 - scraping.player_extractor - INFO -   Regular: 23, Impact: 1
2025-12-11 15:01:38 - scraping.player_extractor - INFO -   Impact players: Vaibhav Suryavanshi
2025-12-11 15:01:38 - scraping.match_scraper - INFO - Stored 24 players
2025-12-11 15:01:38 - scraping.match_scraper - INFO -   - Rajasthan Royals
2025-12-11 15:01:38 - scraping.match_scraper - INFO -   - Royal Challengers Bengaluru
2025-12-11 15:01:38 - scraping.match_scraper - INFO - Loading commentary page - attempt 1
2025-12-11 15:01:53 - scraping.match_scraper - INFO - commentary page loaded successfully
2025-12-11 15:01:53 - scraping.match_scraper - INFO - Scrolling commentary page
2025-12-11 15:01:53 - core.page_navigator - INFO - Scrolling page 20 times
2025-12-11 15:02:59 - core.page_navigator - INFO - Page scrolling completed
2025-12-11 15:03:02 - scraping.match_scraper - INFO - Getting current innings team
2025-12-11 15:03:02 - scraping.match_scraper - INFO - Default innings: RR
2025-12-11 15:03:02 - scraping.match_scraper - INFO - Getting all innings options
2025-12-11 15:03:38 - core.page_navigator - INFO - Found 2 innings options: ['RCB', 'RR']
2025-12-11 15:03:40 - scraping.match_scraper - INFO - All innings: ['RCB', 'RR']
2025-12-11 15:03:40 - scraping.match_scraper - INFO - Regular innings: ['RCB', 'RR']
2025-12-11 15:03:40 - scraping.match_scraper - INFO - Super overs: []
2025-12-11 15:03:40 - scraping.match_scraper - INFO - Scraping default innings: RR
2025-12-11 15:03:41 - core.commentary_parser - INFO - Found 123 commentary blocks
2025-12-11 15:03:41 - core.commentary_parser - INFO - Parsed 123 commentary entries
2025-12-11 15:03:41 - core.commentary_parser - INFO - Normalizing to 6 columns (most common)
2025-12-11 15:03:41 - core.commentary_parser - INFO - Normalized 123 rows to 6 columns
2025-12-11 15:03:41 - core.commentary_parser - INFO - DataFrame created with 123 rows and 6 columns
2025-12-11 15:03:41 - core.commentary_parser - INFO - Final DataFrame: 123 rows with columns: ['Ball', 'Event', 'Score', 'Commentary', 'Bowler', 'Batsman']
2025-12-11 15:03:41 - core.commentary_parser - INFO -   Rows with commentary: 123
2025-12-11 15:03:41 - core.commentary_parser - INFO -   Rows without commentary: 0
2025-12-11 15:03:41 - scraping.match_scraper - INFO - RR: 123 events (super_over=False)
2025-12-11 15:03:41 - scraping.match_scraper - INFO - Switching to innings: RCB
2025-12-11 15:03:41 - core.page_navigator - INFO - Scrolling to top of page
2025-12-11 15:03:45 - core.page_navigator - INFO - Switching to innings: RCB
2025-12-11 15:04:20 - core.page_navigator - INFO - Found target innings: RCB
2025-12-11 15:04:24 - core.page_navigator - INFO - Successfully switched to RCB
2025-12-11 15:04:24 - scraping.match_scraper - INFO - Successfully switched to: RCB
2025-12-11 15:04:27 - core.page_navigator - INFO - Scrolling page 20 times
2025-12-11 15:05:27 - core.page_navigator - INFO - Page scrolling completed
2025-12-11 15:05:30 - scraping.match_scraper - INFO - Scraping innings: RCB
2025-12-11 15:05:31 - core.commentary_parser - INFO - Found 130 commentary blocks
2025-12-11 15:05:31 - core.commentary_parser - INFO - Parsed 130 commentary entries
2025-12-11 15:05:31 - core.commentary_parser - INFO - Normalizing to 6 columns (most common)
2025-12-11 15:05:31 - core.commentary_parser - INFO - Normalized 130 rows to 6 columns
2025-12-11 15:05:31 - core.commentary_parser - INFO - DataFrame created with 130 rows and 6 columns
2025-12-11 15:05:31 - core.commentary_parser - INFO - Final DataFrame: 130 rows with columns: ['Ball', 'Event', 'Score', 'Commentary', 'Bowler', 'Batsman']
2025-12-11 15:05:31 - core.commentary_parser - INFO -   Rows with commentary: 130
2025-12-11 15:05:31 - core.commentary_parser - INFO -   Rows without commentary: 0
2025-12-11 15:05:31 - scraping.match_scraper - INFO - RCB: 130 events (super_over=False)
2025-12-11 15:05:31 - scraping.match_scraper - INFO - Combining all innings dataframes
2025-12-11 15:05:31 - scraping.match_scraper - INFO - Total events: 253 across 2 innings
2025-12-11 15:05:31 - scraping.match_scraper - INFO -   - Regular innings: 253 events
2025-12-11 15:05:31 - scraping.match_scraper - INFO -   - Super over(s): 0 events
2025-12-11 15:05:31 - scraping.match_scraper - INFO - Saving commentary to database
2025-12-11 15:05:31 - scraping.match_scraper - INFO - Commentary saved: 253 total events
2025-12-11 15:05:31 - scraping.match_scraper - INFO - Saving metadata to database
2025-12-11 15:05:32 - scraping.match_scraper - INFO - Metadata saved with super_over_count=0
2025-12-11 15:05:32 - scraping.match_scraper - INFO - Saving match players to database
2025-12-11 15:05:32 - scraping.match_scraper - INFO - Successfully completed scraping match 1473479
2025-12-11 15:05:32 - scraping.match_scraper - INFO - Closing WebDriver
2025-12-11 15:05:35 - __main__ - INFO - Successfully downloaded match 1473479
2025-12-11 15:05:45 - __main__ - INFO - Processing match 43/74: https://www.espncricinfo.com/series/ipl-2025-1449924/chennai-super-kings-vs-sunrisers-hyderabad-43rd-match-1473480/full-scorecard
2025-12-11 15:05:45 - __main__ - INFO - Attempting to download match 1473480 (attempt 1/4)
2025-12-11 15:05:45 - scraping.player_extractor - INFO - PlayerExtractor initialized - Target: raw.match_players
2025-12-11 15:05:45 - scraping.match_scraper - INFO - Initializing WebDriver
2025-12-11 15:05:56 - scraping.match_scraper - INFO - Loading full scorecard - attempt 1
2025-12-11 15:06:11 - scraping.match_scraper - INFO - full scorecard loaded successfully
2025-12-11 15:06:11 - scraping.match_scraper - INFO - Scrolling full scorecard page
2025-12-11 15:06:11 - core.page_navigator - INFO - Scrolling page 5 times
2025-12-11 15:06:37 - core.page_navigator - INFO - Page scrolling completed
2025-12-11 15:06:40 - scraping.match_scraper - INFO - Extracting metadata
2025-12-11 15:06:40 - core.metadata_extractor - INFO - Found 14 metadata rows for match 1473480
2025-12-11 15:06:40 - core.metadata_extractor - INFO - Extracted 15 metadata fields for match 1473480
2025-12-11 15:06:40 - scraping.match_scraper - INFO - Extracting player rosters...
2025-12-11 15:06:40 - scraping.player_extractor - INFO - Extracting players for match 1473480
2025-12-11 15:06:41 - core.metadata_extractor - INFO - Extracting player names for match 1473480
2025-12-11 15:06:41 - core.metadata_extractor - INFO - Found 2 batting scorecard table(s)
2025-12-11 15:06:41 - core.metadata_extractor - INFO -   Innings 1: Chennai Super Kings (batting)
2025-12-11 15:06:41 - core.metadata_extractor - INFO -   Innings 2: Sunrisers Hyderabad (batting)
2025-12-11 15:06:41 - core.metadata_extractor - INFO -   innings_1 (Chennai Super Kings): 11 batted, 1 did not bat
2025-12-11 15:06:41 - core.metadata_extractor - INFO -   innings_2 (Sunrisers Hyderabad): 7 batted, 4 did not bat
2025-12-11 15:06:41 - core.metadata_extractor - INFO - Found 2 bowling table(s)
2025-12-11 15:06:41 - core.metadata_extractor - INFO -   innings_1 bowling: Sunrisers Hyderabad (bowling against Chennai Super Kings)
2025-12-11 15:06:41 - core.metadata_extractor - INFO -   innings_1 bowling (Sunrisers Hyderabad): 6 bowlers
2025-12-11 15:06:41 - core.metadata_extractor - INFO -   innings_2 bowling: Chennai Super Kings (bowling against Sunrisers Hyderabad)
2025-12-11 15:06:41 - core.metadata_extractor - INFO -   innings_2 bowling (Chennai Super Kings): 6 bowlers
2025-12-11 15:06:41 - core.metadata_extractor - INFO - Created DataFrame with 35 player records, 24 unique players
2025-12-11 15:06:41 - scraping.player_extractor - INFO - Extracted 24 players for match 1473480
2025-12-11 15:06:41 - scraping.player_extractor - INFO -   Teams: Chennai Super Kings, Sunrisers Hyderabad
2025-12-11 15:06:41 - scraping.player_extractor - INFO -   Batted: 14, Did not bat: 10
2025-12-11 15:06:41 - scraping.player_extractor - INFO -   Regular: 22, Impact: 2
2025-12-11 15:06:41 - scraping.player_extractor - INFO -   Impact players: Anshul Kamboj, Travis Head
2025-12-11 15:06:41 - scraping.match_scraper - INFO - Stored 24 players
2025-12-11 15:06:41 - scraping.match_scraper - INFO -   - Chennai Super Kings
2025-12-11 15:06:41 - scraping.match_scraper - INFO -   - Sunrisers Hyderabad
2025-12-11 15:06:41 - scraping.match_scraper - INFO - Loading commentary page - attempt 1
2025-12-11 15:06:54 - scraping.match_scraper - INFO - commentary page loaded successfully
2025-12-11 15:06:54 - scraping.match_scraper - INFO - Scrolling commentary page
2025-12-11 15:06:54 - core.page_navigator - INFO - Scrolling page 20 times
2025-12-11 15:07:58 - core.page_navigator - INFO - Page scrolling completed
2025-12-11 15:08:01 - scraping.match_scraper - INFO - Getting current innings team
2025-12-11 15:08:01 - scraping.match_scraper - INFO - Default innings: SRH
2025-12-11 15:08:01 - scraping.match_scraper - INFO - Getting all innings options
2025-12-11 15:08:37 - core.page_navigator - INFO - Found 2 innings options: ['CSK', 'SRH']
2025-12-11 15:08:39 - scraping.match_scraper - INFO - All innings: ['CSK', 'SRH']
2025-12-11 15:08:39 - scraping.match_scraper - INFO - Regular innings: ['CSK', 'SRH']
2025-12-11 15:08:39 - scraping.match_scraper - INFO - Super overs: []
2025-12-11 15:08:39 - scraping.match_scraper - INFO - Scraping default innings: SRH
2025-12-11 15:08:40 - core.commentary_parser - INFO - Found 121 commentary blocks
2025-12-11 15:08:40 - core.commentary_parser - INFO - Parsed 121 commentary entries
2025-12-11 15:08:40 - core.commentary_parser - INFO - Normalizing to 6 columns (most common)
2025-12-11 15:08:40 - core.commentary_parser - INFO - Normalized 121 rows to 6 columns
2025-12-11 15:08:40 - core.commentary_parser - INFO - DataFrame created with 121 rows and 6 columns
2025-12-11 15:08:40 - core.commentary_parser - INFO - Final DataFrame: 121 rows with columns: ['Ball', 'Event', 'Score', 'Commentary', 'Bowler', 'Batsman']
2025-12-11 15:08:40 - core.commentary_parser - INFO -   Rows with commentary: 121
2025-12-11 15:08:40 - core.commentary_parser - INFO -   Rows without commentary: 0
2025-12-11 15:08:40 - scraping.match_scraper - INFO - SRH: 121 events (super_over=False)
2025-12-11 15:08:40 - scraping.match_scraper - INFO - Switching to innings: CSK
2025-12-11 15:08:40 - core.page_navigator - INFO - Scrolling to top of page
2025-12-11 15:08:44 - core.page_navigator - INFO - Switching to innings: CSK
2025-12-11 15:09:18 - core.page_navigator - INFO - Found target innings: CSK
2025-12-11 15:09:22 - core.page_navigator - INFO - Successfully switched to CSK
2025-12-11 15:09:22 - scraping.match_scraper - INFO - Successfully switched to: CSK
2025-12-11 15:09:25 - core.page_navigator - INFO - Scrolling page 20 times
2025-12-11 15:10:25 - core.page_navigator - INFO - Page scrolling completed
2025-12-11 15:10:28 - scraping.match_scraper - INFO - Scraping innings: CSK
2025-12-11 15:10:29 - core.commentary_parser - INFO - Found 123 commentary blocks
2025-12-11 15:10:29 - core.commentary_parser - INFO - Parsed 123 commentary entries
2025-12-11 15:10:29 - core.commentary_parser - INFO - Normalizing to 6 columns (most common)
2025-12-11 15:10:29 - core.commentary_parser - INFO - Normalized 123 rows to 6 columns
2025-12-11 15:10:29 - core.commentary_parser - INFO - DataFrame created with 123 rows and 6 columns
2025-12-11 15:10:29 - core.commentary_parser - INFO - Final DataFrame: 123 rows with columns: ['Ball', 'Event', 'Score', 'Commentary', 'Bowler', 'Batsman']
2025-12-11 15:10:29 - core.commentary_parser - INFO -   Rows with commentary: 123
2025-12-11 15:10:29 - core.commentary_parser - INFO -   Rows without commentary: 0
2025-12-11 15:10:29 - scraping.match_scraper - INFO - CSK: 123 events (super_over=False)
2025-12-11 15:10:29 - scraping.match_scraper - INFO - Combining all innings dataframes
2025-12-11 15:10:29 - scraping.match_scraper - INFO - Total events: 244 across 2 innings
2025-12-11 15:10:29 - scraping.match_scraper - INFO -   - Regular innings: 244 events
2025-12-11 15:10:29 - scraping.match_scraper - INFO -   - Super over(s): 0 events
2025-12-11 15:10:29 - scraping.match_scraper - INFO - Saving commentary to database
2025-12-11 15:10:29 - scraping.match_scraper - INFO - Commentary saved: 244 total events
2025-12-11 15:10:29 - scraping.match_scraper - INFO - Saving metadata to database
2025-12-11 15:10:29 - scraping.match_scraper - INFO - Metadata saved with super_over_count=0
2025-12-11 15:10:29 - scraping.match_scraper - INFO - Saving match players to database
2025-12-11 15:10:29 - scraping.match_scraper - INFO - Successfully completed scraping match 1473480
2025-12-11 15:10:29 - scraping.match_scraper - INFO - Closing WebDriver
2025-12-11 15:10:32 - __main__ - INFO - Successfully downloaded match 1473480
2025-12-11 15:10:42 - __main__ - INFO - Processing match 44/74: https://www.espncricinfo.com/series/ipl-2025-1449924/kolkata-knight-riders-vs-punjab-kings-44th-match-1473481/full-scorecard
2025-12-11 15:10:42 - __main__ - INFO - Attempting to download match 1473481 (attempt 1/4)
2025-12-11 15:10:42 - scraping.player_extractor - INFO - PlayerExtractor initialized - Target: raw.match_players
2025-12-11 15:10:42 - scraping.match_scraper - INFO - Initializing WebDriver
2025-12-11 15:10:50 - scraping.match_scraper - INFO - Loading full scorecard - attempt 1
2025-12-11 15:11:04 - scraping.match_scraper - INFO - full scorecard loaded successfully
2025-12-11 15:11:04 - scraping.match_scraper - INFO - Scrolling full scorecard page
2025-12-11 15:11:04 - core.page_navigator - INFO - Scrolling page 5 times
2025-12-11 15:11:31 - core.page_navigator - INFO - Page scrolling completed
2025-12-11 15:11:34 - scraping.match_scraper - INFO - Extracting metadata
2025-12-11 15:11:35 - core.metadata_extractor - INFO - Found 13 metadata rows for match 1473481
2025-12-11 15:11:35 - core.metadata_extractor - INFO - Extracted 14 metadata fields for match 1473481
2025-12-11 15:11:35 - scraping.match_scraper - INFO - Extracting player rosters...
2025-12-11 15:11:35 - scraping.player_extractor - INFO - Extracting players for match 1473481
2025-12-11 15:11:36 - core.metadata_extractor - INFO - Extracting player names for match 1473481
2025-12-11 15:11:36 - core.metadata_extractor - INFO - Found 2 batting scorecard table(s)
2025-12-11 15:11:36 - core.metadata_extractor - INFO -   Innings 1: Punjab Kings (batting)
2025-12-11 15:11:36 - core.metadata_extractor - INFO -   Innings 2: Kolkata Knight Riders (batting)
2025-12-11 15:11:36 - core.metadata_extractor - INFO -   innings_1 (Punjab Kings): 6 batted, 5 did not bat
2025-12-11 15:11:36 - core.metadata_extractor - INFO -   innings_2 (Kolkata Knight Riders): 2 batted, 9 did not bat
2025-12-11 15:11:36 - core.metadata_extractor - INFO - Found 2 bowling table(s)
2025-12-11 15:11:36 - core.metadata_extractor - INFO -   innings_1 bowling: Kolkata Knight Riders (bowling against Punjab Kings)
2025-12-11 15:11:36 - core.metadata_extractor - INFO -   innings_1 bowling (Kolkata Knight Riders): 6 bowlers
2025-12-11 15:11:36 - core.metadata_extractor - INFO -   innings_2 bowling: Punjab Kings (bowling against Kolkata Knight Riders)
2025-12-11 15:11:36 - core.metadata_extractor - INFO -   innings_2 bowling (Punjab Kings): 1 bowlers
2025-12-11 15:11:36 - core.metadata_extractor - INFO - Created DataFrame with 29 player records, 23 unique players
2025-12-11 15:11:36 - scraping.player_extractor - INFO - Extracted 23 players for match 1473481
2025-12-11 15:11:36 - scraping.player_extractor - INFO -   Teams: Punjab Kings, Kolkata Knight Riders
2025-12-11 15:11:36 - scraping.player_extractor - INFO -   Batted: 7, Did not bat: 16
2025-12-11 15:11:36 - scraping.player_extractor - INFO -   Regular: 23, Impact: 0
2025-12-11 15:11:36 - scraping.match_scraper - INFO - Stored 23 players
2025-12-11 15:11:36 - scraping.match_scraper - INFO -   - Punjab Kings
2025-12-11 15:11:36 - scraping.match_scraper - INFO -   - Kolkata Knight Riders
2025-12-11 15:11:36 - scraping.match_scraper - INFO - Loading commentary page - attempt 1
2025-12-11 15:11:49 - scraping.match_scraper - INFO - commentary page loaded successfully
2025-12-11 15:11:49 - scraping.match_scraper - INFO - Scrolling commentary page
2025-12-11 15:11:49 - core.page_navigator - INFO - Scrolling page 20 times
2025-12-11 15:12:51 - core.page_navigator - INFO - Page scrolling completed
2025-12-11 15:12:54 - scraping.match_scraper - INFO - Getting current innings team
2025-12-11 15:12:54 - scraping.match_scraper - INFO - Default innings: KKR
2025-12-11 15:12:54 - scraping.match_scraper - INFO - Getting all innings options
2025-12-11 15:13:30 - core.page_navigator - INFO - Found 2 innings options: ['PBKS', 'KKR']
2025-12-11 15:13:32 - scraping.match_scraper - INFO - All innings: ['PBKS', 'KKR']
2025-12-11 15:13:32 - scraping.match_scraper - INFO - Regular innings: ['PBKS', 'KKR']
2025-12-11 15:13:32 - scraping.match_scraper - INFO - Super overs: []
2025-12-11 15:13:32 - scraping.match_scraper - INFO - Scraping default innings: KKR
2025-12-11 15:13:33 - core.commentary_parser - INFO - Found 7 commentary blocks
2025-12-11 15:13:33 - core.commentary_parser - INFO - Parsed 7 commentary entries
2025-12-11 15:13:33 - core.commentary_parser - INFO - Normalizing to 6 columns (most common)
2025-12-11 15:13:33 - core.commentary_parser - INFO - Normalized 7 rows to 6 columns
2025-12-11 15:13:33 - core.commentary_parser - INFO - DataFrame created with 7 rows and 6 columns
2025-12-11 15:13:33 - core.commentary_parser - INFO - Final DataFrame: 7 rows with columns: ['Ball', 'Event', 'Score', 'Commentary', 'Bowler', 'Batsman']
2025-12-11 15:13:33 - core.commentary_parser - INFO -   Rows with commentary: 7
2025-12-11 15:13:33 - core.commentary_parser - INFO -   Rows without commentary: 0
2025-12-11 15:13:33 - scraping.match_scraper - INFO - KKR: 7 events (super_over=False)
2025-12-11 15:13:33 - scraping.match_scraper - INFO - Switching to innings: PBKS
2025-12-11 15:13:33 - core.page_navigator - INFO - Scrolling to top of page
2025-12-11 15:13:37 - core.page_navigator - INFO - Switching to innings: PBKS
2025-12-11 15:14:11 - core.page_navigator - INFO - Found target innings: PBKS
2025-12-11 15:14:15 - core.page_navigator - INFO - Successfully switched to PBKS
2025-12-11 15:14:15 - scraping.match_scraper - INFO - Successfully switched to: PBKS
2025-12-11 15:14:18 - core.page_navigator - INFO - Scrolling page 20 times
2025-12-11 15:15:18 - core.page_navigator - INFO - Page scrolling completed
2025-12-11 15:15:21 - scraping.match_scraper - INFO - Scraping innings: PBKS
2025-12-11 15:15:22 - core.commentary_parser - INFO - Found 123 commentary blocks
2025-12-11 15:15:22 - core.commentary_parser - INFO - Parsed 123 commentary entries
2025-12-11 15:15:22 - core.commentary_parser - INFO - Normalizing to 6 columns (most common)
2025-12-11 15:15:22 - core.commentary_parser - INFO - Normalized 123 rows to 6 columns
2025-12-11 15:15:22 - core.commentary_parser - INFO - DataFrame created with 123 rows and 6 columns
2025-12-11 15:15:22 - core.commentary_parser - INFO - Final DataFrame: 123 rows with columns: ['Ball', 'Event', 'Score', 'Commentary', 'Bowler', 'Batsman']
2025-12-11 15:15:22 - core.commentary_parser - INFO -   Rows with commentary: 123
2025-12-11 15:15:22 - core.commentary_parser - INFO -   Rows without commentary: 0
2025-12-11 15:15:22 - scraping.match_scraper - INFO - PBKS: 123 events (super_over=False)
2025-12-11 15:15:22 - scraping.match_scraper - INFO - Combining all innings dataframes
2025-12-11 15:15:22 - scraping.match_scraper - INFO - Total events: 130 across 2 innings
2025-12-11 15:15:22 - scraping.match_scraper - INFO -   - Regular innings: 130 events
2025-12-11 15:15:22 - scraping.match_scraper - INFO -   - Super over(s): 0 events
2025-12-11 15:15:22 - scraping.match_scraper - INFO - Saving commentary to database
2025-12-11 15:15:22 - scraping.match_scraper - INFO - Commentary saved: 130 total events
2025-12-11 15:15:22 - scraping.match_scraper - INFO - Saving metadata to database
2025-12-11 15:15:22 - scraping.match_scraper - INFO - Metadata saved with super_over_count=0
2025-12-11 15:15:22 - scraping.match_scraper - INFO - Saving match players to database
2025-12-11 15:15:22 - scraping.match_scraper - INFO - Successfully completed scraping match 1473481
2025-12-11 15:15:22 - scraping.match_scraper - INFO - Closing WebDriver
2025-12-11 15:15:25 - __main__ - INFO - Successfully downloaded match 1473481
2025-12-11 15:15:35 - __main__ - INFO - Processing match 45/74: https://www.espncricinfo.com/series/ipl-2025-1449924/mumbai-indians-vs-lucknow-super-giants-45th-match-1473482/full-scorecard
2025-12-11 15:15:35 - __main__ - INFO - Attempting to download match 1473482 (attempt 1/4)
2025-12-11 15:15:35 - scraping.player_extractor - INFO - PlayerExtractor initialized - Target: raw.match_players
2025-12-11 15:15:35 - scraping.match_scraper - INFO - Initializing WebDriver
2025-12-11 15:15:42 - scraping.match_scraper - INFO - Loading full scorecard - attempt 1
2025-12-11 15:15:59 - scraping.match_scraper - INFO - full scorecard loaded successfully
2025-12-11 15:15:59 - scraping.match_scraper - INFO - Scrolling full scorecard page
2025-12-11 15:15:59 - core.page_navigator - INFO - Scrolling page 5 times
2025-12-11 15:16:29 - core.page_navigator - INFO - Page scrolling completed
2025-12-11 15:16:32 - scraping.match_scraper - INFO - Extracting metadata
2025-12-11 15:16:32 - core.metadata_extractor - INFO - Found 14 metadata rows for match 1473482
2025-12-11 15:16:32 - core.metadata_extractor - INFO - Extracted 15 metadata fields for match 1473482
2025-12-11 15:16:32 - scraping.match_scraper - INFO - Extracting player rosters...
2025-12-11 15:16:33 - scraping.player_extractor - INFO - Extracting players for match 1473482
2025-12-11 15:16:33 - core.metadata_extractor - INFO - Extracting player names for match 1473482
2025-12-11 15:16:33 - core.metadata_extractor - INFO - Found 2 batting scorecard table(s)
2025-12-11 15:16:33 - core.metadata_extractor - INFO -   Innings 1: Mumbai Indians (batting)
2025-12-11 15:16:33 - core.metadata_extractor - INFO -   Innings 2: Lucknow Super Giants (batting)
2025-12-11 15:16:33 - core.metadata_extractor - INFO -   innings_1 (Mumbai Indians): 9 batted, 2 did not bat
2025-12-11 15:16:33 - core.metadata_extractor - INFO -   innings_2 (Lucknow Super Giants): 11 batted, 1 did not bat
2025-12-11 15:16:33 - core.metadata_extractor - INFO - Found 2 bowling table(s)
2025-12-11 15:16:33 - core.metadata_extractor - INFO -   innings_1 bowling: Lucknow Super Giants (bowling against Mumbai Indians)
2025-12-11 15:16:33 - core.metadata_extractor - INFO -   innings_1 bowling (Lucknow Super Giants): 5 bowlers
2025-12-11 15:16:33 - core.metadata_extractor - INFO -   innings_2 bowling: Mumbai Indians (bowling against Lucknow Super Giants)
2025-12-11 15:16:33 - core.metadata_extractor - INFO -   innings_2 bowling (Mumbai Indians): 7 bowlers
2025-12-11 15:16:33 - core.metadata_extractor - INFO - Created DataFrame with 35 player records, 24 unique players
2025-12-11 15:16:33 - scraping.player_extractor - INFO - Extracted 24 players for match 1473482
2025-12-11 15:16:33 - scraping.player_extractor - INFO -   Teams: Lucknow Super Giants, Mumbai Indians
2025-12-11 15:16:33 - scraping.player_extractor - INFO -   Batted: 18, Did not bat: 6
2025-12-11 15:16:33 - scraping.player_extractor - INFO -   Regular: 23, Impact: 1
2025-12-11 15:16:33 - scraping.player_extractor - INFO -   Impact players: David Miller
2025-12-11 15:16:33 - scraping.match_scraper - INFO - Stored 24 players
2025-12-11 15:16:33 - scraping.match_scraper - INFO -   - Lucknow Super Giants
2025-12-11 15:16:33 - scraping.match_scraper - INFO -   - Mumbai Indians
2025-12-11 15:16:33 - scraping.match_scraper - INFO - Loading commentary page - attempt 1
2025-12-11 15:16:46 - scraping.match_scraper - INFO - commentary page loaded successfully
2025-12-11 15:16:46 - scraping.match_scraper - INFO - Scrolling commentary page
2025-12-11 15:16:46 - core.page_navigator - INFO - Scrolling page 20 times
2025-12-11 15:17:48 - core.page_navigator - INFO - Page scrolling completed
2025-12-11 15:17:51 - scraping.match_scraper - INFO - Getting current innings team
2025-12-11 15:17:51 - scraping.match_scraper - INFO - Default innings: LSG
2025-12-11 15:17:51 - scraping.match_scraper - INFO - Getting all innings options
2025-12-11 15:18:28 - core.page_navigator - INFO - Found 2 innings options: ['MI', 'LSG']
2025-12-11 15:18:30 - scraping.match_scraper - INFO - All innings: ['MI', 'LSG']
2025-12-11 15:18:30 - scraping.match_scraper - INFO - Regular innings: ['MI', 'LSG']
2025-12-11 15:18:30 - scraping.match_scraper - INFO - Super overs: []
2025-12-11 15:18:30 - scraping.match_scraper - INFO - Scraping default innings: LSG
2025-12-11 15:18:33 - core.commentary_parser - INFO - Found 126 commentary blocks
2025-12-11 15:18:33 - core.commentary_parser - INFO - Parsed 126 commentary entries
2025-12-11 15:18:33 - core.commentary_parser - INFO - Normalizing to 6 columns (most common)
2025-12-11 15:18:33 - core.commentary_parser - INFO - Normalized 126 rows to 6 columns
2025-12-11 15:18:33 - core.commentary_parser - INFO - DataFrame created with 126 rows and 6 columns
2025-12-11 15:18:33 - core.commentary_parser - INFO - Final DataFrame: 126 rows with columns: ['Ball', 'Event', 'Score', 'Commentary', 'Bowler', 'Batsman']
2025-12-11 15:18:33 - core.commentary_parser - INFO -   Rows with commentary: 126
2025-12-11 15:18:33 - core.commentary_parser - INFO -   Rows without commentary: 0
2025-12-11 15:18:33 - scraping.match_scraper - INFO - LSG: 126 events (super_over=False)
2025-12-11 15:18:33 - scraping.match_scraper - INFO - Switching to innings: MI
2025-12-11 15:18:33 - core.page_navigator - INFO - Scrolling to top of page
2025-12-11 15:18:37 - core.page_navigator - INFO - Switching to innings: MI
2025-12-11 15:19:11 - core.page_navigator - INFO - Found target innings: MI
2025-12-11 15:19:15 - core.page_navigator - INFO - Successfully switched to MI
2025-12-11 15:19:15 - scraping.match_scraper - INFO - Successfully switched to: MI
2025-12-11 15:19:18 - core.page_navigator - INFO - Scrolling page 20 times
2025-12-11 15:20:18 - core.page_navigator - INFO - Page scrolling completed
2025-12-11 15:20:21 - scraping.match_scraper - INFO - Scraping innings: MI
2025-12-11 15:20:22 - core.commentary_parser - INFO - Found 125 commentary blocks
2025-12-11 15:20:22 - core.commentary_parser - INFO - Parsed 125 commentary entries
2025-12-11 15:20:22 - core.commentary_parser - INFO - Normalizing to 6 columns (most common)
2025-12-11 15:20:22 - core.commentary_parser - INFO - Normalized 125 rows to 6 columns
2025-12-11 15:20:22 - core.commentary_parser - INFO - DataFrame created with 125 rows and 6 columns
2025-12-11 15:20:22 - core.commentary_parser - INFO - Final DataFrame: 125 rows with columns: ['Ball', 'Event', 'Score', 'Commentary', 'Bowler', 'Batsman']
2025-12-11 15:20:22 - core.commentary_parser - INFO -   Rows with commentary: 125
2025-12-11 15:20:22 - core.commentary_parser - INFO -   Rows without commentary: 0
2025-12-11 15:20:22 - scraping.match_scraper - INFO - MI: 125 events (super_over=False)
2025-12-11 15:20:22 - scraping.match_scraper - INFO - Combining all innings dataframes
2025-12-11 15:20:22 - scraping.match_scraper - INFO - Total events: 251 across 2 innings
2025-12-11 15:20:22 - scraping.match_scraper - INFO -   - Regular innings: 251 events
2025-12-11 15:20:22 - scraping.match_scraper - INFO -   - Super over(s): 0 events
2025-12-11 15:20:22 - scraping.match_scraper - INFO - Saving commentary to database
2025-12-11 15:20:22 - scraping.match_scraper - INFO - Commentary saved: 251 total events
2025-12-11 15:20:22 - scraping.match_scraper - INFO - Saving metadata to database
2025-12-11 15:20:22 - scraping.match_scraper - INFO - Metadata saved with super_over_count=0
2025-12-11 15:20:22 - scraping.match_scraper - INFO - Saving match players to database
2025-12-11 15:20:22 - scraping.match_scraper - INFO - Successfully completed scraping match 1473482
2025-12-11 15:20:22 - scraping.match_scraper - INFO - Closing WebDriver
2025-12-11 15:20:25 - __main__ - INFO - Successfully downloaded match 1473482
2025-12-11 15:20:35 - __main__ - INFO - Processing match 46/74: https://www.espncricinfo.com/series/ipl-2025-1449924/delhi-capitals-vs-royal-challengers-bengaluru-46th-match-1473483/full-scorecard
2025-12-11 15:20:35 - __main__ - INFO - Attempting to download match 1473483 (attempt 1/4)
2025-12-11 15:20:35 - scraping.player_extractor - INFO - PlayerExtractor initialized - Target: raw.match_players
2025-12-11 15:20:35 - scraping.match_scraper - INFO - Initializing WebDriver
2025-12-11 15:20:42 - scraping.match_scraper - INFO - Loading full scorecard - attempt 1
2025-12-11 15:20:57 - scraping.match_scraper - INFO - full scorecard loaded successfully
2025-12-11 15:20:57 - scraping.match_scraper - INFO - Scrolling full scorecard page
2025-12-11 15:20:57 - core.page_navigator - INFO - Scrolling page 5 times
2025-12-11 15:21:22 - core.page_navigator - INFO - Page scrolling completed
2025-12-11 15:21:25 - scraping.match_scraper - INFO - Extracting metadata
2025-12-11 15:21:25 - core.metadata_extractor - INFO - Found 14 metadata rows for match 1473483
2025-12-11 15:21:25 - core.metadata_extractor - INFO - Extracted 15 metadata fields for match 1473483
2025-12-11 15:21:25 - scraping.match_scraper - INFO - Extracting player rosters...
2025-12-11 15:21:26 - scraping.player_extractor - INFO - Extracting players for match 1473483
2025-12-11 15:21:26 - core.metadata_extractor - INFO - Extracting player names for match 1473483
2025-12-11 15:21:26 - core.metadata_extractor - INFO - Found 2 batting scorecard table(s)
2025-12-11 15:21:26 - core.metadata_extractor - INFO -   Innings 1: Delhi Capitals (batting)
2025-12-11 15:21:26 - core.metadata_extractor - INFO -   Innings 2: Royal Challengers Bengaluru (batting)
2025-12-11 15:21:26 - core.metadata_extractor - INFO -   innings_1 (Delhi Capitals): 10 batted, 2 did not bat
2025-12-11 15:21:26 - core.metadata_extractor - INFO -   innings_2 (Royal Challengers Bengaluru): 6 batted, 5 did not bat
2025-12-11 15:21:26 - core.metadata_extractor - INFO - Found 2 bowling table(s)
2025-12-11 15:21:26 - core.metadata_extractor - INFO -   innings_1 bowling: Royal Challengers Bengaluru (bowling against Delhi Capitals)
2025-12-11 15:21:26 - core.metadata_extractor - INFO -   innings_1 bowling (Royal Challengers Bengaluru): 5 bowlers
2025-12-11 15:21:26 - core.metadata_extractor - INFO -   innings_2 bowling: Delhi Capitals (bowling against Royal Challengers Bengaluru)
2025-12-11 15:21:26 - core.metadata_extractor - INFO -   innings_2 bowling (Delhi Capitals): 6 bowlers
2025-12-11 15:21:26 - core.metadata_extractor - INFO - Created DataFrame with 34 player records, 24 unique players
2025-12-11 15:21:26 - scraping.player_extractor - INFO - Extracted 24 players for match 1473483
2025-12-11 15:21:26 - scraping.player_extractor - INFO -   Teams: Royal Challengers Bengaluru, Delhi Capitals
2025-12-11 15:21:26 - scraping.player_extractor - INFO -   Batted: 12, Did not bat: 12
2025-12-11 15:21:26 - scraping.player_extractor - INFO -   Regular: 22, Impact: 2
2025-12-11 15:21:26 - scraping.player_extractor - INFO -   Impact players: Devdutt Padikkal, Ashutosh Sharma
2025-12-11 15:21:26 - scraping.match_scraper - INFO - Stored 24 players
2025-12-11 15:21:26 - scraping.match_scraper - INFO -   - Royal Challengers Bengaluru
2025-12-11 15:21:26 - scraping.match_scraper - INFO -   - Delhi Capitals
2025-12-11 15:21:26 - scraping.match_scraper - INFO - Loading commentary page - attempt 1
2025-12-11 15:21:41 - scraping.match_scraper - INFO - commentary page loaded successfully
2025-12-11 15:21:41 - scraping.match_scraper - INFO - Scrolling commentary page
2025-12-11 15:21:41 - core.page_navigator - INFO - Scrolling page 20 times
2025-12-11 15:22:48 - core.page_navigator - INFO - Page scrolling completed
2025-12-11 15:22:51 - scraping.match_scraper - INFO - Getting current innings team
2025-12-11 15:22:51 - scraping.match_scraper - INFO - Default innings: RCB
2025-12-11 15:22:51 - scraping.match_scraper - INFO - Getting all innings options
2025-12-11 15:23:26 - core.page_navigator - INFO - Found 2 innings options: ['DC', 'RCB']
2025-12-11 15:23:28 - scraping.match_scraper - INFO - All innings: ['DC', 'RCB']
2025-12-11 15:23:28 - scraping.match_scraper - INFO - Regular innings: ['DC', 'RCB']
2025-12-11 15:23:28 - scraping.match_scraper - INFO - Super overs: []
2025-12-11 15:23:28 - scraping.match_scraper - INFO - Scraping default innings: RCB
2025-12-11 15:23:29 - core.commentary_parser - INFO - Found 115 commentary blocks
2025-12-11 15:23:29 - core.commentary_parser - INFO - Parsed 115 commentary entries
2025-12-11 15:23:29 - core.commentary_parser - INFO - Normalizing to 6 columns (most common)
2025-12-11 15:23:29 - core.commentary_parser - INFO - Normalized 115 rows to 6 columns
2025-12-11 15:23:29 - core.commentary_parser - INFO - DataFrame created with 115 rows and 6 columns
2025-12-11 15:23:29 - core.commentary_parser - INFO - Final DataFrame: 115 rows with columns: ['Ball', 'Event', 'Score', 'Commentary', 'Bowler', 'Batsman']
2025-12-11 15:23:29 - core.commentary_parser - INFO -   Rows with commentary: 115
2025-12-11 15:23:29 - core.commentary_parser - INFO -   Rows without commentary: 0
2025-12-11 15:23:29 - scraping.match_scraper - INFO - RCB: 115 events (super_over=False)
2025-12-11 15:23:29 - scraping.match_scraper - INFO - Switching to innings: DC
2025-12-11 15:23:29 - core.page_navigator - INFO - Scrolling to top of page
2025-12-11 15:23:33 - core.page_navigator - INFO - Switching to innings: DC
2025-12-11 15:24:07 - core.page_navigator - INFO - Found target innings: DC
2025-12-11 15:24:11 - core.page_navigator - INFO - Successfully switched to DC
2025-12-11 15:24:11 - scraping.match_scraper - INFO - Successfully switched to: DC
2025-12-11 15:24:14 - core.page_navigator - INFO - Scrolling page 20 times
2025-12-11 15:25:15 - core.page_navigator - INFO - Page scrolling completed
2025-12-11 15:25:18 - scraping.match_scraper - INFO - Scraping innings: DC
2025-12-11 15:25:19 - core.commentary_parser - INFO - Found 122 commentary blocks
2025-12-11 15:25:19 - core.commentary_parser - INFO - Parsed 122 commentary entries
2025-12-11 15:25:19 - core.commentary_parser - INFO - Normalizing to 6 columns (most common)
2025-12-11 15:25:19 - core.commentary_parser - INFO - Normalized 122 rows to 6 columns
2025-12-11 15:25:19 - core.commentary_parser - INFO - DataFrame created with 122 rows and 6 columns
2025-12-11 15:25:19 - core.commentary_parser - INFO - Final DataFrame: 122 rows with columns: ['Ball', 'Event', 'Score', 'Commentary', 'Bowler', 'Batsman']
2025-12-11 15:25:19 - core.commentary_parser - INFO -   Rows with commentary: 122
2025-12-11 15:25:19 - core.commentary_parser - INFO -   Rows without commentary: 0
2025-12-11 15:25:19 - scraping.match_scraper - INFO - DC: 122 events (super_over=False)
2025-12-11 15:25:19 - scraping.match_scraper - INFO - Combining all innings dataframes
2025-12-11 15:25:19 - scraping.match_scraper - INFO - Total events: 237 across 2 innings
2025-12-11 15:25:19 - scraping.match_scraper - INFO -   - Regular innings: 237 events
2025-12-11 15:25:19 - scraping.match_scraper - INFO -   - Super over(s): 0 events
2025-12-11 15:25:19 - scraping.match_scraper - INFO - Saving commentary to database
2025-12-11 15:25:19 - scraping.match_scraper - INFO - Commentary saved: 237 total events
2025-12-11 15:25:19 - scraping.match_scraper - INFO - Saving metadata to database
2025-12-11 15:25:19 - scraping.match_scraper - INFO - Metadata saved with super_over_count=0
2025-12-11 15:25:19 - scraping.match_scraper - INFO - Saving match players to database
2025-12-11 15:25:19 - scraping.match_scraper - INFO - Successfully completed scraping match 1473483
2025-12-11 15:25:19 - scraping.match_scraper - INFO - Closing WebDriver
2025-12-11 15:25:22 - __main__ - INFO - Successfully downloaded match 1473483
2025-12-11 15:25:32 - __main__ - INFO - Processing match 47/74: https://www.espncricinfo.com/series/ipl-2025-1449924/rajasthan-royals-vs-gujarat-titans-47th-match-1473484/full-scorecard
2025-12-11 15:25:32 - __main__ - INFO - Attempting to download match 1473484 (attempt 1/4)
2025-12-11 15:25:32 - scraping.player_extractor - INFO - PlayerExtractor initialized - Target: raw.match_players
2025-12-11 15:25:32 - scraping.match_scraper - INFO - Initializing WebDriver
2025-12-11 15:25:40 - scraping.match_scraper - INFO - Loading full scorecard - attempt 1
2025-12-11 15:25:55 - scraping.match_scraper - INFO - full scorecard loaded successfully
2025-12-11 15:25:55 - scraping.match_scraper - INFO - Scrolling full scorecard page
2025-12-11 15:25:55 - core.page_navigator - INFO - Scrolling page 5 times
2025-12-11 15:26:31 - core.page_navigator - INFO - Page scrolling completed
2025-12-11 15:26:34 - scraping.match_scraper - INFO - Extracting metadata
2025-12-11 15:26:34 - core.metadata_extractor - INFO - Found 13 metadata rows for match 1473484
2025-12-11 15:26:34 - core.metadata_extractor - INFO - Extracted 14 metadata fields for match 1473484
2025-12-11 15:26:34 - scraping.match_scraper - INFO - Extracting player rosters...
2025-12-11 15:26:34 - scraping.player_extractor - INFO - Extracting players for match 1473484
2025-12-11 15:26:35 - core.metadata_extractor - INFO - Extracting player names for match 1473484
2025-12-11 15:26:35 - core.metadata_extractor - INFO - Found 2 batting scorecard table(s)
2025-12-11 15:26:35 - core.metadata_extractor - INFO -   Innings 1: Gujarat Titans (batting)
2025-12-11 15:26:35 - core.metadata_extractor - INFO -   Innings 2: Rajasthan Royals (batting)
2025-12-11 15:26:35 - core.metadata_extractor - INFO -   innings_1 (Gujarat Titans): 6 batted, 5 did not bat
2025-12-11 15:26:35 - core.metadata_extractor - INFO -   innings_2 (Rajasthan Royals): 4 batted, 7 did not bat
2025-12-11 15:26:35 - core.metadata_extractor - INFO - Found 2 bowling table(s)
2025-12-11 15:26:35 - core.metadata_extractor - INFO -   innings_1 bowling: Rajasthan Royals (bowling against Gujarat Titans)
2025-12-11 15:26:35 - core.metadata_extractor - INFO -   innings_1 bowling (Rajasthan Royals): 6 bowlers
2025-12-11 15:26:35 - core.metadata_extractor - INFO -   innings_2 bowling: Gujarat Titans (bowling against Rajasthan Royals)
2025-12-11 15:26:35 - core.metadata_extractor - INFO -   innings_2 bowling (Gujarat Titans): 7 bowlers
2025-12-11 15:26:35 - core.metadata_extractor - INFO - Created DataFrame with 35 player records, 23 unique players
2025-12-11 15:26:35 - scraping.player_extractor - INFO - Extracted 23 players for match 1473484
2025-12-11 15:26:35 - scraping.player_extractor - INFO -   Teams: Gujarat Titans, Rajasthan Royals
2025-12-11 15:26:35 - scraping.player_extractor - INFO -   Batted: 8, Did not bat: 15
2025-12-11 15:26:35 - scraping.player_extractor - INFO -   Regular: 23, Impact: 0
2025-12-11 15:26:35 - scraping.match_scraper - INFO - Stored 23 players
2025-12-11 15:26:35 - scraping.match_scraper - INFO -   - Gujarat Titans
2025-12-11 15:26:35 - scraping.match_scraper - INFO -   - Rajasthan Royals
2025-12-11 15:26:35 - scraping.match_scraper - INFO - Loading commentary page - attempt 1
2025-12-11 15:26:49 - scraping.match_scraper - INFO - commentary page loaded successfully
2025-12-11 15:26:49 - scraping.match_scraper - INFO - Scrolling commentary page
2025-12-11 15:26:49 - core.page_navigator - INFO - Scrolling page 20 times
2025-12-11 15:27:56 - core.page_navigator - INFO - Page scrolling completed
2025-12-11 15:27:59 - scraping.match_scraper - INFO - Getting current innings team
2025-12-11 15:27:59 - scraping.match_scraper - INFO - Default innings: RR
2025-12-11 15:27:59 - scraping.match_scraper - INFO - Getting all innings options
2025-12-11 15:28:34 - core.page_navigator - INFO - Found 2 innings options: ['GT', 'RR']
2025-12-11 15:28:36 - scraping.match_scraper - INFO - All innings: ['GT', 'RR']
2025-12-11 15:28:36 - scraping.match_scraper - INFO - Regular innings: ['GT', 'RR']
2025-12-11 15:28:36 - scraping.match_scraper - INFO - Super overs: []
2025-12-11 15:28:36 - scraping.match_scraper - INFO - Scraping default innings: RR
2025-12-11 15:28:37 - core.commentary_parser - INFO - Found 98 commentary blocks
2025-12-11 15:28:37 - core.commentary_parser - INFO - Parsed 98 commentary entries
2025-12-11 15:28:37 - core.commentary_parser - INFO - Normalizing to 6 columns (most common)
2025-12-11 15:28:37 - core.commentary_parser - INFO - Normalized 98 rows to 6 columns
2025-12-11 15:28:37 - core.commentary_parser - INFO - DataFrame created with 98 rows and 6 columns
2025-12-11 15:28:37 - core.commentary_parser - INFO - Final DataFrame: 98 rows with columns: ['Ball', 'Event', 'Score', 'Commentary', 'Bowler', 'Batsman']
2025-12-11 15:28:37 - core.commentary_parser - INFO -   Rows with commentary: 98
2025-12-11 15:28:37 - core.commentary_parser - INFO -   Rows without commentary: 0
2025-12-11 15:28:37 - scraping.match_scraper - INFO - RR: 98 events (super_over=False)
2025-12-11 15:28:37 - scraping.match_scraper - INFO - Switching to innings: GT
2025-12-11 15:28:37 - core.page_navigator - INFO - Scrolling to top of page
2025-12-11 15:28:41 - core.page_navigator - INFO - Switching to innings: GT
2025-12-11 15:29:15 - core.page_navigator - INFO - Found target innings: GT
2025-12-11 15:29:19 - core.page_navigator - INFO - Successfully switched to GT
2025-12-11 15:29:19 - scraping.match_scraper - INFO - Successfully switched to: GT
2025-12-11 15:29:22 - core.page_navigator - INFO - Scrolling page 20 times
2025-12-11 15:30:22 - core.page_navigator - INFO - Page scrolling completed
2025-12-11 15:30:25 - scraping.match_scraper - INFO - Scraping innings: GT
2025-12-11 15:30:26 - core.commentary_parser - INFO - Found 128 commentary blocks
2025-12-11 15:30:26 - core.commentary_parser - INFO - Parsed 128 commentary entries
2025-12-11 15:30:26 - core.commentary_parser - INFO - Normalizing to 6 columns (most common)
2025-12-11 15:30:26 - core.commentary_parser - INFO - Normalized 128 rows to 6 columns
2025-12-11 15:30:26 - core.commentary_parser - INFO - DataFrame created with 128 rows and 6 columns
2025-12-11 15:30:26 - core.commentary_parser - INFO - Final DataFrame: 128 rows with columns: ['Ball', 'Event', 'Score', 'Commentary', 'Bowler', 'Batsman']
2025-12-11 15:30:26 - core.commentary_parser - INFO -   Rows with commentary: 128
2025-12-11 15:30:26 - core.commentary_parser - INFO -   Rows without commentary: 0
2025-12-11 15:30:26 - scraping.match_scraper - INFO - GT: 128 events (super_over=False)
2025-12-11 15:30:26 - scraping.match_scraper - INFO - Combining all innings dataframes
2025-12-11 15:30:26 - scraping.match_scraper - INFO - Total events: 226 across 2 innings
2025-12-11 15:30:26 - scraping.match_scraper - INFO -   - Regular innings: 226 events
2025-12-11 15:30:26 - scraping.match_scraper - INFO -   - Super over(s): 0 events
2025-12-11 15:30:26 - scraping.match_scraper - INFO - Saving commentary to database
2025-12-11 15:30:26 - scraping.match_scraper - INFO - Commentary saved: 226 total events
2025-12-11 15:30:26 - scraping.match_scraper - INFO - Saving metadata to database
2025-12-11 15:30:26 - scraping.match_scraper - INFO - Metadata saved with super_over_count=0
2025-12-11 15:30:26 - scraping.match_scraper - INFO - Saving match players to database
2025-12-11 15:30:27 - scraping.match_scraper - INFO - Successfully completed scraping match 1473484
2025-12-11 15:30:27 - scraping.match_scraper - INFO - Closing WebDriver
2025-12-11 15:30:29 - __main__ - INFO - Successfully downloaded match 1473484
2025-12-11 15:30:39 - __main__ - INFO - Processing match 48/74: https://www.espncricinfo.com/series/ipl-2025-1449924/delhi-capitals-vs-kolkata-knight-riders-48th-match-1473485/full-scorecard
2025-12-11 15:30:39 - __main__ - INFO - Attempting to download match 1473485 (attempt 1/4)
2025-12-11 15:30:39 - scraping.player_extractor - INFO - PlayerExtractor initialized - Target: raw.match_players
2025-12-11 15:30:39 - scraping.match_scraper - INFO - Initializing WebDriver
2025-12-11 15:30:48 - scraping.match_scraper - INFO - Loading full scorecard - attempt 1
2025-12-11 15:31:03 - scraping.match_scraper - INFO - full scorecard loaded successfully
2025-12-11 15:31:03 - scraping.match_scraper - INFO - Scrolling full scorecard page
2025-12-11 15:31:03 - core.page_navigator - INFO - Scrolling page 5 times
2025-12-11 15:31:32 - core.page_navigator - INFO - Page scrolling completed
2025-12-11 15:31:35 - scraping.match_scraper - INFO - Extracting metadata
2025-12-11 15:31:35 - core.metadata_extractor - INFO - Found 14 metadata rows for match 1473485
2025-12-11 15:31:35 - core.metadata_extractor - INFO - Extracted 15 metadata fields for match 1473485
2025-12-11 15:31:35 - scraping.match_scraper - INFO - Extracting player rosters...
2025-12-11 15:31:35 - scraping.player_extractor - INFO - Extracting players for match 1473485
2025-12-11 15:31:36 - core.metadata_extractor - INFO - Extracting player names for match 1473485
2025-12-11 15:31:36 - core.metadata_extractor - INFO - Found 2 batting scorecard table(s)
2025-12-11 15:31:36 - core.metadata_extractor - INFO -   Innings 1: Kolkata Knight Riders (batting)
2025-12-11 15:31:36 - core.metadata_extractor - INFO -   Innings 2: Delhi Capitals (batting)
2025-12-11 15:31:36 - core.metadata_extractor - INFO -   innings_1 (Kolkata Knight Riders): 11 batted, 0 did not bat
2025-12-11 15:31:36 - core.metadata_extractor - INFO -   innings_2 (Delhi Capitals): 11 batted, 0 did not bat
2025-12-11 15:31:36 - core.metadata_extractor - INFO - Found 2 bowling table(s)
2025-12-11 15:31:36 - core.metadata_extractor - INFO -   innings_1 bowling: Delhi Capitals (bowling against Kolkata Knight Riders)
2025-12-11 15:31:36 - core.metadata_extractor - INFO -   innings_1 bowling (Delhi Capitals): 6 bowlers
2025-12-11 15:31:36 - core.metadata_extractor - INFO -   innings_2 bowling: Kolkata Knight Riders (bowling against Delhi Capitals)
2025-12-11 15:31:36 - core.metadata_extractor - INFO -   innings_2 bowling (Kolkata Knight Riders): 6 bowlers
2025-12-11 15:31:36 - core.metadata_extractor - INFO - Created DataFrame with 34 player records, 24 unique players
2025-12-11 15:31:36 - scraping.player_extractor - INFO - Extracted 24 players for match 1473485
2025-12-11 15:31:36 - scraping.player_extractor - INFO -   Teams: Delhi Capitals, Kolkata Knight Riders
2025-12-11 15:31:36 - scraping.player_extractor - INFO -   Batted: 14, Did not bat: 10
2025-12-11 15:31:36 - scraping.player_extractor - INFO -   Regular: 23, Impact: 1
2025-12-11 15:31:36 - scraping.player_extractor - INFO -   Impact players: Ashutosh Sharma
2025-12-11 15:31:36 - scraping.match_scraper - INFO - Stored 24 players
2025-12-11 15:31:36 - scraping.match_scraper - INFO -   - Delhi Capitals
2025-12-11 15:31:36 - scraping.match_scraper - INFO -   - Kolkata Knight Riders
2025-12-11 15:31:36 - scraping.match_scraper - INFO - Loading commentary page - attempt 1
2025-12-11 15:31:49 - scraping.match_scraper - INFO - commentary page loaded successfully
2025-12-11 15:31:49 - scraping.match_scraper - INFO - Scrolling commentary page
2025-12-11 15:31:49 - core.page_navigator - INFO - Scrolling page 20 times
2025-12-11 15:32:56 - core.page_navigator - INFO - Page scrolling completed
2025-12-11 15:32:59 - scraping.match_scraper - INFO - Getting current innings team
2025-12-11 15:32:59 - scraping.match_scraper - INFO - Default innings: DC
2025-12-11 15:32:59 - scraping.match_scraper - INFO - Getting all innings options
2025-12-11 15:33:35 - core.page_navigator - INFO - Found 2 innings options: ['KKR', 'DC']
2025-12-11 15:33:37 - scraping.match_scraper - INFO - All innings: ['KKR', 'DC']
2025-12-11 15:33:37 - scraping.match_scraper - INFO - Regular innings: ['KKR', 'DC']
2025-12-11 15:33:37 - scraping.match_scraper - INFO - Super overs: []
2025-12-11 15:33:37 - scraping.match_scraper - INFO - Scraping default innings: DC
2025-12-11 15:33:38 - core.commentary_parser - INFO - Found 125 commentary blocks
2025-12-11 15:33:38 - core.commentary_parser - INFO - Parsed 125 commentary entries
2025-12-11 15:33:38 - core.commentary_parser - INFO - Normalizing to 6 columns (most common)
2025-12-11 15:33:38 - core.commentary_parser - INFO - Normalized 125 rows to 6 columns
2025-12-11 15:33:38 - core.commentary_parser - INFO - DataFrame created with 125 rows and 6 columns
2025-12-11 15:33:38 - core.commentary_parser - INFO - Final DataFrame: 125 rows with columns: ['Ball', 'Event', 'Score', 'Commentary', 'Bowler', 'Batsman']
2025-12-11 15:33:38 - core.commentary_parser - INFO -   Rows with commentary: 125
2025-12-11 15:33:38 - core.commentary_parser - INFO -   Rows without commentary: 0
2025-12-11 15:33:38 - scraping.match_scraper - INFO - DC: 125 events (super_over=False)
2025-12-11 15:33:38 - scraping.match_scraper - INFO - Switching to innings: KKR
2025-12-11 15:33:38 - core.page_navigator - INFO - Scrolling to top of page
2025-12-11 15:33:42 - core.page_navigator - INFO - Switching to innings: KKR
2025-12-11 15:34:16 - core.page_navigator - INFO - Found target innings: KKR
2025-12-11 15:34:20 - core.page_navigator - INFO - Successfully switched to KKR
2025-12-11 15:34:20 - scraping.match_scraper - INFO - Successfully switched to: KKR
2025-12-11 15:34:23 - core.page_navigator - INFO - Scrolling page 20 times
2025-12-11 15:35:24 - core.page_navigator - INFO - Page scrolling completed
2025-12-11 15:35:27 - scraping.match_scraper - INFO - Scraping innings: KKR
2025-12-11 15:35:28 - core.commentary_parser - INFO - Found 132 commentary blocks
2025-12-11 15:35:28 - core.commentary_parser - INFO - Parsed 132 commentary entries
2025-12-11 15:35:28 - core.commentary_parser - INFO - Normalizing to 6 columns (most common)
2025-12-11 15:35:28 - core.commentary_parser - INFO - Normalized 132 rows to 6 columns
2025-12-11 15:35:28 - core.commentary_parser - INFO - DataFrame created with 132 rows and 6 columns
2025-12-11 15:35:28 - core.commentary_parser - INFO - Final DataFrame: 132 rows with columns: ['Ball', 'Event', 'Score', 'Commentary', 'Bowler', 'Batsman']
2025-12-11 15:35:28 - core.commentary_parser - INFO -   Rows with commentary: 132
2025-12-11 15:35:28 - core.commentary_parser - INFO -   Rows without commentary: 0
2025-12-11 15:35:28 - scraping.match_scraper - INFO - KKR: 132 events (super_over=False)
2025-12-11 15:35:28 - scraping.match_scraper - INFO - Combining all innings dataframes
2025-12-11 15:35:28 - scraping.match_scraper - INFO - Total events: 257 across 2 innings
2025-12-11 15:35:28 - scraping.match_scraper - INFO -   - Regular innings: 257 events
2025-12-11 15:35:28 - scraping.match_scraper - INFO -   - Super over(s): 0 events
2025-12-11 15:35:28 - scraping.match_scraper - INFO - Saving commentary to database
2025-12-11 15:35:28 - scraping.match_scraper - INFO - Commentary saved: 257 total events
2025-12-11 15:35:28 - scraping.match_scraper - INFO - Saving metadata to database
2025-12-11 15:35:28 - scraping.match_scraper - INFO - Metadata saved with super_over_count=0
2025-12-11 15:35:28 - scraping.match_scraper - INFO - Saving match players to database
2025-12-11 15:35:28 - scraping.match_scraper - INFO - Successfully completed scraping match 1473485
2025-12-11 15:35:28 - scraping.match_scraper - INFO - Closing WebDriver
2025-12-11 15:35:31 - __main__ - INFO - Successfully downloaded match 1473485
2025-12-11 15:35:41 - __main__ - INFO - Processing match 49/74: https://www.espncricinfo.com/series/ipl-2025-1449924/chennai-super-kings-vs-punjab-kings-49th-match-1473486/full-scorecard
2025-12-11 15:35:41 - __main__ - INFO - Attempting to download match 1473486 (attempt 1/4)
2025-12-11 15:35:41 - scraping.player_extractor - INFO - PlayerExtractor initialized - Target: raw.match_players
2025-12-11 15:35:41 - scraping.match_scraper - INFO - Initializing WebDriver
2025-12-11 15:35:49 - scraping.match_scraper - INFO - Loading full scorecard - attempt 1
2025-12-11 15:36:00 - scraping.match_scraper - INFO - full scorecard loaded successfully
2025-12-11 15:36:00 - scraping.match_scraper - INFO - Scrolling full scorecard page
2025-12-11 15:36:00 - core.page_navigator - INFO - Scrolling page 5 times
2025-12-11 15:36:17 - core.page_navigator - INFO - Page scrolling completed
2025-12-11 15:36:20 - scraping.match_scraper - INFO - Extracting metadata
2025-12-11 15:36:21 - core.metadata_extractor - INFO - Found 14 metadata rows for match 1473486
2025-12-11 15:36:21 - core.metadata_extractor - INFO - Extracted 15 metadata fields for match 1473486
2025-12-11 15:36:21 - scraping.match_scraper - INFO - Extracting player rosters...
2025-12-11 15:36:21 - scraping.player_extractor - INFO - Extracting players for match 1473486
2025-12-11 15:36:21 - core.metadata_extractor - INFO - Extracting player names for match 1473486
2025-12-11 15:36:21 - core.metadata_extractor - INFO - Found 2 batting scorecard table(s)
2025-12-11 15:36:21 - core.metadata_extractor - INFO -   Innings 1: Chennai Super Kings (batting)
2025-12-11 15:36:21 - core.metadata_extractor - INFO -   Innings 2: Punjab Kings (batting)
2025-12-11 15:36:21 - core.metadata_extractor - INFO -   innings_1 (Chennai Super Kings): 11 batted, 1 did not bat
2025-12-11 15:36:21 - core.metadata_extractor - INFO -   innings_2 (Punjab Kings): 8 batted, 3 did not bat
2025-12-11 15:36:21 - core.metadata_extractor - INFO - Found 2 bowling table(s)
2025-12-11 15:36:21 - core.metadata_extractor - INFO -   innings_1 bowling: Punjab Kings (bowling against Chennai Super Kings)
2025-12-11 15:36:21 - core.metadata_extractor - INFO -   innings_1 bowling (Punjab Kings): 6 bowlers
2025-12-11 15:36:21 - core.metadata_extractor - INFO -   innings_2 bowling: Chennai Super Kings (bowling against Punjab Kings)
2025-12-11 15:36:21 - core.metadata_extractor - INFO -   innings_2 bowling (Chennai Super Kings): 6 bowlers
2025-12-11 15:36:21 - core.metadata_extractor - INFO - Created DataFrame with 35 player records, 24 unique players
2025-12-11 15:36:21 - scraping.player_extractor - INFO - Extracted 24 players for match 1473486
2025-12-11 15:36:21 - scraping.player_extractor - INFO -   Teams: Chennai Super Kings, Punjab Kings
2025-12-11 15:36:21 - scraping.player_extractor - INFO -   Batted: 14, Did not bat: 10
2025-12-11 15:36:21 - scraping.player_extractor - INFO -   Regular: 22, Impact: 2
2025-12-11 15:36:21 - scraping.player_extractor - INFO -   Impact players: Anshul Kamboj, Prabhsimran Singh
2025-12-11 15:36:21 - scraping.match_scraper - INFO - Stored 24 players
2025-12-11 15:36:21 - scraping.match_scraper - INFO -   - Chennai Super Kings
2025-12-11 15:36:21 - scraping.match_scraper - INFO -   - Punjab Kings
2025-12-11 15:36:21 - scraping.match_scraper - INFO - Loading commentary page - attempt 1
2025-12-11 15:36:35 - scraping.match_scraper - INFO - commentary page loaded successfully
2025-12-11 15:36:35 - scraping.match_scraper - INFO - Scrolling commentary page
2025-12-11 15:36:35 - core.page_navigator - INFO - Scrolling page 20 times
2025-12-11 15:37:36 - core.page_navigator - INFO - Page scrolling completed
2025-12-11 15:37:39 - scraping.match_scraper - INFO - Getting current innings team
2025-12-11 15:37:39 - scraping.match_scraper - INFO - Default innings: PBKS
2025-12-11 15:37:39 - scraping.match_scraper - INFO - Getting all innings options
2025-12-11 15:38:14 - core.page_navigator - INFO - Found 2 innings options: ['CSK', 'PBKS']
2025-12-11 15:38:16 - scraping.match_scraper - INFO - All innings: ['CSK', 'PBKS']
2025-12-11 15:38:16 - scraping.match_scraper - INFO - Regular innings: ['CSK', 'PBKS']
2025-12-11 15:38:16 - scraping.match_scraper - INFO - Super overs: []
2025-12-11 15:38:16 - scraping.match_scraper - INFO - Scraping default innings: PBKS
2025-12-11 15:38:16 - core.commentary_parser - INFO - Found 121 commentary blocks
2025-12-11 15:38:16 - core.commentary_parser - INFO - Parsed 121 commentary entries
2025-12-11 15:38:16 - core.commentary_parser - INFO - Normalizing to 6 columns (most common)
2025-12-11 15:38:16 - core.commentary_parser - INFO - Normalized 121 rows to 6 columns
2025-12-11 15:38:16 - core.commentary_parser - INFO - DataFrame created with 121 rows and 6 columns
2025-12-11 15:38:16 - core.commentary_parser - INFO - Final DataFrame: 121 rows with columns: ['Ball', 'Event', 'Score', 'Commentary', 'Bowler', 'Batsman']
2025-12-11 15:38:16 - core.commentary_parser - INFO -   Rows with commentary: 121
2025-12-11 15:38:16 - core.commentary_parser - INFO -   Rows without commentary: 0
2025-12-11 15:38:16 - scraping.match_scraper - INFO - PBKS: 121 events (super_over=False)
2025-12-11 15:38:16 - scraping.match_scraper - INFO - Switching to innings: CSK
2025-12-11 15:38:16 - core.page_navigator - INFO - Scrolling to top of page
2025-12-11 15:38:20 - core.page_navigator - INFO - Switching to innings: CSK
2025-12-11 15:38:55 - core.page_navigator - INFO - Found target innings: CSK
2025-12-11 15:38:58 - core.page_navigator - INFO - Successfully switched to CSK
2025-12-11 15:38:58 - scraping.match_scraper - INFO - Successfully switched to: CSK
2025-12-11 15:39:01 - core.page_navigator - INFO - Scrolling page 20 times
2025-12-11 15:40:02 - core.page_navigator - INFO - Page scrolling completed
2025-12-11 15:40:05 - scraping.match_scraper - INFO - Scraping innings: CSK
2025-12-11 15:40:06 - core.commentary_parser - INFO - Found 128 commentary blocks
2025-12-11 15:40:06 - core.commentary_parser - INFO - Parsed 128 commentary entries
2025-12-11 15:40:06 - core.commentary_parser - INFO - Normalizing to 6 columns (most common)
2025-12-11 15:40:06 - core.commentary_parser - INFO - Normalized 128 rows to 6 columns
2025-12-11 15:40:06 - core.commentary_parser - INFO - DataFrame created with 128 rows and 6 columns
2025-12-11 15:40:06 - core.commentary_parser - INFO - Final DataFrame: 128 rows with columns: ['Ball', 'Event', 'Score', 'Commentary', 'Bowler', 'Batsman']
2025-12-11 15:40:06 - core.commentary_parser - INFO -   Rows with commentary: 128
2025-12-11 15:40:06 - core.commentary_parser - INFO -   Rows without commentary: 0
2025-12-11 15:40:06 - scraping.match_scraper - INFO - CSK: 128 events (super_over=False)
2025-12-11 15:40:06 - scraping.match_scraper - INFO - Combining all innings dataframes
2025-12-11 15:40:06 - scraping.match_scraper - INFO - Total events: 249 across 2 innings
2025-12-11 15:40:06 - scraping.match_scraper - INFO -   - Regular innings: 249 events
2025-12-11 15:40:06 - scraping.match_scraper - INFO -   - Super over(s): 0 events
2025-12-11 15:40:06 - scraping.match_scraper - INFO - Saving commentary to database
2025-12-11 15:40:06 - scraping.match_scraper - INFO - Commentary saved: 249 total events
2025-12-11 15:40:06 - scraping.match_scraper - INFO - Saving metadata to database
2025-12-11 15:40:06 - scraping.match_scraper - INFO - Metadata saved with super_over_count=0
2025-12-11 15:40:06 - scraping.match_scraper - INFO - Saving match players to database
2025-12-11 15:40:06 - scraping.match_scraper - INFO - Successfully completed scraping match 1473486
2025-12-11 15:40:06 - scraping.match_scraper - INFO - Closing WebDriver
2025-12-11 15:40:09 - __main__ - INFO - Successfully downloaded match 1473486
2025-12-11 15:40:19 - __main__ - INFO - Processing match 50/74: https://www.espncricinfo.com/series/ipl-2025-1449924/rajasthan-royals-vs-mumbai-indians-50th-match-1473487/full-scorecard
2025-12-11 15:40:19 - __main__ - INFO - Attempting to download match 1473487 (attempt 1/4)
2025-12-11 15:40:19 - scraping.player_extractor - INFO - PlayerExtractor initialized - Target: raw.match_players
2025-12-11 15:40:19 - scraping.match_scraper - INFO - Initializing WebDriver
2025-12-11 15:40:25 - scraping.match_scraper - INFO - Loading full scorecard - attempt 1
2025-12-11 15:40:35 - scraping.match_scraper - INFO - full scorecard loaded successfully
2025-12-11 15:40:35 - scraping.match_scraper - INFO - Scrolling full scorecard page
2025-12-11 15:40:35 - core.page_navigator - INFO - Scrolling page 5 times
2025-12-11 15:41:14 - core.page_navigator - INFO - Page scrolling completed
2025-12-11 15:41:17 - scraping.match_scraper - INFO - Extracting metadata
2025-12-11 15:41:17 - core.metadata_extractor - INFO - Found 14 metadata rows for match 1473487
2025-12-11 15:41:17 - core.metadata_extractor - INFO - Extracted 15 metadata fields for match 1473487
2025-12-11 15:41:17 - scraping.match_scraper - INFO - Extracting player rosters...
2025-12-11 15:41:17 - scraping.player_extractor - INFO - Extracting players for match 1473487
2025-12-11 15:41:17 - core.metadata_extractor - INFO - Extracting player names for match 1473487
2025-12-11 15:41:17 - core.metadata_extractor - INFO - Found 2 batting scorecard table(s)
2025-12-11 15:41:17 - core.metadata_extractor - INFO -   Innings 1: Mumbai Indians (batting)
2025-12-11 15:41:17 - core.metadata_extractor - INFO -   Innings 2: Rajasthan Royals (batting)
2025-12-11 15:41:17 - core.metadata_extractor - INFO -   innings_1 (Mumbai Indians): 4 batted, 7 did not bat
2025-12-11 15:41:17 - core.metadata_extractor - INFO -   innings_2 (Rajasthan Royals): 11 batted, 0 did not bat
2025-12-11 15:41:17 - core.metadata_extractor - INFO - Found 2 bowling table(s)
2025-12-11 15:41:17 - core.metadata_extractor - INFO -   innings_1 bowling: Rajasthan Royals (bowling against Mumbai Indians)
2025-12-11 15:41:17 - core.metadata_extractor - INFO -   innings_1 bowling (Rajasthan Royals): 6 bowlers
2025-12-11 15:41:17 - core.metadata_extractor - INFO -   innings_2 bowling: Mumbai Indians (bowling against Rajasthan Royals)
2025-12-11 15:41:17 - core.metadata_extractor - INFO -   innings_2 bowling (Mumbai Indians): 6 bowlers
2025-12-11 15:41:17 - core.metadata_extractor - INFO - Created DataFrame with 34 player records, 24 unique players
2025-12-11 15:41:17 - scraping.player_extractor - INFO - Extracted 24 players for match 1473487
2025-12-11 15:41:17 - scraping.player_extractor - INFO -   Teams: Rajasthan Royals, Mumbai Indians
2025-12-11 15:41:17 - scraping.player_extractor - INFO -   Batted: 10, Did not bat: 14
2025-12-11 15:41:17 - scraping.player_extractor - INFO -   Regular: 23, Impact: 1
2025-12-11 15:41:17 - scraping.player_extractor - INFO -   Impact players: Shubham Dubey
2025-12-11 15:41:17 - scraping.match_scraper - INFO - Stored 24 players
2025-12-11 15:41:17 - scraping.match_scraper - INFO -   - Rajasthan Royals
2025-12-11 15:41:17 - scraping.match_scraper - INFO -   - Mumbai Indians
2025-12-11 15:41:17 - scraping.match_scraper - INFO - Loading commentary page - attempt 1
2025-12-11 15:41:30 - scraping.match_scraper - INFO - commentary page loaded successfully
2025-12-11 15:41:30 - scraping.match_scraper - INFO - Scrolling commentary page
2025-12-11 15:41:30 - core.page_navigator - INFO - Scrolling page 20 times
2025-12-11 15:43:51 - core.page_navigator - ERROR - Error during page scroll: HTTPConnectionPool(host='localhost', port=50736): Read timed out. (read timeout=120)
2025-12-11 15:43:54 - scraping.match_scraper - INFO - Getting current innings team
2025-12-11 15:45:54 - scraping.match_scraper - ERROR - Error scraping match 1473487: HTTPConnectionPool(host='localhost', port=50736): Read timed out. (read timeout=120)
Traceback (most recent call last):
  File "C:\Users\prade\PycharmProjects\Cricinfo_scraper\.venv\Lib\site-packages\urllib3\connectionpool.py", line 534, in _make_request
    response = conn.getresponse()
               ^^^^^^^^^^^^^^^^^^
  File "C:\Users\prade\PycharmProjects\Cricinfo_scraper\.venv\Lib\site-packages\urllib3\connection.py", line 516, in getresponse
    httplib_response = super().getresponse()
                       ^^^^^^^^^^^^^^^^^^^^^
  File "C:\Users\prade\AppData\Local\Programs\Python\Python311\Lib\http\client.py", line 1395, in getresponse
    response.begin()
  File "C:\Users\prade\AppData\Local\Programs\Python\Python311\Lib\http\client.py", line 325, in begin
    version, status, reason = self._read_status()
                              ^^^^^^^^^^^^^^^^^^^
  File "C:\Users\prade\AppData\Local\Programs\Python\Python311\Lib\http\client.py", line 286, in _read_status
    line = str(self.fp.readline(_MAXLINE + 1), "iso-8859-1")
               ^^^^^^^^^^^^^^^^^^^^^^^^^^^^^^
  File "C:\Users\prade\AppData\Local\Programs\Python\Python311\Lib\socket.py", line 706, in readinto
    return self._sock.recv_into(b)
           ^^^^^^^^^^^^^^^^^^^^^^^
TimeoutError: timed out

The above exception was the direct cause of the following exception:

Traceback (most recent call last):
  File "C:\Users\prade\Pycharm\Cricinfo_scraper\scraping\match_scraper.py", line 197, in scrape
    default_innings = self.get_current_innings_team(driver)
                      ^^^^^^^^^^^^^^^^^^^^^^^^^^^^^^^^^^^^^
  File "C:\Users\prade\Pycharm\Cricinfo_scraper\scraping\match_scraper.py", line 409, in get_current_innings_team
    team_element = driver.find_element("css selector", "div.ds-cursor-pointer.ds-min-w-max")
                   ^^^^^^^^^^^^^^^^^^^^^^^^^^^^^^^^^^^^^^^^^^^^^^^^^^^^^^^^^^^^^^^^^^^^^^^^^
  File "C:\Users\prade\PycharmProjects\Cricinfo_scraper\.venv\Lib\site-packages\selenium\webdriver\remote\webdriver.py", line 914, in find_element
    return self.execute(Command.FIND_ELEMENT, {"using": by, "value": value})["value"]
           ^^^^^^^^^^^^^^^^^^^^^^^^^^^^^^^^^^^^^^^^^^^^^^^^^^^^^^^^^^^^^^^^^
  File "C:\Users\prade\PycharmProjects\Cricinfo_scraper\.venv\Lib\site-packages\selenium\webdriver\remote\webdriver.py", line 445, in execute
    response = self.command_executor.execute(driver_command, params)
               ^^^^^^^^^^^^^^^^^^^^^^^^^^^^^^^^^^^^^^^^^^^^^^^^^^^^^
  File "C:\Users\prade\PycharmProjects\Cricinfo_scraper\.venv\Lib\site-packages\selenium\webdriver\remote\remote_connection.py", line 404, in execute
    return self._request(command_info[0], url, body=data)
           ^^^^^^^^^^^^^^^^^^^^^^^^^^^^^^^^^^^^^^^^^^^^^^
  File "C:\Users\prade\PycharmProjects\Cricinfo_scraper\.venv\Lib\site-packages\selenium\webdriver\remote\remote_connection.py", line 428, in _request
    response = self._conn.request(method, url, body=body, headers=headers, timeout=self._client_config.timeout)
               ^^^^^^^^^^^^^^^^^^^^^^^^^^^^^^^^^^^^^^^^^^^^^^^^^^^^^^^^^^^^^^^^^^^^^^^^^^^^^^^^^^^^^^^^^^^^^^^^
  File "C:\Users\prade\PycharmProjects\Cricinfo_scraper\.venv\Lib\site-packages\urllib3\_request_methods.py", line 143, in request
    return self.request_encode_body(
           ^^^^^^^^^^^^^^^^^^^^^^^^^
  File "C:\Users\prade\PycharmProjects\Cricinfo_scraper\.venv\Lib\site-packages\urllib3\_request_methods.py", line 278, in request_encode_body
    return self.urlopen(method, url, **extra_kw)
           ^^^^^^^^^^^^^^^^^^^^^^^^^^^^^^^^^^^^^
  File "C:\Users\prade\PycharmProjects\Cricinfo_scraper\.venv\Lib\site-packages\urllib3\poolmanager.py", line 443, in urlopen
    response = conn.urlopen(method, u.request_uri, **kw)
               ^^^^^^^^^^^^^^^^^^^^^^^^^^^^^^^^^^^^^^^^^
  File "C:\Users\prade\PycharmProjects\Cricinfo_scraper\.venv\Lib\site-packages\urllib3\connectionpool.py", line 841, in urlopen
    retries = retries.increment(
              ^^^^^^^^^^^^^^^^^^
  File "C:\Users\prade\PycharmProjects\Cricinfo_scraper\.venv\Lib\site-packages\urllib3\util\retry.py", line 474, in increment
    raise reraise(type(error), error, _stacktrace)
          ^^^^^^^^^^^^^^^^^^^^^^^^^^^^^^^^^^^^^^^^
  File "C:\Users\prade\PycharmProjects\Cricinfo_scraper\.venv\Lib\site-packages\urllib3\util\util.py", line 39, in reraise
    raise value
  File "C:\Users\prade\PycharmProjects\Cricinfo_scraper\.venv\Lib\site-packages\urllib3\connectionpool.py", line 787, in urlopen
    response = self._make_request(
               ^^^^^^^^^^^^^^^^^^^
  File "C:\Users\prade\PycharmProjects\Cricinfo_scraper\.venv\Lib\site-packages\urllib3\connectionpool.py", line 536, in _make_request
    self._raise_timeout(err=e, url=url, timeout_value=read_timeout)
  File "C:\Users\prade\PycharmProjects\Cricinfo_scraper\.venv\Lib\site-packages\urllib3\connectionpool.py", line 367, in _raise_timeout
    raise ReadTimeoutError(
urllib3.exceptions.ReadTimeoutError: HTTPConnectionPool(host='localhost', port=50736): Read timed out. (read timeout=120)
2025-12-11 15:45:54 - scraping.match_scraper - INFO - Closing WebDriver
2025-12-11 15:46:24 - __main__ - INFO - Cricket Data Pipeline Started
2025-12-11 15:46:24 - __main__ - INFO - STEP 1: Initializing database and schemas
2025-12-11 15:46:24 - configs.db_config - INFO - Initializing Medallion Architecture schemas...
2025-12-11 15:46:25 - configs.db_config - INFO - Medallion schemas (Bronze, Silver, Gold) initialized
2025-12-11 15:46:25 - __main__ - INFO - Database initialization complete
2025-12-11 15:46:25 - __main__ - INFO - STEP 2: Loading configuration
2025-12-11 15:46:25 - __main__ - INFO - Configuration loaded successfully
2025-12-11 15:46:25 - __main__ - INFO - STEP 3: Scraping data from Cricinfo
2025-12-11 15:46:25 - __main__ - INFO - Initializing match tracker
2025-12-11 15:46:25 - __main__ - INFO - Current Status: 49 matches already downloaded
2025-12-11 15:46:25 - __main__ - INFO - Fetching match schedule from Cricinfo
2025-12-11 15:46:25 - scraping.schedule_scraper - INFO - Initializing WebDriver for schedule scraping
2025-12-11 15:46:31 - scraping.schedule_scraper - INFO - Loading schedule page - attempt 1
2025-12-11 15:46:42 - scraping.schedule_scraper - INFO - Schedule page loaded successfully
2025-12-11 15:46:42 - scraping.schedule_scraper - INFO - Parsing schedule page with BeautifulSoup
2025-12-11 15:46:44 - scraping.schedule_scraper - INFO - Extracting match links from schedule
2025-12-11 15:46:44 - scraping.schedule_scraper - INFO - Successfully extracted 104 match links
2025-12-11 15:46:44 - scraping.schedule_scraper - INFO - Closing WebDriver
2025-12-11 15:46:47 - __main__ - INFO - Found 104 total links
2025-12-11 15:46:47 - __main__ - INFO - Found 74 match scorecards
2025-12-11 15:46:47 - __main__ - INFO - Loading match cache
2025-12-11 15:46:47 - __main__ - INFO - Starting match scraping process with retry logic
2025-12-11 15:46:47 - __main__ - INFO - Processing match 1/74: https://www.espncricinfo.com/series/ipl-2025-1449924/kolkata-knight-riders-vs-royal-challengers-bengaluru-1st-match-1473438/full-scorecard
2025-12-11 15:46:47 - __main__ - INFO - Match 1473438 already downloaded - skipping
2025-12-11 15:46:47 - __main__ - INFO - Processing match 2/74: https://www.espncricinfo.com/series/ipl-2025-1449924/sunrisers-hyderabad-vs-rajasthan-royals-2nd-match-1473439/full-scorecard
2025-12-11 15:46:47 - __main__ - INFO - Match 1473439 already downloaded - skipping
2025-12-11 15:46:47 - __main__ - INFO - Processing match 3/74: https://www.espncricinfo.com/series/ipl-2025-1449924/chennai-super-kings-vs-mumbai-indians-3rd-match-1473440/full-scorecard
2025-12-11 15:46:47 - __main__ - INFO - Match 1473440 already downloaded - skipping
2025-12-11 15:46:47 - __main__ - INFO - Processing match 4/74: https://www.espncricinfo.com/series/ipl-2025-1449924/delhi-capitals-vs-lucknow-super-giants-4th-match-1473441/full-scorecard
2025-12-11 15:46:47 - __main__ - INFO - Match 1473441 already downloaded - skipping
2025-12-11 15:46:47 - __main__ - INFO - Processing match 5/74: https://www.espncricinfo.com/series/ipl-2025-1449924/gujarat-titans-vs-punjab-kings-5th-match-1473442/full-scorecard
2025-12-11 15:46:47 - __main__ - INFO - Match 1473442 already downloaded - skipping
2025-12-11 15:46:47 - __main__ - INFO - Processing match 6/74: https://www.espncricinfo.com/series/ipl-2025-1449924/rajasthan-royals-vs-kolkata-knight-riders-6th-match-1473443/full-scorecard
2025-12-11 15:46:47 - __main__ - INFO - Match 1473443 already downloaded - skipping
2025-12-11 15:46:47 - __main__ - INFO - Processing match 7/74: https://www.espncricinfo.com/series/ipl-2025-1449924/sunrisers-hyderabad-vs-lucknow-super-giants-7th-match-1473444/full-scorecard
2025-12-11 15:46:47 - __main__ - INFO - Match 1473444 already downloaded - skipping
2025-12-11 15:46:47 - __main__ - INFO - Processing match 8/74: https://www.espncricinfo.com/series/ipl-2025-1449924/chennai-super-kings-vs-royal-challengers-bengaluru-8th-match-1473445/full-scorecard
2025-12-11 15:46:47 - __main__ - INFO - Match 1473445 already downloaded - skipping
2025-12-11 15:46:47 - __main__ - INFO - Processing match 9/74: https://www.espncricinfo.com/series/ipl-2025-1449924/gujarat-titans-vs-mumbai-indians-9th-match-1473446/full-scorecard
2025-12-11 15:46:47 - __main__ - INFO - Match 1473446 already downloaded - skipping
2025-12-11 15:46:47 - __main__ - INFO - Processing match 10/74: https://www.espncricinfo.com/series/ipl-2025-1449924/delhi-capitals-vs-sunrisers-hyderabad-10th-match-1473447/full-scorecard
2025-12-11 15:46:47 - __main__ - INFO - Match 1473447 already downloaded - skipping
2025-12-11 15:46:47 - __main__ - INFO - Processing match 11/74: https://www.espncricinfo.com/series/ipl-2025-1449924/rajasthan-royals-vs-chennai-super-kings-11th-match-1473448/full-scorecard
2025-12-11 15:46:47 - __main__ - INFO - Match 1473448 already downloaded - skipping
2025-12-11 15:46:47 - __main__ - INFO - Processing match 12/74: https://www.espncricinfo.com/series/ipl-2025-1449924/mumbai-indians-vs-kolkata-knight-riders-12th-match-1473449/full-scorecard
2025-12-11 15:46:47 - __main__ - INFO - Match 1473449 already downloaded - skipping
2025-12-11 15:46:47 - __main__ - INFO - Processing match 13/74: https://www.espncricinfo.com/series/ipl-2025-1449924/lucknow-super-giants-vs-punjab-kings-13th-match-1473450/full-scorecard
2025-12-11 15:46:47 - __main__ - INFO - Match 1473450 already downloaded - skipping
2025-12-11 15:46:47 - __main__ - INFO - Processing match 14/74: https://www.espncricinfo.com/series/ipl-2025-1449924/royal-challengers-bengaluru-vs-gujarat-titans-14th-match-1473451/full-scorecard
2025-12-11 15:46:47 - __main__ - INFO - Match 1473451 already downloaded - skipping
2025-12-11 15:46:47 - __main__ - INFO - Processing match 15/74: https://www.espncricinfo.com/series/ipl-2025-1449924/kolkata-knight-riders-vs-sunrisers-hyderabad-15th-match-1473452/full-scorecard
2025-12-11 15:46:47 - __main__ - INFO - Match 1473452 already downloaded - skipping
2025-12-11 15:46:47 - __main__ - INFO - Processing match 16/74: https://www.espncricinfo.com/series/ipl-2025-1449924/lucknow-super-giants-vs-mumbai-indians-16th-match-1473453/full-scorecard
2025-12-11 15:46:47 - __main__ - INFO - Match 1473453 already downloaded - skipping
2025-12-11 15:46:47 - __main__ - INFO - Processing match 17/74: https://www.espncricinfo.com/series/ipl-2025-1449924/chennai-super-kings-vs-delhi-capitals-17th-match-1473454/full-scorecard
2025-12-11 15:46:47 - __main__ - INFO - Match 1473454 already downloaded - skipping
2025-12-11 15:46:47 - __main__ - INFO - Processing match 18/74: https://www.espncricinfo.com/series/ipl-2025-1449924/punjab-kings-vs-rajasthan-royals-18th-match-1473455/full-scorecard
2025-12-11 15:46:47 - __main__ - INFO - Match 1473455 already downloaded - skipping
2025-12-11 15:46:47 - __main__ - INFO - Processing match 19/74: https://www.espncricinfo.com/series/ipl-2025-1449924/sunrisers-hyderabad-vs-gujarat-titans-19th-match-1473457/full-scorecard
2025-12-11 15:46:47 - __main__ - INFO - Match 1473457 already downloaded - skipping
2025-12-11 15:46:47 - __main__ - INFO - Processing match 20/74: https://www.espncricinfo.com/series/ipl-2025-1449924/mumbai-indians-vs-royal-challengers-bengaluru-20th-match-1473458/full-scorecard
2025-12-11 15:46:47 - __main__ - INFO - Match 1473458 already downloaded - skipping
2025-12-11 15:46:47 - __main__ - INFO - Processing match 21/74: https://www.espncricinfo.com/series/ipl-2025-1449924/kolkata-knight-riders-vs-lucknow-super-giants-21st-match-1473456/full-scorecard
2025-12-11 15:46:47 - __main__ - INFO - Match 1473456 already downloaded - skipping
2025-12-11 15:46:47 - __main__ - INFO - Processing match 22/74: https://www.espncricinfo.com/series/ipl-2025-1449924/punjab-kings-vs-chennai-super-kings-22nd-match-1473459/full-scorecard
2025-12-11 15:46:47 - __main__ - INFO - Match 1473459 already downloaded - skipping
2025-12-11 15:46:47 - __main__ - INFO - Processing match 23/74: https://www.espncricinfo.com/series/ipl-2025-1449924/gujarat-titans-vs-rajasthan-royals-23rd-match-1473460/full-scorecard
2025-12-11 15:46:47 - __main__ - INFO - Match 1473460 already downloaded - skipping
2025-12-11 15:46:47 - __main__ - INFO - Processing match 24/74: https://www.espncricinfo.com/series/ipl-2025-1449924/royal-challengers-bengaluru-vs-delhi-capitals-24th-match-1473461/full-scorecard
2025-12-11 15:46:47 - __main__ - INFO - Match 1473461 already downloaded - skipping
2025-12-11 15:46:47 - __main__ - INFO - Processing match 25/74: https://www.espncricinfo.com/series/ipl-2025-1449924/chennai-super-kings-vs-kolkata-knight-riders-25th-match-1473462/full-scorecard
2025-12-11 15:46:47 - __main__ - INFO - Match 1473462 already downloaded - skipping
2025-12-11 15:46:47 - __main__ - INFO - Processing match 26/74: https://www.espncricinfo.com/series/ipl-2025-1449924/lucknow-super-giants-vs-gujarat-titans-26th-match-1473463/full-scorecard
2025-12-11 15:46:47 - __main__ - INFO - Match 1473463 already downloaded - skipping
2025-12-11 15:46:47 - __main__ - INFO - Processing match 27/74: https://www.espncricinfo.com/series/ipl-2025-1449924/sunrisers-hyderabad-vs-punjab-kings-27th-match-1473464/full-scorecard
2025-12-11 15:46:47 - __main__ - INFO - Match 1473464 already downloaded - skipping
2025-12-11 15:46:47 - __main__ - INFO - Processing match 28/74: https://www.espncricinfo.com/series/ipl-2025-1449924/rajasthan-royals-vs-royal-challengers-bengaluru-28th-match-1473465/full-scorecard
2025-12-11 15:46:47 - __main__ - INFO - Match 1473465 already downloaded - skipping
2025-12-11 15:46:47 - __main__ - INFO - Processing match 29/74: https://www.espncricinfo.com/series/ipl-2025-1449924/delhi-capitals-vs-mumbai-indians-29th-match-1473466/full-scorecard
2025-12-11 15:46:47 - __main__ - INFO - Match 1473466 already downloaded - skipping
2025-12-11 15:46:47 - __main__ - INFO - Processing match 30/74: https://www.espncricinfo.com/series/ipl-2025-1449924/lucknow-super-giants-vs-chennai-super-kings-30th-match-1473467/full-scorecard
2025-12-11 15:46:47 - __main__ - INFO - Match 1473467 already downloaded - skipping
2025-12-11 15:46:47 - __main__ - INFO - Processing match 31/74: https://www.espncricinfo.com/series/ipl-2025-1449924/punjab-kings-vs-kolkata-knight-riders-31st-match-1473468/full-scorecard
2025-12-11 15:46:47 - __main__ - INFO - Match 1473468 already downloaded - skipping
2025-12-11 15:46:47 - __main__ - INFO - Processing match 32/74: https://www.espncricinfo.com/series/ipl-2025-1449924/delhi-capitals-vs-rajasthan-royals-32nd-match-1473469/full-scorecard
2025-12-11 15:46:47 - __main__ - INFO - Match 1473469 already downloaded - skipping
2025-12-11 15:46:47 - __main__ - INFO - Processing match 33/74: https://www.espncricinfo.com/series/ipl-2025-1449924/mumbai-indians-vs-sunrisers-hyderabad-33rd-match-1473470/full-scorecard
2025-12-11 15:46:47 - __main__ - INFO - Match 1473470 already downloaded - skipping
2025-12-11 15:46:47 - __main__ - INFO - Processing match 34/74: https://www.espncricinfo.com/series/ipl-2025-1449924/royal-challengers-bengaluru-vs-punjab-kings-34th-match-1473471/full-scorecard
2025-12-11 15:46:47 - __main__ - INFO - Match 1473471 already downloaded - skipping
2025-12-11 15:46:47 - __main__ - INFO - Processing match 35/74: https://www.espncricinfo.com/series/ipl-2025-1449924/gujarat-titans-vs-delhi-capitals-35th-match-1473472/full-scorecard
2025-12-11 15:46:47 - __main__ - INFO - Match 1473472 already downloaded - skipping
2025-12-11 15:46:47 - __main__ - INFO - Processing match 36/74: https://www.espncricinfo.com/series/ipl-2025-1449924/rajasthan-royals-vs-lucknow-super-giants-36th-match-1473473/full-scorecard
2025-12-11 15:46:47 - __main__ - INFO - Match 1473473 already downloaded - skipping
2025-12-11 15:46:47 - __main__ - INFO - Processing match 37/74: https://www.espncricinfo.com/series/ipl-2025-1449924/punjab-kings-vs-royal-challengers-bengaluru-37th-match-1473474/full-scorecard
2025-12-11 15:46:47 - __main__ - INFO - Match 1473474 already downloaded - skipping
2025-12-11 15:46:47 - __main__ - INFO - Processing match 38/74: https://www.espncricinfo.com/series/ipl-2025-1449924/mumbai-indians-vs-chennai-super-kings-38th-match-1473475/full-scorecard
2025-12-11 15:46:47 - __main__ - INFO - Match 1473475 already downloaded - skipping
2025-12-11 15:46:47 - __main__ - INFO - Processing match 39/74: https://www.espncricinfo.com/series/ipl-2025-1449924/kolkata-knight-riders-vs-gujarat-titans-39th-match-1473476/full-scorecard
2025-12-11 15:46:47 - __main__ - INFO - Match 1473476 already downloaded - skipping
2025-12-11 15:46:47 - __main__ - INFO - Processing match 40/74: https://www.espncricinfo.com/series/ipl-2025-1449924/lucknow-super-giants-vs-delhi-capitals-40th-match-1473477/full-scorecard
2025-12-11 15:46:47 - __main__ - INFO - Match 1473477 already downloaded - skipping
2025-12-11 15:46:47 - __main__ - INFO - Processing match 41/74: https://www.espncricinfo.com/series/ipl-2025-1449924/sunrisers-hyderabad-vs-mumbai-indians-41st-match-1473478/full-scorecard
2025-12-11 15:46:47 - __main__ - INFO - Match 1473478 already downloaded - skipping
2025-12-11 15:46:47 - __main__ - INFO - Processing match 42/74: https://www.espncricinfo.com/series/ipl-2025-1449924/royal-challengers-bengaluru-vs-rajasthan-royals-42nd-match-1473479/full-scorecard
2025-12-11 15:46:47 - __main__ - INFO - Match 1473479 already downloaded - skipping
2025-12-11 15:46:47 - __main__ - INFO - Processing match 43/74: https://www.espncricinfo.com/series/ipl-2025-1449924/chennai-super-kings-vs-sunrisers-hyderabad-43rd-match-1473480/full-scorecard
2025-12-11 15:46:47 - __main__ - INFO - Match 1473480 already downloaded - skipping
2025-12-11 15:46:47 - __main__ - INFO - Processing match 44/74: https://www.espncricinfo.com/series/ipl-2025-1449924/kolkata-knight-riders-vs-punjab-kings-44th-match-1473481/full-scorecard
2025-12-11 15:46:47 - __main__ - INFO - Match 1473481 already downloaded - skipping
2025-12-11 15:46:47 - __main__ - INFO - Processing match 45/74: https://www.espncricinfo.com/series/ipl-2025-1449924/mumbai-indians-vs-lucknow-super-giants-45th-match-1473482/full-scorecard
2025-12-11 15:46:47 - __main__ - INFO - Match 1473482 already downloaded - skipping
2025-12-11 15:46:47 - __main__ - INFO - Processing match 46/74: https://www.espncricinfo.com/series/ipl-2025-1449924/delhi-capitals-vs-royal-challengers-bengaluru-46th-match-1473483/full-scorecard
2025-12-11 15:46:47 - __main__ - INFO - Match 1473483 already downloaded - skipping
2025-12-11 15:46:47 - __main__ - INFO - Processing match 47/74: https://www.espncricinfo.com/series/ipl-2025-1449924/rajasthan-royals-vs-gujarat-titans-47th-match-1473484/full-scorecard
2025-12-11 15:46:47 - __main__ - INFO - Match 1473484 already downloaded - skipping
2025-12-11 15:46:47 - __main__ - INFO - Processing match 48/74: https://www.espncricinfo.com/series/ipl-2025-1449924/delhi-capitals-vs-kolkata-knight-riders-48th-match-1473485/full-scorecard
2025-12-11 15:46:47 - __main__ - INFO - Match 1473485 already downloaded - skipping
2025-12-11 15:46:47 - __main__ - INFO - Processing match 49/74: https://www.espncricinfo.com/series/ipl-2025-1449924/chennai-super-kings-vs-punjab-kings-49th-match-1473486/full-scorecard
2025-12-11 15:46:47 - __main__ - INFO - Match 1473486 already downloaded - skipping
2025-12-11 15:46:47 - __main__ - INFO - Processing match 50/74: https://www.espncricinfo.com/series/ipl-2025-1449924/rajasthan-royals-vs-mumbai-indians-50th-match-1473487/full-scorecard
2025-12-11 15:46:47 - __main__ - INFO - Attempting to download match 1473487 (attempt 1/4)
2025-12-11 15:46:47 - scraping.player_extractor - INFO - PlayerExtractor initialized - Target: raw.match_players
2025-12-11 15:46:47 - scraping.match_scraper - INFO - Initializing WebDriver
2025-12-11 15:46:54 - scraping.match_scraper - INFO - Loading full scorecard - attempt 1
2025-12-11 15:47:07 - scraping.match_scraper - INFO - full scorecard loaded successfully
2025-12-11 15:47:07 - scraping.match_scraper - INFO - Scrolling full scorecard page
2025-12-11 15:47:07 - core.page_navigator - INFO - Scrolling page 5 times
2025-12-11 15:47:25 - core.page_navigator - INFO - Page scrolling completed
2025-12-11 15:47:28 - scraping.match_scraper - INFO - Extracting metadata
2025-12-11 15:47:28 - core.metadata_extractor - INFO - Found 14 metadata rows for match 1473487
2025-12-11 15:47:28 - core.metadata_extractor - INFO - Extracted 15 metadata fields for match 1473487
2025-12-11 15:47:28 - scraping.match_scraper - INFO - Extracting player rosters...
2025-12-11 15:47:28 - scraping.player_extractor - INFO - Extracting players for match 1473487
2025-12-11 15:47:28 - core.metadata_extractor - INFO - Extracting player names for match 1473487
2025-12-11 15:47:28 - core.metadata_extractor - INFO - Found 2 batting scorecard table(s)
2025-12-11 15:47:28 - core.metadata_extractor - INFO -   Innings 1: Mumbai Indians (batting)
2025-12-11 15:47:28 - core.metadata_extractor - INFO -   Innings 2: Rajasthan Royals (batting)
2025-12-11 15:47:28 - core.metadata_extractor - INFO -   innings_1 (Mumbai Indians): 4 batted, 7 did not bat
2025-12-11 15:47:28 - core.metadata_extractor - INFO -   innings_2 (Rajasthan Royals): 11 batted, 0 did not bat
2025-12-11 15:47:28 - core.metadata_extractor - INFO - Found 2 bowling table(s)
2025-12-11 15:47:28 - core.metadata_extractor - INFO -   innings_1 bowling: Rajasthan Royals (bowling against Mumbai Indians)
2025-12-11 15:47:28 - core.metadata_extractor - INFO -   innings_1 bowling (Rajasthan Royals): 6 bowlers
2025-12-11 15:47:28 - core.metadata_extractor - INFO -   innings_2 bowling: Mumbai Indians (bowling against Rajasthan Royals)
2025-12-11 15:47:28 - core.metadata_extractor - INFO -   innings_2 bowling (Mumbai Indians): 6 bowlers
2025-12-11 15:47:28 - core.metadata_extractor - INFO - Created DataFrame with 34 player records, 24 unique players
2025-12-11 15:47:28 - scraping.player_extractor - INFO - Extracted 24 players for match 1473487
2025-12-11 15:47:28 - scraping.player_extractor - INFO -   Teams: Rajasthan Royals, Mumbai Indians
2025-12-11 15:47:28 - scraping.player_extractor - INFO -   Batted: 10, Did not bat: 14
2025-12-11 15:47:28 - scraping.player_extractor - INFO -   Regular: 23, Impact: 1
2025-12-11 15:47:28 - scraping.player_extractor - INFO -   Impact players: Shubham Dubey
2025-12-11 15:47:28 - scraping.match_scraper - INFO - Stored 24 players
2025-12-11 15:47:28 - scraping.match_scraper - INFO -   - Rajasthan Royals
2025-12-11 15:47:28 - scraping.match_scraper - INFO -   - Mumbai Indians
2025-12-11 15:47:28 - scraping.match_scraper - INFO - Loading commentary page - attempt 1
2025-12-11 15:47:38 - scraping.match_scraper - INFO - commentary page loaded successfully
2025-12-11 15:47:38 - scraping.match_scraper - INFO - Scrolling commentary page
2025-12-11 15:47:38 - core.page_navigator - INFO - Scrolling page 20 times
2025-12-11 15:48:39 - core.page_navigator - INFO - Page scrolling completed
2025-12-11 15:48:42 - scraping.match_scraper - INFO - Getting current innings team
2025-12-11 15:48:42 - scraping.match_scraper - INFO - Default innings: RR
2025-12-11 15:48:42 - scraping.match_scraper - INFO - Getting all innings options
2025-12-11 15:49:17 - core.page_navigator - INFO - Found 2 innings options: ['MI', 'RR']
2025-12-11 15:49:19 - scraping.match_scraper - INFO - All innings: ['MI', 'RR']
2025-12-11 15:49:19 - scraping.match_scraper - INFO - Regular innings: ['MI', 'RR']
2025-12-11 15:49:19 - scraping.match_scraper - INFO - Super overs: []
2025-12-11 15:49:19 - scraping.match_scraper - INFO - Scraping default innings: RR
2025-12-11 15:49:20 - core.commentary_parser - INFO - Found 100 commentary blocks
2025-12-11 15:49:20 - core.commentary_parser - INFO - Parsed 100 commentary entries
2025-12-11 15:49:20 - core.commentary_parser - INFO - Normalizing to 6 columns (most common)
2025-12-11 15:49:20 - core.commentary_parser - INFO - Normalized 100 rows to 6 columns
2025-12-11 15:49:20 - core.commentary_parser - INFO - DataFrame created with 100 rows and 6 columns
2025-12-11 15:49:20 - core.commentary_parser - INFO - Final DataFrame: 100 rows with columns: ['Ball', 'Event', 'Score', 'Commentary', 'Bowler', 'Batsman']
2025-12-11 15:49:20 - core.commentary_parser - INFO -   Rows with commentary: 100
2025-12-11 15:49:20 - core.commentary_parser - INFO -   Rows without commentary: 0
2025-12-11 15:49:20 - scraping.match_scraper - INFO - RR: 100 events (super_over=False)
2025-12-11 15:49:20 - scraping.match_scraper - INFO - Switching to innings: MI
2025-12-11 15:49:20 - core.page_navigator - INFO - Scrolling to top of page
2025-12-11 15:49:24 - core.page_navigator - INFO - Switching to innings: MI
2025-12-11 15:49:58 - core.page_navigator - INFO - Found target innings: MI
2025-12-11 15:50:02 - core.page_navigator - INFO - Successfully switched to MI
2025-12-11 15:50:02 - scraping.match_scraper - INFO - Successfully switched to: MI
2025-12-11 15:50:05 - core.page_navigator - INFO - Scrolling page 20 times
2025-12-11 15:51:06 - core.page_navigator - INFO - Page scrolling completed
2025-12-11 15:51:09 - scraping.match_scraper - INFO - Scraping innings: MI
2025-12-11 15:51:09 - core.commentary_parser - INFO - Found 126 commentary blocks
2025-12-11 15:51:09 - core.commentary_parser - INFO - Parsed 126 commentary entries
2025-12-11 15:51:09 - core.commentary_parser - INFO - Normalizing to 6 columns (most common)
2025-12-11 15:51:09 - core.commentary_parser - INFO - Normalized 126 rows to 6 columns
2025-12-11 15:51:09 - core.commentary_parser - INFO - DataFrame created with 126 rows and 6 columns
2025-12-11 15:51:09 - core.commentary_parser - INFO - Final DataFrame: 126 rows with columns: ['Ball', 'Event', 'Score', 'Commentary', 'Bowler', 'Batsman']
2025-12-11 15:51:09 - core.commentary_parser - INFO -   Rows with commentary: 126
2025-12-11 15:51:09 - core.commentary_parser - INFO -   Rows without commentary: 0
2025-12-11 15:51:09 - scraping.match_scraper - INFO - MI: 126 events (super_over=False)
2025-12-11 15:51:09 - scraping.match_scraper - INFO - Combining all innings dataframes
2025-12-11 15:51:09 - scraping.match_scraper - INFO - Total events: 226 across 2 innings
2025-12-11 15:51:09 - scraping.match_scraper - INFO -   - Regular innings: 226 events
2025-12-11 15:51:09 - scraping.match_scraper - INFO -   - Super over(s): 0 events
2025-12-11 15:51:09 - scraping.match_scraper - INFO - Saving commentary to database
2025-12-11 15:51:10 - scraping.match_scraper - INFO - Commentary saved: 226 total events
2025-12-11 15:51:10 - scraping.match_scraper - INFO - Saving metadata to database
2025-12-11 15:51:10 - scraping.match_scraper - INFO - Metadata saved with super_over_count=0
2025-12-11 15:51:10 - scraping.match_scraper - INFO - Saving match players to database
2025-12-11 15:51:10 - scraping.match_scraper - INFO - Successfully completed scraping match 1473487
2025-12-11 15:51:10 - scraping.match_scraper - INFO - Closing WebDriver
2025-12-11 15:51:12 - __main__ - INFO - Successfully downloaded match 1473487
2025-12-11 15:51:22 - __main__ - INFO - Processing match 51/74: https://www.espncricinfo.com/series/ipl-2025-1449924/gujarat-titans-vs-sunrisers-hyderabad-51st-match-1473488/full-scorecard
2025-12-11 15:51:22 - __main__ - INFO - Attempting to download match 1473488 (attempt 1/4)
2025-12-11 15:51:22 - scraping.player_extractor - INFO - PlayerExtractor initialized - Target: raw.match_players
2025-12-11 15:51:22 - scraping.match_scraper - INFO - Initializing WebDriver
2025-12-11 15:51:28 - scraping.match_scraper - INFO - Loading full scorecard - attempt 1
2025-12-11 15:51:41 - scraping.match_scraper - INFO - full scorecard loaded successfully
2025-12-11 15:51:41 - scraping.match_scraper - INFO - Scrolling full scorecard page
2025-12-11 15:51:41 - core.page_navigator - INFO - Scrolling page 5 times
2025-12-11 15:51:58 - core.page_navigator - INFO - Page scrolling completed
2025-12-11 15:52:01 - scraping.match_scraper - INFO - Extracting metadata
2025-12-11 15:52:02 - core.metadata_extractor - INFO - Found 14 metadata rows for match 1473488
2025-12-11 15:52:02 - core.metadata_extractor - INFO - Extracted 15 metadata fields for match 1473488
2025-12-11 15:52:02 - scraping.match_scraper - INFO - Extracting player rosters...
2025-12-11 15:52:02 - scraping.player_extractor - INFO - Extracting players for match 1473488
2025-12-11 15:52:02 - core.metadata_extractor - INFO - Extracting player names for match 1473488
2025-12-11 15:52:02 - core.metadata_extractor - INFO - Found 2 batting scorecard table(s)
2025-12-11 15:52:02 - core.metadata_extractor - INFO -   Innings 1: Gujarat Titans (batting)
2025-12-11 15:52:02 - core.metadata_extractor - INFO -   Innings 2: Sunrisers Hyderabad (batting)
2025-12-11 15:52:02 - core.metadata_extractor - INFO -   innings_1 (Gujarat Titans): 7 batted, 4 did not bat
2025-12-11 15:52:02 - core.metadata_extractor - INFO -   innings_2 (Sunrisers Hyderabad): 8 batted, 3 did not bat
2025-12-11 15:52:02 - core.metadata_extractor - INFO - Found 2 bowling table(s)
2025-12-11 15:52:02 - core.metadata_extractor - INFO -   innings_1 bowling: Sunrisers Hyderabad (bowling against Gujarat Titans)
2025-12-11 15:52:02 - core.metadata_extractor - INFO -   innings_1 bowling (Sunrisers Hyderabad): 6 bowlers
2025-12-11 15:52:02 - core.metadata_extractor - INFO -   innings_2 bowling: Gujarat Titans (bowling against Sunrisers Hyderabad)
2025-12-11 15:52:02 - core.metadata_extractor - INFO -   innings_2 bowling (Gujarat Titans): 7 bowlers
2025-12-11 15:52:02 - core.metadata_extractor - INFO - Created DataFrame with 35 player records, 24 unique players
2025-12-11 15:52:02 - scraping.player_extractor - INFO - Extracted 24 players for match 1473488
2025-12-11 15:52:02 - scraping.player_extractor - INFO -   Teams: Sunrisers Hyderabad, Gujarat Titans
2025-12-11 15:52:02 - scraping.player_extractor - INFO -   Batted: 12, Did not bat: 12
2025-12-11 15:52:02 - scraping.player_extractor - INFO -   Regular: 23, Impact: 1
2025-12-11 15:52:02 - scraping.player_extractor - INFO -   Impact players: Travis Head
2025-12-11 15:52:02 - scraping.match_scraper - INFO - Stored 24 players
2025-12-11 15:52:02 - scraping.match_scraper - INFO -   - Sunrisers Hyderabad
2025-12-11 15:52:02 - scraping.match_scraper - INFO -   - Gujarat Titans
2025-12-11 15:52:02 - scraping.match_scraper - INFO - Loading commentary page - attempt 1
2025-12-11 15:52:12 - scraping.match_scraper - INFO - commentary page loaded successfully
2025-12-11 15:52:12 - scraping.match_scraper - INFO - Scrolling commentary page
2025-12-11 15:52:12 - core.page_navigator - INFO - Scrolling page 20 times
2025-12-11 15:53:14 - core.page_navigator - INFO - Page scrolling completed
2025-12-11 15:53:17 - scraping.match_scraper - INFO - Getting current innings team
2025-12-11 15:53:17 - scraping.match_scraper - INFO - Default innings: SRH
2025-12-11 15:53:17 - scraping.match_scraper - INFO - Getting all innings options
2025-12-11 15:53:52 - core.page_navigator - INFO - Found 2 innings options: ['GT', 'SRH']
2025-12-11 15:53:54 - scraping.match_scraper - INFO - All innings: ['GT', 'SRH']
2025-12-11 15:53:54 - scraping.match_scraper - INFO - Regular innings: ['GT', 'SRH']
2025-12-11 15:53:54 - scraping.match_scraper - INFO - Super overs: []
2025-12-11 15:53:54 - scraping.match_scraper - INFO - Scraping default innings: SRH
2025-12-11 15:53:55 - core.commentary_parser - INFO - Found 127 commentary blocks
2025-12-11 15:53:55 - core.commentary_parser - INFO - Parsed 127 commentary entries
2025-12-11 15:53:55 - core.commentary_parser - INFO - Normalizing to 6 columns (most common)
2025-12-11 15:53:55 - core.commentary_parser - INFO - Normalized 127 rows to 6 columns
2025-12-11 15:53:55 - core.commentary_parser - INFO - DataFrame created with 127 rows and 6 columns
2025-12-11 15:53:55 - core.commentary_parser - INFO - Final DataFrame: 127 rows with columns: ['Ball', 'Event', 'Score', 'Commentary', 'Bowler', 'Batsman']
2025-12-11 15:53:55 - core.commentary_parser - INFO -   Rows with commentary: 127
2025-12-11 15:53:55 - core.commentary_parser - INFO -   Rows without commentary: 0
2025-12-11 15:53:55 - scraping.match_scraper - INFO - SRH: 127 events (super_over=False)
2025-12-11 15:53:55 - scraping.match_scraper - INFO - Switching to innings: GT
2025-12-11 15:53:55 - core.page_navigator - INFO - Scrolling to top of page
2025-12-11 15:53:59 - core.page_navigator - INFO - Switching to innings: GT
2025-12-11 15:54:33 - core.page_navigator - INFO - Found target innings: GT
2025-12-11 15:54:37 - core.page_navigator - INFO - Successfully switched to GT
2025-12-11 15:54:37 - scraping.match_scraper - INFO - Successfully switched to: GT
2025-12-11 15:54:40 - core.page_navigator - INFO - Scrolling page 20 times
2025-12-11 15:55:40 - core.page_navigator - INFO - Page scrolling completed
2025-12-11 15:55:43 - scraping.match_scraper - INFO - Scraping innings: GT
2025-12-11 15:55:44 - core.commentary_parser - INFO - Found 123 commentary blocks
2025-12-11 15:55:44 - core.commentary_parser - INFO - Parsed 123 commentary entries
2025-12-11 15:55:44 - core.commentary_parser - INFO - Normalizing to 6 columns (most common)
2025-12-11 15:55:44 - core.commentary_parser - INFO - Normalized 123 rows to 6 columns
2025-12-11 15:55:44 - core.commentary_parser - INFO - DataFrame created with 123 rows and 6 columns
2025-12-11 15:55:44 - core.commentary_parser - INFO - Final DataFrame: 123 rows with columns: ['Ball', 'Event', 'Score', 'Commentary', 'Bowler', 'Batsman']
2025-12-11 15:55:44 - core.commentary_parser - INFO -   Rows with commentary: 123
2025-12-11 15:55:44 - core.commentary_parser - INFO -   Rows without commentary: 0
2025-12-11 15:55:44 - scraping.match_scraper - INFO - GT: 123 events (super_over=False)
2025-12-11 15:55:44 - scraping.match_scraper - INFO - Combining all innings dataframes
2025-12-11 15:55:44 - scraping.match_scraper - INFO - Total events: 250 across 2 innings
2025-12-11 15:55:44 - scraping.match_scraper - INFO -   - Regular innings: 250 events
2025-12-11 15:55:44 - scraping.match_scraper - INFO -   - Super over(s): 0 events
2025-12-11 15:55:44 - scraping.match_scraper - INFO - Saving commentary to database
2025-12-11 15:55:44 - scraping.match_scraper - INFO - Commentary saved: 250 total events
2025-12-11 15:55:44 - scraping.match_scraper - INFO - Saving metadata to database
2025-12-11 15:55:44 - scraping.match_scraper - INFO - Metadata saved with super_over_count=0
2025-12-11 15:55:44 - scraping.match_scraper - INFO - Saving match players to database
2025-12-11 15:55:44 - scraping.match_scraper - INFO - Successfully completed scraping match 1473488
2025-12-11 15:55:44 - scraping.match_scraper - INFO - Closing WebDriver
2025-12-11 15:55:46 - __main__ - INFO - Successfully downloaded match 1473488
2025-12-11 15:55:56 - __main__ - INFO - Processing match 52/74: https://www.espncricinfo.com/series/ipl-2025-1449924/royal-challengers-bengaluru-vs-chennai-super-kings-52nd-match-1473489/full-scorecard
2025-12-11 15:55:56 - __main__ - INFO - Attempting to download match 1473489 (attempt 1/4)
2025-12-11 15:55:56 - scraping.player_extractor - INFO - PlayerExtractor initialized - Target: raw.match_players
2025-12-11 15:55:56 - scraping.match_scraper - INFO - Initializing WebDriver
2025-12-11 15:56:04 - scraping.match_scraper - INFO - Loading full scorecard - attempt 1
2025-12-11 15:56:18 - scraping.match_scraper - INFO - full scorecard loaded successfully
2025-12-11 15:56:18 - scraping.match_scraper - INFO - Scrolling full scorecard page
2025-12-11 15:56:18 - core.page_navigator - INFO - Scrolling page 5 times
2025-12-11 15:56:34 - core.page_navigator - INFO - Page scrolling completed
2025-12-11 15:56:37 - scraping.match_scraper - INFO - Extracting metadata
2025-12-11 15:56:39 - core.metadata_extractor - INFO - Found 14 metadata rows for match 1473489
2025-12-11 15:56:39 - core.metadata_extractor - INFO - Extracted 15 metadata fields for match 1473489
2025-12-11 15:56:39 - scraping.match_scraper - INFO - Extracting player rosters...
2025-12-11 15:56:39 - scraping.player_extractor - INFO - Extracting players for match 1473489
2025-12-11 15:56:39 - core.metadata_extractor - INFO - Extracting player names for match 1473489
2025-12-11 15:56:39 - core.metadata_extractor - INFO - Found 2 batting scorecard table(s)
2025-12-11 15:56:39 - core.metadata_extractor - INFO -   Innings 1: Royal Challengers Bengaluru (batting)
2025-12-11 15:56:39 - core.metadata_extractor - INFO -   Innings 2: Chennai Super Kings (batting)
2025-12-11 15:56:39 - core.metadata_extractor - INFO -   innings_1 (Royal Challengers Bengaluru): 7 batted, 4 did not bat
2025-12-11 15:56:39 - core.metadata_extractor - INFO -   innings_2 (Chennai Super Kings): 7 batted, 4 did not bat
2025-12-11 15:56:39 - core.metadata_extractor - INFO - Found 2 bowling table(s)
2025-12-11 15:56:39 - core.metadata_extractor - INFO -   innings_1 bowling: Chennai Super Kings (bowling against Royal Challengers Bengaluru)
2025-12-11 15:56:39 - core.metadata_extractor - INFO -   innings_1 bowling (Chennai Super Kings): 6 bowlers
2025-12-11 15:56:39 - core.metadata_extractor - INFO -   innings_2 bowling: Royal Challengers Bengaluru (bowling against Chennai Super Kings)
2025-12-11 15:56:39 - core.metadata_extractor - INFO -   innings_2 bowling (Royal Challengers Bengaluru): 6 bowlers
2025-12-11 15:56:39 - core.metadata_extractor - INFO - Created DataFrame with 34 player records, 24 unique players
2025-12-11 15:56:39 - scraping.player_extractor - INFO - Extracted 24 players for match 1473489
2025-12-11 15:56:39 - scraping.player_extractor - INFO -   Teams: Chennai Super Kings, Royal Challengers Bengaluru
2025-12-11 15:56:39 - scraping.player_extractor - INFO -   Batted: 12, Did not bat: 12
2025-12-11 15:56:39 - scraping.player_extractor - INFO -   Regular: 23, Impact: 1
2025-12-11 15:56:39 - scraping.player_extractor - INFO -   Impact players: Shivam Dube
2025-12-11 15:56:39 - scraping.match_scraper - INFO - Stored 24 players
2025-12-11 15:56:39 - scraping.match_scraper - INFO -   - Chennai Super Kings
2025-12-11 15:56:39 - scraping.match_scraper - INFO -   - Royal Challengers Bengaluru
2025-12-11 15:56:39 - scraping.match_scraper - INFO - Loading commentary page - attempt 1
2025-12-11 15:56:52 - scraping.match_scraper - INFO - commentary page loaded successfully
2025-12-11 15:56:52 - scraping.match_scraper - INFO - Scrolling commentary page
2025-12-11 15:56:52 - core.page_navigator - INFO - Scrolling page 20 times
2025-12-11 15:59:25 - core.page_navigator - ERROR - Error during page scroll: HTTPConnectionPool(host='localhost', port=62446): Read timed out. (read timeout=120)
2025-12-11 15:59:28 - scraping.match_scraper - INFO - Getting current innings team
2025-12-11 16:01:28 - scraping.match_scraper - ERROR - Error scraping match 1473489: HTTPConnectionPool(host='localhost', port=62446): Read timed out. (read timeout=120)
Traceback (most recent call last):
  File "C:\Users\prade\PycharmProjects\Cricinfo_scraper\.venv\Lib\site-packages\urllib3\connectionpool.py", line 534, in _make_request
    response = conn.getresponse()
               ^^^^^^^^^^^^^^^^^^
  File "C:\Users\prade\PycharmProjects\Cricinfo_scraper\.venv\Lib\site-packages\urllib3\connection.py", line 516, in getresponse
    httplib_response = super().getresponse()
                       ^^^^^^^^^^^^^^^^^^^^^
  File "C:\Users\prade\AppData\Local\Programs\Python\Python311\Lib\http\client.py", line 1395, in getresponse
    response.begin()
  File "C:\Users\prade\AppData\Local\Programs\Python\Python311\Lib\http\client.py", line 325, in begin
    version, status, reason = self._read_status()
                              ^^^^^^^^^^^^^^^^^^^
  File "C:\Users\prade\AppData\Local\Programs\Python\Python311\Lib\http\client.py", line 286, in _read_status
    line = str(self.fp.readline(_MAXLINE + 1), "iso-8859-1")
               ^^^^^^^^^^^^^^^^^^^^^^^^^^^^^^
  File "C:\Users\prade\AppData\Local\Programs\Python\Python311\Lib\socket.py", line 706, in readinto
    return self._sock.recv_into(b)
           ^^^^^^^^^^^^^^^^^^^^^^^
TimeoutError: timed out

The above exception was the direct cause of the following exception:

Traceback (most recent call last):
  File "C:\Users\prade\Pycharm\Cricinfo_scraper\scraping\match_scraper.py", line 197, in scrape
    default_innings = self.get_current_innings_team(driver)
                      ^^^^^^^^^^^^^^^^^^^^^^^^^^^^^^^^^^^^^
  File "C:\Users\prade\Pycharm\Cricinfo_scraper\scraping\match_scraper.py", line 409, in get_current_innings_team
    team_element = driver.find_element("css selector", "div.ds-cursor-pointer.ds-min-w-max")
                   ^^^^^^^^^^^^^^^^^^^^^^^^^^^^^^^^^^^^^^^^^^^^^^^^^^^^^^^^^^^^^^^^^^^^^^^^^
  File "C:\Users\prade\PycharmProjects\Cricinfo_scraper\.venv\Lib\site-packages\selenium\webdriver\remote\webdriver.py", line 914, in find_element
    return self.execute(Command.FIND_ELEMENT, {"using": by, "value": value})["value"]
           ^^^^^^^^^^^^^^^^^^^^^^^^^^^^^^^^^^^^^^^^^^^^^^^^^^^^^^^^^^^^^^^^^
  File "C:\Users\prade\PycharmProjects\Cricinfo_scraper\.venv\Lib\site-packages\selenium\webdriver\remote\webdriver.py", line 445, in execute
    response = self.command_executor.execute(driver_command, params)
               ^^^^^^^^^^^^^^^^^^^^^^^^^^^^^^^^^^^^^^^^^^^^^^^^^^^^^
  File "C:\Users\prade\PycharmProjects\Cricinfo_scraper\.venv\Lib\site-packages\selenium\webdriver\remote\remote_connection.py", line 404, in execute
    return self._request(command_info[0], url, body=data)
           ^^^^^^^^^^^^^^^^^^^^^^^^^^^^^^^^^^^^^^^^^^^^^^
  File "C:\Users\prade\PycharmProjects\Cricinfo_scraper\.venv\Lib\site-packages\selenium\webdriver\remote\remote_connection.py", line 428, in _request
    response = self._conn.request(method, url, body=body, headers=headers, timeout=self._client_config.timeout)
               ^^^^^^^^^^^^^^^^^^^^^^^^^^^^^^^^^^^^^^^^^^^^^^^^^^^^^^^^^^^^^^^^^^^^^^^^^^^^^^^^^^^^^^^^^^^^^^^^
  File "C:\Users\prade\PycharmProjects\Cricinfo_scraper\.venv\Lib\site-packages\urllib3\_request_methods.py", line 143, in request
    return self.request_encode_body(
           ^^^^^^^^^^^^^^^^^^^^^^^^^
  File "C:\Users\prade\PycharmProjects\Cricinfo_scraper\.venv\Lib\site-packages\urllib3\_request_methods.py", line 278, in request_encode_body
    return self.urlopen(method, url, **extra_kw)
           ^^^^^^^^^^^^^^^^^^^^^^^^^^^^^^^^^^^^^
  File "C:\Users\prade\PycharmProjects\Cricinfo_scraper\.venv\Lib\site-packages\urllib3\poolmanager.py", line 443, in urlopen
    response = conn.urlopen(method, u.request_uri, **kw)
               ^^^^^^^^^^^^^^^^^^^^^^^^^^^^^^^^^^^^^^^^^
  File "C:\Users\prade\PycharmProjects\Cricinfo_scraper\.venv\Lib\site-packages\urllib3\connectionpool.py", line 841, in urlopen
    retries = retries.increment(
              ^^^^^^^^^^^^^^^^^^
  File "C:\Users\prade\PycharmProjects\Cricinfo_scraper\.venv\Lib\site-packages\urllib3\util\retry.py", line 474, in increment
    raise reraise(type(error), error, _stacktrace)
          ^^^^^^^^^^^^^^^^^^^^^^^^^^^^^^^^^^^^^^^^
  File "C:\Users\prade\PycharmProjects\Cricinfo_scraper\.venv\Lib\site-packages\urllib3\util\util.py", line 39, in reraise
    raise value
  File "C:\Users\prade\PycharmProjects\Cricinfo_scraper\.venv\Lib\site-packages\urllib3\connectionpool.py", line 787, in urlopen
    response = self._make_request(
               ^^^^^^^^^^^^^^^^^^^
  File "C:\Users\prade\PycharmProjects\Cricinfo_scraper\.venv\Lib\site-packages\urllib3\connectionpool.py", line 536, in _make_request
    self._raise_timeout(err=e, url=url, timeout_value=read_timeout)
  File "C:\Users\prade\PycharmProjects\Cricinfo_scraper\.venv\Lib\site-packages\urllib3\connectionpool.py", line 367, in _raise_timeout
    raise ReadTimeoutError(
urllib3.exceptions.ReadTimeoutError: HTTPConnectionPool(host='localhost', port=62446): Read timed out. (read timeout=120)
2025-12-11 16:01:28 - scraping.match_scraper - INFO - Closing WebDriver
2025-12-11 16:09:41 - __main__ - WARNING - Connection error for match 1473489 (attempt 1): HTTPConnectionPool(host='localhost', port=62446): Read timed out. (read timeout=120)
2025-12-11 16:09:41 - __main__ - INFO - Retrying match 1473489 in 30 seconds...
2025-12-11 16:10:11 - __main__ - INFO - Attempting to download match 1473489 (attempt 2/4)
2025-12-11 16:10:11 - scraping.player_extractor - INFO - PlayerExtractor initialized - Target: raw.match_players
2025-12-11 16:10:11 - scraping.match_scraper - INFO - Initializing WebDriver
2025-12-11 16:10:19 - scraping.match_scraper - INFO - Loading full scorecard - attempt 1
2025-12-11 16:10:31 - scraping.match_scraper - INFO - full scorecard loaded successfully
2025-12-11 16:10:31 - scraping.match_scraper - INFO - Scrolling full scorecard page
2025-12-11 16:10:31 - core.page_navigator - INFO - Scrolling page 5 times
2025-12-11 16:10:53 - core.page_navigator - INFO - Page scrolling completed
2025-12-11 16:10:56 - scraping.match_scraper - INFO - Extracting metadata
2025-12-11 16:10:59 - core.metadata_extractor - INFO - Found 14 metadata rows for match 1473489
2025-12-11 16:10:59 - core.metadata_extractor - INFO - Extracted 15 metadata fields for match 1473489
2025-12-11 16:10:59 - scraping.match_scraper - INFO - Extracting player rosters...
2025-12-11 16:10:59 - scraping.player_extractor - INFO - Extracting players for match 1473489
2025-12-11 16:11:00 - core.metadata_extractor - INFO - Extracting player names for match 1473489
2025-12-11 16:11:00 - core.metadata_extractor - INFO - Found 2 batting scorecard table(s)
2025-12-11 16:11:00 - core.metadata_extractor - INFO -   Innings 1: Royal Challengers Bengaluru (batting)
2025-12-11 16:11:00 - core.metadata_extractor - INFO -   Innings 2: Chennai Super Kings (batting)
2025-12-11 16:11:00 - core.metadata_extractor - INFO -   innings_1 (Royal Challengers Bengaluru): 7 batted, 4 did not bat
2025-12-11 16:11:00 - core.metadata_extractor - INFO -   innings_2 (Chennai Super Kings): 7 batted, 4 did not bat
2025-12-11 16:11:00 - core.metadata_extractor - INFO - Found 2 bowling table(s)
2025-12-11 16:11:00 - core.metadata_extractor - INFO -   innings_1 bowling: Chennai Super Kings (bowling against Royal Challengers Bengaluru)
2025-12-11 16:11:00 - core.metadata_extractor - INFO -   innings_1 bowling (Chennai Super Kings): 6 bowlers
2025-12-11 16:11:00 - core.metadata_extractor - INFO -   innings_2 bowling: Royal Challengers Bengaluru (bowling against Chennai Super Kings)
2025-12-11 16:11:00 - core.metadata_extractor - INFO -   innings_2 bowling (Royal Challengers Bengaluru): 6 bowlers
2025-12-11 16:11:00 - core.metadata_extractor - INFO - Created DataFrame with 34 player records, 24 unique players
2025-12-11 16:11:00 - scraping.player_extractor - INFO - Extracted 24 players for match 1473489
2025-12-11 16:11:00 - scraping.player_extractor - INFO -   Teams: Chennai Super Kings, Royal Challengers Bengaluru
2025-12-11 16:11:00 - scraping.player_extractor - INFO -   Batted: 12, Did not bat: 12
2025-12-11 16:11:00 - scraping.player_extractor - INFO -   Regular: 23, Impact: 1
2025-12-11 16:11:00 - scraping.player_extractor - INFO -   Impact players: Shivam Dube
2025-12-11 16:11:00 - scraping.match_scraper - INFO - Stored 24 players
2025-12-11 16:11:00 - scraping.match_scraper - INFO -   - Chennai Super Kings
2025-12-11 16:11:00 - scraping.match_scraper - INFO -   - Royal Challengers Bengaluru
2025-12-11 16:11:00 - scraping.match_scraper - INFO - Loading commentary page - attempt 1
2025-12-11 16:11:13 - scraping.match_scraper - INFO - commentary page loaded successfully
2025-12-11 16:11:13 - scraping.match_scraper - INFO - Scrolling commentary page
2025-12-11 16:11:13 - core.page_navigator - INFO - Scrolling page 20 times
2025-12-11 16:12:16 - core.page_navigator - INFO - Page scrolling completed
2025-12-11 16:12:19 - scraping.match_scraper - INFO - Getting current innings team
2025-12-11 16:12:19 - scraping.match_scraper - INFO - Default innings: CSK
2025-12-11 16:12:19 - scraping.match_scraper - INFO - Getting all innings options
2025-12-11 16:12:54 - core.page_navigator - INFO - Found 2 innings options: ['RCB', 'CSK']
2025-12-11 16:12:56 - scraping.match_scraper - INFO - All innings: ['RCB', 'CSK']
2025-12-11 16:12:56 - scraping.match_scraper - INFO - Regular innings: ['RCB', 'CSK']
2025-12-11 16:12:56 - scraping.match_scraper - INFO - Super overs: []
2025-12-11 16:12:56 - scraping.match_scraper - INFO - Scraping default innings: CSK
2025-12-11 16:12:57 - core.commentary_parser - INFO - Found 121 commentary blocks
2025-12-11 16:12:57 - core.commentary_parser - INFO - Parsed 121 commentary entries
2025-12-11 16:12:57 - core.commentary_parser - INFO - Normalizing to 6 columns (most common)
2025-12-11 16:12:57 - core.commentary_parser - INFO - Normalized 121 rows to 6 columns
2025-12-11 16:12:57 - core.commentary_parser - INFO - DataFrame created with 121 rows and 6 columns
2025-12-11 16:12:57 - core.commentary_parser - INFO - Final DataFrame: 121 rows with columns: ['Ball', 'Event', 'Score', 'Commentary', 'Bowler', 'Batsman']
2025-12-11 16:12:57 - core.commentary_parser - INFO -   Rows with commentary: 121
2025-12-11 16:12:57 - core.commentary_parser - INFO -   Rows without commentary: 0
2025-12-11 16:12:57 - scraping.match_scraper - INFO - CSK: 121 events (super_over=False)
2025-12-11 16:12:57 - scraping.match_scraper - INFO - Switching to innings: RCB
2025-12-11 16:12:57 - core.page_navigator - INFO - Scrolling to top of page
2025-12-11 16:13:01 - core.page_navigator - INFO - Switching to innings: RCB
2025-12-11 16:13:35 - core.page_navigator - INFO - Found target innings: RCB
2025-12-11 16:13:39 - core.page_navigator - INFO - Successfully switched to RCB
2025-12-11 16:13:39 - scraping.match_scraper - INFO - Successfully switched to: RCB
2025-12-11 16:13:42 - core.page_navigator - INFO - Scrolling page 20 times
2025-12-11 16:14:43 - core.page_navigator - INFO - Page scrolling completed
2025-12-11 16:14:46 - scraping.match_scraper - INFO - Scraping innings: RCB
2025-12-11 16:14:46 - core.commentary_parser - INFO - Found 125 commentary blocks
2025-12-11 16:14:46 - core.commentary_parser - INFO - Parsed 125 commentary entries
2025-12-11 16:14:46 - core.commentary_parser - INFO - Normalizing to 6 columns (most common)
2025-12-11 16:14:46 - core.commentary_parser - INFO - Normalized 125 rows to 6 columns
2025-12-11 16:14:46 - core.commentary_parser - INFO - DataFrame created with 125 rows and 6 columns
2025-12-11 16:14:46 - core.commentary_parser - INFO - Final DataFrame: 125 rows with columns: ['Ball', 'Event', 'Score', 'Commentary', 'Bowler', 'Batsman']
2025-12-11 16:14:46 - core.commentary_parser - INFO -   Rows with commentary: 125
2025-12-11 16:14:46 - core.commentary_parser - INFO -   Rows without commentary: 0
2025-12-11 16:14:46 - scraping.match_scraper - INFO - RCB: 125 events (super_over=False)
2025-12-11 16:14:46 - scraping.match_scraper - INFO - Combining all innings dataframes
2025-12-11 16:14:46 - scraping.match_scraper - INFO - Total events: 246 across 2 innings
2025-12-11 16:14:46 - scraping.match_scraper - INFO -   - Regular innings: 246 events
2025-12-11 16:14:46 - scraping.match_scraper - INFO -   - Super over(s): 0 events
2025-12-11 16:14:46 - scraping.match_scraper - INFO - Saving commentary to database
2025-12-11 16:14:46 - scraping.match_scraper - INFO - Commentary saved: 246 total events
2025-12-11 16:14:46 - scraping.match_scraper - INFO - Saving metadata to database
2025-12-11 16:14:46 - scraping.match_scraper - INFO - Metadata saved with super_over_count=0
2025-12-11 16:14:46 - scraping.match_scraper - INFO - Saving match players to database
2025-12-11 16:14:46 - scraping.match_scraper - INFO - Successfully completed scraping match 1473489
2025-12-11 16:14:46 - scraping.match_scraper - INFO - Closing WebDriver
2025-12-11 16:14:49 - __main__ - INFO - Successfully downloaded match 1473489
2025-12-11 16:14:59 - __main__ - INFO - Processing match 53/74: https://www.espncricinfo.com/series/ipl-2025-1449924/kolkata-knight-riders-vs-rajasthan-royals-53rd-match-1473490/full-scorecard
2025-12-11 16:14:59 - __main__ - INFO - Attempting to download match 1473490 (attempt 1/4)
2025-12-11 16:14:59 - scraping.player_extractor - INFO - PlayerExtractor initialized - Target: raw.match_players
2025-12-11 16:14:59 - scraping.match_scraper - INFO - Initializing WebDriver
2025-12-11 16:15:05 - scraping.match_scraper - INFO - Loading full scorecard - attempt 1
2025-12-11 16:15:20 - scraping.match_scraper - INFO - full scorecard loaded successfully
2025-12-11 16:15:20 - scraping.match_scraper - INFO - Scrolling full scorecard page
2025-12-11 16:15:20 - core.page_navigator - INFO - Scrolling page 5 times
2025-12-11 16:15:44 - core.page_navigator - INFO - Page scrolling completed
2025-12-11 16:15:47 - scraping.match_scraper - INFO - Extracting metadata
2025-12-11 16:15:47 - core.metadata_extractor - INFO - Found 14 metadata rows for match 1473490
2025-12-11 16:15:47 - core.metadata_extractor - INFO - Extracted 15 metadata fields for match 1473490
2025-12-11 16:15:47 - scraping.match_scraper - INFO - Extracting player rosters...
2025-12-11 16:15:47 - scraping.player_extractor - INFO - Extracting players for match 1473490
2025-12-11 16:15:47 - core.metadata_extractor - INFO - Extracting player names for match 1473490
2025-12-11 16:15:47 - core.metadata_extractor - INFO - Found 2 batting scorecard table(s)
2025-12-11 16:15:47 - core.metadata_extractor - INFO -   Innings 1: Kolkata Knight Riders (batting)
2025-12-11 16:15:47 - core.metadata_extractor - INFO -   Innings 2: Rajasthan Royals (batting)
2025-12-11 16:15:47 - core.metadata_extractor - INFO -   innings_1 (Kolkata Knight Riders): 6 batted, 5 did not bat
2025-12-11 16:15:47 - core.metadata_extractor - INFO -   innings_2 (Rajasthan Royals): 9 batted, 2 did not bat
2025-12-11 16:15:47 - core.metadata_extractor - INFO - Found 2 bowling table(s)
2025-12-11 16:15:47 - core.metadata_extractor - INFO -   innings_1 bowling: Rajasthan Royals (bowling against Kolkata Knight Riders)
2025-12-11 16:15:47 - core.metadata_extractor - INFO -   innings_1 bowling (Rajasthan Royals): 6 bowlers
2025-12-11 16:15:47 - core.metadata_extractor - INFO -   innings_2 bowling: Kolkata Knight Riders (bowling against Rajasthan Royals)
2025-12-11 16:15:47 - core.metadata_extractor - INFO -   innings_2 bowling (Kolkata Knight Riders): 6 bowlers
2025-12-11 16:15:47 - core.metadata_extractor - INFO - Created DataFrame with 34 player records, 24 unique players
2025-12-11 16:15:47 - scraping.player_extractor - INFO - Extracted 24 players for match 1473490
2025-12-11 16:15:47 - scraping.player_extractor - INFO -   Teams: Rajasthan Royals, Kolkata Knight Riders
2025-12-11 16:15:47 - scraping.player_extractor - INFO -   Batted: 12, Did not bat: 12
2025-12-11 16:15:47 - scraping.player_extractor - INFO -   Regular: 23, Impact: 1
2025-12-11 16:15:47 - scraping.player_extractor - INFO -   Impact players: Shubham Dubey
2025-12-11 16:15:47 - scraping.match_scraper - INFO - Stored 24 players
2025-12-11 16:15:47 - scraping.match_scraper - INFO -   - Rajasthan Royals
2025-12-11 16:15:47 - scraping.match_scraper - INFO -   - Kolkata Knight Riders
2025-12-11 16:15:47 - scraping.match_scraper - INFO - Loading commentary page - attempt 1
2025-12-11 16:15:58 - scraping.match_scraper - INFO - commentary page loaded successfully
2025-12-11 16:15:58 - scraping.match_scraper - INFO - Scrolling commentary page
2025-12-11 16:15:58 - core.page_navigator - INFO - Scrolling page 20 times
2025-12-11 16:16:58 - core.page_navigator - INFO - Page scrolling completed
2025-12-11 16:17:01 - scraping.match_scraper - INFO - Getting current innings team
2025-12-11 16:17:01 - scraping.match_scraper - INFO - Default innings: RR
2025-12-11 16:17:01 - scraping.match_scraper - INFO - Getting all innings options
2025-12-11 16:17:36 - core.page_navigator - INFO - Found 2 innings options: ['KKR', 'RR']
2025-12-11 16:17:39 - scraping.match_scraper - INFO - All innings: ['KKR', 'RR']
2025-12-11 16:17:39 - scraping.match_scraper - INFO - Regular innings: ['KKR', 'RR']
2025-12-11 16:17:39 - scraping.match_scraper - INFO - Super overs: []
2025-12-11 16:17:39 - scraping.match_scraper - INFO - Scraping default innings: RR
2025-12-11 16:17:39 - core.commentary_parser - INFO - Found 125 commentary blocks
2025-12-11 16:17:39 - core.commentary_parser - INFO - Parsed 125 commentary entries
2025-12-11 16:17:39 - core.commentary_parser - INFO - Normalizing to 6 columns (most common)
2025-12-11 16:17:39 - core.commentary_parser - INFO - Normalized 125 rows to 6 columns
2025-12-11 16:17:39 - core.commentary_parser - INFO - DataFrame created with 125 rows and 6 columns
2025-12-11 16:17:39 - core.commentary_parser - INFO - Final DataFrame: 125 rows with columns: ['Ball', 'Event', 'Score', 'Commentary', 'Bowler', 'Batsman']
2025-12-11 16:17:39 - core.commentary_parser - INFO -   Rows with commentary: 125
2025-12-11 16:17:39 - core.commentary_parser - INFO -   Rows without commentary: 0
2025-12-11 16:17:39 - scraping.match_scraper - INFO - RR: 125 events (super_over=False)
2025-12-11 16:17:39 - scraping.match_scraper - INFO - Switching to innings: KKR
2025-12-11 16:17:39 - core.page_navigator - INFO - Scrolling to top of page
2025-12-11 16:17:43 - core.page_navigator - INFO - Switching to innings: KKR
2025-12-11 16:18:18 - core.page_navigator - INFO - Found target innings: KKR
2025-12-11 16:18:21 - core.page_navigator - INFO - Successfully switched to KKR
2025-12-11 16:18:21 - scraping.match_scraper - INFO - Successfully switched to: KKR
2025-12-11 16:18:24 - core.page_navigator - INFO - Scrolling page 20 times
2025-12-11 16:19:25 - core.page_navigator - INFO - Page scrolling completed
2025-12-11 16:19:28 - scraping.match_scraper - INFO - Scraping innings: KKR
2025-12-11 16:19:29 - core.commentary_parser - INFO - Found 127 commentary blocks
2025-12-11 16:19:29 - core.commentary_parser - INFO - Parsed 127 commentary entries
2025-12-11 16:19:29 - core.commentary_parser - INFO - Normalizing to 6 columns (most common)
2025-12-11 16:19:29 - core.commentary_parser - INFO - Normalized 127 rows to 6 columns
2025-12-11 16:19:29 - core.commentary_parser - INFO - DataFrame created with 127 rows and 6 columns
2025-12-11 16:19:29 - core.commentary_parser - INFO - Final DataFrame: 127 rows with columns: ['Ball', 'Event', 'Score', 'Commentary', 'Bowler', 'Batsman']
2025-12-11 16:19:29 - core.commentary_parser - INFO -   Rows with commentary: 127
2025-12-11 16:19:29 - core.commentary_parser - INFO -   Rows without commentary: 0
2025-12-11 16:19:29 - scraping.match_scraper - INFO - KKR: 127 events (super_over=False)
2025-12-11 16:19:29 - scraping.match_scraper - INFO - Combining all innings dataframes
2025-12-11 16:19:29 - scraping.match_scraper - INFO - Total events: 252 across 2 innings
2025-12-11 16:19:29 - scraping.match_scraper - INFO -   - Regular innings: 252 events
2025-12-11 16:19:29 - scraping.match_scraper - INFO -   - Super over(s): 0 events
2025-12-11 16:19:29 - scraping.match_scraper - INFO - Saving commentary to database
2025-12-11 16:19:29 - scraping.match_scraper - INFO - Commentary saved: 252 total events
2025-12-11 16:19:29 - scraping.match_scraper - INFO - Saving metadata to database
2025-12-11 16:19:29 - scraping.match_scraper - INFO - Metadata saved with super_over_count=0
2025-12-11 16:19:29 - scraping.match_scraper - INFO - Saving match players to database
2025-12-11 16:19:29 - scraping.match_scraper - INFO - Successfully completed scraping match 1473490
2025-12-11 16:19:29 - scraping.match_scraper - INFO - Closing WebDriver
2025-12-11 16:19:32 - __main__ - INFO - Successfully downloaded match 1473490
2025-12-11 16:19:42 - __main__ - INFO - Processing match 54/74: https://www.espncricinfo.com/series/ipl-2025-1449924/punjab-kings-vs-lucknow-super-giants-54th-match-1473491/full-scorecard
2025-12-11 16:19:42 - __main__ - INFO - Attempting to download match 1473491 (attempt 1/4)
2025-12-11 16:19:42 - scraping.player_extractor - INFO - PlayerExtractor initialized - Target: raw.match_players
2025-12-11 16:19:42 - scraping.match_scraper - INFO - Initializing WebDriver
2025-12-11 16:19:47 - scraping.match_scraper - INFO - Loading full scorecard - attempt 1
2025-12-11 16:20:00 - scraping.match_scraper - INFO - full scorecard loaded successfully
2025-12-11 16:20:00 - scraping.match_scraper - INFO - Scrolling full scorecard page
2025-12-11 16:20:00 - core.page_navigator - INFO - Scrolling page 5 times
2025-12-11 16:20:15 - core.page_navigator - INFO - Page scrolling completed
2025-12-11 16:20:18 - scraping.match_scraper - INFO - Extracting metadata
2025-12-11 16:20:19 - core.metadata_extractor - INFO - Found 14 metadata rows for match 1473491
2025-12-11 16:20:19 - core.metadata_extractor - INFO - Extracted 15 metadata fields for match 1473491
2025-12-11 16:20:19 - scraping.match_scraper - INFO - Extracting player rosters...
2025-12-11 16:20:19 - scraping.player_extractor - INFO - Extracting players for match 1473491
2025-12-11 16:20:19 - core.metadata_extractor - INFO - Extracting player names for match 1473491
2025-12-11 16:20:19 - core.metadata_extractor - INFO - Found 2 batting scorecard table(s)
2025-12-11 16:20:19 - core.metadata_extractor - INFO -   Innings 1: Punjab Kings (batting)
2025-12-11 16:20:19 - core.metadata_extractor - INFO -   Innings 2: Lucknow Super Giants (batting)
2025-12-11 16:20:19 - core.metadata_extractor - INFO -   innings_1 (Punjab Kings): 7 batted, 4 did not bat
2025-12-11 16:20:19 - core.metadata_extractor - INFO -   innings_2 (Lucknow Super Giants): 9 batted, 2 did not bat
2025-12-11 16:20:19 - core.metadata_extractor - INFO - Found 2 bowling table(s)
2025-12-11 16:20:19 - core.metadata_extractor - INFO -   innings_1 bowling: Lucknow Super Giants (bowling against Punjab Kings)
2025-12-11 16:20:19 - core.metadata_extractor - INFO -   innings_1 bowling (Lucknow Super Giants): 5 bowlers
2025-12-11 16:20:19 - core.metadata_extractor - INFO -   innings_2 bowling: Punjab Kings (bowling against Lucknow Super Giants)
2025-12-11 16:20:19 - core.metadata_extractor - INFO -   innings_2 bowling (Punjab Kings): 6 bowlers
2025-12-11 16:20:19 - core.metadata_extractor - INFO - Created DataFrame with 33 player records, 24 unique players
2025-12-11 16:20:19 - scraping.player_extractor - INFO - Extracted 24 players for match 1473491
2025-12-11 16:20:19 - scraping.player_extractor - INFO -   Teams: Lucknow Super Giants, Punjab Kings
2025-12-11 16:20:19 - scraping.player_extractor - INFO -   Batted: 14, Did not bat: 10
2025-12-11 16:20:19 - scraping.player_extractor - INFO -   Regular: 23, Impact: 1
2025-12-11 16:20:19 - scraping.player_extractor - INFO -   Impact players: Mitchell Marsh
2025-12-11 16:20:19 - scraping.match_scraper - INFO - Stored 24 players
2025-12-11 16:20:19 - scraping.match_scraper - INFO -   - Lucknow Super Giants
2025-12-11 16:20:19 - scraping.match_scraper - INFO -   - Punjab Kings
2025-12-11 16:20:19 - scraping.match_scraper - INFO - Loading commentary page - attempt 1
2025-12-11 16:20:31 - scraping.match_scraper - INFO - commentary page loaded successfully
2025-12-11 16:20:31 - scraping.match_scraper - INFO - Scrolling commentary page
2025-12-11 16:20:31 - core.page_navigator - INFO - Scrolling page 20 times
2025-12-11 16:21:32 - core.page_navigator - INFO - Page scrolling completed
2025-12-11 16:21:35 - scraping.match_scraper - INFO - Getting current innings team
2025-12-11 16:21:35 - scraping.match_scraper - INFO - Default innings: LSG
2025-12-11 16:21:35 - scraping.match_scraper - INFO - Getting all innings options
2025-12-11 16:22:10 - core.page_navigator - INFO - Found 2 innings options: ['PBKS', 'LSG']
2025-12-11 16:22:12 - scraping.match_scraper - INFO - All innings: ['PBKS', 'LSG']
2025-12-11 16:22:12 - scraping.match_scraper - INFO - Regular innings: ['PBKS', 'LSG']
2025-12-11 16:22:12 - scraping.match_scraper - INFO - Super overs: []
2025-12-11 16:22:12 - scraping.match_scraper - INFO - Scraping default innings: LSG
2025-12-11 16:22:13 - core.commentary_parser - INFO - Found 128 commentary blocks
2025-12-11 16:22:13 - core.commentary_parser - INFO - Parsed 128 commentary entries
2025-12-11 16:22:13 - core.commentary_parser - INFO - Normalizing to 6 columns (most common)
2025-12-11 16:22:13 - core.commentary_parser - INFO - Normalized 128 rows to 6 columns
2025-12-11 16:22:13 - core.commentary_parser - INFO - DataFrame created with 128 rows and 6 columns
2025-12-11 16:22:13 - core.commentary_parser - INFO - Final DataFrame: 128 rows with columns: ['Ball', 'Event', 'Score', 'Commentary', 'Bowler', 'Batsman']
2025-12-11 16:22:13 - core.commentary_parser - INFO -   Rows with commentary: 128
2025-12-11 16:22:13 - core.commentary_parser - INFO -   Rows without commentary: 0
2025-12-11 16:22:13 - scraping.match_scraper - INFO - LSG: 128 events (super_over=False)
2025-12-11 16:22:13 - scraping.match_scraper - INFO - Switching to innings: PBKS
2025-12-11 16:22:13 - core.page_navigator - INFO - Scrolling to top of page
2025-12-11 16:22:17 - core.page_navigator - INFO - Switching to innings: PBKS
2025-12-11 16:22:51 - core.page_navigator - INFO - Found target innings: PBKS
2025-12-11 16:22:55 - core.page_navigator - INFO - Successfully switched to PBKS
2025-12-11 16:22:55 - scraping.match_scraper - INFO - Successfully switched to: PBKS
2025-12-11 16:22:58 - core.page_navigator - INFO - Scrolling page 20 times
2025-12-11 16:23:59 - core.page_navigator - INFO - Page scrolling completed
2025-12-11 16:24:02 - scraping.match_scraper - INFO - Scraping innings: PBKS
2025-12-11 16:24:03 - core.commentary_parser - INFO - Found 125 commentary blocks
2025-12-11 16:24:03 - core.commentary_parser - INFO - Parsed 125 commentary entries
2025-12-11 16:24:03 - core.commentary_parser - INFO - Normalizing to 6 columns (most common)
2025-12-11 16:24:03 - core.commentary_parser - INFO - Normalized 125 rows to 6 columns
2025-12-11 16:24:03 - core.commentary_parser - INFO - DataFrame created with 125 rows and 6 columns
2025-12-11 16:24:03 - core.commentary_parser - INFO - Final DataFrame: 125 rows with columns: ['Ball', 'Event', 'Score', 'Commentary', 'Bowler', 'Batsman']
2025-12-11 16:24:03 - core.commentary_parser - INFO -   Rows with commentary: 125
2025-12-11 16:24:03 - core.commentary_parser - INFO -   Rows without commentary: 0
2025-12-11 16:24:03 - scraping.match_scraper - INFO - PBKS: 125 events (super_over=False)
2025-12-11 16:24:03 - scraping.match_scraper - INFO - Combining all innings dataframes
2025-12-11 16:24:03 - scraping.match_scraper - INFO - Total events: 253 across 2 innings
2025-12-11 16:24:03 - scraping.match_scraper - INFO -   - Regular innings: 253 events
2025-12-11 16:24:03 - scraping.match_scraper - INFO -   - Super over(s): 0 events
2025-12-11 16:24:03 - scraping.match_scraper - INFO - Saving commentary to database
2025-12-11 16:24:03 - scraping.match_scraper - INFO - Commentary saved: 253 total events
2025-12-11 16:24:03 - scraping.match_scraper - INFO - Saving metadata to database
2025-12-11 16:24:03 - scraping.match_scraper - INFO - Metadata saved with super_over_count=0
2025-12-11 16:24:03 - scraping.match_scraper - INFO - Saving match players to database
2025-12-11 16:24:03 - scraping.match_scraper - INFO - Successfully completed scraping match 1473491
2025-12-11 16:24:03 - scraping.match_scraper - INFO - Closing WebDriver
2025-12-11 16:24:06 - __main__ - INFO - Successfully downloaded match 1473491
2025-12-11 16:24:16 - __main__ - INFO - Processing match 55/74: https://www.espncricinfo.com/series/ipl-2025-1449924/sunrisers-hyderabad-vs-delhi-capitals-55th-match-1473492/full-scorecard
2025-12-11 16:24:16 - __main__ - INFO - Attempting to download match 1473492 (attempt 1/4)
2025-12-11 16:24:16 - scraping.player_extractor - INFO - PlayerExtractor initialized - Target: raw.match_players
2025-12-11 16:24:16 - scraping.match_scraper - INFO - Initializing WebDriver
2025-12-11 16:24:23 - scraping.match_scraper - INFO - Loading full scorecard - attempt 1
2025-12-11 16:24:36 - scraping.match_scraper - INFO - full scorecard loaded successfully
2025-12-11 16:24:36 - scraping.match_scraper - INFO - Scrolling full scorecard page
2025-12-11 16:24:36 - core.page_navigator - INFO - Scrolling page 5 times
2025-12-11 16:24:59 - core.page_navigator - INFO - Page scrolling completed
2025-12-11 16:25:02 - scraping.match_scraper - INFO - Extracting metadata
2025-12-11 16:25:06 - core.metadata_extractor - INFO - Found 13 metadata rows for match 1473492
2025-12-11 16:25:06 - core.metadata_extractor - INFO - Extracted 14 metadata fields for match 1473492
2025-12-11 16:25:06 - scraping.match_scraper - INFO - Extracting player rosters...
2025-12-11 16:25:07 - scraping.player_extractor - INFO - Extracting players for match 1473492
2025-12-11 16:25:08 - core.metadata_extractor - INFO - Extracting player names for match 1473492
2025-12-11 16:25:08 - core.metadata_extractor - INFO - Found 1 batting scorecard table(s)
2025-12-11 16:25:08 - core.metadata_extractor - INFO -   Innings 1: Delhi Capitals (batting)
2025-12-11 16:25:08 - core.metadata_extractor - INFO -   innings_1 (Delhi Capitals): 9 batted, 3 did not bat
2025-12-11 16:25:08 - core.metadata_extractor - INFO - Found 1 bowling table(s)
2025-12-11 16:25:08 - core.metadata_extractor - WARNING - Cannot determine opposite team: current=Delhi Capitals, all=['Delhi Capitals']
2025-12-11 16:25:08 - core.metadata_extractor - INFO -   innings_1 bowling: Unknown Team (bowling against Delhi Capitals)
2025-12-11 16:25:08 - core.metadata_extractor - INFO -   innings_1 bowling (Unknown Team): 6 bowlers
2025-12-11 16:25:08 - core.metadata_extractor - INFO - Created DataFrame with 18 player records, 18 unique players
2025-12-11 16:25:08 - scraping.player_extractor - INFO - Extracted 18 players for match 1473492
2025-12-11 16:25:08 - scraping.player_extractor - INFO -   Teams: Delhi Capitals, Unknown Team
2025-12-11 16:25:08 - scraping.player_extractor - INFO -   Batted: 9, Did not bat: 9
2025-12-11 16:25:08 - scraping.player_extractor - INFO -   Regular: 17, Impact: 1
2025-12-11 16:25:08 - scraping.player_extractor - INFO -   Impact players: Ashutosh Sharma
2025-12-11 16:25:08 - scraping.match_scraper - INFO - Stored 18 players
2025-12-11 16:25:08 - scraping.match_scraper - INFO -   - Delhi Capitals
2025-12-11 16:25:08 - scraping.match_scraper - INFO -   - Unknown Team
2025-12-11 16:25:08 - scraping.match_scraper - INFO - Loading commentary page - attempt 1
2025-12-11 16:25:21 - scraping.match_scraper - INFO - commentary page loaded successfully
2025-12-11 16:25:21 - scraping.match_scraper - INFO - Scrolling commentary page
2025-12-11 16:25:21 - core.page_navigator - INFO - Scrolling page 20 times
2025-12-11 16:26:22 - core.page_navigator - INFO - Page scrolling completed
2025-12-11 16:26:25 - scraping.match_scraper - INFO - Getting current innings team
2025-12-11 16:26:25 - scraping.match_scraper - INFO - Default innings: DC
2025-12-11 16:26:25 - scraping.match_scraper - INFO - Getting all innings options
2025-12-11 16:27:00 - core.page_navigator - INFO - Found 1 innings options: ['DC']
2025-12-11 16:27:02 - scraping.match_scraper - INFO - All innings: ['DC']
2025-12-11 16:27:02 - scraping.match_scraper - INFO - Regular innings: ['DC']
2025-12-11 16:27:02 - scraping.match_scraper - INFO - Super overs: []
2025-12-11 16:27:02 - scraping.match_scraper - INFO - Scraping default innings: DC
2025-12-11 16:27:03 - core.commentary_parser - INFO - Found 123 commentary blocks
2025-12-11 16:27:03 - core.commentary_parser - INFO - Parsed 123 commentary entries
2025-12-11 16:27:03 - core.commentary_parser - INFO - Normalizing to 6 columns (most common)
2025-12-11 16:27:03 - core.commentary_parser - INFO - Normalized 123 rows to 6 columns
2025-12-11 16:27:03 - core.commentary_parser - INFO - DataFrame created with 123 rows and 6 columns
2025-12-11 16:27:03 - core.commentary_parser - INFO - Final DataFrame: 123 rows with columns: ['Ball', 'Event', 'Score', 'Commentary', 'Bowler', 'Batsman']
2025-12-11 16:27:03 - core.commentary_parser - INFO -   Rows with commentary: 123
2025-12-11 16:27:03 - core.commentary_parser - INFO -   Rows without commentary: 0
2025-12-11 16:27:03 - scraping.match_scraper - INFO - DC: 123 events (super_over=False)
2025-12-11 16:27:03 - scraping.match_scraper - INFO - Combining all innings dataframes
2025-12-11 16:27:03 - scraping.match_scraper - INFO - Total events: 123 across 1 innings
2025-12-11 16:27:03 - scraping.match_scraper - INFO -   - Regular innings: 123 events
2025-12-11 16:27:03 - scraping.match_scraper - INFO -   - Super over(s): 0 events
2025-12-11 16:27:03 - scraping.match_scraper - INFO - Saving commentary to database
2025-12-11 16:27:03 - scraping.match_scraper - INFO - Commentary saved: 123 total events
2025-12-11 16:27:03 - scraping.match_scraper - INFO - Saving metadata to database
2025-12-11 16:27:03 - scraping.match_scraper - INFO - Metadata saved with super_over_count=0
2025-12-11 16:27:03 - scraping.match_scraper - INFO - Saving match players to database
2025-12-11 16:27:03 - scraping.match_scraper - INFO - Successfully completed scraping match 1473492
2025-12-11 16:27:03 - scraping.match_scraper - INFO - Closing WebDriver
2025-12-11 16:27:06 - __main__ - INFO - Successfully downloaded match 1473492
2025-12-11 16:27:16 - __main__ - INFO - Processing match 56/74: https://www.espncricinfo.com/series/ipl-2025-1449924/mumbai-indians-vs-gujarat-titans-56th-match-1473493/full-scorecard
2025-12-11 16:27:16 - __main__ - INFO - Attempting to download match 1473493 (attempt 1/4)
2025-12-11 16:27:16 - scraping.player_extractor - INFO - PlayerExtractor initialized - Target: raw.match_players
2025-12-11 16:27:16 - scraping.match_scraper - INFO - Initializing WebDriver
2025-12-11 16:27:21 - scraping.match_scraper - INFO - Loading full scorecard - attempt 1
2025-12-11 16:27:34 - scraping.match_scraper - INFO - full scorecard loaded successfully
2025-12-11 16:27:34 - scraping.match_scraper - INFO - Scrolling full scorecard page
2025-12-11 16:27:34 - core.page_navigator - INFO - Scrolling page 5 times
2025-12-11 16:28:01 - core.page_navigator - INFO - Page scrolling completed
2025-12-11 16:28:04 - scraping.match_scraper - INFO - Extracting metadata
2025-12-11 16:28:04 - core.metadata_extractor - INFO - Found 14 metadata rows for match 1473493
2025-12-11 16:28:04 - core.metadata_extractor - INFO - Extracted 15 metadata fields for match 1473493
2025-12-11 16:28:04 - scraping.match_scraper - INFO - Extracting player rosters...
2025-12-11 16:28:04 - scraping.player_extractor - INFO - Extracting players for match 1473493
2025-12-11 16:28:05 - core.metadata_extractor - INFO - Extracting player names for match 1473493
2025-12-11 16:28:05 - core.metadata_extractor - INFO - Found 2 batting scorecard table(s)
2025-12-11 16:28:05 - core.metadata_extractor - INFO -   Innings 1: Mumbai Indians (batting)
2025-12-11 16:28:05 - core.metadata_extractor - INFO -   Innings 2: Gujarat Titans (batting)
2025-12-11 16:28:05 - core.metadata_extractor - INFO -   innings_1 (Mumbai Indians): 10 batted, 3 did not bat
2025-12-11 16:28:05 - core.metadata_extractor - INFO -   innings_2 (Gujarat Titans): 9 batted, 2 did not bat
2025-12-11 16:28:05 - core.metadata_extractor - INFO - Found 2 bowling table(s)
2025-12-11 16:28:05 - core.metadata_extractor - INFO -   innings_1 bowling: Gujarat Titans (bowling against Mumbai Indians)
2025-12-11 16:28:05 - core.metadata_extractor - INFO -   innings_1 bowling (Gujarat Titans): 6 bowlers
2025-12-11 16:28:05 - core.metadata_extractor - INFO -   innings_2 bowling: Mumbai Indians (bowling against Gujarat Titans)
2025-12-11 16:28:05 - core.metadata_extractor - INFO -   innings_2 bowling (Mumbai Indians): 7 bowlers
2025-12-11 16:28:05 - core.metadata_extractor - INFO - Created DataFrame with 37 player records, 25 unique players
2025-12-11 16:28:05 - scraping.player_extractor - INFO - Extracted 25 players for match 1473493
2025-12-11 16:28:05 - scraping.player_extractor - INFO -   Teams: Mumbai Indians, Gujarat Titans
2025-12-11 16:28:05 - scraping.player_extractor - INFO -   Batted: 15, Did not bat: 10
2025-12-11 16:28:05 - scraping.player_extractor - INFO -   Regular: 23, Impact: 2
2025-12-11 16:28:05 - scraping.player_extractor - INFO -   Impact players: Karn Sharma, Sherfane Rutherford
2025-12-11 16:28:05 - scraping.match_scraper - INFO - Stored 25 players
2025-12-11 16:28:05 - scraping.match_scraper - INFO -   - Mumbai Indians
2025-12-11 16:28:05 - scraping.match_scraper - INFO -   - Gujarat Titans
2025-12-11 16:28:05 - scraping.match_scraper - INFO - Loading commentary page - attempt 1
2025-12-11 16:28:18 - scraping.match_scraper - INFO - commentary page loaded successfully
2025-12-11 16:28:18 - scraping.match_scraper - INFO - Scrolling commentary page
2025-12-11 16:28:18 - core.page_navigator - INFO - Scrolling page 20 times
2025-12-11 16:29:18 - core.page_navigator - INFO - Page scrolling completed
2025-12-11 16:29:21 - scraping.match_scraper - INFO - Getting current innings team
2025-12-11 16:29:22 - scraping.match_scraper - INFO - Default innings: GT
2025-12-11 16:29:22 - scraping.match_scraper - INFO - Getting all innings options
2025-12-11 16:29:57 - core.page_navigator - INFO - Found 2 innings options: ['MI', 'GT']
2025-12-11 16:29:59 - scraping.match_scraper - INFO - All innings: ['MI', 'GT']
2025-12-11 16:29:59 - scraping.match_scraper - INFO - Regular innings: ['MI', 'GT']
2025-12-11 16:29:59 - scraping.match_scraper - INFO - Super overs: []
2025-12-11 16:29:59 - scraping.match_scraper - INFO - Scraping default innings: GT
2025-12-11 16:30:00 - core.commentary_parser - INFO - Found 123 commentary blocks
2025-12-11 16:30:00 - core.commentary_parser - INFO - Parsed 123 commentary entries
2025-12-11 16:30:00 - core.commentary_parser - INFO - Normalizing to 6 columns (most common)
2025-12-11 16:30:00 - core.commentary_parser - INFO - Normalized 123 rows to 6 columns
2025-12-11 16:30:00 - core.commentary_parser - INFO - DataFrame created with 123 rows and 6 columns
2025-12-11 16:30:00 - core.commentary_parser - INFO - Final DataFrame: 123 rows with columns: ['Ball', 'Event', 'Score', 'Commentary', 'Bowler', 'Batsman']
2025-12-11 16:30:00 - core.commentary_parser - INFO -   Rows with commentary: 123
2025-12-11 16:30:00 - core.commentary_parser - INFO -   Rows without commentary: 0
2025-12-11 16:30:00 - scraping.match_scraper - INFO - GT: 123 events (super_over=False)
2025-12-11 16:30:00 - scraping.match_scraper - INFO - Switching to innings: MI
2025-12-11 16:30:00 - core.page_navigator - INFO - Scrolling to top of page
2025-12-11 16:30:04 - core.page_navigator - INFO - Switching to innings: MI
2025-12-11 16:30:38 - core.page_navigator - INFO - Found target innings: MI
2025-12-11 16:30:42 - core.page_navigator - INFO - Successfully switched to MI
2025-12-11 16:30:42 - scraping.match_scraper - INFO - Successfully switched to: MI
2025-12-11 16:30:45 - core.page_navigator - INFO - Scrolling page 20 times
2025-12-11 16:31:46 - core.page_navigator - INFO - Page scrolling completed
2025-12-11 16:31:49 - scraping.match_scraper - INFO - Scraping innings: MI
2025-12-11 16:31:49 - core.commentary_parser - INFO - Found 121 commentary blocks
2025-12-11 16:31:49 - core.commentary_parser - INFO - Parsed 121 commentary entries
2025-12-11 16:31:49 - core.commentary_parser - INFO - Normalizing to 6 columns (most common)
2025-12-11 16:31:49 - core.commentary_parser - INFO - Normalized 121 rows to 6 columns
2025-12-11 16:31:49 - core.commentary_parser - INFO - DataFrame created with 121 rows and 6 columns
2025-12-11 16:31:49 - core.commentary_parser - INFO - Final DataFrame: 121 rows with columns: ['Ball', 'Event', 'Score', 'Commentary', 'Bowler', 'Batsman']
2025-12-11 16:31:49 - core.commentary_parser - INFO -   Rows with commentary: 121
2025-12-11 16:31:49 - core.commentary_parser - INFO -   Rows without commentary: 0
2025-12-11 16:31:49 - scraping.match_scraper - INFO - MI: 121 events (super_over=False)
2025-12-11 16:31:49 - scraping.match_scraper - INFO - Combining all innings dataframes
2025-12-11 16:31:49 - scraping.match_scraper - INFO - Total events: 244 across 2 innings
2025-12-11 16:31:49 - scraping.match_scraper - INFO -   - Regular innings: 244 events
2025-12-11 16:31:49 - scraping.match_scraper - INFO -   - Super over(s): 0 events
2025-12-11 16:31:49 - scraping.match_scraper - INFO - Saving commentary to database
2025-12-11 16:31:49 - scraping.match_scraper - INFO - Commentary saved: 244 total events
2025-12-11 16:31:49 - scraping.match_scraper - INFO - Saving metadata to database
2025-12-11 16:31:50 - scraping.match_scraper - INFO - Metadata saved with super_over_count=0
2025-12-11 16:31:50 - scraping.match_scraper - INFO - Saving match players to database
2025-12-11 16:31:50 - scraping.match_scraper - INFO - Successfully completed scraping match 1473493
2025-12-11 16:31:50 - scraping.match_scraper - INFO - Closing WebDriver
2025-12-11 16:31:53 - __main__ - INFO - Successfully downloaded match 1473493
2025-12-11 16:32:03 - __main__ - INFO - Processing match 57/74: https://www.espncricinfo.com/series/ipl-2025-1449924/kolkata-knight-riders-vs-chennai-super-kings-57th-match-1473494/full-scorecard
2025-12-11 16:32:03 - __main__ - INFO - Attempting to download match 1473494 (attempt 1/4)
2025-12-11 16:32:03 - scraping.player_extractor - INFO - PlayerExtractor initialized - Target: raw.match_players
2025-12-11 16:32:03 - scraping.match_scraper - INFO - Initializing WebDriver
2025-12-11 16:32:10 - scraping.match_scraper - INFO - Loading full scorecard - attempt 1
2025-12-11 16:32:25 - scraping.match_scraper - INFO - full scorecard loaded successfully
2025-12-11 16:32:25 - scraping.match_scraper - INFO - Scrolling full scorecard page
2025-12-11 16:32:25 - core.page_navigator - INFO - Scrolling page 5 times
2025-12-11 16:32:49 - core.page_navigator - INFO - Page scrolling completed
2025-12-11 16:32:52 - scraping.match_scraper - INFO - Extracting metadata
2025-12-11 16:32:53 - core.metadata_extractor - INFO - Found 14 metadata rows for match 1473494
2025-12-11 16:32:53 - core.metadata_extractor - INFO - Extracted 15 metadata fields for match 1473494
2025-12-11 16:32:53 - scraping.match_scraper - INFO - Extracting player rosters...
2025-12-11 16:32:53 - scraping.player_extractor - INFO - Extracting players for match 1473494
2025-12-11 16:32:53 - core.metadata_extractor - INFO - Extracting player names for match 1473494
2025-12-11 16:32:53 - core.metadata_extractor - INFO - Found 2 batting scorecard table(s)
2025-12-11 16:32:53 - core.metadata_extractor - INFO -   Innings 1: Kolkata Knight Riders (batting)
2025-12-11 16:32:53 - core.metadata_extractor - INFO -   Innings 2: Chennai Super Kings (batting)
2025-12-11 16:32:53 - core.metadata_extractor - INFO -   innings_1 (Kolkata Knight Riders): 8 batted, 3 did not bat
2025-12-11 16:32:53 - core.metadata_extractor - INFO -   innings_2 (Chennai Super Kings): 10 batted, 1 did not bat
2025-12-11 16:32:53 - core.metadata_extractor - INFO - Found 2 bowling table(s)
2025-12-11 16:32:53 - core.metadata_extractor - INFO -   innings_1 bowling: Chennai Super Kings (bowling against Kolkata Knight Riders)
2025-12-11 16:32:53 - core.metadata_extractor - INFO -   innings_1 bowling (Chennai Super Kings): 6 bowlers
2025-12-11 16:32:53 - core.metadata_extractor - INFO -   innings_2 bowling: Kolkata Knight Riders (bowling against Chennai Super Kings)
2025-12-11 16:32:53 - core.metadata_extractor - INFO -   innings_2 bowling (Kolkata Knight Riders): 6 bowlers
2025-12-11 16:32:53 - core.metadata_extractor - INFO - Created DataFrame with 34 player records, 24 unique players
2025-12-11 16:32:53 - scraping.player_extractor - INFO - Extracted 24 players for match 1473494
2025-12-11 16:32:53 - scraping.player_extractor - INFO -   Teams: Chennai Super Kings, Kolkata Knight Riders
2025-12-11 16:32:53 - scraping.player_extractor - INFO -   Batted: 14, Did not bat: 10
2025-12-11 16:32:53 - scraping.player_extractor - INFO -   Regular: 23, Impact: 1
2025-12-11 16:32:53 - scraping.player_extractor - INFO -   Impact players: Shivam Dube
2025-12-11 16:32:53 - scraping.match_scraper - INFO - Stored 24 players
2025-12-11 16:32:53 - scraping.match_scraper - INFO -   - Chennai Super Kings
2025-12-11 16:32:53 - scraping.match_scraper - INFO -   - Kolkata Knight Riders
2025-12-11 16:32:53 - scraping.match_scraper - INFO - Loading commentary page - attempt 1
2025-12-11 16:33:06 - scraping.match_scraper - INFO - commentary page loaded successfully
2025-12-11 16:33:06 - scraping.match_scraper - INFO - Scrolling commentary page
2025-12-11 16:33:06 - core.page_navigator - INFO - Scrolling page 20 times
2025-12-11 16:34:08 - core.page_navigator - INFO - Page scrolling completed
2025-12-11 16:34:11 - scraping.match_scraper - INFO - Getting current innings team
2025-12-11 16:34:11 - scraping.match_scraper - INFO - Default innings: CSK
2025-12-11 16:34:11 - scraping.match_scraper - INFO - Getting all innings options
2025-12-11 16:34:46 - core.page_navigator - INFO - Found 2 innings options: ['KKR', 'CSK']
2025-12-11 16:34:48 - scraping.match_scraper - INFO - All innings: ['KKR', 'CSK']
2025-12-11 16:34:48 - scraping.match_scraper - INFO - Regular innings: ['KKR', 'CSK']
2025-12-11 16:34:48 - scraping.match_scraper - INFO - Super overs: []
2025-12-11 16:34:48 - scraping.match_scraper - INFO - Scraping default innings: CSK
2025-12-11 16:34:49 - core.commentary_parser - INFO - Found 122 commentary blocks
2025-12-11 16:34:49 - core.commentary_parser - INFO - Parsed 122 commentary entries
2025-12-11 16:34:49 - core.commentary_parser - INFO - Normalizing to 6 columns (most common)
2025-12-11 16:34:49 - core.commentary_parser - INFO - Normalized 122 rows to 6 columns
2025-12-11 16:34:49 - core.commentary_parser - INFO - DataFrame created with 122 rows and 6 columns
2025-12-11 16:34:49 - core.commentary_parser - INFO - Final DataFrame: 122 rows with columns: ['Ball', 'Event', 'Score', 'Commentary', 'Bowler', 'Batsman']
2025-12-11 16:34:49 - core.commentary_parser - INFO -   Rows with commentary: 122
2025-12-11 16:34:49 - core.commentary_parser - INFO -   Rows without commentary: 0
2025-12-11 16:34:49 - scraping.match_scraper - INFO - CSK: 122 events (super_over=False)
2025-12-11 16:34:49 - scraping.match_scraper - INFO - Switching to innings: KKR
2025-12-11 16:34:49 - core.page_navigator - INFO - Scrolling to top of page
2025-12-11 16:34:53 - core.page_navigator - INFO - Switching to innings: KKR
2025-12-11 16:35:28 - core.page_navigator - INFO - Found target innings: KKR
2025-12-11 16:35:31 - core.page_navigator - INFO - Successfully switched to KKR
2025-12-11 16:35:31 - scraping.match_scraper - INFO - Successfully switched to: KKR
2025-12-11 16:35:34 - core.page_navigator - INFO - Scrolling page 20 times
2025-12-11 16:36:35 - core.page_navigator - INFO - Page scrolling completed
2025-12-11 16:36:38 - scraping.match_scraper - INFO - Scraping innings: KKR
2025-12-11 16:36:39 - core.commentary_parser - INFO - Found 122 commentary blocks
2025-12-11 16:36:39 - core.commentary_parser - INFO - Parsed 122 commentary entries
2025-12-11 16:36:39 - core.commentary_parser - INFO - Normalizing to 6 columns (most common)
2025-12-11 16:36:39 - core.commentary_parser - INFO - Normalized 122 rows to 6 columns
2025-12-11 16:36:39 - core.commentary_parser - INFO - DataFrame created with 122 rows and 6 columns
2025-12-11 16:36:39 - core.commentary_parser - INFO - Final DataFrame: 122 rows with columns: ['Ball', 'Event', 'Score', 'Commentary', 'Bowler', 'Batsman']
2025-12-11 16:36:39 - core.commentary_parser - INFO -   Rows with commentary: 122
2025-12-11 16:36:39 - core.commentary_parser - INFO -   Rows without commentary: 0
2025-12-11 16:36:39 - scraping.match_scraper - INFO - KKR: 122 events (super_over=False)
2025-12-11 16:36:39 - scraping.match_scraper - INFO - Combining all innings dataframes
2025-12-11 16:36:39 - scraping.match_scraper - INFO - Total events: 244 across 2 innings
2025-12-11 16:36:39 - scraping.match_scraper - INFO -   - Regular innings: 244 events
2025-12-11 16:36:39 - scraping.match_scraper - INFO -   - Super over(s): 0 events
2025-12-11 16:36:39 - scraping.match_scraper - INFO - Saving commentary to database
2025-12-11 16:36:39 - scraping.match_scraper - INFO - Commentary saved: 244 total events
2025-12-11 16:36:39 - scraping.match_scraper - INFO - Saving metadata to database
2025-12-11 16:36:39 - scraping.match_scraper - INFO - Metadata saved with super_over_count=0
2025-12-11 16:36:39 - scraping.match_scraper - INFO - Saving match players to database
2025-12-11 16:36:39 - scraping.match_scraper - INFO - Successfully completed scraping match 1473494
2025-12-11 16:36:39 - scraping.match_scraper - INFO - Closing WebDriver
2025-12-11 16:36:42 - __main__ - INFO - Successfully downloaded match 1473494
2025-12-11 16:36:52 - __main__ - INFO - Processing match 58/74: https://www.espncricinfo.com/series/ipl-2025-1449924/royal-challengers-bengaluru-vs-kolkata-knight-riders-58th-match-1473496/full-scorecard
2025-12-11 16:36:52 - __main__ - INFO - Attempting to download match 1473496 (attempt 1/4)
2025-12-11 16:36:52 - scraping.player_extractor - INFO - PlayerExtractor initialized - Target: raw.match_players
2025-12-11 16:36:52 - scraping.match_scraper - INFO - Initializing WebDriver
2025-12-11 16:36:58 - scraping.match_scraper - INFO - Loading full scorecard - attempt 1
2025-12-11 16:37:12 - scraping.match_scraper - INFO - full scorecard loaded successfully
2025-12-11 16:37:12 - scraping.match_scraper - INFO - Scrolling full scorecard page
2025-12-11 16:37:12 - core.page_navigator - INFO - Scrolling page 5 times
2025-12-11 16:37:32 - core.page_navigator - INFO - Page scrolling completed
2025-12-11 16:37:35 - scraping.match_scraper - INFO - Extracting metadata
2025-12-11 16:37:35 - core.metadata_extractor - INFO - Found 11 metadata rows for match 1473496
2025-12-11 16:37:35 - core.metadata_extractor - INFO - Extracted 12 metadata fields for match 1473496
2025-12-11 16:37:35 - scraping.match_scraper - INFO - Extracting player rosters...
2025-12-11 16:37:35 - scraping.player_extractor - INFO - Extracting players for match 1473496
2025-12-11 16:37:35 - core.metadata_extractor - INFO - Extracting player names for match 1473496
2025-12-11 16:37:35 - core.metadata_extractor - WARNING - No batting scorecard tables found for match 1473496
2025-12-11 16:37:35 - scraping.player_extractor - WARNING - No players extracted for match 1473496
2025-12-11 16:37:35 - scraping.match_scraper - WARNING - Player extraction failed
2025-12-11 16:37:35 - scraping.match_scraper - INFO - Loading commentary page - attempt 1
2025-12-11 16:37:46 - scraping.match_scraper - INFO - commentary page loaded successfully
2025-12-11 16:37:46 - scraping.match_scraper - INFO - Scrolling commentary page
2025-12-11 16:37:46 - core.page_navigator - INFO - Scrolling page 20 times
2025-12-11 16:38:46 - core.page_navigator - INFO - Page scrolling completed
2025-12-11 16:38:49 - scraping.match_scraper - INFO - Getting current innings team
2025-12-11 16:38:50 - scraping.match_scraper - INFO - Default innings: English
2025-12-11 16:38:50 - scraping.match_scraper - INFO - Getting all innings options
2025-12-11 16:39:24 - core.page_navigator - INFO - Found 2 innings options: ['English', 'Hindi']
2025-12-11 16:39:26 - scraping.match_scraper - INFO - All innings: ['English', 'Hindi']
2025-12-11 16:39:26 - scraping.match_scraper - INFO - Regular innings: ['English', 'Hindi']
2025-12-11 16:39:26 - scraping.match_scraper - INFO - Super overs: []
2025-12-11 16:39:26 - scraping.match_scraper - INFO - Scraping default innings: English
2025-12-11 16:39:27 - core.commentary_parser - INFO - Found 0 commentary blocks
2025-12-11 16:39:27 - core.commentary_parser - INFO - Parsed 0 commentary entries
2025-12-11 16:39:27 - core.commentary_parser - WARNING - No parsed data to convert to DataFrame
2025-12-11 16:39:27 - scraping.match_scraper - INFO - English: 0 events (super_over=False)
2025-12-11 16:39:27 - scraping.match_scraper - INFO - Switching to innings: Hindi
2025-12-11 16:39:27 - core.page_navigator - INFO - Scrolling to top of page
2025-12-11 16:39:31 - core.page_navigator - INFO - Switching to innings: Hindi
2025-12-11 16:40:05 - core.page_navigator - INFO - Found target innings: Hindi
2025-12-11 16:40:13 - core.page_navigator - INFO - Successfully switched to Hindi
2025-12-11 16:40:13 - scraping.match_scraper - INFO - Successfully switched to: Hindi
2025-12-11 16:40:16 - core.page_navigator - INFO - Scrolling page 20 times
2025-12-11 16:41:17 - core.page_navigator - INFO - Page scrolling completed
2025-12-11 16:41:20 - scraping.match_scraper - INFO - Scraping innings: Hindi
2025-12-11 16:41:20 - core.commentary_parser - INFO - Found 0 commentary blocks
2025-12-11 16:41:20 - core.commentary_parser - INFO - Parsed 0 commentary entries
2025-12-11 16:41:20 - core.commentary_parser - WARNING - No parsed data to convert to DataFrame
2025-12-11 16:41:20 - scraping.match_scraper - INFO - Hindi: 0 events (super_over=False)
2025-12-11 16:41:20 - scraping.match_scraper - INFO - Combining all innings dataframes
2025-12-11 16:41:20 - scraping.match_scraper - INFO - Total events: 0 across 2 innings
2025-12-11 16:41:20 - scraping.match_scraper - INFO -   - Regular innings: 0 events
2025-12-11 16:41:20 - scraping.match_scraper - INFO -   - Super over(s): 0 events
2025-12-11 16:41:20 - scraping.match_scraper - INFO - Saving commentary to database
2025-12-11 16:41:20 - scraping.match_scraper - INFO - Commentary saved: 0 total events
2025-12-11 16:41:20 - scraping.match_scraper - INFO - Saving metadata to database
2025-12-11 16:41:20 - scraping.match_scraper - INFO - Metadata saved with super_over_count=0
2025-12-11 16:41:20 - scraping.match_scraper - INFO - Saving match players to database
2025-12-11 16:41:20 - scraping.match_scraper - INFO - Successfully completed scraping match 1473496
2025-12-11 16:41:20 - scraping.match_scraper - INFO - Closing WebDriver
2025-12-11 16:41:23 - __main__ - INFO - Successfully downloaded match 1473496
2025-12-11 16:41:33 - __main__ - INFO - Processing match 59/74: https://www.espncricinfo.com/series/ipl-2025-1449924/rajasthan-royals-vs-punjab-kings-59th-match-1473497/full-scorecard
2025-12-11 16:41:33 - __main__ - INFO - Attempting to download match 1473497 (attempt 1/4)
2025-12-11 16:41:33 - scraping.player_extractor - INFO - PlayerExtractor initialized - Target: raw.match_players
2025-12-11 16:41:33 - scraping.match_scraper - INFO - Initializing WebDriver
2025-12-11 16:41:39 - scraping.match_scraper - INFO - Loading full scorecard - attempt 1
2025-12-11 16:41:53 - scraping.match_scraper - INFO - full scorecard loaded successfully
2025-12-11 16:41:53 - scraping.match_scraper - INFO - Scrolling full scorecard page
2025-12-11 16:41:53 - core.page_navigator - INFO - Scrolling page 5 times
2025-12-11 16:42:12 - core.page_navigator - INFO - Page scrolling completed
2025-12-11 16:42:15 - scraping.match_scraper - INFO - Extracting metadata
2025-12-11 16:42:16 - core.metadata_extractor - INFO - Found 14 metadata rows for match 1473497
2025-12-11 16:42:16 - core.metadata_extractor - INFO - Extracted 15 metadata fields for match 1473497
2025-12-11 16:42:16 - scraping.match_scraper - INFO - Extracting player rosters...
2025-12-11 16:42:16 - scraping.player_extractor - INFO - Extracting players for match 1473497
2025-12-11 16:42:16 - core.metadata_extractor - INFO - Extracting player names for match 1473497
2025-12-11 16:42:16 - core.metadata_extractor - INFO - Found 2 batting scorecard table(s)
2025-12-11 16:42:16 - core.metadata_extractor - INFO -   Innings 1: Punjab Kings (batting)
2025-12-11 16:42:16 - core.metadata_extractor - INFO -   Innings 2: Rajasthan Royals (batting)
2025-12-11 16:42:16 - core.metadata_extractor - INFO -   innings_1 (Punjab Kings): 7 batted, 4 did not bat
2025-12-11 16:42:16 - core.metadata_extractor - INFO -   innings_2 (Rajasthan Royals): 9 batted, 2 did not bat
2025-12-11 16:42:16 - core.metadata_extractor - INFO - Found 2 bowling table(s)
2025-12-11 16:42:16 - core.metadata_extractor - INFO -   innings_1 bowling: Rajasthan Royals (bowling against Punjab Kings)
2025-12-11 16:42:16 - core.metadata_extractor - INFO -   innings_1 bowling (Rajasthan Royals): 6 bowlers
2025-12-11 16:42:16 - core.metadata_extractor - INFO -   innings_2 bowling: Punjab Kings (bowling against Rajasthan Royals)
2025-12-11 16:42:16 - core.metadata_extractor - INFO -   innings_2 bowling (Punjab Kings): 6 bowlers
2025-12-11 16:42:16 - core.metadata_extractor - INFO - Created DataFrame with 34 player records, 24 unique players
2025-12-11 16:42:16 - scraping.player_extractor - INFO - Extracted 24 players for match 1473497
2025-12-11 16:42:16 - scraping.player_extractor - INFO -   Teams: Rajasthan Royals, Punjab Kings
2025-12-11 16:42:16 - scraping.player_extractor - INFO -   Batted: 13, Did not bat: 11
2025-12-11 16:42:16 - scraping.player_extractor - INFO -   Regular: 23, Impact: 1
2025-12-11 16:42:16 - scraping.player_extractor - INFO -   Impact players: Shubham Dubey
2025-12-11 16:42:16 - scraping.match_scraper - INFO - Stored 24 players
2025-12-11 16:42:16 - scraping.match_scraper - INFO -   - Rajasthan Royals
2025-12-11 16:42:16 - scraping.match_scraper - INFO -   - Punjab Kings
2025-12-11 16:42:16 - scraping.match_scraper - INFO - Loading commentary page - attempt 1
2025-12-11 16:42:26 - scraping.match_scraper - INFO - commentary page loaded successfully
2025-12-11 16:42:26 - scraping.match_scraper - INFO - Scrolling commentary page
2025-12-11 16:42:26 - core.page_navigator - INFO - Scrolling page 20 times
2025-12-11 16:43:29 - core.page_navigator - INFO - Page scrolling completed
2025-12-11 16:43:32 - scraping.match_scraper - INFO - Getting current innings team
2025-12-11 16:43:32 - scraping.match_scraper - INFO - Default innings: RR
2025-12-11 16:43:32 - scraping.match_scraper - INFO - Getting all innings options
2025-12-11 16:44:08 - core.page_navigator - INFO - Found 2 innings options: ['PBKS', 'RR']
2025-12-11 16:44:10 - scraping.match_scraper - INFO - All innings: ['PBKS', 'RR']
2025-12-11 16:44:10 - scraping.match_scraper - INFO - Regular innings: ['PBKS', 'RR']
2025-12-11 16:44:10 - scraping.match_scraper - INFO - Super overs: []
2025-12-11 16:44:10 - scraping.match_scraper - INFO - Scraping default innings: RR
2025-12-11 16:44:11 - core.commentary_parser - INFO - Found 123 commentary blocks
2025-12-11 16:44:11 - core.commentary_parser - INFO - Parsed 123 commentary entries
2025-12-11 16:44:11 - core.commentary_parser - INFO - Normalizing to 6 columns (most common)
2025-12-11 16:44:11 - core.commentary_parser - INFO - Normalized 123 rows to 6 columns
2025-12-11 16:44:11 - core.commentary_parser - INFO - DataFrame created with 123 rows and 6 columns
2025-12-11 16:44:11 - core.commentary_parser - INFO - Final DataFrame: 123 rows with columns: ['Ball', 'Event', 'Score', 'Commentary', 'Bowler', 'Batsman']
2025-12-11 16:44:11 - core.commentary_parser - INFO -   Rows with commentary: 123
2025-12-11 16:44:11 - core.commentary_parser - INFO -   Rows without commentary: 0
2025-12-11 16:44:11 - scraping.match_scraper - INFO - RR: 123 events (super_over=False)
2025-12-11 16:44:11 - scraping.match_scraper - INFO - Switching to innings: PBKS
2025-12-11 16:44:11 - core.page_navigator - INFO - Scrolling to top of page
2025-12-11 16:44:15 - core.page_navigator - INFO - Switching to innings: PBKS
2025-12-11 16:44:49 - core.page_navigator - INFO - Found target innings: PBKS
2025-12-11 16:44:53 - core.page_navigator - INFO - Successfully switched to PBKS
2025-12-11 16:44:53 - scraping.match_scraper - INFO - Successfully switched to: PBKS
2025-12-11 16:44:56 - core.page_navigator - INFO - Scrolling page 20 times
2025-12-11 16:45:56 - core.page_navigator - INFO - Page scrolling completed
2025-12-11 16:45:59 - scraping.match_scraper - INFO - Scraping innings: PBKS
2025-12-11 16:46:00 - core.commentary_parser - INFO - Found 125 commentary blocks
2025-12-11 16:46:00 - core.commentary_parser - INFO - Parsed 125 commentary entries
2025-12-11 16:46:00 - core.commentary_parser - INFO - Normalizing to 6 columns (most common)
2025-12-11 16:46:00 - core.commentary_parser - INFO - Normalized 125 rows to 6 columns
2025-12-11 16:46:00 - core.commentary_parser - INFO - DataFrame created with 125 rows and 6 columns
2025-12-11 16:46:00 - core.commentary_parser - INFO - Final DataFrame: 125 rows with columns: ['Ball', 'Event', 'Score', 'Commentary', 'Bowler', 'Batsman']
2025-12-11 16:46:00 - core.commentary_parser - INFO -   Rows with commentary: 125
2025-12-11 16:46:00 - core.commentary_parser - INFO -   Rows without commentary: 0
2025-12-11 16:46:00 - scraping.match_scraper - INFO - PBKS: 125 events (super_over=False)
2025-12-11 16:46:00 - scraping.match_scraper - INFO - Combining all innings dataframes
2025-12-11 16:46:00 - scraping.match_scraper - INFO - Total events: 248 across 2 innings
2025-12-11 16:46:00 - scraping.match_scraper - INFO -   - Regular innings: 248 events
2025-12-11 16:46:00 - scraping.match_scraper - INFO -   - Super over(s): 0 events
2025-12-11 16:46:00 - scraping.match_scraper - INFO - Saving commentary to database
2025-12-11 16:46:00 - scraping.match_scraper - INFO - Commentary saved: 248 total events
2025-12-11 16:46:00 - scraping.match_scraper - INFO - Saving metadata to database
2025-12-11 16:46:00 - scraping.match_scraper - INFO - Metadata saved with super_over_count=0
2025-12-11 16:46:00 - scraping.match_scraper - INFO - Saving match players to database
2025-12-11 16:46:00 - scraping.match_scraper - INFO - Successfully completed scraping match 1473497
2025-12-11 16:46:00 - scraping.match_scraper - INFO - Closing WebDriver
2025-12-11 16:46:03 - __main__ - INFO - Successfully downloaded match 1473497
2025-12-11 16:46:13 - __main__ - INFO - Processing match 60/74: https://www.espncricinfo.com/series/ipl-2025-1449924/delhi-capitals-vs-gujarat-titans-60th-match-1473498/full-scorecard
2025-12-11 16:46:13 - __main__ - INFO - Attempting to download match 1473498 (attempt 1/4)
2025-12-11 16:46:13 - scraping.player_extractor - INFO - PlayerExtractor initialized - Target: raw.match_players
2025-12-11 16:46:13 - scraping.match_scraper - INFO - Initializing WebDriver
2025-12-11 16:46:21 - scraping.match_scraper - INFO - Loading full scorecard - attempt 1
2025-12-11 16:46:34 - scraping.match_scraper - INFO - full scorecard loaded successfully
2025-12-11 16:46:34 - scraping.match_scraper - INFO - Scrolling full scorecard page
2025-12-11 16:46:34 - core.page_navigator - INFO - Scrolling page 5 times
2025-12-11 16:47:02 - core.page_navigator - INFO - Page scrolling completed
2025-12-11 16:47:05 - scraping.match_scraper - INFO - Extracting metadata
2025-12-11 16:47:06 - core.metadata_extractor - INFO - Found 14 metadata rows for match 1473498
2025-12-11 16:47:06 - core.metadata_extractor - INFO - Extracted 15 metadata fields for match 1473498
2025-12-11 16:47:06 - scraping.match_scraper - INFO - Extracting player rosters...
2025-12-11 16:47:06 - scraping.player_extractor - INFO - Extracting players for match 1473498
2025-12-11 16:47:06 - core.metadata_extractor - INFO - Extracting player names for match 1473498
2025-12-11 16:47:06 - core.metadata_extractor - INFO - Found 2 batting scorecard table(s)
2025-12-11 16:47:06 - core.metadata_extractor - INFO -   Innings 1: Delhi Capitals (batting)
2025-12-11 16:47:06 - core.metadata_extractor - INFO -   Innings 2: Gujarat Titans (batting)
2025-12-11 16:47:06 - core.metadata_extractor - INFO -   innings_1 (Delhi Capitals): 5 batted, 6 did not bat
2025-12-11 16:47:06 - core.metadata_extractor - INFO -   innings_2 (Gujarat Titans): 2 batted, 9 did not bat
2025-12-11 16:47:06 - core.metadata_extractor - INFO - Found 2 bowling table(s)
2025-12-11 16:47:06 - core.metadata_extractor - INFO -   innings_1 bowling: Gujarat Titans (bowling against Delhi Capitals)
2025-12-11 16:47:06 - core.metadata_extractor - INFO -   innings_1 bowling (Gujarat Titans): 6 bowlers
2025-12-11 16:47:06 - core.metadata_extractor - INFO -   innings_2 bowling: Delhi Capitals (bowling against Gujarat Titans)
2025-12-11 16:47:06 - core.metadata_extractor - INFO -   innings_2 bowling (Delhi Capitals): 6 bowlers
2025-12-11 16:47:06 - core.metadata_extractor - INFO - Created DataFrame with 34 player records, 24 unique players
2025-12-11 16:47:06 - scraping.player_extractor - INFO - Extracted 24 players for match 1473498
2025-12-11 16:47:06 - scraping.player_extractor - INFO -   Teams: Gujarat Titans, Delhi Capitals
2025-12-11 16:47:06 - scraping.player_extractor - INFO -   Batted: 6, Did not bat: 18
2025-12-11 16:47:06 - scraping.player_extractor - INFO -   Regular: 23, Impact: 1
2025-12-11 16:47:06 - scraping.player_extractor - INFO -   Impact players: Sai Sudharsan
2025-12-11 16:47:06 - scraping.match_scraper - INFO - Stored 24 players
2025-12-11 16:47:06 - scraping.match_scraper - INFO -   - Gujarat Titans
2025-12-11 16:47:06 - scraping.match_scraper - INFO -   - Delhi Capitals
2025-12-11 16:47:06 - scraping.match_scraper - INFO - Loading commentary page - attempt 1
2025-12-11 16:47:20 - scraping.match_scraper - INFO - commentary page loaded successfully
2025-12-11 16:47:20 - scraping.match_scraper - INFO - Scrolling commentary page
2025-12-11 16:47:20 - core.page_navigator - INFO - Scrolling page 20 times
2025-12-11 16:48:21 - core.page_navigator - INFO - Page scrolling completed
2025-12-11 16:48:24 - scraping.match_scraper - INFO - Getting current innings team
2025-12-11 16:48:24 - scraping.match_scraper - INFO - Default innings: GT
2025-12-11 16:48:24 - scraping.match_scraper - INFO - Getting all innings options
2025-12-11 16:48:59 - core.page_navigator - INFO - Found 2 innings options: ['DC', 'GT']
2025-12-11 16:49:01 - scraping.match_scraper - INFO - All innings: ['DC', 'GT']
2025-12-11 16:49:01 - scraping.match_scraper - INFO - Regular innings: ['DC', 'GT']
2025-12-11 16:49:01 - scraping.match_scraper - INFO - Super overs: []
2025-12-11 16:49:01 - scraping.match_scraper - INFO - Scraping default innings: GT
2025-12-11 16:49:02 - core.commentary_parser - INFO - Found 117 commentary blocks
2025-12-11 16:49:02 - core.commentary_parser - INFO - Parsed 117 commentary entries
2025-12-11 16:49:02 - core.commentary_parser - INFO - Normalizing to 6 columns (most common)
2025-12-11 16:49:02 - core.commentary_parser - INFO - Normalized 117 rows to 6 columns
2025-12-11 16:49:02 - core.commentary_parser - INFO - DataFrame created with 117 rows and 6 columns
2025-12-11 16:49:02 - core.commentary_parser - INFO - Final DataFrame: 117 rows with columns: ['Ball', 'Event', 'Score', 'Commentary', 'Bowler', 'Batsman']
2025-12-11 16:49:02 - core.commentary_parser - INFO -   Rows with commentary: 117
2025-12-11 16:49:02 - core.commentary_parser - INFO -   Rows without commentary: 0
2025-12-11 16:49:02 - scraping.match_scraper - INFO - GT: 117 events (super_over=False)
2025-12-11 16:49:02 - scraping.match_scraper - INFO - Switching to innings: DC
2025-12-11 16:49:02 - core.page_navigator - INFO - Scrolling to top of page
2025-12-11 16:49:06 - core.page_navigator - INFO - Switching to innings: DC
2025-12-11 16:49:41 - core.page_navigator - INFO - Found target innings: DC
2025-12-11 16:49:44 - core.page_navigator - INFO - Successfully switched to DC
2025-12-11 16:49:44 - scraping.match_scraper - INFO - Successfully switched to: DC
2025-12-11 16:49:47 - core.page_navigator - INFO - Scrolling page 20 times
2025-12-11 16:50:48 - core.page_navigator - INFO - Page scrolling completed
2025-12-11 16:50:51 - scraping.match_scraper - INFO - Scraping innings: DC
2025-12-11 16:50:51 - core.commentary_parser - INFO - Found 124 commentary blocks
2025-12-11 16:50:52 - core.commentary_parser - INFO - Parsed 124 commentary entries
2025-12-11 16:50:52 - core.commentary_parser - INFO - Normalizing to 6 columns (most common)
2025-12-11 16:50:52 - core.commentary_parser - INFO - Normalized 124 rows to 6 columns
2025-12-11 16:50:52 - core.commentary_parser - INFO - DataFrame created with 124 rows and 6 columns
2025-12-11 16:50:52 - core.commentary_parser - INFO - Final DataFrame: 124 rows with columns: ['Ball', 'Event', 'Score', 'Commentary', 'Bowler', 'Batsman']
2025-12-11 16:50:52 - core.commentary_parser - INFO -   Rows with commentary: 124
2025-12-11 16:50:52 - core.commentary_parser - INFO -   Rows without commentary: 0
2025-12-11 16:50:52 - scraping.match_scraper - INFO - DC: 124 events (super_over=False)
2025-12-11 16:50:52 - scraping.match_scraper - INFO - Combining all innings dataframes
2025-12-11 16:50:52 - scraping.match_scraper - INFO - Total events: 241 across 2 innings
2025-12-11 16:50:52 - scraping.match_scraper - INFO -   - Regular innings: 241 events
2025-12-11 16:50:52 - scraping.match_scraper - INFO -   - Super over(s): 0 events
2025-12-11 16:50:52 - scraping.match_scraper - INFO - Saving commentary to database
2025-12-11 16:50:52 - scraping.match_scraper - INFO - Commentary saved: 241 total events
2025-12-11 16:50:52 - scraping.match_scraper - INFO - Saving metadata to database
2025-12-11 16:50:52 - scraping.match_scraper - INFO - Metadata saved with super_over_count=0
2025-12-11 16:50:52 - scraping.match_scraper - INFO - Saving match players to database
2025-12-11 16:50:52 - scraping.match_scraper - INFO - Successfully completed scraping match 1473498
2025-12-11 16:50:52 - scraping.match_scraper - INFO - Closing WebDriver
2025-12-11 16:50:55 - __main__ - INFO - Successfully downloaded match 1473498
2025-12-11 16:51:05 - __main__ - INFO - Processing match 61/74: https://www.espncricinfo.com/series/ipl-2025-1449924/lucknow-super-giants-vs-sunrisers-hyderabad-61st-match-1473499/full-scorecard
2025-12-11 16:51:05 - __main__ - INFO - Attempting to download match 1473499 (attempt 1/4)
2025-12-11 16:51:05 - scraping.player_extractor - INFO - PlayerExtractor initialized - Target: raw.match_players
2025-12-11 16:51:05 - scraping.match_scraper - INFO - Initializing WebDriver
2025-12-11 16:51:13 - scraping.match_scraper - INFO - Loading full scorecard - attempt 1
2025-12-11 16:51:26 - scraping.match_scraper - INFO - full scorecard loaded successfully
2025-12-11 16:51:26 - scraping.match_scraper - INFO - Scrolling full scorecard page
2025-12-11 16:51:26 - core.page_navigator - INFO - Scrolling page 5 times
2025-12-11 16:51:41 - core.page_navigator - INFO - Page scrolling completed
2025-12-11 16:51:44 - scraping.match_scraper - INFO - Extracting metadata
2025-12-11 16:51:45 - core.metadata_extractor - INFO - Found 14 metadata rows for match 1473499
2025-12-11 16:51:45 - core.metadata_extractor - INFO - Extracted 15 metadata fields for match 1473499
2025-12-11 16:51:45 - scraping.match_scraper - INFO - Extracting player rosters...
2025-12-11 16:51:45 - scraping.player_extractor - INFO - Extracting players for match 1473499
2025-12-11 16:51:45 - core.metadata_extractor - INFO - Extracting player names for match 1473499
2025-12-11 16:51:45 - core.metadata_extractor - INFO - Found 2 batting scorecard table(s)
2025-12-11 16:51:45 - core.metadata_extractor - INFO -   Innings 1: Lucknow Super Giants (batting)
2025-12-11 16:51:45 - core.metadata_extractor - INFO -   Innings 2: Sunrisers Hyderabad (batting)
2025-12-11 16:51:45 - core.metadata_extractor - INFO -   innings_1 (Lucknow Super Giants): 9 batted, 3 did not bat
2025-12-11 16:51:45 - core.metadata_extractor - INFO -   innings_2 (Sunrisers Hyderabad): 7 batted, 4 did not bat
2025-12-11 16:51:45 - core.metadata_extractor - INFO - Found 2 bowling table(s)
2025-12-11 16:51:45 - core.metadata_extractor - INFO -   innings_1 bowling: Sunrisers Hyderabad (bowling against Lucknow Super Giants)
2025-12-11 16:51:45 - core.metadata_extractor - INFO -   innings_1 bowling (Sunrisers Hyderabad): 6 bowlers
2025-12-11 16:51:45 - core.metadata_extractor - INFO -   innings_2 bowling: Lucknow Super Giants (bowling against Sunrisers Hyderabad)
2025-12-11 16:51:45 - core.metadata_extractor - INFO -   innings_2 bowling (Lucknow Super Giants): 7 bowlers
2025-12-11 16:51:45 - core.metadata_extractor - INFO - Created DataFrame with 36 player records, 24 unique players
2025-12-11 16:51:45 - scraping.player_extractor - INFO - Extracted 24 players for match 1473499
2025-12-11 16:51:45 - scraping.player_extractor - INFO -   Teams: Sunrisers Hyderabad, Lucknow Super Giants
2025-12-11 16:51:45 - scraping.player_extractor - INFO -   Batted: 12, Did not bat: 12
2025-12-11 16:51:45 - scraping.player_extractor - INFO -   Regular: 22, Impact: 2
2025-12-11 16:51:45 - scraping.player_extractor - INFO -   Impact players: Atharva Taide, Shardul Thakur
2025-12-11 16:51:45 - scraping.match_scraper - INFO - Stored 24 players
2025-12-11 16:51:45 - scraping.match_scraper - INFO -   - Sunrisers Hyderabad
2025-12-11 16:51:45 - scraping.match_scraper - INFO -   - Lucknow Super Giants
2025-12-11 16:51:45 - scraping.match_scraper - INFO - Loading commentary page - attempt 1
2025-12-11 16:51:58 - scraping.match_scraper - INFO - commentary page loaded successfully
2025-12-11 16:51:58 - scraping.match_scraper - INFO - Scrolling commentary page
2025-12-11 16:51:58 - core.page_navigator - INFO - Scrolling page 20 times
2025-12-11 16:54:32 - core.page_navigator - ERROR - Error during page scroll: HTTPConnectionPool(host='localhost', port=60901): Read timed out. (read timeout=120)
2025-12-11 16:54:35 - scraping.match_scraper - INFO - Getting current innings team
2025-12-11 16:56:00 - scraping.match_scraper - INFO - Closing WebDriver
2025-12-11 16:56:10 - __main__ - INFO - Cricket Data Pipeline Started
2025-12-11 16:56:10 - __main__ - INFO - STEP 1: Initializing database and schemas
2025-12-11 16:56:11 - configs.db_config - INFO - Initializing Medallion Architecture schemas...
2025-12-11 16:56:11 - configs.db_config - INFO - Medallion schemas (Bronze, Silver, Gold) initialized
2025-12-11 16:56:11 - __main__ - INFO - Database initialization complete
2025-12-11 16:56:11 - __main__ - INFO - STEP 2: Loading configuration
2025-12-11 16:56:11 - __main__ - INFO - Configuration loaded successfully
2025-12-11 16:56:11 - __main__ - INFO - STEP 3: Scraping data from Cricinfo
2025-12-11 16:56:11 - __main__ - INFO - Initializing match tracker
2025-12-11 16:56:11 - __main__ - INFO - Current Status: 60 matches already downloaded
2025-12-11 16:56:11 - __main__ - INFO - Fetching match schedule from Cricinfo
2025-12-11 16:56:11 - scraping.schedule_scraper - INFO - Initializing WebDriver for schedule scraping
2025-12-11 16:56:19 - scraping.schedule_scraper - INFO - Loading schedule page - attempt 1
2025-12-11 16:56:29 - scraping.schedule_scraper - INFO - Schedule page loaded successfully
2025-12-11 16:56:29 - scraping.schedule_scraper - INFO - Parsing schedule page with BeautifulSoup
2025-12-11 16:56:30 - scraping.schedule_scraper - INFO - Extracting match links from schedule
2025-12-11 16:56:31 - scraping.schedule_scraper - INFO - Successfully extracted 104 match links
2025-12-11 16:56:31 - scraping.schedule_scraper - INFO - Closing WebDriver
2025-12-11 16:56:33 - __main__ - INFO - Found 104 total links
2025-12-11 16:56:33 - __main__ - INFO - Found 74 match scorecards
2025-12-11 16:56:33 - __main__ - INFO - Loading match cache
2025-12-11 16:56:34 - __main__ - INFO - Starting match scraping process with retry logic
2025-12-11 16:56:34 - __main__ - INFO - Processing match 1/74: https://www.espncricinfo.com/series/ipl-2025-1449924/kolkata-knight-riders-vs-royal-challengers-bengaluru-1st-match-1473438/full-scorecard
2025-12-11 16:56:34 - __main__ - INFO - Match 1473438 already downloaded - skipping
2025-12-11 16:56:34 - __main__ - INFO - Processing match 2/74: https://www.espncricinfo.com/series/ipl-2025-1449924/sunrisers-hyderabad-vs-rajasthan-royals-2nd-match-1473439/full-scorecard
2025-12-11 16:56:34 - __main__ - INFO - Match 1473439 already downloaded - skipping
2025-12-11 16:56:34 - __main__ - INFO - Processing match 3/74: https://www.espncricinfo.com/series/ipl-2025-1449924/chennai-super-kings-vs-mumbai-indians-3rd-match-1473440/full-scorecard
2025-12-11 16:56:34 - __main__ - INFO - Match 1473440 already downloaded - skipping
2025-12-11 16:56:34 - __main__ - INFO - Processing match 4/74: https://www.espncricinfo.com/series/ipl-2025-1449924/delhi-capitals-vs-lucknow-super-giants-4th-match-1473441/full-scorecard
2025-12-11 16:56:34 - __main__ - INFO - Match 1473441 already downloaded - skipping
2025-12-11 16:56:34 - __main__ - INFO - Processing match 5/74: https://www.espncricinfo.com/series/ipl-2025-1449924/gujarat-titans-vs-punjab-kings-5th-match-1473442/full-scorecard
2025-12-11 16:56:34 - __main__ - INFO - Match 1473442 already downloaded - skipping
2025-12-11 16:56:34 - __main__ - INFO - Processing match 6/74: https://www.espncricinfo.com/series/ipl-2025-1449924/rajasthan-royals-vs-kolkata-knight-riders-6th-match-1473443/full-scorecard
2025-12-11 16:56:34 - __main__ - INFO - Match 1473443 already downloaded - skipping
2025-12-11 16:56:34 - __main__ - INFO - Processing match 7/74: https://www.espncricinfo.com/series/ipl-2025-1449924/sunrisers-hyderabad-vs-lucknow-super-giants-7th-match-1473444/full-scorecard
2025-12-11 16:56:34 - __main__ - INFO - Match 1473444 already downloaded - skipping
2025-12-11 16:56:34 - __main__ - INFO - Processing match 8/74: https://www.espncricinfo.com/series/ipl-2025-1449924/chennai-super-kings-vs-royal-challengers-bengaluru-8th-match-1473445/full-scorecard
2025-12-11 16:56:34 - __main__ - INFO - Match 1473445 already downloaded - skipping
2025-12-11 16:56:34 - __main__ - INFO - Processing match 9/74: https://www.espncricinfo.com/series/ipl-2025-1449924/gujarat-titans-vs-mumbai-indians-9th-match-1473446/full-scorecard
2025-12-11 16:56:34 - __main__ - INFO - Match 1473446 already downloaded - skipping
2025-12-11 16:56:34 - __main__ - INFO - Processing match 10/74: https://www.espncricinfo.com/series/ipl-2025-1449924/delhi-capitals-vs-sunrisers-hyderabad-10th-match-1473447/full-scorecard
2025-12-11 16:56:34 - __main__ - INFO - Match 1473447 already downloaded - skipping
2025-12-11 16:56:34 - __main__ - INFO - Processing match 11/74: https://www.espncricinfo.com/series/ipl-2025-1449924/rajasthan-royals-vs-chennai-super-kings-11th-match-1473448/full-scorecard
2025-12-11 16:56:34 - __main__ - INFO - Match 1473448 already downloaded - skipping
2025-12-11 16:56:34 - __main__ - INFO - Processing match 12/74: https://www.espncricinfo.com/series/ipl-2025-1449924/mumbai-indians-vs-kolkata-knight-riders-12th-match-1473449/full-scorecard
2025-12-11 16:56:34 - __main__ - INFO - Match 1473449 already downloaded - skipping
2025-12-11 16:56:34 - __main__ - INFO - Processing match 13/74: https://www.espncricinfo.com/series/ipl-2025-1449924/lucknow-super-giants-vs-punjab-kings-13th-match-1473450/full-scorecard
2025-12-11 16:56:34 - __main__ - INFO - Match 1473450 already downloaded - skipping
2025-12-11 16:56:34 - __main__ - INFO - Processing match 14/74: https://www.espncricinfo.com/series/ipl-2025-1449924/royal-challengers-bengaluru-vs-gujarat-titans-14th-match-1473451/full-scorecard
2025-12-11 16:56:34 - __main__ - INFO - Match 1473451 already downloaded - skipping
2025-12-11 16:56:34 - __main__ - INFO - Processing match 15/74: https://www.espncricinfo.com/series/ipl-2025-1449924/kolkata-knight-riders-vs-sunrisers-hyderabad-15th-match-1473452/full-scorecard
2025-12-11 16:56:34 - __main__ - INFO - Match 1473452 already downloaded - skipping
2025-12-11 16:56:34 - __main__ - INFO - Processing match 16/74: https://www.espncricinfo.com/series/ipl-2025-1449924/lucknow-super-giants-vs-mumbai-indians-16th-match-1473453/full-scorecard
2025-12-11 16:56:34 - __main__ - INFO - Match 1473453 already downloaded - skipping
2025-12-11 16:56:34 - __main__ - INFO - Processing match 17/74: https://www.espncricinfo.com/series/ipl-2025-1449924/chennai-super-kings-vs-delhi-capitals-17th-match-1473454/full-scorecard
2025-12-11 16:56:34 - __main__ - INFO - Match 1473454 already downloaded - skipping
2025-12-11 16:56:34 - __main__ - INFO - Processing match 18/74: https://www.espncricinfo.com/series/ipl-2025-1449924/punjab-kings-vs-rajasthan-royals-18th-match-1473455/full-scorecard
2025-12-11 16:56:34 - __main__ - INFO - Match 1473455 already downloaded - skipping
2025-12-11 16:56:34 - __main__ - INFO - Processing match 19/74: https://www.espncricinfo.com/series/ipl-2025-1449924/sunrisers-hyderabad-vs-gujarat-titans-19th-match-1473457/full-scorecard
2025-12-11 16:56:34 - __main__ - INFO - Match 1473457 already downloaded - skipping
2025-12-11 16:56:34 - __main__ - INFO - Processing match 20/74: https://www.espncricinfo.com/series/ipl-2025-1449924/mumbai-indians-vs-royal-challengers-bengaluru-20th-match-1473458/full-scorecard
2025-12-11 16:56:34 - __main__ - INFO - Match 1473458 already downloaded - skipping
2025-12-11 16:56:34 - __main__ - INFO - Processing match 21/74: https://www.espncricinfo.com/series/ipl-2025-1449924/kolkata-knight-riders-vs-lucknow-super-giants-21st-match-1473456/full-scorecard
2025-12-11 16:56:34 - __main__ - INFO - Match 1473456 already downloaded - skipping
2025-12-11 16:56:34 - __main__ - INFO - Processing match 22/74: https://www.espncricinfo.com/series/ipl-2025-1449924/punjab-kings-vs-chennai-super-kings-22nd-match-1473459/full-scorecard
2025-12-11 16:56:34 - __main__ - INFO - Match 1473459 already downloaded - skipping
2025-12-11 16:56:34 - __main__ - INFO - Processing match 23/74: https://www.espncricinfo.com/series/ipl-2025-1449924/gujarat-titans-vs-rajasthan-royals-23rd-match-1473460/full-scorecard
2025-12-11 16:56:34 - __main__ - INFO - Match 1473460 already downloaded - skipping
2025-12-11 16:56:34 - __main__ - INFO - Processing match 24/74: https://www.espncricinfo.com/series/ipl-2025-1449924/royal-challengers-bengaluru-vs-delhi-capitals-24th-match-1473461/full-scorecard
2025-12-11 16:56:34 - __main__ - INFO - Match 1473461 already downloaded - skipping
2025-12-11 16:56:34 - __main__ - INFO - Processing match 25/74: https://www.espncricinfo.com/series/ipl-2025-1449924/chennai-super-kings-vs-kolkata-knight-riders-25th-match-1473462/full-scorecard
2025-12-11 16:56:34 - __main__ - INFO - Match 1473462 already downloaded - skipping
2025-12-11 16:56:34 - __main__ - INFO - Processing match 26/74: https://www.espncricinfo.com/series/ipl-2025-1449924/lucknow-super-giants-vs-gujarat-titans-26th-match-1473463/full-scorecard
2025-12-11 16:56:34 - __main__ - INFO - Match 1473463 already downloaded - skipping
2025-12-11 16:56:34 - __main__ - INFO - Processing match 27/74: https://www.espncricinfo.com/series/ipl-2025-1449924/sunrisers-hyderabad-vs-punjab-kings-27th-match-1473464/full-scorecard
2025-12-11 16:56:34 - __main__ - INFO - Match 1473464 already downloaded - skipping
2025-12-11 16:56:34 - __main__ - INFO - Processing match 28/74: https://www.espncricinfo.com/series/ipl-2025-1449924/rajasthan-royals-vs-royal-challengers-bengaluru-28th-match-1473465/full-scorecard
2025-12-11 16:56:34 - __main__ - INFO - Match 1473465 already downloaded - skipping
2025-12-11 16:56:34 - __main__ - INFO - Processing match 29/74: https://www.espncricinfo.com/series/ipl-2025-1449924/delhi-capitals-vs-mumbai-indians-29th-match-1473466/full-scorecard
2025-12-11 16:56:34 - __main__ - INFO - Match 1473466 already downloaded - skipping
2025-12-11 16:56:34 - __main__ - INFO - Processing match 30/74: https://www.espncricinfo.com/series/ipl-2025-1449924/lucknow-super-giants-vs-chennai-super-kings-30th-match-1473467/full-scorecard
2025-12-11 16:56:34 - __main__ - INFO - Match 1473467 already downloaded - skipping
2025-12-11 16:56:34 - __main__ - INFO - Processing match 31/74: https://www.espncricinfo.com/series/ipl-2025-1449924/punjab-kings-vs-kolkata-knight-riders-31st-match-1473468/full-scorecard
2025-12-11 16:56:34 - __main__ - INFO - Match 1473468 already downloaded - skipping
2025-12-11 16:56:34 - __main__ - INFO - Processing match 32/74: https://www.espncricinfo.com/series/ipl-2025-1449924/delhi-capitals-vs-rajasthan-royals-32nd-match-1473469/full-scorecard
2025-12-11 16:56:34 - __main__ - INFO - Match 1473469 already downloaded - skipping
2025-12-11 16:56:34 - __main__ - INFO - Processing match 33/74: https://www.espncricinfo.com/series/ipl-2025-1449924/mumbai-indians-vs-sunrisers-hyderabad-33rd-match-1473470/full-scorecard
2025-12-11 16:56:34 - __main__ - INFO - Match 1473470 already downloaded - skipping
2025-12-11 16:56:34 - __main__ - INFO - Processing match 34/74: https://www.espncricinfo.com/series/ipl-2025-1449924/royal-challengers-bengaluru-vs-punjab-kings-34th-match-1473471/full-scorecard
2025-12-11 16:56:34 - __main__ - INFO - Match 1473471 already downloaded - skipping
2025-12-11 16:56:34 - __main__ - INFO - Processing match 35/74: https://www.espncricinfo.com/series/ipl-2025-1449924/gujarat-titans-vs-delhi-capitals-35th-match-1473472/full-scorecard
2025-12-11 16:56:34 - __main__ - INFO - Match 1473472 already downloaded - skipping
2025-12-11 16:56:34 - __main__ - INFO - Processing match 36/74: https://www.espncricinfo.com/series/ipl-2025-1449924/rajasthan-royals-vs-lucknow-super-giants-36th-match-1473473/full-scorecard
2025-12-11 16:56:34 - __main__ - INFO - Match 1473473 already downloaded - skipping
2025-12-11 16:56:34 - __main__ - INFO - Processing match 37/74: https://www.espncricinfo.com/series/ipl-2025-1449924/punjab-kings-vs-royal-challengers-bengaluru-37th-match-1473474/full-scorecard
2025-12-11 16:56:34 - __main__ - INFO - Match 1473474 already downloaded - skipping
2025-12-11 16:56:34 - __main__ - INFO - Processing match 38/74: https://www.espncricinfo.com/series/ipl-2025-1449924/mumbai-indians-vs-chennai-super-kings-38th-match-1473475/full-scorecard
2025-12-11 16:56:34 - __main__ - INFO - Match 1473475 already downloaded - skipping
2025-12-11 16:56:34 - __main__ - INFO - Processing match 39/74: https://www.espncricinfo.com/series/ipl-2025-1449924/kolkata-knight-riders-vs-gujarat-titans-39th-match-1473476/full-scorecard
2025-12-11 16:56:34 - __main__ - INFO - Match 1473476 already downloaded - skipping
2025-12-11 16:56:34 - __main__ - INFO - Processing match 40/74: https://www.espncricinfo.com/series/ipl-2025-1449924/lucknow-super-giants-vs-delhi-capitals-40th-match-1473477/full-scorecard
2025-12-11 16:56:34 - __main__ - INFO - Match 1473477 already downloaded - skipping
2025-12-11 16:56:34 - __main__ - INFO - Processing match 41/74: https://www.espncricinfo.com/series/ipl-2025-1449924/sunrisers-hyderabad-vs-mumbai-indians-41st-match-1473478/full-scorecard
2025-12-11 16:56:34 - __main__ - INFO - Match 1473478 already downloaded - skipping
2025-12-11 16:56:34 - __main__ - INFO - Processing match 42/74: https://www.espncricinfo.com/series/ipl-2025-1449924/royal-challengers-bengaluru-vs-rajasthan-royals-42nd-match-1473479/full-scorecard
2025-12-11 16:56:34 - __main__ - INFO - Match 1473479 already downloaded - skipping
2025-12-11 16:56:34 - __main__ - INFO - Processing match 43/74: https://www.espncricinfo.com/series/ipl-2025-1449924/chennai-super-kings-vs-sunrisers-hyderabad-43rd-match-1473480/full-scorecard
2025-12-11 16:56:34 - __main__ - INFO - Match 1473480 already downloaded - skipping
2025-12-11 16:56:34 - __main__ - INFO - Processing match 44/74: https://www.espncricinfo.com/series/ipl-2025-1449924/kolkata-knight-riders-vs-punjab-kings-44th-match-1473481/full-scorecard
2025-12-11 16:56:34 - __main__ - INFO - Match 1473481 already downloaded - skipping
2025-12-11 16:56:34 - __main__ - INFO - Processing match 45/74: https://www.espncricinfo.com/series/ipl-2025-1449924/mumbai-indians-vs-lucknow-super-giants-45th-match-1473482/full-scorecard
2025-12-11 16:56:34 - __main__ - INFO - Match 1473482 already downloaded - skipping
2025-12-11 16:56:34 - __main__ - INFO - Processing match 46/74: https://www.espncricinfo.com/series/ipl-2025-1449924/delhi-capitals-vs-royal-challengers-bengaluru-46th-match-1473483/full-scorecard
2025-12-11 16:56:34 - __main__ - INFO - Match 1473483 already downloaded - skipping
2025-12-11 16:56:34 - __main__ - INFO - Processing match 47/74: https://www.espncricinfo.com/series/ipl-2025-1449924/rajasthan-royals-vs-gujarat-titans-47th-match-1473484/full-scorecard
2025-12-11 16:56:34 - __main__ - INFO - Match 1473484 already downloaded - skipping
2025-12-11 16:56:34 - __main__ - INFO - Processing match 48/74: https://www.espncricinfo.com/series/ipl-2025-1449924/delhi-capitals-vs-kolkata-knight-riders-48th-match-1473485/full-scorecard
2025-12-11 16:56:34 - __main__ - INFO - Match 1473485 already downloaded - skipping
2025-12-11 16:56:34 - __main__ - INFO - Processing match 49/74: https://www.espncricinfo.com/series/ipl-2025-1449924/chennai-super-kings-vs-punjab-kings-49th-match-1473486/full-scorecard
2025-12-11 16:56:34 - __main__ - INFO - Match 1473486 already downloaded - skipping
2025-12-11 16:56:34 - __main__ - INFO - Processing match 50/74: https://www.espncricinfo.com/series/ipl-2025-1449924/rajasthan-royals-vs-mumbai-indians-50th-match-1473487/full-scorecard
2025-12-11 16:56:34 - __main__ - INFO - Match 1473487 already downloaded - skipping
2025-12-11 16:56:34 - __main__ - INFO - Processing match 51/74: https://www.espncricinfo.com/series/ipl-2025-1449924/gujarat-titans-vs-sunrisers-hyderabad-51st-match-1473488/full-scorecard
2025-12-11 16:56:34 - __main__ - INFO - Match 1473488 already downloaded - skipping
2025-12-11 16:56:34 - __main__ - INFO - Processing match 52/74: https://www.espncricinfo.com/series/ipl-2025-1449924/royal-challengers-bengaluru-vs-chennai-super-kings-52nd-match-1473489/full-scorecard
2025-12-11 16:56:34 - __main__ - INFO - Match 1473489 already downloaded - skipping
2025-12-11 16:56:34 - __main__ - INFO - Processing match 53/74: https://www.espncricinfo.com/series/ipl-2025-1449924/kolkata-knight-riders-vs-rajasthan-royals-53rd-match-1473490/full-scorecard
2025-12-11 16:56:34 - __main__ - INFO - Match 1473490 already downloaded - skipping
2025-12-11 16:56:34 - __main__ - INFO - Processing match 54/74: https://www.espncricinfo.com/series/ipl-2025-1449924/punjab-kings-vs-lucknow-super-giants-54th-match-1473491/full-scorecard
2025-12-11 16:56:34 - __main__ - INFO - Match 1473491 already downloaded - skipping
2025-12-11 16:56:34 - __main__ - INFO - Processing match 55/74: https://www.espncricinfo.com/series/ipl-2025-1449924/sunrisers-hyderabad-vs-delhi-capitals-55th-match-1473492/full-scorecard
2025-12-11 16:56:34 - __main__ - INFO - Match 1473492 already downloaded - skipping
2025-12-11 16:56:34 - __main__ - INFO - Processing match 56/74: https://www.espncricinfo.com/series/ipl-2025-1449924/mumbai-indians-vs-gujarat-titans-56th-match-1473493/full-scorecard
2025-12-11 16:56:34 - __main__ - INFO - Match 1473493 already downloaded - skipping
2025-12-11 16:56:34 - __main__ - INFO - Processing match 57/74: https://www.espncricinfo.com/series/ipl-2025-1449924/kolkata-knight-riders-vs-chennai-super-kings-57th-match-1473494/full-scorecard
2025-12-11 16:56:34 - __main__ - INFO - Match 1473494 already downloaded - skipping
2025-12-11 16:56:34 - __main__ - INFO - Processing match 58/74: https://www.espncricinfo.com/series/ipl-2025-1449924/royal-challengers-bengaluru-vs-kolkata-knight-riders-58th-match-1473496/full-scorecard
2025-12-11 16:56:34 - __main__ - INFO - Match 1473496 already downloaded - skipping
2025-12-11 16:56:34 - __main__ - INFO - Processing match 59/74: https://www.espncricinfo.com/series/ipl-2025-1449924/rajasthan-royals-vs-punjab-kings-59th-match-1473497/full-scorecard
2025-12-11 16:56:34 - __main__ - INFO - Match 1473497 already downloaded - skipping
2025-12-11 16:56:34 - __main__ - INFO - Processing match 60/74: https://www.espncricinfo.com/series/ipl-2025-1449924/delhi-capitals-vs-gujarat-titans-60th-match-1473498/full-scorecard
2025-12-11 16:56:34 - __main__ - INFO - Match 1473498 already downloaded - skipping
2025-12-11 16:56:34 - __main__ - INFO - Processing match 61/74: https://www.espncricinfo.com/series/ipl-2025-1449924/lucknow-super-giants-vs-sunrisers-hyderabad-61st-match-1473499/full-scorecard
2025-12-11 16:56:34 - __main__ - INFO - Attempting to download match 1473499 (attempt 1/4)
2025-12-11 16:56:34 - scraping.player_extractor - INFO - PlayerExtractor initialized - Target: raw.match_players
2025-12-11 16:56:34 - scraping.match_scraper - INFO - Initializing WebDriver
2025-12-11 16:56:41 - scraping.match_scraper - INFO - Loading full scorecard - attempt 1
2025-12-11 16:56:55 - scraping.match_scraper - INFO - full scorecard loaded successfully
2025-12-11 16:56:55 - scraping.match_scraper - INFO - Scrolling full scorecard page
2025-12-11 16:56:55 - core.page_navigator - INFO - Scrolling page 5 times
2025-12-11 16:57:10 - core.page_navigator - INFO - Page scrolling completed
2025-12-11 16:57:13 - scraping.match_scraper - INFO - Extracting metadata
2025-12-11 16:57:13 - core.metadata_extractor - INFO - Found 14 metadata rows for match 1473499
2025-12-11 16:57:13 - core.metadata_extractor - INFO - Extracted 15 metadata fields for match 1473499
2025-12-11 16:57:13 - scraping.match_scraper - INFO - Extracting player rosters...
2025-12-11 16:57:13 - scraping.player_extractor - INFO - Extracting players for match 1473499
2025-12-11 16:57:13 - core.metadata_extractor - INFO - Extracting player names for match 1473499
2025-12-11 16:57:13 - core.metadata_extractor - INFO - Found 2 batting scorecard table(s)
2025-12-11 16:57:13 - core.metadata_extractor - INFO -   Innings 1: Lucknow Super Giants (batting)
2025-12-11 16:57:13 - core.metadata_extractor - INFO -   Innings 2: Sunrisers Hyderabad (batting)
2025-12-11 16:57:13 - core.metadata_extractor - INFO -   innings_1 (Lucknow Super Giants): 9 batted, 3 did not bat
2025-12-11 16:57:13 - core.metadata_extractor - INFO -   innings_2 (Sunrisers Hyderabad): 7 batted, 4 did not bat
2025-12-11 16:57:13 - core.metadata_extractor - INFO - Found 2 bowling table(s)
2025-12-11 16:57:13 - core.metadata_extractor - INFO -   innings_1 bowling: Sunrisers Hyderabad (bowling against Lucknow Super Giants)
2025-12-11 16:57:13 - core.metadata_extractor - INFO -   innings_1 bowling (Sunrisers Hyderabad): 6 bowlers
2025-12-11 16:57:13 - core.metadata_extractor - INFO -   innings_2 bowling: Lucknow Super Giants (bowling against Sunrisers Hyderabad)
2025-12-11 16:57:13 - core.metadata_extractor - INFO -   innings_2 bowling (Lucknow Super Giants): 7 bowlers
2025-12-11 16:57:13 - core.metadata_extractor - INFO - Created DataFrame with 36 player records, 24 unique players
2025-12-11 16:57:13 - scraping.player_extractor - INFO - Extracted 24 players for match 1473499
2025-12-11 16:57:13 - scraping.player_extractor - INFO -   Teams: Sunrisers Hyderabad, Lucknow Super Giants
2025-12-11 16:57:13 - scraping.player_extractor - INFO -   Batted: 12, Did not bat: 12
2025-12-11 16:57:13 - scraping.player_extractor - INFO -   Regular: 22, Impact: 2
2025-12-11 16:57:13 - scraping.player_extractor - INFO -   Impact players: Atharva Taide, Shardul Thakur
2025-12-11 16:57:13 - scraping.match_scraper - INFO - Stored 24 players
2025-12-11 16:57:13 - scraping.match_scraper - INFO -   - Sunrisers Hyderabad
2025-12-11 16:57:13 - scraping.match_scraper - INFO -   - Lucknow Super Giants
2025-12-11 16:57:13 - scraping.match_scraper - INFO - Loading commentary page - attempt 1
2025-12-11 16:57:26 - scraping.match_scraper - INFO - commentary page loaded successfully
2025-12-11 16:57:26 - scraping.match_scraper - INFO - Scrolling commentary page
2025-12-11 16:57:26 - core.page_navigator - INFO - Scrolling page 20 times
2025-12-11 16:58:27 - core.page_navigator - INFO - Page scrolling completed
2025-12-11 16:58:30 - scraping.match_scraper - INFO - Getting current innings team
2025-12-11 16:58:30 - scraping.match_scraper - INFO - Default innings: SRH
2025-12-11 16:58:30 - scraping.match_scraper - INFO - Getting all innings options
2025-12-11 16:59:04 - core.page_navigator - INFO - Found 2 innings options: ['LSG', 'SRH']
2025-12-11 16:59:06 - scraping.match_scraper - INFO - All innings: ['LSG', 'SRH']
2025-12-11 16:59:06 - scraping.match_scraper - INFO - Regular innings: ['LSG', 'SRH']
2025-12-11 16:59:06 - scraping.match_scraper - INFO - Super overs: []
2025-12-11 16:59:06 - scraping.match_scraper - INFO - Scraping default innings: SRH
2025-12-11 16:59:07 - core.commentary_parser - INFO - Found 119 commentary blocks
2025-12-11 16:59:07 - core.commentary_parser - INFO - Parsed 119 commentary entries
2025-12-11 16:59:07 - core.commentary_parser - INFO - Normalizing to 6 columns (most common)
2025-12-11 16:59:07 - core.commentary_parser - INFO - Normalized 119 rows to 6 columns
2025-12-11 16:59:07 - core.commentary_parser - INFO - DataFrame created with 119 rows and 6 columns
2025-12-11 16:59:07 - core.commentary_parser - INFO - Final DataFrame: 119 rows with columns: ['Ball', 'Event', 'Score', 'Commentary', 'Bowler', 'Batsman']
2025-12-11 16:59:07 - core.commentary_parser - INFO -   Rows with commentary: 119
2025-12-11 16:59:07 - core.commentary_parser - INFO -   Rows without commentary: 0
2025-12-11 16:59:07 - scraping.match_scraper - INFO - SRH: 119 events (super_over=False)
2025-12-11 16:59:07 - scraping.match_scraper - INFO - Switching to innings: LSG
2025-12-11 16:59:07 - core.page_navigator - INFO - Scrolling to top of page
2025-12-11 16:59:11 - core.page_navigator - INFO - Switching to innings: LSG
2025-12-11 16:59:45 - core.page_navigator - INFO - Found target innings: LSG
2025-12-11 16:59:49 - core.page_navigator - INFO - Successfully switched to LSG
2025-12-11 16:59:49 - scraping.match_scraper - INFO - Successfully switched to: LSG
2025-12-11 16:59:52 - core.page_navigator - INFO - Scrolling page 20 times
2025-12-11 17:00:52 - core.page_navigator - INFO - Page scrolling completed
2025-12-11 17:00:55 - scraping.match_scraper - INFO - Scraping innings: LSG
2025-12-11 17:00:56 - core.commentary_parser - INFO - Found 131 commentary blocks
2025-12-11 17:00:56 - core.commentary_parser - INFO - Parsed 131 commentary entries
2025-12-11 17:00:56 - core.commentary_parser - INFO - Normalizing to 6 columns (most common)
2025-12-11 17:00:56 - core.commentary_parser - INFO - Normalized 131 rows to 6 columns
2025-12-11 17:00:56 - core.commentary_parser - INFO - DataFrame created with 131 rows and 6 columns
2025-12-11 17:00:56 - core.commentary_parser - INFO - Final DataFrame: 131 rows with columns: ['Ball', 'Event', 'Score', 'Commentary', 'Bowler', 'Batsman']
2025-12-11 17:00:56 - core.commentary_parser - INFO -   Rows with commentary: 131
2025-12-11 17:00:56 - core.commentary_parser - INFO -   Rows without commentary: 0
2025-12-11 17:00:56 - scraping.match_scraper - INFO - LSG: 131 events (super_over=False)
2025-12-11 17:00:56 - scraping.match_scraper - INFO - Combining all innings dataframes
2025-12-11 17:00:56 - scraping.match_scraper - INFO - Total events: 250 across 2 innings
2025-12-11 17:00:56 - scraping.match_scraper - INFO -   - Regular innings: 250 events
2025-12-11 17:00:56 - scraping.match_scraper - INFO -   - Super over(s): 0 events
2025-12-11 17:00:56 - scraping.match_scraper - INFO - Saving commentary to database
2025-12-11 17:00:56 - scraping.match_scraper - INFO - Commentary saved: 250 total events
2025-12-11 17:00:56 - scraping.match_scraper - INFO - Saving metadata to database
2025-12-11 17:00:57 - scraping.match_scraper - INFO - Metadata saved with super_over_count=0
2025-12-11 17:00:57 - scraping.match_scraper - INFO - Saving match players to database
2025-12-11 17:00:57 - scraping.match_scraper - INFO - Successfully completed scraping match 1473499
2025-12-11 17:00:57 - scraping.match_scraper - INFO - Closing WebDriver
2025-12-11 17:00:59 - __main__ - INFO - Successfully downloaded match 1473499
2025-12-11 17:01:09 - __main__ - INFO - Processing match 62/74: https://www.espncricinfo.com/series/ipl-2025-1449924/chennai-super-kings-vs-rajasthan-royals-62nd-match-1473500/full-scorecard
2025-12-11 17:01:09 - __main__ - INFO - Attempting to download match 1473500 (attempt 1/4)
2025-12-11 17:01:09 - scraping.player_extractor - INFO - PlayerExtractor initialized - Target: raw.match_players
2025-12-11 17:01:09 - scraping.match_scraper - INFO - Initializing WebDriver
2025-12-11 17:01:17 - scraping.match_scraper - INFO - Loading full scorecard - attempt 1
2025-12-11 17:01:28 - scraping.match_scraper - INFO - full scorecard loaded successfully
2025-12-11 17:01:28 - scraping.match_scraper - INFO - Scrolling full scorecard page
2025-12-11 17:01:28 - core.page_navigator - INFO - Scrolling page 5 times
2025-12-11 17:01:52 - core.page_navigator - INFO - Page scrolling completed
2025-12-11 17:01:55 - scraping.match_scraper - INFO - Extracting metadata
2025-12-11 17:01:55 - core.metadata_extractor - INFO - Found 14 metadata rows for match 1473500
2025-12-11 17:01:55 - core.metadata_extractor - INFO - Extracted 15 metadata fields for match 1473500
2025-12-11 17:01:55 - scraping.match_scraper - INFO - Extracting player rosters...
2025-12-11 17:01:55 - scraping.player_extractor - INFO - Extracting players for match 1473500
2025-12-11 17:01:55 - core.metadata_extractor - INFO - Extracting player names for match 1473500
2025-12-11 17:01:55 - core.metadata_extractor - INFO - Found 2 batting scorecard table(s)
2025-12-11 17:01:55 - core.metadata_extractor - INFO -   Innings 1: Chennai Super Kings (batting)
2025-12-11 17:01:55 - core.metadata_extractor - INFO -   Innings 2: Rajasthan Royals (batting)
2025-12-11 17:01:55 - core.metadata_extractor - INFO -   innings_1 (Chennai Super Kings): 10 batted, 1 did not bat
2025-12-11 17:01:55 - core.metadata_extractor - INFO -   innings_2 (Rajasthan Royals): 6 batted, 5 did not bat
2025-12-11 17:01:55 - core.metadata_extractor - INFO - Found 2 bowling table(s)
2025-12-11 17:01:55 - core.metadata_extractor - INFO -   innings_1 bowling: Rajasthan Royals (bowling against Chennai Super Kings)
2025-12-11 17:01:55 - core.metadata_extractor - INFO -   innings_1 bowling (Rajasthan Royals): 6 bowlers
2025-12-11 17:01:55 - core.metadata_extractor - INFO -   innings_2 bowling: Chennai Super Kings (bowling against Rajasthan Royals)
2025-12-11 17:01:55 - core.metadata_extractor - INFO -   innings_2 bowling (Chennai Super Kings): 6 bowlers
2025-12-11 17:01:55 - core.metadata_extractor - INFO - Created DataFrame with 34 player records, 23 unique players
2025-12-11 17:01:55 - scraping.player_extractor - INFO - Extracted 23 players for match 1473500
2025-12-11 17:01:55 - scraping.player_extractor - INFO -   Teams: Chennai Super Kings, Rajasthan Royals
2025-12-11 17:01:55 - scraping.player_extractor - INFO -   Batted: 12, Did not bat: 11
2025-12-11 17:01:55 - scraping.player_extractor - INFO -   Regular: 23, Impact: 0
2025-12-11 17:01:55 - scraping.match_scraper - INFO - Stored 23 players
2025-12-11 17:01:55 - scraping.match_scraper - INFO -   - Chennai Super Kings
2025-12-11 17:01:55 - scraping.match_scraper - INFO -   - Rajasthan Royals
2025-12-11 17:01:55 - scraping.match_scraper - INFO - Loading commentary page - attempt 1
2025-12-11 17:02:06 - scraping.match_scraper - INFO - commentary page loaded successfully
2025-12-11 17:02:06 - scraping.match_scraper - INFO - Scrolling commentary page
2025-12-11 17:02:06 - core.page_navigator - INFO - Scrolling page 20 times
2025-12-11 17:03:09 - core.page_navigator - INFO - Page scrolling completed
2025-12-11 17:03:12 - scraping.match_scraper - INFO - Getting current innings team
2025-12-11 17:03:12 - scraping.match_scraper - INFO - Default innings: RR
2025-12-11 17:03:12 - scraping.match_scraper - INFO - Getting all innings options
2025-12-11 17:03:47 - core.page_navigator - INFO - Found 2 innings options: ['CSK', 'RR']
2025-12-11 17:03:49 - scraping.match_scraper - INFO - All innings: ['CSK', 'RR']
2025-12-11 17:03:49 - scraping.match_scraper - INFO - Regular innings: ['CSK', 'RR']
2025-12-11 17:03:49 - scraping.match_scraper - INFO - Super overs: []
2025-12-11 17:03:49 - scraping.match_scraper - INFO - Scraping default innings: RR
2025-12-11 17:03:50 - core.commentary_parser - INFO - Found 107 commentary blocks
2025-12-11 17:03:50 - core.commentary_parser - INFO - Parsed 107 commentary entries
2025-12-11 17:03:50 - core.commentary_parser - INFO - Normalizing to 6 columns (most common)
2025-12-11 17:03:50 - core.commentary_parser - INFO - Normalized 107 rows to 6 columns
2025-12-11 17:03:50 - core.commentary_parser - INFO - DataFrame created with 107 rows and 6 columns
2025-12-11 17:03:50 - core.commentary_parser - INFO - Final DataFrame: 107 rows with columns: ['Ball', 'Event', 'Score', 'Commentary', 'Bowler', 'Batsman']
2025-12-11 17:03:50 - core.commentary_parser - INFO -   Rows with commentary: 107
2025-12-11 17:03:50 - core.commentary_parser - INFO -   Rows without commentary: 0
2025-12-11 17:03:50 - scraping.match_scraper - INFO - RR: 107 events (super_over=False)
2025-12-11 17:03:50 - scraping.match_scraper - INFO - Switching to innings: CSK
2025-12-11 17:03:50 - core.page_navigator - INFO - Scrolling to top of page
2025-12-11 17:03:54 - core.page_navigator - INFO - Switching to innings: CSK
2025-12-11 17:04:28 - core.page_navigator - INFO - Found target innings: CSK
2025-12-11 17:04:32 - core.page_navigator - INFO - Successfully switched to CSK
2025-12-11 17:04:32 - scraping.match_scraper - INFO - Successfully switched to: CSK
2025-12-11 17:04:35 - core.page_navigator - INFO - Scrolling page 20 times
2025-12-11 17:05:35 - core.page_navigator - INFO - Page scrolling completed
2025-12-11 17:05:38 - scraping.match_scraper - INFO - Scraping innings: CSK
2025-12-11 17:05:39 - core.commentary_parser - INFO - Found 129 commentary blocks
2025-12-11 17:05:39 - core.commentary_parser - INFO - Parsed 129 commentary entries
2025-12-11 17:05:39 - core.commentary_parser - INFO - Normalizing to 6 columns (most common)
2025-12-11 17:05:39 - core.commentary_parser - INFO - Normalized 129 rows to 6 columns
2025-12-11 17:05:39 - core.commentary_parser - INFO - DataFrame created with 129 rows and 6 columns
2025-12-11 17:05:39 - core.commentary_parser - INFO - Final DataFrame: 129 rows with columns: ['Ball', 'Event', 'Score', 'Commentary', 'Bowler', 'Batsman']
2025-12-11 17:05:39 - core.commentary_parser - INFO -   Rows with commentary: 129
2025-12-11 17:05:39 - core.commentary_parser - INFO -   Rows without commentary: 0
2025-12-11 17:05:39 - scraping.match_scraper - INFO - CSK: 129 events (super_over=False)
2025-12-11 17:05:39 - scraping.match_scraper - INFO - Combining all innings dataframes
2025-12-11 17:05:39 - scraping.match_scraper - INFO - Total events: 236 across 2 innings
2025-12-11 17:05:39 - scraping.match_scraper - INFO -   - Regular innings: 236 events
2025-12-11 17:05:39 - scraping.match_scraper - INFO -   - Super over(s): 0 events
2025-12-11 17:05:39 - scraping.match_scraper - INFO - Saving commentary to database
2025-12-11 17:05:39 - scraping.match_scraper - INFO - Commentary saved: 236 total events
2025-12-11 17:05:39 - scraping.match_scraper - INFO - Saving metadata to database
2025-12-11 17:05:39 - scraping.match_scraper - INFO - Metadata saved with super_over_count=0
2025-12-11 17:05:39 - scraping.match_scraper - INFO - Saving match players to database
2025-12-11 17:05:39 - scraping.match_scraper - INFO - Successfully completed scraping match 1473500
2025-12-11 17:05:39 - scraping.match_scraper - INFO - Closing WebDriver
2025-12-11 17:05:43 - __main__ - INFO - Successfully downloaded match 1473500
2025-12-11 17:05:53 - __main__ - INFO - Processing match 63/74: https://www.espncricinfo.com/series/ipl-2025-1449924/mumbai-indians-vs-delhi-capitals-63rd-match-1473501/full-scorecard
2025-12-11 17:05:53 - __main__ - INFO - Attempting to download match 1473501 (attempt 1/4)
2025-12-11 17:05:53 - scraping.player_extractor - INFO - PlayerExtractor initialized - Target: raw.match_players
2025-12-11 17:05:53 - scraping.match_scraper - INFO - Initializing WebDriver
2025-12-11 17:06:00 - scraping.match_scraper - INFO - Loading full scorecard - attempt 1
2025-12-11 17:06:14 - scraping.match_scraper - INFO - full scorecard loaded successfully
2025-12-11 17:06:14 - scraping.match_scraper - INFO - Scrolling full scorecard page
2025-12-11 17:06:14 - core.page_navigator - INFO - Scrolling page 5 times
2025-12-11 17:06:40 - core.page_navigator - INFO - Page scrolling completed
2025-12-11 17:06:43 - scraping.match_scraper - INFO - Extracting metadata
2025-12-11 17:14:43 - scraping.match_scraper - ERROR - Error scraping match 1473501: HTTPConnectionPool(host='localhost', port=63291): Max retries exceeded with url: /session/b06f2e5541624d713e2f9d3e53fbe3d8/source (Caused by ReadTimeoutError("HTTPConnectionPool(host='localhost', port=63291): Read timed out. (read timeout=120)"))
Traceback (most recent call last):
  File "C:\Users\prade\PycharmProjects\Cricinfo_scraper\.venv\Lib\site-packages\urllib3\connectionpool.py", line 534, in _make_request
    response = conn.getresponse()
               ^^^^^^^^^^^^^^^^^^
  File "C:\Users\prade\PycharmProjects\Cricinfo_scraper\.venv\Lib\site-packages\urllib3\connection.py", line 516, in getresponse
    httplib_response = super().getresponse()
                       ^^^^^^^^^^^^^^^^^^^^^
  File "C:\Users\prade\AppData\Local\Programs\Python\Python311\Lib\http\client.py", line 1395, in getresponse
    response.begin()
  File "C:\Users\prade\AppData\Local\Programs\Python\Python311\Lib\http\client.py", line 325, in begin
    version, status, reason = self._read_status()
                              ^^^^^^^^^^^^^^^^^^^
  File "C:\Users\prade\AppData\Local\Programs\Python\Python311\Lib\http\client.py", line 286, in _read_status
    line = str(self.fp.readline(_MAXLINE + 1), "iso-8859-1")
               ^^^^^^^^^^^^^^^^^^^^^^^^^^^^^^
  File "C:\Users\prade\AppData\Local\Programs\Python\Python311\Lib\socket.py", line 706, in readinto
    return self._sock.recv_into(b)
           ^^^^^^^^^^^^^^^^^^^^^^^
TimeoutError: timed out

The above exception was the direct cause of the following exception:

Traceback (most recent call last):
  File "C:\Users\prade\PycharmProjects\Cricinfo_scraper\.venv\Lib\site-packages\urllib3\connectionpool.py", line 787, in urlopen
    response = self._make_request(
               ^^^^^^^^^^^^^^^^^^^
  File "C:\Users\prade\PycharmProjects\Cricinfo_scraper\.venv\Lib\site-packages\urllib3\connectionpool.py", line 536, in _make_request
    self._raise_timeout(err=e, url=url, timeout_value=read_timeout)
  File "C:\Users\prade\PycharmProjects\Cricinfo_scraper\.venv\Lib\site-packages\urllib3\connectionpool.py", line 367, in _raise_timeout
    raise ReadTimeoutError(
urllib3.exceptions.ReadTimeoutError: HTTPConnectionPool(host='localhost', port=63291): Read timed out. (read timeout=120)

The above exception was the direct cause of the following exception:

Traceback (most recent call last):
  File "C:\Users\prade\Pycharm\Cricinfo_scraper\scraping\match_scraper.py", line 163, in scrape
    metadata = MetadataExtractor.extract_metadata(driver.page_source, match_id)
                                                  ^^^^^^^^^^^^^^^^^^
  File "C:\Users\prade\PycharmProjects\Cricinfo_scraper\.venv\Lib\site-packages\selenium\webdriver\remote\webdriver.py", line 586, in page_source
    return self.execute(Command.GET_PAGE_SOURCE)["value"]
           ^^^^^^^^^^^^^^^^^^^^^^^^^^^^^^^^^^^^^
  File "C:\Users\prade\PycharmProjects\Cricinfo_scraper\.venv\Lib\site-packages\selenium\webdriver\remote\webdriver.py", line 445, in execute
    response = self.command_executor.execute(driver_command, params)
               ^^^^^^^^^^^^^^^^^^^^^^^^^^^^^^^^^^^^^^^^^^^^^^^^^^^^^
  File "C:\Users\prade\PycharmProjects\Cricinfo_scraper\.venv\Lib\site-packages\selenium\webdriver\remote\remote_connection.py", line 404, in execute
    return self._request(command_info[0], url, body=data)
           ^^^^^^^^^^^^^^^^^^^^^^^^^^^^^^^^^^^^^^^^^^^^^^
  File "C:\Users\prade\PycharmProjects\Cricinfo_scraper\.venv\Lib\site-packages\selenium\webdriver\remote\remote_connection.py", line 428, in _request
    response = self._conn.request(method, url, body=body, headers=headers, timeout=self._client_config.timeout)
               ^^^^^^^^^^^^^^^^^^^^^^^^^^^^^^^^^^^^^^^^^^^^^^^^^^^^^^^^^^^^^^^^^^^^^^^^^^^^^^^^^^^^^^^^^^^^^^^^
  File "C:\Users\prade\PycharmProjects\Cricinfo_scraper\.venv\Lib\site-packages\urllib3\_request_methods.py", line 135, in request
    return self.request_encode_url(
           ^^^^^^^^^^^^^^^^^^^^^^^^
  File "C:\Users\prade\PycharmProjects\Cricinfo_scraper\.venv\Lib\site-packages\urllib3\_request_methods.py", line 182, in request_encode_url
    return self.urlopen(method, url, **extra_kw)
           ^^^^^^^^^^^^^^^^^^^^^^^^^^^^^^^^^^^^^
  File "C:\Users\prade\PycharmProjects\Cricinfo_scraper\.venv\Lib\site-packages\urllib3\poolmanager.py", line 443, in urlopen
    response = conn.urlopen(method, u.request_uri, **kw)
               ^^^^^^^^^^^^^^^^^^^^^^^^^^^^^^^^^^^^^^^^^
  File "C:\Users\prade\PycharmProjects\Cricinfo_scraper\.venv\Lib\site-packages\urllib3\connectionpool.py", line 871, in urlopen
    return self.urlopen(
           ^^^^^^^^^^^^^
  File "C:\Users\prade\PycharmProjects\Cricinfo_scraper\.venv\Lib\site-packages\urllib3\connectionpool.py", line 871, in urlopen
    return self.urlopen(
           ^^^^^^^^^^^^^
  File "C:\Users\prade\PycharmProjects\Cricinfo_scraper\.venv\Lib\site-packages\urllib3\connectionpool.py", line 871, in urlopen
    return self.urlopen(
           ^^^^^^^^^^^^^
  File "C:\Users\prade\PycharmProjects\Cricinfo_scraper\.venv\Lib\site-packages\urllib3\connectionpool.py", line 841, in urlopen
    retries = retries.increment(
              ^^^^^^^^^^^^^^^^^^
  File "C:\Users\prade\PycharmProjects\Cricinfo_scraper\.venv\Lib\site-packages\urllib3\util\retry.py", line 519, in increment
    raise MaxRetryError(_pool, url, reason) from reason  # type: ignore[arg-type]
    ^^^^^^^^^^^^^^^^^^^^^^^^^^^^^^^^^^^^^^^^^^^^^^^^^^^
urllib3.exceptions.MaxRetryError: HTTPConnectionPool(host='localhost', port=63291): Max retries exceeded with url: /session/b06f2e5541624d713e2f9d3e53fbe3d8/source (Caused by ReadTimeoutError("HTTPConnectionPool(host='localhost', port=63291): Read timed out. (read timeout=120)"))
2025-12-11 17:14:43 - scraping.match_scraper - INFO - Closing WebDriver
2025-12-11 17:22:55 - __main__ - WARNING - Connection error for match 1473501 (attempt 1): HTTPConnectionPool(host='localhost', port=63291): Max retries exceeded with url: /session/b06f2e5541624d713e2f9d3e53fbe3d8/source (Caused by ReadTimeoutError("HTTPConnectionPool(host='localhost', port
2025-12-11 17:22:55 - __main__ - INFO - Retrying match 1473501 in 30 seconds...
2025-12-11 17:23:25 - __main__ - INFO - Attempting to download match 1473501 (attempt 2/4)
2025-12-11 17:23:25 - scraping.player_extractor - INFO - PlayerExtractor initialized - Target: raw.match_players
2025-12-11 17:23:25 - scraping.match_scraper - INFO - Initializing WebDriver
2025-12-11 17:23:34 - scraping.match_scraper - INFO - Loading full scorecard - attempt 1
2025-12-11 17:23:48 - scraping.match_scraper - INFO - full scorecard loaded successfully
2025-12-11 17:23:48 - scraping.match_scraper - INFO - Scrolling full scorecard page
2025-12-11 17:23:48 - core.page_navigator - INFO - Scrolling page 5 times
2025-12-11 17:24:18 - core.page_navigator - INFO - Page scrolling completed
2025-12-11 17:24:21 - scraping.match_scraper - INFO - Extracting metadata
2025-12-11 17:32:21 - scraping.match_scraper - ERROR - Error scraping match 1473501: HTTPConnectionPool(host='localhost', port=58258): Max retries exceeded with url: /session/1fba69b60fcad25c32623d1f0ece26dd/source (Caused by ReadTimeoutError("HTTPConnectionPool(host='localhost', port=58258): Read timed out. (read timeout=120)"))
Traceback (most recent call last):
  File "C:\Users\prade\PycharmProjects\Cricinfo_scraper\.venv\Lib\site-packages\urllib3\connectionpool.py", line 534, in _make_request
    response = conn.getresponse()
               ^^^^^^^^^^^^^^^^^^
  File "C:\Users\prade\PycharmProjects\Cricinfo_scraper\.venv\Lib\site-packages\urllib3\connection.py", line 516, in getresponse
    httplib_response = super().getresponse()
                       ^^^^^^^^^^^^^^^^^^^^^
  File "C:\Users\prade\AppData\Local\Programs\Python\Python311\Lib\http\client.py", line 1395, in getresponse
    response.begin()
  File "C:\Users\prade\AppData\Local\Programs\Python\Python311\Lib\http\client.py", line 325, in begin
    version, status, reason = self._read_status()
                              ^^^^^^^^^^^^^^^^^^^
  File "C:\Users\prade\AppData\Local\Programs\Python\Python311\Lib\http\client.py", line 286, in _read_status
    line = str(self.fp.readline(_MAXLINE + 1), "iso-8859-1")
               ^^^^^^^^^^^^^^^^^^^^^^^^^^^^^^
  File "C:\Users\prade\AppData\Local\Programs\Python\Python311\Lib\socket.py", line 706, in readinto
    return self._sock.recv_into(b)
           ^^^^^^^^^^^^^^^^^^^^^^^
TimeoutError: timed out

The above exception was the direct cause of the following exception:

Traceback (most recent call last):
  File "C:\Users\prade\PycharmProjects\Cricinfo_scraper\.venv\Lib\site-packages\urllib3\connectionpool.py", line 787, in urlopen
    response = self._make_request(
               ^^^^^^^^^^^^^^^^^^^
  File "C:\Users\prade\PycharmProjects\Cricinfo_scraper\.venv\Lib\site-packages\urllib3\connectionpool.py", line 536, in _make_request
    self._raise_timeout(err=e, url=url, timeout_value=read_timeout)
  File "C:\Users\prade\PycharmProjects\Cricinfo_scraper\.venv\Lib\site-packages\urllib3\connectionpool.py", line 367, in _raise_timeout
    raise ReadTimeoutError(
urllib3.exceptions.ReadTimeoutError: HTTPConnectionPool(host='localhost', port=58258): Read timed out. (read timeout=120)

The above exception was the direct cause of the following exception:

Traceback (most recent call last):
  File "C:\Users\prade\Pycharm\Cricinfo_scraper\scraping\match_scraper.py", line 163, in scrape
    metadata = MetadataExtractor.extract_metadata(driver.page_source, match_id)
                                                  ^^^^^^^^^^^^^^^^^^
  File "C:\Users\prade\PycharmProjects\Cricinfo_scraper\.venv\Lib\site-packages\selenium\webdriver\remote\webdriver.py", line 586, in page_source
    return self.execute(Command.GET_PAGE_SOURCE)["value"]
           ^^^^^^^^^^^^^^^^^^^^^^^^^^^^^^^^^^^^^
  File "C:\Users\prade\PycharmProjects\Cricinfo_scraper\.venv\Lib\site-packages\selenium\webdriver\remote\webdriver.py", line 445, in execute
    response = self.command_executor.execute(driver_command, params)
               ^^^^^^^^^^^^^^^^^^^^^^^^^^^^^^^^^^^^^^^^^^^^^^^^^^^^^
  File "C:\Users\prade\PycharmProjects\Cricinfo_scraper\.venv\Lib\site-packages\selenium\webdriver\remote\remote_connection.py", line 404, in execute
    return self._request(command_info[0], url, body=data)
           ^^^^^^^^^^^^^^^^^^^^^^^^^^^^^^^^^^^^^^^^^^^^^^
  File "C:\Users\prade\PycharmProjects\Cricinfo_scraper\.venv\Lib\site-packages\selenium\webdriver\remote\remote_connection.py", line 428, in _request
    response = self._conn.request(method, url, body=body, headers=headers, timeout=self._client_config.timeout)
               ^^^^^^^^^^^^^^^^^^^^^^^^^^^^^^^^^^^^^^^^^^^^^^^^^^^^^^^^^^^^^^^^^^^^^^^^^^^^^^^^^^^^^^^^^^^^^^^^
  File "C:\Users\prade\PycharmProjects\Cricinfo_scraper\.venv\Lib\site-packages\urllib3\_request_methods.py", line 135, in request
    return self.request_encode_url(
           ^^^^^^^^^^^^^^^^^^^^^^^^
  File "C:\Users\prade\PycharmProjects\Cricinfo_scraper\.venv\Lib\site-packages\urllib3\_request_methods.py", line 182, in request_encode_url
    return self.urlopen(method, url, **extra_kw)
           ^^^^^^^^^^^^^^^^^^^^^^^^^^^^^^^^^^^^^
  File "C:\Users\prade\PycharmProjects\Cricinfo_scraper\.venv\Lib\site-packages\urllib3\poolmanager.py", line 443, in urlopen
    response = conn.urlopen(method, u.request_uri, **kw)
               ^^^^^^^^^^^^^^^^^^^^^^^^^^^^^^^^^^^^^^^^^
  File "C:\Users\prade\PycharmProjects\Cricinfo_scraper\.venv\Lib\site-packages\urllib3\connectionpool.py", line 871, in urlopen
    return self.urlopen(
           ^^^^^^^^^^^^^
  File "C:\Users\prade\PycharmProjects\Cricinfo_scraper\.venv\Lib\site-packages\urllib3\connectionpool.py", line 871, in urlopen
    return self.urlopen(
           ^^^^^^^^^^^^^
  File "C:\Users\prade\PycharmProjects\Cricinfo_scraper\.venv\Lib\site-packages\urllib3\connectionpool.py", line 871, in urlopen
    return self.urlopen(
           ^^^^^^^^^^^^^
  File "C:\Users\prade\PycharmProjects\Cricinfo_scraper\.venv\Lib\site-packages\urllib3\connectionpool.py", line 841, in urlopen
    retries = retries.increment(
              ^^^^^^^^^^^^^^^^^^
  File "C:\Users\prade\PycharmProjects\Cricinfo_scraper\.venv\Lib\site-packages\urllib3\util\retry.py", line 519, in increment
    raise MaxRetryError(_pool, url, reason) from reason  # type: ignore[arg-type]
    ^^^^^^^^^^^^^^^^^^^^^^^^^^^^^^^^^^^^^^^^^^^^^^^^^^^
urllib3.exceptions.MaxRetryError: HTTPConnectionPool(host='localhost', port=58258): Max retries exceeded with url: /session/1fba69b60fcad25c32623d1f0ece26dd/source (Caused by ReadTimeoutError("HTTPConnectionPool(host='localhost', port=58258): Read timed out. (read timeout=120)"))
2025-12-11 17:32:21 - scraping.match_scraper - INFO - Closing WebDriver
2025-12-11 17:34:33 - __main__ - WARNING - Connection error for match 1473501 (attempt 2): HTTPConnectionPool(host='localhost', port=58258): Max retries exceeded with url: /session/1fba69b60fcad25c32623d1f0ece26dd/source (Caused by ReadTimeoutError("HTTPConnectionPool(host='localhost', port
2025-12-11 17:34:33 - __main__ - INFO - Retrying match 1473501 in 60 seconds...
2025-12-11 17:34:52 - __main__ - INFO - Cricket Data Pipeline Started
2025-12-11 17:34:52 - __main__ - INFO - STEP 1: Initializing database and schemas
2025-12-11 17:34:52 - configs.db_config - INFO - Initializing Medallion Architecture schemas...
2025-12-11 17:34:52 - configs.db_config - INFO - Medallion schemas (Bronze, Silver, Gold) initialized
2025-12-11 17:34:52 - __main__ - INFO - Database initialization complete
2025-12-11 17:34:52 - __main__ - INFO - STEP 2: Loading configuration
2025-12-11 17:34:52 - __main__ - INFO - Configuration loaded successfully
2025-12-11 17:34:52 - __main__ - INFO - STEP 3: Scraping data from Cricinfo
2025-12-11 17:34:52 - __main__ - INFO - Initializing match tracker
2025-12-11 17:34:52 - __main__ - INFO - Current Status: 62 matches already downloaded
2025-12-11 17:34:52 - __main__ - INFO - Fetching match schedule from Cricinfo
2025-12-11 17:34:52 - scraping.schedule_scraper - INFO - Initializing WebDriver for schedule scraping
2025-12-11 17:34:58 - scraping.schedule_scraper - INFO - Loading schedule page - attempt 1
2025-12-11 17:35:13 - scraping.schedule_scraper - INFO - Schedule page loaded successfully
2025-12-11 17:35:13 - scraping.schedule_scraper - INFO - Parsing schedule page with BeautifulSoup
2025-12-11 17:35:15 - scraping.schedule_scraper - INFO - Extracting match links from schedule
2025-12-11 17:35:15 - scraping.schedule_scraper - INFO - Successfully extracted 98 match links
2025-12-11 17:35:15 - scraping.schedule_scraper - INFO - Closing WebDriver
2025-12-11 17:35:18 - __main__ - INFO - Found 98 total links
2025-12-11 17:35:18 - __main__ - INFO - Found 74 match scorecards
2025-12-11 17:35:18 - __main__ - INFO - Loading match cache
2025-12-11 17:35:18 - __main__ - INFO - Starting match scraping process with retry logic
2025-12-11 17:35:18 - __main__ - INFO - Processing match 1/74: https://www.espncricinfo.com/series/ipl-2025-1449924/kolkata-knight-riders-vs-royal-challengers-bengaluru-1st-match-1473438/full-scorecard
2025-12-11 17:35:18 - __main__ - INFO - Match 1473438 already downloaded - skipping
2025-12-11 17:35:18 - __main__ - INFO - Processing match 2/74: https://www.espncricinfo.com/series/ipl-2025-1449924/sunrisers-hyderabad-vs-rajasthan-royals-2nd-match-1473439/full-scorecard
2025-12-11 17:35:18 - __main__ - INFO - Match 1473439 already downloaded - skipping
2025-12-11 17:35:18 - __main__ - INFO - Processing match 3/74: https://www.espncricinfo.com/series/ipl-2025-1449924/chennai-super-kings-vs-mumbai-indians-3rd-match-1473440/full-scorecard
2025-12-11 17:35:18 - __main__ - INFO - Match 1473440 already downloaded - skipping
2025-12-11 17:35:18 - __main__ - INFO - Processing match 4/74: https://www.espncricinfo.com/series/ipl-2025-1449924/delhi-capitals-vs-lucknow-super-giants-4th-match-1473441/full-scorecard
2025-12-11 17:35:18 - __main__ - INFO - Match 1473441 already downloaded - skipping
2025-12-11 17:35:18 - __main__ - INFO - Processing match 5/74: https://www.espncricinfo.com/series/ipl-2025-1449924/gujarat-titans-vs-punjab-kings-5th-match-1473442/full-scorecard
2025-12-11 17:35:18 - __main__ - INFO - Match 1473442 already downloaded - skipping
2025-12-11 17:35:18 - __main__ - INFO - Processing match 6/74: https://www.espncricinfo.com/series/ipl-2025-1449924/rajasthan-royals-vs-kolkata-knight-riders-6th-match-1473443/full-scorecard
2025-12-11 17:35:18 - __main__ - INFO - Match 1473443 already downloaded - skipping
2025-12-11 17:35:18 - __main__ - INFO - Processing match 7/74: https://www.espncricinfo.com/series/ipl-2025-1449924/sunrisers-hyderabad-vs-lucknow-super-giants-7th-match-1473444/full-scorecard
2025-12-11 17:35:18 - __main__ - INFO - Match 1473444 already downloaded - skipping
2025-12-11 17:35:18 - __main__ - INFO - Processing match 8/74: https://www.espncricinfo.com/series/ipl-2025-1449924/chennai-super-kings-vs-royal-challengers-bengaluru-8th-match-1473445/full-scorecard
2025-12-11 17:35:18 - __main__ - INFO - Match 1473445 already downloaded - skipping
2025-12-11 17:35:18 - __main__ - INFO - Processing match 9/74: https://www.espncricinfo.com/series/ipl-2025-1449924/gujarat-titans-vs-mumbai-indians-9th-match-1473446/full-scorecard
2025-12-11 17:35:18 - __main__ - INFO - Match 1473446 already downloaded - skipping
2025-12-11 17:35:18 - __main__ - INFO - Processing match 10/74: https://www.espncricinfo.com/series/ipl-2025-1449924/delhi-capitals-vs-sunrisers-hyderabad-10th-match-1473447/full-scorecard
2025-12-11 17:35:18 - __main__ - INFO - Match 1473447 already downloaded - skipping
2025-12-11 17:35:18 - __main__ - INFO - Processing match 11/74: https://www.espncricinfo.com/series/ipl-2025-1449924/rajasthan-royals-vs-chennai-super-kings-11th-match-1473448/full-scorecard
2025-12-11 17:35:18 - __main__ - INFO - Match 1473448 already downloaded - skipping
2025-12-11 17:35:18 - __main__ - INFO - Processing match 12/74: https://www.espncricinfo.com/series/ipl-2025-1449924/mumbai-indians-vs-kolkata-knight-riders-12th-match-1473449/full-scorecard
2025-12-11 17:35:18 - __main__ - INFO - Match 1473449 already downloaded - skipping
2025-12-11 17:35:18 - __main__ - INFO - Processing match 13/74: https://www.espncricinfo.com/series/ipl-2025-1449924/lucknow-super-giants-vs-punjab-kings-13th-match-1473450/full-scorecard
2025-12-11 17:35:18 - __main__ - INFO - Match 1473450 already downloaded - skipping
2025-12-11 17:35:18 - __main__ - INFO - Processing match 14/74: https://www.espncricinfo.com/series/ipl-2025-1449924/royal-challengers-bengaluru-vs-gujarat-titans-14th-match-1473451/full-scorecard
2025-12-11 17:35:18 - __main__ - INFO - Match 1473451 already downloaded - skipping
2025-12-11 17:35:18 - __main__ - INFO - Processing match 15/74: https://www.espncricinfo.com/series/ipl-2025-1449924/kolkata-knight-riders-vs-sunrisers-hyderabad-15th-match-1473452/full-scorecard
2025-12-11 17:35:18 - __main__ - INFO - Match 1473452 already downloaded - skipping
2025-12-11 17:35:18 - __main__ - INFO - Processing match 16/74: https://www.espncricinfo.com/series/ipl-2025-1449924/lucknow-super-giants-vs-mumbai-indians-16th-match-1473453/full-scorecard
2025-12-11 17:35:18 - __main__ - INFO - Match 1473453 already downloaded - skipping
2025-12-11 17:35:18 - __main__ - INFO - Processing match 17/74: https://www.espncricinfo.com/series/ipl-2025-1449924/chennai-super-kings-vs-delhi-capitals-17th-match-1473454/full-scorecard
2025-12-11 17:35:18 - __main__ - INFO - Match 1473454 already downloaded - skipping
2025-12-11 17:35:18 - __main__ - INFO - Processing match 18/74: https://www.espncricinfo.com/series/ipl-2025-1449924/punjab-kings-vs-rajasthan-royals-18th-match-1473455/full-scorecard
2025-12-11 17:35:18 - __main__ - INFO - Match 1473455 already downloaded - skipping
2025-12-11 17:35:18 - __main__ - INFO - Processing match 19/74: https://www.espncricinfo.com/series/ipl-2025-1449924/sunrisers-hyderabad-vs-gujarat-titans-19th-match-1473457/full-scorecard
2025-12-11 17:35:18 - __main__ - INFO - Match 1473457 already downloaded - skipping
2025-12-11 17:35:18 - __main__ - INFO - Processing match 20/74: https://www.espncricinfo.com/series/ipl-2025-1449924/mumbai-indians-vs-royal-challengers-bengaluru-20th-match-1473458/full-scorecard
2025-12-11 17:35:18 - __main__ - INFO - Match 1473458 already downloaded - skipping
2025-12-11 17:35:18 - __main__ - INFO - Processing match 21/74: https://www.espncricinfo.com/series/ipl-2025-1449924/kolkata-knight-riders-vs-lucknow-super-giants-21st-match-1473456/full-scorecard
2025-12-11 17:35:18 - __main__ - INFO - Match 1473456 already downloaded - skipping
2025-12-11 17:35:18 - __main__ - INFO - Processing match 22/74: https://www.espncricinfo.com/series/ipl-2025-1449924/punjab-kings-vs-chennai-super-kings-22nd-match-1473459/full-scorecard
2025-12-11 17:35:18 - __main__ - INFO - Match 1473459 already downloaded - skipping
2025-12-11 17:35:18 - __main__ - INFO - Processing match 23/74: https://www.espncricinfo.com/series/ipl-2025-1449924/gujarat-titans-vs-rajasthan-royals-23rd-match-1473460/full-scorecard
2025-12-11 17:35:18 - __main__ - INFO - Match 1473460 already downloaded - skipping
2025-12-11 17:35:18 - __main__ - INFO - Processing match 24/74: https://www.espncricinfo.com/series/ipl-2025-1449924/royal-challengers-bengaluru-vs-delhi-capitals-24th-match-1473461/full-scorecard
2025-12-11 17:35:18 - __main__ - INFO - Match 1473461 already downloaded - skipping
2025-12-11 17:35:18 - __main__ - INFO - Processing match 25/74: https://www.espncricinfo.com/series/ipl-2025-1449924/chennai-super-kings-vs-kolkata-knight-riders-25th-match-1473462/full-scorecard
2025-12-11 17:35:18 - __main__ - INFO - Match 1473462 already downloaded - skipping
2025-12-11 17:35:18 - __main__ - INFO - Processing match 26/74: https://www.espncricinfo.com/series/ipl-2025-1449924/lucknow-super-giants-vs-gujarat-titans-26th-match-1473463/full-scorecard
2025-12-11 17:35:18 - __main__ - INFO - Match 1473463 already downloaded - skipping
2025-12-11 17:35:18 - __main__ - INFO - Processing match 27/74: https://www.espncricinfo.com/series/ipl-2025-1449924/sunrisers-hyderabad-vs-punjab-kings-27th-match-1473464/full-scorecard
2025-12-11 17:35:18 - __main__ - INFO - Match 1473464 already downloaded - skipping
2025-12-11 17:35:18 - __main__ - INFO - Processing match 28/74: https://www.espncricinfo.com/series/ipl-2025-1449924/rajasthan-royals-vs-royal-challengers-bengaluru-28th-match-1473465/full-scorecard
2025-12-11 17:35:18 - __main__ - INFO - Match 1473465 already downloaded - skipping
2025-12-11 17:35:18 - __main__ - INFO - Processing match 29/74: https://www.espncricinfo.com/series/ipl-2025-1449924/delhi-capitals-vs-mumbai-indians-29th-match-1473466/full-scorecard
2025-12-11 17:35:18 - __main__ - INFO - Match 1473466 already downloaded - skipping
2025-12-11 17:35:18 - __main__ - INFO - Processing match 30/74: https://www.espncricinfo.com/series/ipl-2025-1449924/lucknow-super-giants-vs-chennai-super-kings-30th-match-1473467/full-scorecard
2025-12-11 17:35:18 - __main__ - INFO - Match 1473467 already downloaded - skipping
2025-12-11 17:35:18 - __main__ - INFO - Processing match 31/74: https://www.espncricinfo.com/series/ipl-2025-1449924/punjab-kings-vs-kolkata-knight-riders-31st-match-1473468/full-scorecard
2025-12-11 17:35:18 - __main__ - INFO - Match 1473468 already downloaded - skipping
2025-12-11 17:35:18 - __main__ - INFO - Processing match 32/74: https://www.espncricinfo.com/series/ipl-2025-1449924/delhi-capitals-vs-rajasthan-royals-32nd-match-1473469/full-scorecard
2025-12-11 17:35:18 - __main__ - INFO - Match 1473469 already downloaded - skipping
2025-12-11 17:35:18 - __main__ - INFO - Processing match 33/74: https://www.espncricinfo.com/series/ipl-2025-1449924/mumbai-indians-vs-sunrisers-hyderabad-33rd-match-1473470/full-scorecard
2025-12-11 17:35:18 - __main__ - INFO - Match 1473470 already downloaded - skipping
2025-12-11 17:35:18 - __main__ - INFO - Processing match 34/74: https://www.espncricinfo.com/series/ipl-2025-1449924/royal-challengers-bengaluru-vs-punjab-kings-34th-match-1473471/full-scorecard
2025-12-11 17:35:18 - __main__ - INFO - Match 1473471 already downloaded - skipping
2025-12-11 17:35:18 - __main__ - INFO - Processing match 35/74: https://www.espncricinfo.com/series/ipl-2025-1449924/gujarat-titans-vs-delhi-capitals-35th-match-1473472/full-scorecard
2025-12-11 17:35:18 - __main__ - INFO - Match 1473472 already downloaded - skipping
2025-12-11 17:35:18 - __main__ - INFO - Processing match 36/74: https://www.espncricinfo.com/series/ipl-2025-1449924/rajasthan-royals-vs-lucknow-super-giants-36th-match-1473473/full-scorecard
2025-12-11 17:35:18 - __main__ - INFO - Match 1473473 already downloaded - skipping
2025-12-11 17:35:18 - __main__ - INFO - Processing match 37/74: https://www.espncricinfo.com/series/ipl-2025-1449924/punjab-kings-vs-royal-challengers-bengaluru-37th-match-1473474/full-scorecard
2025-12-11 17:35:18 - __main__ - INFO - Match 1473474 already downloaded - skipping
2025-12-11 17:35:18 - __main__ - INFO - Processing match 38/74: https://www.espncricinfo.com/series/ipl-2025-1449924/mumbai-indians-vs-chennai-super-kings-38th-match-1473475/full-scorecard
2025-12-11 17:35:18 - __main__ - INFO - Match 1473475 already downloaded - skipping
2025-12-11 17:35:18 - __main__ - INFO - Processing match 39/74: https://www.espncricinfo.com/series/ipl-2025-1449924/kolkata-knight-riders-vs-gujarat-titans-39th-match-1473476/full-scorecard
2025-12-11 17:35:18 - __main__ - INFO - Match 1473476 already downloaded - skipping
2025-12-11 17:35:18 - __main__ - INFO - Processing match 40/74: https://www.espncricinfo.com/series/ipl-2025-1449924/lucknow-super-giants-vs-delhi-capitals-40th-match-1473477/full-scorecard
2025-12-11 17:35:18 - __main__ - INFO - Match 1473477 already downloaded - skipping
2025-12-11 17:35:18 - __main__ - INFO - Processing match 41/74: https://www.espncricinfo.com/series/ipl-2025-1449924/sunrisers-hyderabad-vs-mumbai-indians-41st-match-1473478/full-scorecard
2025-12-11 17:35:18 - __main__ - INFO - Match 1473478 already downloaded - skipping
2025-12-11 17:35:18 - __main__ - INFO - Processing match 42/74: https://www.espncricinfo.com/series/ipl-2025-1449924/royal-challengers-bengaluru-vs-rajasthan-royals-42nd-match-1473479/full-scorecard
2025-12-11 17:35:18 - __main__ - INFO - Match 1473479 already downloaded - skipping
2025-12-11 17:35:18 - __main__ - INFO - Processing match 43/74: https://www.espncricinfo.com/series/ipl-2025-1449924/chennai-super-kings-vs-sunrisers-hyderabad-43rd-match-1473480/full-scorecard
2025-12-11 17:35:18 - __main__ - INFO - Match 1473480 already downloaded - skipping
2025-12-11 17:35:18 - __main__ - INFO - Processing match 44/74: https://www.espncricinfo.com/series/ipl-2025-1449924/kolkata-knight-riders-vs-punjab-kings-44th-match-1473481/full-scorecard
2025-12-11 17:35:18 - __main__ - INFO - Match 1473481 already downloaded - skipping
2025-12-11 17:35:18 - __main__ - INFO - Processing match 45/74: https://www.espncricinfo.com/series/ipl-2025-1449924/mumbai-indians-vs-lucknow-super-giants-45th-match-1473482/full-scorecard
2025-12-11 17:35:18 - __main__ - INFO - Match 1473482 already downloaded - skipping
2025-12-11 17:35:18 - __main__ - INFO - Processing match 46/74: https://www.espncricinfo.com/series/ipl-2025-1449924/delhi-capitals-vs-royal-challengers-bengaluru-46th-match-1473483/full-scorecard
2025-12-11 17:35:18 - __main__ - INFO - Match 1473483 already downloaded - skipping
2025-12-11 17:35:18 - __main__ - INFO - Processing match 47/74: https://www.espncricinfo.com/series/ipl-2025-1449924/rajasthan-royals-vs-gujarat-titans-47th-match-1473484/full-scorecard
2025-12-11 17:35:18 - __main__ - INFO - Match 1473484 already downloaded - skipping
2025-12-11 17:35:18 - __main__ - INFO - Processing match 48/74: https://www.espncricinfo.com/series/ipl-2025-1449924/delhi-capitals-vs-kolkata-knight-riders-48th-match-1473485/full-scorecard
2025-12-11 17:35:18 - __main__ - INFO - Match 1473485 already downloaded - skipping
2025-12-11 17:35:18 - __main__ - INFO - Processing match 49/74: https://www.espncricinfo.com/series/ipl-2025-1449924/chennai-super-kings-vs-punjab-kings-49th-match-1473486/full-scorecard
2025-12-11 17:35:18 - __main__ - INFO - Match 1473486 already downloaded - skipping
2025-12-11 17:35:18 - __main__ - INFO - Processing match 50/74: https://www.espncricinfo.com/series/ipl-2025-1449924/rajasthan-royals-vs-mumbai-indians-50th-match-1473487/full-scorecard
2025-12-11 17:35:18 - __main__ - INFO - Match 1473487 already downloaded - skipping
2025-12-11 17:35:18 - __main__ - INFO - Processing match 51/74: https://www.espncricinfo.com/series/ipl-2025-1449924/gujarat-titans-vs-sunrisers-hyderabad-51st-match-1473488/full-scorecard
2025-12-11 17:35:18 - __main__ - INFO - Match 1473488 already downloaded - skipping
2025-12-11 17:35:18 - __main__ - INFO - Processing match 52/74: https://www.espncricinfo.com/series/ipl-2025-1449924/royal-challengers-bengaluru-vs-chennai-super-kings-52nd-match-1473489/full-scorecard
2025-12-11 17:35:18 - __main__ - INFO - Match 1473489 already downloaded - skipping
2025-12-11 17:35:18 - __main__ - INFO - Processing match 53/74: https://www.espncricinfo.com/series/ipl-2025-1449924/kolkata-knight-riders-vs-rajasthan-royals-53rd-match-1473490/full-scorecard
2025-12-11 17:35:18 - __main__ - INFO - Match 1473490 already downloaded - skipping
2025-12-11 17:35:18 - __main__ - INFO - Processing match 54/74: https://www.espncricinfo.com/series/ipl-2025-1449924/punjab-kings-vs-lucknow-super-giants-54th-match-1473491/full-scorecard
2025-12-11 17:35:18 - __main__ - INFO - Match 1473491 already downloaded - skipping
2025-12-11 17:35:18 - __main__ - INFO - Processing match 55/74: https://www.espncricinfo.com/series/ipl-2025-1449924/sunrisers-hyderabad-vs-delhi-capitals-55th-match-1473492/full-scorecard
2025-12-11 17:35:18 - __main__ - INFO - Match 1473492 already downloaded - skipping
2025-12-11 17:35:18 - __main__ - INFO - Processing match 56/74: https://www.espncricinfo.com/series/ipl-2025-1449924/mumbai-indians-vs-gujarat-titans-56th-match-1473493/full-scorecard
2025-12-11 17:35:18 - __main__ - INFO - Match 1473493 already downloaded - skipping
2025-12-11 17:35:18 - __main__ - INFO - Processing match 57/74: https://www.espncricinfo.com/series/ipl-2025-1449924/kolkata-knight-riders-vs-chennai-super-kings-57th-match-1473494/full-scorecard
2025-12-11 17:35:18 - __main__ - INFO - Match 1473494 already downloaded - skipping
2025-12-11 17:35:18 - __main__ - INFO - Processing match 58/74: https://www.espncricinfo.com/series/ipl-2025-1449924/royal-challengers-bengaluru-vs-kolkata-knight-riders-58th-match-1473496/full-scorecard
2025-12-11 17:35:18 - __main__ - INFO - Match 1473496 already downloaded - skipping
2025-12-11 17:35:18 - __main__ - INFO - Processing match 59/74: https://www.espncricinfo.com/series/ipl-2025-1449924/rajasthan-royals-vs-punjab-kings-59th-match-1473497/full-scorecard
2025-12-11 17:35:18 - __main__ - INFO - Match 1473497 already downloaded - skipping
2025-12-11 17:35:18 - __main__ - INFO - Processing match 60/74: https://www.espncricinfo.com/series/ipl-2025-1449924/delhi-capitals-vs-gujarat-titans-60th-match-1473498/full-scorecard
2025-12-11 17:35:18 - __main__ - INFO - Match 1473498 already downloaded - skipping
2025-12-11 17:35:18 - __main__ - INFO - Processing match 61/74: https://www.espncricinfo.com/series/ipl-2025-1449924/lucknow-super-giants-vs-sunrisers-hyderabad-61st-match-1473499/full-scorecard
2025-12-11 17:35:18 - __main__ - INFO - Match 1473499 already downloaded - skipping
2025-12-11 17:35:18 - __main__ - INFO - Processing match 62/74: https://www.espncricinfo.com/series/ipl-2025-1449924/chennai-super-kings-vs-rajasthan-royals-62nd-match-1473500/full-scorecard
2025-12-11 17:35:18 - __main__ - INFO - Match 1473500 already downloaded - skipping
2025-12-11 17:35:18 - __main__ - INFO - Processing match 63/74: https://www.espncricinfo.com/series/ipl-2025-1449924/mumbai-indians-vs-delhi-capitals-63rd-match-1473501/full-scorecard
2025-12-11 17:35:18 - __main__ - INFO - Attempting to download match 1473501 (attempt 1/4)
2025-12-11 17:35:18 - scraping.player_extractor - INFO - PlayerExtractor initialized - Target: raw.match_players
2025-12-11 17:35:18 - scraping.match_scraper - INFO - Initializing WebDriver
2025-12-11 17:35:26 - scraping.match_scraper - INFO - Loading full scorecard - attempt 1
2025-12-11 17:35:42 - scraping.match_scraper - INFO - full scorecard loaded successfully
2025-12-11 17:35:42 - scraping.match_scraper - INFO - Scrolling full scorecard page
2025-12-11 17:35:42 - core.page_navigator - INFO - Scrolling page 5 times
2025-12-11 17:36:03 - core.page_navigator - INFO - Page scrolling completed
2025-12-11 17:36:06 - scraping.match_scraper - INFO - Extracting metadata
2025-12-11 17:36:06 - core.metadata_extractor - INFO - Found 15 metadata rows for match 1473501
2025-12-11 17:36:06 - core.metadata_extractor - INFO - Extracted 16 metadata fields for match 1473501
2025-12-11 17:36:06 - scraping.match_scraper - INFO - Extracting player rosters...
2025-12-11 17:36:06 - scraping.player_extractor - INFO - Extracting players for match 1473501
2025-12-11 17:36:06 - core.metadata_extractor - INFO - Extracting player names for match 1473501
2025-12-11 17:36:06 - core.metadata_extractor - INFO - Found 2 batting scorecard table(s)
2025-12-11 17:36:06 - core.metadata_extractor - INFO -   Innings 1: Mumbai Indians (batting)
2025-12-11 17:36:06 - core.metadata_extractor - INFO -   Innings 2: Delhi Capitals (batting)
2025-12-11 17:36:06 - core.metadata_extractor - INFO -   innings_1 (Mumbai Indians): 7 batted, 4 did not bat
2025-12-11 17:36:06 - core.metadata_extractor - INFO -   innings_2 (Delhi Capitals): 11 batted, 0 did not bat
2025-12-11 17:36:06 - core.metadata_extractor - INFO - Found 2 bowling table(s)
2025-12-11 17:36:06 - core.metadata_extractor - INFO -   innings_1 bowling: Delhi Capitals (bowling against Mumbai Indians)
2025-12-11 17:36:06 - core.metadata_extractor - INFO -   innings_1 bowling (Delhi Capitals): 5 bowlers
2025-12-11 17:36:06 - core.metadata_extractor - INFO -   innings_2 bowling: Mumbai Indians (bowling against Delhi Capitals)
2025-12-11 17:36:06 - core.metadata_extractor - INFO -   innings_2 bowling (Mumbai Indians): 6 bowlers
2025-12-11 17:36:06 - core.metadata_extractor - INFO - Created DataFrame with 33 player records, 24 unique players
2025-12-11 17:36:06 - scraping.player_extractor - INFO - Extracted 24 players for match 1473501
2025-12-11 17:36:06 - scraping.player_extractor - INFO -   Teams: Delhi Capitals, Mumbai Indians
2025-12-11 17:36:06 - scraping.player_extractor - INFO -   Batted: 13, Did not bat: 11
2025-12-11 17:36:06 - scraping.player_extractor - INFO -   Regular: 23, Impact: 1
2025-12-11 17:36:06 - scraping.player_extractor - INFO -   Impact players: KL Rahul
2025-12-11 17:36:06 - scraping.match_scraper - INFO - Stored 24 players
2025-12-11 17:36:06 - scraping.match_scraper - INFO -   - Delhi Capitals
2025-12-11 17:36:06 - scraping.match_scraper - INFO -   - Mumbai Indians
2025-12-11 17:36:06 - scraping.match_scraper - INFO - Loading commentary page - attempt 1
2025-12-11 17:36:16 - scraping.match_scraper - INFO - commentary page loaded successfully
2025-12-11 17:36:16 - scraping.match_scraper - INFO - Scrolling commentary page
2025-12-11 17:36:16 - core.page_navigator - INFO - Scrolling page 20 times
2025-12-11 17:37:20 - core.page_navigator - INFO - Page scrolling completed
2025-12-11 17:37:23 - scraping.match_scraper - INFO - Getting current innings team
2025-12-11 17:37:23 - scraping.match_scraper - INFO - Default innings: DC
2025-12-11 17:37:23 - scraping.match_scraper - INFO - Getting all innings options
2025-12-11 17:37:58 - core.page_navigator - INFO - Found 2 innings options: ['MI', 'DC']
2025-12-11 17:38:00 - scraping.match_scraper - INFO - All innings: ['MI', 'DC']
2025-12-11 17:38:00 - scraping.match_scraper - INFO - Regular innings: ['MI', 'DC']
2025-12-11 17:38:00 - scraping.match_scraper - INFO - Super overs: []
2025-12-11 17:38:00 - scraping.match_scraper - INFO - Scraping default innings: DC
2025-12-11 17:38:00 - core.commentary_parser - INFO - Found 111 commentary blocks
2025-12-11 17:38:00 - core.commentary_parser - INFO - Parsed 111 commentary entries
2025-12-11 17:38:00 - core.commentary_parser - INFO - Normalizing to 6 columns (most common)
2025-12-11 17:38:00 - core.commentary_parser - INFO - Normalized 111 rows to 6 columns
2025-12-11 17:38:00 - core.commentary_parser - INFO - DataFrame created with 111 rows and 6 columns
2025-12-11 17:38:00 - core.commentary_parser - INFO - Final DataFrame: 111 rows with columns: ['Ball', 'Event', 'Score', 'Commentary', 'Bowler', 'Batsman']
2025-12-11 17:38:00 - core.commentary_parser - INFO -   Rows with commentary: 111
2025-12-11 17:38:00 - core.commentary_parser - INFO -   Rows without commentary: 0
2025-12-11 17:38:00 - scraping.match_scraper - INFO - DC: 111 events (super_over=False)
2025-12-11 17:38:00 - scraping.match_scraper - INFO - Switching to innings: MI
2025-12-11 17:38:00 - core.page_navigator - INFO - Scrolling to top of page
2025-12-11 17:38:04 - core.page_navigator - INFO - Switching to innings: MI
2025-12-11 17:38:39 - core.page_navigator - INFO - Found target innings: MI
2025-12-11 17:38:42 - core.page_navigator - INFO - Successfully switched to MI
2025-12-11 17:38:42 - scraping.match_scraper - INFO - Successfully switched to: MI
2025-12-11 17:38:45 - core.page_navigator - INFO - Scrolling page 20 times
2025-12-11 17:39:46 - core.page_navigator - INFO - Page scrolling completed
2025-12-11 17:39:49 - scraping.match_scraper - INFO - Scraping innings: MI
2025-12-11 17:39:50 - core.commentary_parser - INFO - Found 121 commentary blocks
2025-12-11 17:39:50 - core.commentary_parser - INFO - Parsed 121 commentary entries
2025-12-11 17:39:50 - core.commentary_parser - INFO - Normalizing to 6 columns (most common)
2025-12-11 17:39:50 - core.commentary_parser - INFO - Normalized 121 rows to 6 columns
2025-12-11 17:39:50 - core.commentary_parser - INFO - DataFrame created with 121 rows and 6 columns
2025-12-11 17:39:50 - core.commentary_parser - INFO - Final DataFrame: 121 rows with columns: ['Ball', 'Event', 'Score', 'Commentary', 'Bowler', 'Batsman']
2025-12-11 17:39:50 - core.commentary_parser - INFO -   Rows with commentary: 121
2025-12-11 17:39:50 - core.commentary_parser - INFO -   Rows without commentary: 0
2025-12-11 17:39:50 - scraping.match_scraper - INFO - MI: 121 events (super_over=False)
2025-12-11 17:39:50 - scraping.match_scraper - INFO - Combining all innings dataframes
2025-12-11 17:39:50 - scraping.match_scraper - INFO - Total events: 232 across 2 innings
2025-12-11 17:39:50 - scraping.match_scraper - INFO -   - Regular innings: 232 events
2025-12-11 17:39:50 - scraping.match_scraper - INFO -   - Super over(s): 0 events
2025-12-11 17:39:50 - scraping.match_scraper - INFO - Saving commentary to database
2025-12-11 17:39:50 - scraping.match_scraper - INFO - Commentary saved: 232 total events
2025-12-11 17:39:50 - scraping.match_scraper - INFO - Saving metadata to database
2025-12-11 17:39:50 - scraping.match_scraper - INFO - Metadata saved with super_over_count=0
2025-12-11 17:39:50 - scraping.match_scraper - INFO - Saving match players to database
2025-12-11 17:39:50 - scraping.match_scraper - INFO - Successfully completed scraping match 1473501
2025-12-11 17:39:50 - scraping.match_scraper - INFO - Closing WebDriver
2025-12-11 17:39:53 - __main__ - INFO - Successfully downloaded match 1473501
2025-12-11 17:40:03 - __main__ - INFO - Processing match 64/74: https://www.espncricinfo.com/series/ipl-2025-1449924/gujarat-titans-vs-lucknow-super-giants-64th-match-1473502/full-scorecard
2025-12-11 17:40:03 - __main__ - INFO - Attempting to download match 1473502 (attempt 1/4)
2025-12-11 17:40:03 - scraping.player_extractor - INFO - PlayerExtractor initialized - Target: raw.match_players
2025-12-11 17:40:03 - scraping.match_scraper - INFO - Initializing WebDriver
2025-12-11 17:40:11 - scraping.match_scraper - INFO - Loading full scorecard - attempt 1
2025-12-11 17:40:24 - scraping.match_scraper - INFO - full scorecard loaded successfully
2025-12-11 17:40:24 - scraping.match_scraper - INFO - Scrolling full scorecard page
2025-12-11 17:40:24 - core.page_navigator - INFO - Scrolling page 5 times
2025-12-11 17:40:39 - core.page_navigator - INFO - Page scrolling completed
2025-12-11 17:40:42 - scraping.match_scraper - INFO - Extracting metadata
2025-12-11 17:40:42 - core.metadata_extractor - INFO - Found 14 metadata rows for match 1473502
2025-12-11 17:40:42 - core.metadata_extractor - INFO - Extracted 15 metadata fields for match 1473502
2025-12-11 17:40:42 - scraping.match_scraper - INFO - Extracting player rosters...
2025-12-11 17:40:42 - scraping.player_extractor - INFO - Extracting players for match 1473502
2025-12-11 17:40:42 - core.metadata_extractor - INFO - Extracting player names for match 1473502
2025-12-11 17:40:42 - core.metadata_extractor - INFO - Found 2 batting scorecard table(s)
2025-12-11 17:40:42 - core.metadata_extractor - INFO -   Innings 1: Lucknow Super Giants (batting)
2025-12-11 17:40:42 - core.metadata_extractor - INFO -   Innings 2: Gujarat Titans (batting)
2025-12-11 17:40:42 - core.metadata_extractor - INFO -   innings_1 (Lucknow Super Giants): 4 batted, 7 did not bat
2025-12-11 17:40:42 - core.metadata_extractor - INFO -   innings_2 (Gujarat Titans): 10 batted, 1 did not bat
2025-12-11 17:40:42 - core.metadata_extractor - INFO - Found 2 bowling table(s)
2025-12-11 17:40:42 - core.metadata_extractor - INFO -   innings_1 bowling: Gujarat Titans (bowling against Lucknow Super Giants)
2025-12-11 17:40:42 - core.metadata_extractor - INFO -   innings_1 bowling (Gujarat Titans): 6 bowlers
2025-12-11 17:40:42 - core.metadata_extractor - INFO -   innings_2 bowling: Lucknow Super Giants (bowling against Gujarat Titans)
2025-12-11 17:40:42 - core.metadata_extractor - INFO -   innings_2 bowling (Lucknow Super Giants): 6 bowlers
2025-12-11 17:40:42 - core.metadata_extractor - INFO - Created DataFrame with 34 player records, 24 unique players
2025-12-11 17:40:42 - scraping.player_extractor - INFO - Extracted 24 players for match 1473502
2025-12-11 17:40:42 - scraping.player_extractor - INFO -   Teams: Gujarat Titans, Lucknow Super Giants
2025-12-11 17:40:42 - scraping.player_extractor - INFO -   Batted: 13, Did not bat: 11
2025-12-11 17:40:42 - scraping.player_extractor - INFO -   Regular: 23, Impact: 1
2025-12-11 17:40:42 - scraping.player_extractor - INFO -   Impact players: Sai Sudharsan
2025-12-11 17:40:42 - scraping.match_scraper - INFO - Stored 24 players
2025-12-11 17:40:42 - scraping.match_scraper - INFO -   - Gujarat Titans
2025-12-11 17:40:42 - scraping.match_scraper - INFO -   - Lucknow Super Giants
2025-12-11 17:40:42 - scraping.match_scraper - INFO - Loading commentary page - attempt 1
2025-12-11 17:40:53 - scraping.match_scraper - INFO - commentary page loaded successfully
2025-12-11 17:40:53 - scraping.match_scraper - INFO - Scrolling commentary page
2025-12-11 17:40:53 - core.page_navigator - INFO - Scrolling page 20 times
2025-12-11 17:41:54 - core.page_navigator - INFO - Page scrolling completed
2025-12-11 17:41:57 - scraping.match_scraper - INFO - Getting current innings team
2025-12-11 17:41:57 - scraping.match_scraper - INFO - Default innings: GT
2025-12-11 17:41:57 - scraping.match_scraper - INFO - Getting all innings options
2025-12-11 17:42:32 - core.page_navigator - INFO - Found 2 innings options: ['LSG', 'GT']
2025-12-11 17:42:34 - scraping.match_scraper - INFO - All innings: ['LSG', 'GT']
2025-12-11 17:42:34 - scraping.match_scraper - INFO - Regular innings: ['LSG', 'GT']
2025-12-11 17:42:34 - scraping.match_scraper - INFO - Super overs: []
2025-12-11 17:42:34 - scraping.match_scraper - INFO - Scraping default innings: GT
2025-12-11 17:42:35 - core.commentary_parser - INFO - Found 127 commentary blocks
2025-12-11 17:42:35 - core.commentary_parser - INFO - Parsed 127 commentary entries
2025-12-11 17:42:35 - core.commentary_parser - INFO - Normalizing to 6 columns (most common)
2025-12-11 17:42:35 - core.commentary_parser - INFO - Normalized 127 rows to 6 columns
2025-12-11 17:42:35 - core.commentary_parser - INFO - DataFrame created with 127 rows and 6 columns
2025-12-11 17:42:35 - core.commentary_parser - INFO - Final DataFrame: 127 rows with columns: ['Ball', 'Event', 'Score', 'Commentary', 'Bowler', 'Batsman']
2025-12-11 17:42:35 - core.commentary_parser - INFO -   Rows with commentary: 127
2025-12-11 17:42:35 - core.commentary_parser - INFO -   Rows without commentary: 0
2025-12-11 17:42:35 - scraping.match_scraper - INFO - GT: 127 events (super_over=False)
2025-12-11 17:42:35 - scraping.match_scraper - INFO - Switching to innings: LSG
2025-12-11 17:42:35 - core.page_navigator - INFO - Scrolling to top of page
2025-12-11 17:42:39 - core.page_navigator - INFO - Switching to innings: LSG
2025-12-11 17:43:14 - core.page_navigator - INFO - Found target innings: LSG
2025-12-11 17:43:17 - core.page_navigator - INFO - Successfully switched to LSG
2025-12-11 17:43:17 - scraping.match_scraper - INFO - Successfully switched to: LSG
2025-12-11 17:43:20 - core.page_navigator - INFO - Scrolling page 20 times
2025-12-11 17:44:21 - core.page_navigator - INFO - Page scrolling completed
2025-12-11 17:44:24 - scraping.match_scraper - INFO - Scraping innings: LSG
2025-12-11 17:44:24 - core.commentary_parser - INFO - Found 127 commentary blocks
2025-12-11 17:44:24 - core.commentary_parser - INFO - Parsed 127 commentary entries
2025-12-11 17:44:24 - core.commentary_parser - INFO - Normalizing to 6 columns (most common)
2025-12-11 17:44:24 - core.commentary_parser - INFO - Normalized 127 rows to 6 columns
2025-12-11 17:44:24 - core.commentary_parser - INFO - DataFrame created with 127 rows and 6 columns
2025-12-11 17:44:24 - core.commentary_parser - INFO - Final DataFrame: 127 rows with columns: ['Ball', 'Event', 'Score', 'Commentary', 'Bowler', 'Batsman']
2025-12-11 17:44:24 - core.commentary_parser - INFO -   Rows with commentary: 127
2025-12-11 17:44:24 - core.commentary_parser - INFO -   Rows without commentary: 0
2025-12-11 17:44:24 - scraping.match_scraper - INFO - LSG: 127 events (super_over=False)
2025-12-11 17:44:24 - scraping.match_scraper - INFO - Combining all innings dataframes
2025-12-11 17:44:24 - scraping.match_scraper - INFO - Total events: 254 across 2 innings
2025-12-11 17:44:24 - scraping.match_scraper - INFO -   - Regular innings: 254 events
2025-12-11 17:44:24 - scraping.match_scraper - INFO -   - Super over(s): 0 events
2025-12-11 17:44:24 - scraping.match_scraper - INFO - Saving commentary to database
2025-12-11 17:44:24 - scraping.match_scraper - INFO - Commentary saved: 254 total events
2025-12-11 17:44:24 - scraping.match_scraper - INFO - Saving metadata to database
2025-12-11 17:44:24 - scraping.match_scraper - INFO - Metadata saved with super_over_count=0
2025-12-11 17:44:24 - scraping.match_scraper - INFO - Saving match players to database
2025-12-11 17:44:24 - scraping.match_scraper - INFO - Successfully completed scraping match 1473502
2025-12-11 17:44:24 - scraping.match_scraper - INFO - Closing WebDriver
2025-12-11 17:44:27 - __main__ - INFO - Successfully downloaded match 1473502
2025-12-11 17:44:37 - __main__ - INFO - Processing match 65/74: https://www.espncricinfo.com/series/ipl-2025-1449924/royal-challengers-bengaluru-vs-sunrisers-hyderabad-65th-match-1473503/full-scorecard
2025-12-11 17:44:37 - __main__ - INFO - Attempting to download match 1473503 (attempt 1/4)
2025-12-11 17:44:37 - scraping.player_extractor - INFO - PlayerExtractor initialized - Target: raw.match_players
2025-12-11 17:44:37 - scraping.match_scraper - INFO - Initializing WebDriver
2025-12-11 17:44:42 - scraping.match_scraper - INFO - Loading full scorecard - attempt 1
2025-12-11 17:44:57 - scraping.match_scraper - INFO - full scorecard loaded successfully
2025-12-11 17:44:57 - scraping.match_scraper - INFO - Scrolling full scorecard page
2025-12-11 17:44:57 - core.page_navigator - INFO - Scrolling page 5 times
2025-12-11 17:45:26 - core.page_navigator - INFO - Page scrolling completed
2025-12-11 17:45:29 - scraping.match_scraper - INFO - Extracting metadata
2025-12-11 17:53:29 - scraping.match_scraper - ERROR - Error scraping match 1473503: HTTPConnectionPool(host='localhost', port=53093): Max retries exceeded with url: /session/6173cd8789bc17fd8f0cdca3d6d63f98/source (Caused by ReadTimeoutError("HTTPConnectionPool(host='localhost', port=53093): Read timed out. (read timeout=120)"))
Traceback (most recent call last):
  File "C:\Users\prade\PycharmProjects\Cricinfo_scraper\.venv\Lib\site-packages\urllib3\connectionpool.py", line 534, in _make_request
    response = conn.getresponse()
               ^^^^^^^^^^^^^^^^^^
  File "C:\Users\prade\PycharmProjects\Cricinfo_scraper\.venv\Lib\site-packages\urllib3\connection.py", line 516, in getresponse
    httplib_response = super().getresponse()
                       ^^^^^^^^^^^^^^^^^^^^^
  File "C:\Users\prade\AppData\Local\Programs\Python\Python311\Lib\http\client.py", line 1395, in getresponse
    response.begin()
  File "C:\Users\prade\AppData\Local\Programs\Python\Python311\Lib\http\client.py", line 325, in begin
    version, status, reason = self._read_status()
                              ^^^^^^^^^^^^^^^^^^^
  File "C:\Users\prade\AppData\Local\Programs\Python\Python311\Lib\http\client.py", line 286, in _read_status
    line = str(self.fp.readline(_MAXLINE + 1), "iso-8859-1")
               ^^^^^^^^^^^^^^^^^^^^^^^^^^^^^^
  File "C:\Users\prade\AppData\Local\Programs\Python\Python311\Lib\socket.py", line 706, in readinto
    return self._sock.recv_into(b)
           ^^^^^^^^^^^^^^^^^^^^^^^
TimeoutError: timed out

The above exception was the direct cause of the following exception:

Traceback (most recent call last):
  File "C:\Users\prade\PycharmProjects\Cricinfo_scraper\.venv\Lib\site-packages\urllib3\connectionpool.py", line 787, in urlopen
    response = self._make_request(
               ^^^^^^^^^^^^^^^^^^^
  File "C:\Users\prade\PycharmProjects\Cricinfo_scraper\.venv\Lib\site-packages\urllib3\connectionpool.py", line 536, in _make_request
    self._raise_timeout(err=e, url=url, timeout_value=read_timeout)
  File "C:\Users\prade\PycharmProjects\Cricinfo_scraper\.venv\Lib\site-packages\urllib3\connectionpool.py", line 367, in _raise_timeout
    raise ReadTimeoutError(
urllib3.exceptions.ReadTimeoutError: HTTPConnectionPool(host='localhost', port=53093): Read timed out. (read timeout=120)

The above exception was the direct cause of the following exception:

Traceback (most recent call last):
  File "C:\Users\prade\Pycharm\Cricinfo_scraper\scraping\match_scraper.py", line 163, in scrape
    metadata = MetadataExtractor.extract_metadata(driver.page_source, match_id)
                                                  ^^^^^^^^^^^^^^^^^^
  File "C:\Users\prade\PycharmProjects\Cricinfo_scraper\.venv\Lib\site-packages\selenium\webdriver\remote\webdriver.py", line 586, in page_source
    return self.execute(Command.GET_PAGE_SOURCE)["value"]
           ^^^^^^^^^^^^^^^^^^^^^^^^^^^^^^^^^^^^^
  File "C:\Users\prade\PycharmProjects\Cricinfo_scraper\.venv\Lib\site-packages\selenium\webdriver\remote\webdriver.py", line 445, in execute
    response = self.command_executor.execute(driver_command, params)
               ^^^^^^^^^^^^^^^^^^^^^^^^^^^^^^^^^^^^^^^^^^^^^^^^^^^^^
  File "C:\Users\prade\PycharmProjects\Cricinfo_scraper\.venv\Lib\site-packages\selenium\webdriver\remote\remote_connection.py", line 404, in execute
    return self._request(command_info[0], url, body=data)
           ^^^^^^^^^^^^^^^^^^^^^^^^^^^^^^^^^^^^^^^^^^^^^^
  File "C:\Users\prade\PycharmProjects\Cricinfo_scraper\.venv\Lib\site-packages\selenium\webdriver\remote\remote_connection.py", line 428, in _request
    response = self._conn.request(method, url, body=body, headers=headers, timeout=self._client_config.timeout)
               ^^^^^^^^^^^^^^^^^^^^^^^^^^^^^^^^^^^^^^^^^^^^^^^^^^^^^^^^^^^^^^^^^^^^^^^^^^^^^^^^^^^^^^^^^^^^^^^^
  File "C:\Users\prade\PycharmProjects\Cricinfo_scraper\.venv\Lib\site-packages\urllib3\_request_methods.py", line 135, in request
    return self.request_encode_url(
           ^^^^^^^^^^^^^^^^^^^^^^^^
  File "C:\Users\prade\PycharmProjects\Cricinfo_scraper\.venv\Lib\site-packages\urllib3\_request_methods.py", line 182, in request_encode_url
    return self.urlopen(method, url, **extra_kw)
           ^^^^^^^^^^^^^^^^^^^^^^^^^^^^^^^^^^^^^
  File "C:\Users\prade\PycharmProjects\Cricinfo_scraper\.venv\Lib\site-packages\urllib3\poolmanager.py", line 443, in urlopen
    response = conn.urlopen(method, u.request_uri, **kw)
               ^^^^^^^^^^^^^^^^^^^^^^^^^^^^^^^^^^^^^^^^^
  File "C:\Users\prade\PycharmProjects\Cricinfo_scraper\.venv\Lib\site-packages\urllib3\connectionpool.py", line 871, in urlopen
    return self.urlopen(
           ^^^^^^^^^^^^^
  File "C:\Users\prade\PycharmProjects\Cricinfo_scraper\.venv\Lib\site-packages\urllib3\connectionpool.py", line 871, in urlopen
    return self.urlopen(
           ^^^^^^^^^^^^^
  File "C:\Users\prade\PycharmProjects\Cricinfo_scraper\.venv\Lib\site-packages\urllib3\connectionpool.py", line 871, in urlopen
    return self.urlopen(
           ^^^^^^^^^^^^^
  File "C:\Users\prade\PycharmProjects\Cricinfo_scraper\.venv\Lib\site-packages\urllib3\connectionpool.py", line 841, in urlopen
    retries = retries.increment(
              ^^^^^^^^^^^^^^^^^^
  File "C:\Users\prade\PycharmProjects\Cricinfo_scraper\.venv\Lib\site-packages\urllib3\util\retry.py", line 519, in increment
    raise MaxRetryError(_pool, url, reason) from reason  # type: ignore[arg-type]
    ^^^^^^^^^^^^^^^^^^^^^^^^^^^^^^^^^^^^^^^^^^^^^^^^^^^
urllib3.exceptions.MaxRetryError: HTTPConnectionPool(host='localhost', port=53093): Max retries exceeded with url: /session/6173cd8789bc17fd8f0cdca3d6d63f98/source (Caused by ReadTimeoutError("HTTPConnectionPool(host='localhost', port=53093): Read timed out. (read timeout=120)"))
2025-12-11 17:53:29 - scraping.match_scraper - INFO - Closing WebDriver
2025-12-11 18:01:09 - __main__ - INFO - Cricket Data Pipeline Started
2025-12-11 18:01:09 - __main__ - INFO - STEP 1: Initializing database and schemas
2025-12-11 18:01:09 - configs.db_config - INFO - Initializing Medallion Architecture schemas...
2025-12-11 18:01:10 - configs.db_config - INFO - Medallion schemas (Bronze, Silver, Gold) initialized
2025-12-11 18:01:10 - __main__ - INFO - Database initialization complete
2025-12-11 18:01:10 - __main__ - INFO - STEP 2: Loading configuration
2025-12-11 18:01:10 - __main__ - INFO - Configuration loaded successfully
2025-12-11 18:01:10 - __main__ - INFO - STEP 3: Scraping data from Cricinfo
2025-12-11 18:01:10 - __main__ - INFO - Initializing match tracker
2025-12-11 18:01:10 - __main__ - INFO - Current Status: 64 matches already downloaded
2025-12-11 18:01:10 - __main__ - INFO - Fetching match schedule from Cricinfo
2025-12-11 18:01:10 - scraping.schedule_scraper - INFO - Initializing WebDriver for schedule scraping
2025-12-11 18:01:20 - scraping.schedule_scraper - INFO - Loading schedule page - attempt 1
2025-12-11 18:01:32 - scraping.schedule_scraper - INFO - Schedule page loaded successfully
2025-12-11 18:01:32 - scraping.schedule_scraper - INFO - Parsing schedule page with BeautifulSoup
2025-12-11 18:01:40 - scraping.schedule_scraper - INFO - Extracting match links from schedule
2025-12-11 18:01:40 - scraping.schedule_scraper - INFO - Successfully extracted 98 match links
2025-12-11 18:01:40 - scraping.schedule_scraper - INFO - Closing WebDriver
2025-12-11 18:01:43 - __main__ - INFO - Found 98 total links
2025-12-11 18:01:43 - __main__ - INFO - Found 74 match scorecards
2025-12-11 18:01:43 - __main__ - INFO - Loading match cache
2025-12-11 18:01:43 - __main__ - INFO - Starting match scraping process with retry logic
2025-12-11 18:01:43 - __main__ - INFO - Processing match 1/74: https://www.espncricinfo.com/series/ipl-2025-1449924/kolkata-knight-riders-vs-royal-challengers-bengaluru-1st-match-1473438/full-scorecard
2025-12-11 18:01:43 - __main__ - INFO - Match 1473438 already downloaded - skipping
2025-12-11 18:01:43 - __main__ - INFO - Processing match 2/74: https://www.espncricinfo.com/series/ipl-2025-1449924/sunrisers-hyderabad-vs-rajasthan-royals-2nd-match-1473439/full-scorecard
2025-12-11 18:01:43 - __main__ - INFO - Match 1473439 already downloaded - skipping
2025-12-11 18:01:43 - __main__ - INFO - Processing match 3/74: https://www.espncricinfo.com/series/ipl-2025-1449924/chennai-super-kings-vs-mumbai-indians-3rd-match-1473440/full-scorecard
2025-12-11 18:01:43 - __main__ - INFO - Match 1473440 already downloaded - skipping
2025-12-11 18:01:43 - __main__ - INFO - Processing match 4/74: https://www.espncricinfo.com/series/ipl-2025-1449924/delhi-capitals-vs-lucknow-super-giants-4th-match-1473441/full-scorecard
2025-12-11 18:01:43 - __main__ - INFO - Match 1473441 already downloaded - skipping
2025-12-11 18:01:43 - __main__ - INFO - Processing match 5/74: https://www.espncricinfo.com/series/ipl-2025-1449924/gujarat-titans-vs-punjab-kings-5th-match-1473442/full-scorecard
2025-12-11 18:01:43 - __main__ - INFO - Match 1473442 already downloaded - skipping
2025-12-11 18:01:43 - __main__ - INFO - Processing match 6/74: https://www.espncricinfo.com/series/ipl-2025-1449924/rajasthan-royals-vs-kolkata-knight-riders-6th-match-1473443/full-scorecard
2025-12-11 18:01:43 - __main__ - INFO - Match 1473443 already downloaded - skipping
2025-12-11 18:01:43 - __main__ - INFO - Processing match 7/74: https://www.espncricinfo.com/series/ipl-2025-1449924/sunrisers-hyderabad-vs-lucknow-super-giants-7th-match-1473444/full-scorecard
2025-12-11 18:01:43 - __main__ - INFO - Match 1473444 already downloaded - skipping
2025-12-11 18:01:43 - __main__ - INFO - Processing match 8/74: https://www.espncricinfo.com/series/ipl-2025-1449924/chennai-super-kings-vs-royal-challengers-bengaluru-8th-match-1473445/full-scorecard
2025-12-11 18:01:43 - __main__ - INFO - Match 1473445 already downloaded - skipping
2025-12-11 18:01:43 - __main__ - INFO - Processing match 9/74: https://www.espncricinfo.com/series/ipl-2025-1449924/gujarat-titans-vs-mumbai-indians-9th-match-1473446/full-scorecard
2025-12-11 18:01:43 - __main__ - INFO - Match 1473446 already downloaded - skipping
2025-12-11 18:01:43 - __main__ - INFO - Processing match 10/74: https://www.espncricinfo.com/series/ipl-2025-1449924/delhi-capitals-vs-sunrisers-hyderabad-10th-match-1473447/full-scorecard
2025-12-11 18:01:43 - __main__ - INFO - Match 1473447 already downloaded - skipping
2025-12-11 18:01:43 - __main__ - INFO - Processing match 11/74: https://www.espncricinfo.com/series/ipl-2025-1449924/rajasthan-royals-vs-chennai-super-kings-11th-match-1473448/full-scorecard
2025-12-11 18:01:43 - __main__ - INFO - Match 1473448 already downloaded - skipping
2025-12-11 18:01:43 - __main__ - INFO - Processing match 12/74: https://www.espncricinfo.com/series/ipl-2025-1449924/mumbai-indians-vs-kolkata-knight-riders-12th-match-1473449/full-scorecard
2025-12-11 18:01:43 - __main__ - INFO - Match 1473449 already downloaded - skipping
2025-12-11 18:01:43 - __main__ - INFO - Processing match 13/74: https://www.espncricinfo.com/series/ipl-2025-1449924/lucknow-super-giants-vs-punjab-kings-13th-match-1473450/full-scorecard
2025-12-11 18:01:43 - __main__ - INFO - Match 1473450 already downloaded - skipping
2025-12-11 18:01:43 - __main__ - INFO - Processing match 14/74: https://www.espncricinfo.com/series/ipl-2025-1449924/royal-challengers-bengaluru-vs-gujarat-titans-14th-match-1473451/full-scorecard
2025-12-11 18:01:43 - __main__ - INFO - Match 1473451 already downloaded - skipping
2025-12-11 18:01:43 - __main__ - INFO - Processing match 15/74: https://www.espncricinfo.com/series/ipl-2025-1449924/kolkata-knight-riders-vs-sunrisers-hyderabad-15th-match-1473452/full-scorecard
2025-12-11 18:01:43 - __main__ - INFO - Match 1473452 already downloaded - skipping
2025-12-11 18:01:43 - __main__ - INFO - Processing match 16/74: https://www.espncricinfo.com/series/ipl-2025-1449924/lucknow-super-giants-vs-mumbai-indians-16th-match-1473453/full-scorecard
2025-12-11 18:01:43 - __main__ - INFO - Match 1473453 already downloaded - skipping
2025-12-11 18:01:43 - __main__ - INFO - Processing match 17/74: https://www.espncricinfo.com/series/ipl-2025-1449924/chennai-super-kings-vs-delhi-capitals-17th-match-1473454/full-scorecard
2025-12-11 18:01:43 - __main__ - INFO - Match 1473454 already downloaded - skipping
2025-12-11 18:01:43 - __main__ - INFO - Processing match 18/74: https://www.espncricinfo.com/series/ipl-2025-1449924/punjab-kings-vs-rajasthan-royals-18th-match-1473455/full-scorecard
2025-12-11 18:01:43 - __main__ - INFO - Match 1473455 already downloaded - skipping
2025-12-11 18:01:43 - __main__ - INFO - Processing match 19/74: https://www.espncricinfo.com/series/ipl-2025-1449924/sunrisers-hyderabad-vs-gujarat-titans-19th-match-1473457/full-scorecard
2025-12-11 18:01:43 - __main__ - INFO - Match 1473457 already downloaded - skipping
2025-12-11 18:01:43 - __main__ - INFO - Processing match 20/74: https://www.espncricinfo.com/series/ipl-2025-1449924/mumbai-indians-vs-royal-challengers-bengaluru-20th-match-1473458/full-scorecard
2025-12-11 18:01:43 - __main__ - INFO - Match 1473458 already downloaded - skipping
2025-12-11 18:01:43 - __main__ - INFO - Processing match 21/74: https://www.espncricinfo.com/series/ipl-2025-1449924/kolkata-knight-riders-vs-lucknow-super-giants-21st-match-1473456/full-scorecard
2025-12-11 18:01:43 - __main__ - INFO - Match 1473456 already downloaded - skipping
2025-12-11 18:01:43 - __main__ - INFO - Processing match 22/74: https://www.espncricinfo.com/series/ipl-2025-1449924/punjab-kings-vs-chennai-super-kings-22nd-match-1473459/full-scorecard
2025-12-11 18:01:43 - __main__ - INFO - Match 1473459 already downloaded - skipping
2025-12-11 18:01:43 - __main__ - INFO - Processing match 23/74: https://www.espncricinfo.com/series/ipl-2025-1449924/gujarat-titans-vs-rajasthan-royals-23rd-match-1473460/full-scorecard
2025-12-11 18:01:43 - __main__ - INFO - Match 1473460 already downloaded - skipping
2025-12-11 18:01:43 - __main__ - INFO - Processing match 24/74: https://www.espncricinfo.com/series/ipl-2025-1449924/royal-challengers-bengaluru-vs-delhi-capitals-24th-match-1473461/full-scorecard
2025-12-11 18:01:43 - __main__ - INFO - Match 1473461 already downloaded - skipping
2025-12-11 18:01:43 - __main__ - INFO - Processing match 25/74: https://www.espncricinfo.com/series/ipl-2025-1449924/chennai-super-kings-vs-kolkata-knight-riders-25th-match-1473462/full-scorecard
2025-12-11 18:01:43 - __main__ - INFO - Match 1473462 already downloaded - skipping
2025-12-11 18:01:43 - __main__ - INFO - Processing match 26/74: https://www.espncricinfo.com/series/ipl-2025-1449924/lucknow-super-giants-vs-gujarat-titans-26th-match-1473463/full-scorecard
2025-12-11 18:01:43 - __main__ - INFO - Match 1473463 already downloaded - skipping
2025-12-11 18:01:43 - __main__ - INFO - Processing match 27/74: https://www.espncricinfo.com/series/ipl-2025-1449924/sunrisers-hyderabad-vs-punjab-kings-27th-match-1473464/full-scorecard
2025-12-11 18:01:43 - __main__ - INFO - Match 1473464 already downloaded - skipping
2025-12-11 18:01:43 - __main__ - INFO - Processing match 28/74: https://www.espncricinfo.com/series/ipl-2025-1449924/rajasthan-royals-vs-royal-challengers-bengaluru-28th-match-1473465/full-scorecard
2025-12-11 18:01:43 - __main__ - INFO - Match 1473465 already downloaded - skipping
2025-12-11 18:01:43 - __main__ - INFO - Processing match 29/74: https://www.espncricinfo.com/series/ipl-2025-1449924/delhi-capitals-vs-mumbai-indians-29th-match-1473466/full-scorecard
2025-12-11 18:01:43 - __main__ - INFO - Match 1473466 already downloaded - skipping
2025-12-11 18:01:43 - __main__ - INFO - Processing match 30/74: https://www.espncricinfo.com/series/ipl-2025-1449924/lucknow-super-giants-vs-chennai-super-kings-30th-match-1473467/full-scorecard
2025-12-11 18:01:43 - __main__ - INFO - Match 1473467 already downloaded - skipping
2025-12-11 18:01:43 - __main__ - INFO - Processing match 31/74: https://www.espncricinfo.com/series/ipl-2025-1449924/punjab-kings-vs-kolkata-knight-riders-31st-match-1473468/full-scorecard
2025-12-11 18:01:43 - __main__ - INFO - Match 1473468 already downloaded - skipping
2025-12-11 18:01:43 - __main__ - INFO - Processing match 32/74: https://www.espncricinfo.com/series/ipl-2025-1449924/delhi-capitals-vs-rajasthan-royals-32nd-match-1473469/full-scorecard
2025-12-11 18:01:43 - __main__ - INFO - Match 1473469 already downloaded - skipping
2025-12-11 18:01:43 - __main__ - INFO - Processing match 33/74: https://www.espncricinfo.com/series/ipl-2025-1449924/mumbai-indians-vs-sunrisers-hyderabad-33rd-match-1473470/full-scorecard
2025-12-11 18:01:43 - __main__ - INFO - Match 1473470 already downloaded - skipping
2025-12-11 18:01:43 - __main__ - INFO - Processing match 34/74: https://www.espncricinfo.com/series/ipl-2025-1449924/royal-challengers-bengaluru-vs-punjab-kings-34th-match-1473471/full-scorecard
2025-12-11 18:01:43 - __main__ - INFO - Match 1473471 already downloaded - skipping
2025-12-11 18:01:43 - __main__ - INFO - Processing match 35/74: https://www.espncricinfo.com/series/ipl-2025-1449924/gujarat-titans-vs-delhi-capitals-35th-match-1473472/full-scorecard
2025-12-11 18:01:43 - __main__ - INFO - Match 1473472 already downloaded - skipping
2025-12-11 18:01:43 - __main__ - INFO - Processing match 36/74: https://www.espncricinfo.com/series/ipl-2025-1449924/rajasthan-royals-vs-lucknow-super-giants-36th-match-1473473/full-scorecard
2025-12-11 18:01:43 - __main__ - INFO - Match 1473473 already downloaded - skipping
2025-12-11 18:01:43 - __main__ - INFO - Processing match 37/74: https://www.espncricinfo.com/series/ipl-2025-1449924/punjab-kings-vs-royal-challengers-bengaluru-37th-match-1473474/full-scorecard
2025-12-11 18:01:43 - __main__ - INFO - Match 1473474 already downloaded - skipping
2025-12-11 18:01:43 - __main__ - INFO - Processing match 38/74: https://www.espncricinfo.com/series/ipl-2025-1449924/mumbai-indians-vs-chennai-super-kings-38th-match-1473475/full-scorecard
2025-12-11 18:01:43 - __main__ - INFO - Match 1473475 already downloaded - skipping
2025-12-11 18:01:43 - __main__ - INFO - Processing match 39/74: https://www.espncricinfo.com/series/ipl-2025-1449924/kolkata-knight-riders-vs-gujarat-titans-39th-match-1473476/full-scorecard
2025-12-11 18:01:43 - __main__ - INFO - Match 1473476 already downloaded - skipping
2025-12-11 18:01:43 - __main__ - INFO - Processing match 40/74: https://www.espncricinfo.com/series/ipl-2025-1449924/lucknow-super-giants-vs-delhi-capitals-40th-match-1473477/full-scorecard
2025-12-11 18:01:43 - __main__ - INFO - Match 1473477 already downloaded - skipping
2025-12-11 18:01:43 - __main__ - INFO - Processing match 41/74: https://www.espncricinfo.com/series/ipl-2025-1449924/sunrisers-hyderabad-vs-mumbai-indians-41st-match-1473478/full-scorecard
2025-12-11 18:01:43 - __main__ - INFO - Match 1473478 already downloaded - skipping
2025-12-11 18:01:43 - __main__ - INFO - Processing match 42/74: https://www.espncricinfo.com/series/ipl-2025-1449924/royal-challengers-bengaluru-vs-rajasthan-royals-42nd-match-1473479/full-scorecard
2025-12-11 18:01:43 - __main__ - INFO - Match 1473479 already downloaded - skipping
2025-12-11 18:01:43 - __main__ - INFO - Processing match 43/74: https://www.espncricinfo.com/series/ipl-2025-1449924/chennai-super-kings-vs-sunrisers-hyderabad-43rd-match-1473480/full-scorecard
2025-12-11 18:01:43 - __main__ - INFO - Match 1473480 already downloaded - skipping
2025-12-11 18:01:43 - __main__ - INFO - Processing match 44/74: https://www.espncricinfo.com/series/ipl-2025-1449924/kolkata-knight-riders-vs-punjab-kings-44th-match-1473481/full-scorecard
2025-12-11 18:01:43 - __main__ - INFO - Match 1473481 already downloaded - skipping
2025-12-11 18:01:43 - __main__ - INFO - Processing match 45/74: https://www.espncricinfo.com/series/ipl-2025-1449924/mumbai-indians-vs-lucknow-super-giants-45th-match-1473482/full-scorecard
2025-12-11 18:01:43 - __main__ - INFO - Match 1473482 already downloaded - skipping
2025-12-11 18:01:43 - __main__ - INFO - Processing match 46/74: https://www.espncricinfo.com/series/ipl-2025-1449924/delhi-capitals-vs-royal-challengers-bengaluru-46th-match-1473483/full-scorecard
2025-12-11 18:01:43 - __main__ - INFO - Match 1473483 already downloaded - skipping
2025-12-11 18:01:43 - __main__ - INFO - Processing match 47/74: https://www.espncricinfo.com/series/ipl-2025-1449924/rajasthan-royals-vs-gujarat-titans-47th-match-1473484/full-scorecard
2025-12-11 18:01:43 - __main__ - INFO - Match 1473484 already downloaded - skipping
2025-12-11 18:01:43 - __main__ - INFO - Processing match 48/74: https://www.espncricinfo.com/series/ipl-2025-1449924/delhi-capitals-vs-kolkata-knight-riders-48th-match-1473485/full-scorecard
2025-12-11 18:01:43 - __main__ - INFO - Match 1473485 already downloaded - skipping
2025-12-11 18:01:43 - __main__ - INFO - Processing match 49/74: https://www.espncricinfo.com/series/ipl-2025-1449924/chennai-super-kings-vs-punjab-kings-49th-match-1473486/full-scorecard
2025-12-11 18:01:43 - __main__ - INFO - Match 1473486 already downloaded - skipping
2025-12-11 18:01:43 - __main__ - INFO - Processing match 50/74: https://www.espncricinfo.com/series/ipl-2025-1449924/rajasthan-royals-vs-mumbai-indians-50th-match-1473487/full-scorecard
2025-12-11 18:01:43 - __main__ - INFO - Match 1473487 already downloaded - skipping
2025-12-11 18:01:43 - __main__ - INFO - Processing match 51/74: https://www.espncricinfo.com/series/ipl-2025-1449924/gujarat-titans-vs-sunrisers-hyderabad-51st-match-1473488/full-scorecard
2025-12-11 18:01:43 - __main__ - INFO - Match 1473488 already downloaded - skipping
2025-12-11 18:01:43 - __main__ - INFO - Processing match 52/74: https://www.espncricinfo.com/series/ipl-2025-1449924/royal-challengers-bengaluru-vs-chennai-super-kings-52nd-match-1473489/full-scorecard
2025-12-11 18:01:43 - __main__ - INFO - Match 1473489 already downloaded - skipping
2025-12-11 18:01:43 - __main__ - INFO - Processing match 53/74: https://www.espncricinfo.com/series/ipl-2025-1449924/kolkata-knight-riders-vs-rajasthan-royals-53rd-match-1473490/full-scorecard
2025-12-11 18:01:43 - __main__ - INFO - Match 1473490 already downloaded - skipping
2025-12-11 18:01:43 - __main__ - INFO - Processing match 54/74: https://www.espncricinfo.com/series/ipl-2025-1449924/punjab-kings-vs-lucknow-super-giants-54th-match-1473491/full-scorecard
2025-12-11 18:01:43 - __main__ - INFO - Match 1473491 already downloaded - skipping
2025-12-11 18:01:43 - __main__ - INFO - Processing match 55/74: https://www.espncricinfo.com/series/ipl-2025-1449924/sunrisers-hyderabad-vs-delhi-capitals-55th-match-1473492/full-scorecard
2025-12-11 18:01:43 - __main__ - INFO - Match 1473492 already downloaded - skipping
2025-12-11 18:01:43 - __main__ - INFO - Processing match 56/74: https://www.espncricinfo.com/series/ipl-2025-1449924/mumbai-indians-vs-gujarat-titans-56th-match-1473493/full-scorecard
2025-12-11 18:01:43 - __main__ - INFO - Match 1473493 already downloaded - skipping
2025-12-11 18:01:43 - __main__ - INFO - Processing match 57/74: https://www.espncricinfo.com/series/ipl-2025-1449924/kolkata-knight-riders-vs-chennai-super-kings-57th-match-1473494/full-scorecard
2025-12-11 18:01:43 - __main__ - INFO - Match 1473494 already downloaded - skipping
2025-12-11 18:01:43 - __main__ - INFO - Processing match 58/74: https://www.espncricinfo.com/series/ipl-2025-1449924/royal-challengers-bengaluru-vs-kolkata-knight-riders-58th-match-1473496/full-scorecard
2025-12-11 18:01:43 - __main__ - INFO - Match 1473496 already downloaded - skipping
2025-12-11 18:01:43 - __main__ - INFO - Processing match 59/74: https://www.espncricinfo.com/series/ipl-2025-1449924/rajasthan-royals-vs-punjab-kings-59th-match-1473497/full-scorecard
2025-12-11 18:01:43 - __main__ - INFO - Match 1473497 already downloaded - skipping
2025-12-11 18:01:43 - __main__ - INFO - Processing match 60/74: https://www.espncricinfo.com/series/ipl-2025-1449924/delhi-capitals-vs-gujarat-titans-60th-match-1473498/full-scorecard
2025-12-11 18:01:43 - __main__ - INFO - Match 1473498 already downloaded - skipping
2025-12-11 18:01:43 - __main__ - INFO - Processing match 61/74: https://www.espncricinfo.com/series/ipl-2025-1449924/lucknow-super-giants-vs-sunrisers-hyderabad-61st-match-1473499/full-scorecard
2025-12-11 18:01:43 - __main__ - INFO - Match 1473499 already downloaded - skipping
2025-12-11 18:01:43 - __main__ - INFO - Processing match 62/74: https://www.espncricinfo.com/series/ipl-2025-1449924/chennai-super-kings-vs-rajasthan-royals-62nd-match-1473500/full-scorecard
2025-12-11 18:01:43 - __main__ - INFO - Match 1473500 already downloaded - skipping
2025-12-11 18:01:43 - __main__ - INFO - Processing match 63/74: https://www.espncricinfo.com/series/ipl-2025-1449924/mumbai-indians-vs-delhi-capitals-63rd-match-1473501/full-scorecard
2025-12-11 18:01:43 - __main__ - INFO - Match 1473501 already downloaded - skipping
2025-12-11 18:01:43 - __main__ - INFO - Processing match 64/74: https://www.espncricinfo.com/series/ipl-2025-1449924/gujarat-titans-vs-lucknow-super-giants-64th-match-1473502/full-scorecard
2025-12-11 18:01:43 - __main__ - INFO - Match 1473502 already downloaded - skipping
2025-12-11 18:01:43 - __main__ - INFO - Processing match 65/74: https://www.espncricinfo.com/series/ipl-2025-1449924/royal-challengers-bengaluru-vs-sunrisers-hyderabad-65th-match-1473503/full-scorecard
2025-12-11 18:01:43 - __main__ - INFO - Attempting to download match 1473503 (attempt 1/4)
2025-12-11 18:01:43 - scraping.player_extractor - INFO - PlayerExtractor initialized - Target: raw.match_players
2025-12-11 18:01:43 - scraping.match_scraper - INFO - Initializing WebDriver
2025-12-11 18:01:52 - scraping.match_scraper - INFO - Loading full scorecard - attempt 1
2025-12-11 18:02:05 - scraping.match_scraper - INFO - full scorecard loaded successfully
2025-12-11 18:02:05 - scraping.match_scraper - INFO - Scrolling full scorecard page
2025-12-11 18:02:05 - core.page_navigator - INFO - Scrolling page 5 times
2025-12-11 18:02:20 - core.page_navigator - INFO - Page scrolling completed
2025-12-11 18:02:23 - scraping.match_scraper - INFO - Extracting metadata
2025-12-11 18:02:23 - core.metadata_extractor - INFO - Found 14 metadata rows for match 1473503
2025-12-11 18:02:23 - core.metadata_extractor - INFO - Extracted 15 metadata fields for match 1473503
2025-12-11 18:02:23 - scraping.match_scraper - INFO - Extracting player rosters...
2025-12-11 18:02:23 - scraping.player_extractor - INFO - Extracting players for match 1473503
2025-12-11 18:02:23 - core.metadata_extractor - INFO - Extracting player names for match 1473503
2025-12-11 18:02:23 - core.metadata_extractor - INFO - Found 2 batting scorecard table(s)
2025-12-11 18:02:23 - core.metadata_extractor - INFO -   Innings 1: Sunrisers Hyderabad (batting)
2025-12-11 18:02:23 - core.metadata_extractor - INFO -   Innings 2: Royal Challengers Bengaluru (batting)
2025-12-11 18:02:23 - core.metadata_extractor - INFO -   innings_1 (Sunrisers Hyderabad): 8 batted, 3 did not bat
2025-12-11 18:02:23 - core.metadata_extractor - INFO -   innings_2 (Royal Challengers Bengaluru): 11 batted, 0 did not bat
2025-12-11 18:02:23 - core.metadata_extractor - INFO - Found 2 bowling table(s)
2025-12-11 18:02:23 - core.metadata_extractor - INFO -   innings_1 bowling: Royal Challengers Bengaluru (bowling against Sunrisers Hyderabad)
2025-12-11 18:02:23 - core.metadata_extractor - INFO -   innings_1 bowling (Royal Challengers Bengaluru): 6 bowlers
2025-12-11 18:02:23 - core.metadata_extractor - INFO -   innings_2 bowling: Sunrisers Hyderabad (bowling against Royal Challengers Bengaluru)
2025-12-11 18:02:23 - core.metadata_extractor - INFO -   innings_2 bowling (Sunrisers Hyderabad): 6 bowlers
2025-12-11 18:02:23 - core.metadata_extractor - INFO - Created DataFrame with 34 player records, 24 unique players
2025-12-11 18:02:23 - scraping.player_extractor - INFO - Extracted 24 players for match 1473503
2025-12-11 18:02:23 - scraping.player_extractor - INFO -   Teams: Royal Challengers Bengaluru, Sunrisers Hyderabad
2025-12-11 18:02:23 - scraping.player_extractor - INFO -   Batted: 16, Did not bat: 8
2025-12-11 18:02:23 - scraping.player_extractor - INFO -   Regular: 23, Impact: 1
2025-12-11 18:02:23 - scraping.player_extractor - INFO -   Impact players: Rajat Patidar
2025-12-11 18:02:23 - scraping.match_scraper - INFO - Stored 24 players
2025-12-11 18:02:23 - scraping.match_scraper - INFO -   - Royal Challengers Bengaluru
2025-12-11 18:02:23 - scraping.match_scraper - INFO -   - Sunrisers Hyderabad
2025-12-11 18:02:23 - scraping.match_scraper - INFO - Loading commentary page - attempt 1
2025-12-11 18:02:34 - scraping.match_scraper - INFO - commentary page loaded successfully
2025-12-11 18:02:34 - scraping.match_scraper - INFO - Scrolling commentary page
2025-12-11 18:02:34 - core.page_navigator - INFO - Scrolling page 20 times
2025-12-11 18:03:38 - core.page_navigator - INFO - Page scrolling completed
2025-12-11 18:03:41 - scraping.match_scraper - INFO - Getting current innings team
2025-12-11 18:03:41 - scraping.match_scraper - INFO - Default innings: RCB
2025-12-11 18:03:41 - scraping.match_scraper - INFO - Getting all innings options
2025-12-11 18:04:15 - core.page_navigator - INFO - Found 2 innings options: ['SRH', 'RCB']
2025-12-11 18:04:18 - scraping.match_scraper - INFO - All innings: ['SRH', 'RCB']
2025-12-11 18:04:18 - scraping.match_scraper - INFO - Regular innings: ['SRH', 'RCB']
2025-12-11 18:04:18 - scraping.match_scraper - INFO - Super overs: []
2025-12-11 18:04:18 - scraping.match_scraper - INFO - Scraping default innings: RCB
2025-12-11 18:04:18 - core.commentary_parser - INFO - Found 124 commentary blocks
2025-12-11 18:04:18 - core.commentary_parser - INFO - Parsed 124 commentary entries
2025-12-11 18:04:18 - core.commentary_parser - INFO - Normalizing to 6 columns (most common)
2025-12-11 18:04:18 - core.commentary_parser - INFO - Normalized 124 rows to 6 columns
2025-12-11 18:04:18 - core.commentary_parser - INFO - DataFrame created with 124 rows and 6 columns
2025-12-11 18:04:18 - core.commentary_parser - INFO - Final DataFrame: 124 rows with columns: ['Ball', 'Event', 'Score', 'Commentary', 'Bowler', 'Batsman']
2025-12-11 18:04:18 - core.commentary_parser - INFO -   Rows with commentary: 124
2025-12-11 18:04:18 - core.commentary_parser - INFO -   Rows without commentary: 0
2025-12-11 18:04:18 - scraping.match_scraper - INFO - RCB: 124 events (super_over=False)
2025-12-11 18:04:18 - scraping.match_scraper - INFO - Switching to innings: SRH
2025-12-11 18:04:18 - core.page_navigator - INFO - Scrolling to top of page
2025-12-11 18:04:22 - core.page_navigator - INFO - Switching to innings: SRH
2025-12-11 18:04:56 - core.page_navigator - INFO - Found target innings: SRH
2025-12-11 18:05:00 - core.page_navigator - INFO - Successfully switched to SRH
2025-12-11 18:05:00 - scraping.match_scraper - INFO - Successfully switched to: SRH
2025-12-11 18:05:03 - core.page_navigator - INFO - Scrolling page 20 times
2025-12-11 18:06:04 - core.page_navigator - INFO - Page scrolling completed
2025-12-11 18:06:07 - scraping.match_scraper - INFO - Scraping innings: SRH
2025-12-11 18:06:07 - core.commentary_parser - INFO - Found 123 commentary blocks
2025-12-11 18:06:07 - core.commentary_parser - INFO - Parsed 123 commentary entries
2025-12-11 18:06:07 - core.commentary_parser - INFO - Normalizing to 6 columns (most common)
2025-12-11 18:06:07 - core.commentary_parser - INFO - Normalized 123 rows to 6 columns
2025-12-11 18:06:07 - core.commentary_parser - INFO - DataFrame created with 123 rows and 6 columns
2025-12-11 18:06:07 - core.commentary_parser - INFO - Final DataFrame: 123 rows with columns: ['Ball', 'Event', 'Score', 'Commentary', 'Bowler', 'Batsman']
2025-12-11 18:06:07 - core.commentary_parser - INFO -   Rows with commentary: 123
2025-12-11 18:06:07 - core.commentary_parser - INFO -   Rows without commentary: 0
2025-12-11 18:06:07 - scraping.match_scraper - INFO - SRH: 123 events (super_over=False)
2025-12-11 18:06:07 - scraping.match_scraper - INFO - Combining all innings dataframes
2025-12-11 18:06:07 - scraping.match_scraper - INFO - Total events: 247 across 2 innings
2025-12-11 18:06:07 - scraping.match_scraper - INFO -   - Regular innings: 247 events
2025-12-11 18:06:07 - scraping.match_scraper - INFO -   - Super over(s): 0 events
2025-12-11 18:06:07 - scraping.match_scraper - INFO - Saving commentary to database
2025-12-11 18:06:08 - scraping.match_scraper - INFO - Commentary saved: 247 total events
2025-12-11 18:06:08 - scraping.match_scraper - INFO - Saving metadata to database
2025-12-11 18:06:08 - scraping.match_scraper - INFO - Metadata saved with super_over_count=0
2025-12-11 18:06:08 - scraping.match_scraper - INFO - Saving match players to database
2025-12-11 18:06:08 - scraping.match_scraper - INFO - Successfully completed scraping match 1473503
2025-12-11 18:06:08 - scraping.match_scraper - INFO - Closing WebDriver
2025-12-11 18:06:11 - __main__ - INFO - Successfully downloaded match 1473503
2025-12-11 18:06:21 - __main__ - INFO - Processing match 66/74: https://www.espncricinfo.com/series/ipl-2025-1449924/delhi-capitals-vs-punjab-kings-66th-match-1485779/full-scorecard
2025-12-11 18:06:21 - __main__ - INFO - Attempting to download match 1485779 (attempt 1/4)
2025-12-11 18:06:21 - scraping.player_extractor - INFO - PlayerExtractor initialized - Target: raw.match_players
2025-12-11 18:06:21 - scraping.match_scraper - INFO - Initializing WebDriver
2025-12-11 18:06:29 - scraping.match_scraper - INFO - Loading full scorecard - attempt 1
2025-12-11 18:06:41 - scraping.match_scraper - INFO - full scorecard loaded successfully
2025-12-11 18:06:41 - scraping.match_scraper - INFO - Scrolling full scorecard page
2025-12-11 18:06:41 - core.page_navigator - INFO - Scrolling page 5 times
2025-12-11 18:06:56 - core.page_navigator - INFO - Page scrolling completed
2025-12-11 18:06:59 - scraping.match_scraper - INFO - Extracting metadata
2025-12-11 18:06:59 - core.metadata_extractor - INFO - Found 14 metadata rows for match 1485779
2025-12-11 18:06:59 - core.metadata_extractor - INFO - Extracted 15 metadata fields for match 1485779
2025-12-11 18:06:59 - scraping.match_scraper - INFO - Extracting player rosters...
2025-12-11 18:07:00 - scraping.player_extractor - INFO - Extracting players for match 1485779
2025-12-11 18:07:00 - core.metadata_extractor - INFO - Extracting player names for match 1485779
2025-12-11 18:07:00 - core.metadata_extractor - INFO - Found 2 batting scorecard table(s)
2025-12-11 18:07:00 - core.metadata_extractor - INFO -   Innings 1: Punjab Kings (batting)
2025-12-11 18:07:00 - core.metadata_extractor - INFO -   Innings 2: Delhi Capitals (batting)
2025-12-11 18:07:00 - core.metadata_extractor - INFO -   innings_1 (Punjab Kings): 10 batted, 1 did not bat
2025-12-11 18:07:00 - core.metadata_extractor - INFO -   innings_2 (Delhi Capitals): 6 batted, 5 did not bat
2025-12-11 18:07:00 - core.metadata_extractor - INFO - Found 2 bowling table(s)
2025-12-11 18:07:00 - core.metadata_extractor - INFO -   innings_1 bowling: Delhi Capitals (bowling against Punjab Kings)
2025-12-11 18:07:00 - core.metadata_extractor - INFO -   innings_1 bowling (Delhi Capitals): 5 bowlers
2025-12-11 18:07:00 - core.metadata_extractor - INFO -   innings_2 bowling: Punjab Kings (bowling against Delhi Capitals)
2025-12-11 18:07:00 - core.metadata_extractor - INFO -   innings_2 bowling (Punjab Kings): 6 bowlers
2025-12-11 18:07:00 - core.metadata_extractor - INFO - Created DataFrame with 33 player records, 24 unique players
2025-12-11 18:07:00 - scraping.player_extractor - INFO - Extracted 24 players for match 1485779
2025-12-11 18:07:00 - scraping.player_extractor - INFO -   Teams: Delhi Capitals, Punjab Kings
2025-12-11 18:07:00 - scraping.player_extractor - INFO -   Batted: 13, Did not bat: 11
2025-12-11 18:07:00 - scraping.player_extractor - INFO -   Regular: 23, Impact: 1
2025-12-11 18:07:00 - scraping.player_extractor - INFO -   Impact players: KL Rahul
2025-12-11 18:07:00 - scraping.match_scraper - INFO - Stored 24 players
2025-12-11 18:07:00 - scraping.match_scraper - INFO -   - Delhi Capitals
2025-12-11 18:07:00 - scraping.match_scraper - INFO -   - Punjab Kings
2025-12-11 18:07:00 - scraping.match_scraper - INFO - Loading commentary page - attempt 1
2025-12-11 18:07:14 - scraping.match_scraper - INFO - commentary page loaded successfully
2025-12-11 18:07:14 - scraping.match_scraper - INFO - Scrolling commentary page
2025-12-11 18:07:14 - core.page_navigator - INFO - Scrolling page 20 times
2025-12-11 18:08:15 - core.page_navigator - INFO - Page scrolling completed
2025-12-11 18:08:18 - scraping.match_scraper - INFO - Getting current innings team
2025-12-11 18:08:18 - scraping.match_scraper - INFO - Default innings: DC
2025-12-11 18:08:18 - scraping.match_scraper - INFO - Getting all innings options
2025-12-11 18:08:52 - core.page_navigator - INFO - Found 2 innings options: ['PBKS', 'DC']
2025-12-11 18:08:55 - scraping.match_scraper - INFO - All innings: ['PBKS', 'DC']
2025-12-11 18:08:55 - scraping.match_scraper - INFO - Regular innings: ['PBKS', 'DC']
2025-12-11 18:08:55 - scraping.match_scraper - INFO - Super overs: []
2025-12-11 18:08:55 - scraping.match_scraper - INFO - Scraping default innings: DC
2025-12-11 18:08:55 - core.commentary_parser - INFO - Found 121 commentary blocks
2025-12-11 18:08:55 - core.commentary_parser - INFO - Parsed 121 commentary entries
2025-12-11 18:08:55 - core.commentary_parser - INFO - Normalizing to 6 columns (most common)
2025-12-11 18:08:55 - core.commentary_parser - INFO - Normalized 121 rows to 6 columns
2025-12-11 18:08:55 - core.commentary_parser - INFO - DataFrame created with 121 rows and 6 columns
2025-12-11 18:08:55 - core.commentary_parser - INFO - Final DataFrame: 121 rows with columns: ['Ball', 'Event', 'Score', 'Commentary', 'Bowler', 'Batsman']
2025-12-11 18:08:55 - core.commentary_parser - INFO -   Rows with commentary: 121
2025-12-11 18:08:55 - core.commentary_parser - INFO -   Rows without commentary: 0
2025-12-11 18:08:55 - scraping.match_scraper - INFO - DC: 121 events (super_over=False)
2025-12-11 18:08:55 - scraping.match_scraper - INFO - Switching to innings: PBKS
2025-12-11 18:08:55 - core.page_navigator - INFO - Scrolling to top of page
2025-12-11 18:08:59 - core.page_navigator - INFO - Switching to innings: PBKS
2025-12-11 18:09:33 - core.page_navigator - INFO - Found target innings: PBKS
2025-12-11 18:09:37 - core.page_navigator - INFO - Successfully switched to PBKS
2025-12-11 18:09:37 - scraping.match_scraper - INFO - Successfully switched to: PBKS
2025-12-11 18:09:40 - core.page_navigator - INFO - Scrolling page 20 times
2025-12-11 18:10:41 - core.page_navigator - INFO - Page scrolling completed
2025-12-11 18:10:44 - scraping.match_scraper - INFO - Scraping innings: PBKS
2025-12-11 18:10:45 - core.commentary_parser - INFO - Found 128 commentary blocks
2025-12-11 18:10:45 - core.commentary_parser - INFO - Parsed 128 commentary entries
2025-12-11 18:10:45 - core.commentary_parser - INFO - Normalizing to 6 columns (most common)
2025-12-11 18:10:45 - core.commentary_parser - INFO - Normalized 128 rows to 6 columns
2025-12-11 18:10:45 - core.commentary_parser - INFO - DataFrame created with 128 rows and 6 columns
2025-12-11 18:10:45 - core.commentary_parser - INFO - Final DataFrame: 128 rows with columns: ['Ball', 'Event', 'Score', 'Commentary', 'Bowler', 'Batsman']
2025-12-11 18:10:45 - core.commentary_parser - INFO -   Rows with commentary: 128
2025-12-11 18:10:45 - core.commentary_parser - INFO -   Rows without commentary: 0
2025-12-11 18:10:45 - scraping.match_scraper - INFO - PBKS: 128 events (super_over=False)
2025-12-11 18:10:45 - scraping.match_scraper - INFO - Combining all innings dataframes
2025-12-11 18:10:45 - scraping.match_scraper - INFO - Total events: 249 across 2 innings
2025-12-11 18:10:45 - scraping.match_scraper - INFO -   - Regular innings: 249 events
2025-12-11 18:10:45 - scraping.match_scraper - INFO -   - Super over(s): 0 events
2025-12-11 18:10:45 - scraping.match_scraper - INFO - Saving commentary to database
2025-12-11 18:10:45 - scraping.match_scraper - INFO - Commentary saved: 249 total events
2025-12-11 18:10:45 - scraping.match_scraper - INFO - Saving metadata to database
2025-12-11 18:10:45 - scraping.match_scraper - INFO - Metadata saved with super_over_count=0
2025-12-11 18:10:45 - scraping.match_scraper - INFO - Saving match players to database
2025-12-11 18:10:45 - scraping.match_scraper - INFO - Successfully completed scraping match 1485779
2025-12-11 18:10:45 - scraping.match_scraper - INFO - Closing WebDriver
2025-12-11 18:10:47 - __main__ - INFO - Successfully downloaded match 1485779
2025-12-11 18:10:57 - __main__ - INFO - Processing match 67/74: https://www.espncricinfo.com/series/ipl-2025-1449924/gujarat-titans-vs-chennai-super-kings-67th-match-1473504/full-scorecard
2025-12-11 18:10:57 - __main__ - INFO - Attempting to download match 1473504 (attempt 1/4)
2025-12-11 18:10:57 - scraping.player_extractor - INFO - PlayerExtractor initialized - Target: raw.match_players
2025-12-11 18:10:57 - scraping.match_scraper - INFO - Initializing WebDriver
2025-12-11 18:11:05 - scraping.match_scraper - INFO - Loading full scorecard - attempt 1
2025-12-11 18:11:19 - scraping.match_scraper - INFO - full scorecard loaded successfully
2025-12-11 18:11:19 - scraping.match_scraper - INFO - Scrolling full scorecard page
2025-12-11 18:11:19 - core.page_navigator - INFO - Scrolling page 5 times
2025-12-11 18:11:42 - core.page_navigator - INFO - Page scrolling completed
2025-12-11 18:11:45 - scraping.match_scraper - INFO - Extracting metadata
2025-12-11 18:11:45 - core.metadata_extractor - INFO - Found 14 metadata rows for match 1473504
2025-12-11 18:11:45 - core.metadata_extractor - INFO - Extracted 15 metadata fields for match 1473504
2025-12-11 18:11:45 - scraping.match_scraper - INFO - Extracting player rosters...
2025-12-11 18:11:45 - scraping.player_extractor - INFO - Extracting players for match 1473504
2025-12-11 18:11:45 - core.metadata_extractor - INFO - Extracting player names for match 1473504
2025-12-11 18:11:45 - core.metadata_extractor - INFO - Found 2 batting scorecard table(s)
2025-12-11 18:11:45 - core.metadata_extractor - INFO -   Innings 1: Chennai Super Kings (batting)
2025-12-11 18:11:45 - core.metadata_extractor - INFO -   Innings 2: Gujarat Titans (batting)
2025-12-11 18:11:45 - core.metadata_extractor - INFO -   innings_1 (Chennai Super Kings): 6 batted, 5 did not bat
2025-12-11 18:11:45 - core.metadata_extractor - INFO -   innings_2 (Gujarat Titans): 11 batted, 0 did not bat
2025-12-11 18:11:45 - core.metadata_extractor - INFO - Found 2 bowling table(s)
2025-12-11 18:11:45 - core.metadata_extractor - INFO -   innings_1 bowling: Gujarat Titans (bowling against Chennai Super Kings)
2025-12-11 18:11:45 - core.metadata_extractor - INFO -   innings_1 bowling (Gujarat Titans): 7 bowlers
2025-12-11 18:11:45 - core.metadata_extractor - INFO -   innings_2 bowling: Chennai Super Kings (bowling against Gujarat Titans)
2025-12-11 18:11:45 - core.metadata_extractor - INFO -   innings_2 bowling (Chennai Super Kings): 7 bowlers
2025-12-11 18:11:45 - core.metadata_extractor - INFO - Created DataFrame with 36 player records, 24 unique players
2025-12-11 18:11:45 - scraping.player_extractor - INFO - Extracted 24 players for match 1473504
2025-12-11 18:11:45 - scraping.player_extractor - INFO -   Teams: Gujarat Titans, Chennai Super Kings
2025-12-11 18:11:45 - scraping.player_extractor - INFO -   Batted: 11, Did not bat: 13
2025-12-11 18:11:45 - scraping.player_extractor - INFO -   Regular: 23, Impact: 1
2025-12-11 18:11:45 - scraping.player_extractor - INFO -   Impact players: Sai Sudharsan
2025-12-11 18:11:45 - scraping.match_scraper - INFO - Stored 24 players
2025-12-11 18:11:45 - scraping.match_scraper - INFO -   - Gujarat Titans
2025-12-11 18:11:45 - scraping.match_scraper - INFO -   - Chennai Super Kings
2025-12-11 18:11:45 - scraping.match_scraper - INFO - Loading commentary page - attempt 1
2025-12-11 18:11:58 - scraping.match_scraper - INFO - commentary page loaded successfully
2025-12-11 18:11:58 - scraping.match_scraper - INFO - Scrolling commentary page
2025-12-11 18:11:58 - core.page_navigator - INFO - Scrolling page 20 times
2025-12-11 18:12:59 - core.page_navigator - INFO - Page scrolling completed
2025-12-11 18:13:02 - scraping.match_scraper - INFO - Getting current innings team
2025-12-11 18:13:02 - scraping.match_scraper - INFO - Default innings: GT
2025-12-11 18:13:02 - scraping.match_scraper - INFO - Getting all innings options
2025-12-11 18:13:37 - core.page_navigator - INFO - Found 2 innings options: ['CSK', 'GT']
2025-12-11 18:13:39 - scraping.match_scraper - INFO - All innings: ['CSK', 'GT']
2025-12-11 18:13:39 - scraping.match_scraper - INFO - Regular innings: ['CSK', 'GT']
2025-12-11 18:13:39 - scraping.match_scraper - INFO - Super overs: []
2025-12-11 18:13:39 - scraping.match_scraper - INFO - Scraping default innings: GT
2025-12-11 18:13:39 - core.commentary_parser - INFO - Found 117 commentary blocks
2025-12-11 18:13:39 - core.commentary_parser - INFO - Parsed 117 commentary entries
2025-12-11 18:13:39 - core.commentary_parser - INFO - Normalizing to 6 columns (most common)
2025-12-11 18:13:39 - core.commentary_parser - INFO - Normalized 117 rows to 6 columns
2025-12-11 18:13:39 - core.commentary_parser - INFO - DataFrame created with 117 rows and 6 columns
2025-12-11 18:13:39 - core.commentary_parser - INFO - Final DataFrame: 117 rows with columns: ['Ball', 'Event', 'Score', 'Commentary', 'Bowler', 'Batsman']
2025-12-11 18:13:39 - core.commentary_parser - INFO -   Rows with commentary: 117
2025-12-11 18:13:39 - core.commentary_parser - INFO -   Rows without commentary: 0
2025-12-11 18:13:39 - scraping.match_scraper - INFO - GT: 117 events (super_over=False)
2025-12-11 18:13:39 - scraping.match_scraper - INFO - Switching to innings: CSK
2025-12-11 18:13:39 - core.page_navigator - INFO - Scrolling to top of page
2025-12-11 18:13:44 - core.page_navigator - INFO - Switching to innings: CSK
2025-12-11 18:14:18 - core.page_navigator - INFO - Found target innings: CSK
2025-12-11 18:14:22 - core.page_navigator - INFO - Successfully switched to CSK
2025-12-11 18:14:22 - scraping.match_scraper - INFO - Successfully switched to: CSK
2025-12-11 18:14:25 - core.page_navigator - INFO - Scrolling page 20 times
2025-12-11 18:15:26 - core.page_navigator - INFO - Page scrolling completed
2025-12-11 18:15:29 - scraping.match_scraper - INFO - Scraping innings: CSK
2025-12-11 18:15:29 - core.commentary_parser - INFO - Found 125 commentary blocks
2025-12-11 18:15:29 - core.commentary_parser - INFO - Parsed 125 commentary entries
2025-12-11 18:15:29 - core.commentary_parser - INFO - Normalizing to 6 columns (most common)
2025-12-11 18:15:29 - core.commentary_parser - INFO - Normalized 125 rows to 6 columns
2025-12-11 18:15:29 - core.commentary_parser - INFO - DataFrame created with 125 rows and 6 columns
2025-12-11 18:15:29 - core.commentary_parser - INFO - Final DataFrame: 125 rows with columns: ['Ball', 'Event', 'Score', 'Commentary', 'Bowler', 'Batsman']
2025-12-11 18:15:29 - core.commentary_parser - INFO -   Rows with commentary: 125
2025-12-11 18:15:29 - core.commentary_parser - INFO -   Rows without commentary: 0
2025-12-11 18:15:29 - scraping.match_scraper - INFO - CSK: 125 events (super_over=False)
2025-12-11 18:15:29 - scraping.match_scraper - INFO - Combining all innings dataframes
2025-12-11 18:15:29 - scraping.match_scraper - INFO - Total events: 242 across 2 innings
2025-12-11 18:15:29 - scraping.match_scraper - INFO -   - Regular innings: 242 events
2025-12-11 18:15:29 - scraping.match_scraper - INFO -   - Super over(s): 0 events
2025-12-11 18:15:29 - scraping.match_scraper - INFO - Saving commentary to database
2025-12-11 18:15:30 - scraping.match_scraper - INFO - Commentary saved: 242 total events
2025-12-11 18:15:30 - scraping.match_scraper - INFO - Saving metadata to database
2025-12-11 18:15:30 - scraping.match_scraper - INFO - Metadata saved with super_over_count=0
2025-12-11 18:15:30 - scraping.match_scraper - INFO - Saving match players to database
2025-12-11 18:15:30 - scraping.match_scraper - INFO - Successfully completed scraping match 1473504
2025-12-11 18:15:30 - scraping.match_scraper - INFO - Closing WebDriver
2025-12-11 18:15:33 - __main__ - INFO - Successfully downloaded match 1473504
2025-12-11 18:15:43 - __main__ - INFO - Processing match 68/74: https://www.espncricinfo.com/series/ipl-2025-1449924/kolkata-knight-riders-vs-sunrisers-hyderabad-68th-match-1473505/full-scorecard
2025-12-11 18:15:43 - __main__ - INFO - Attempting to download match 1473505 (attempt 1/4)
2025-12-11 18:15:43 - scraping.player_extractor - INFO - PlayerExtractor initialized - Target: raw.match_players
2025-12-11 18:15:43 - scraping.match_scraper - INFO - Initializing WebDriver
2025-12-11 18:15:50 - scraping.match_scraper - INFO - Loading full scorecard - attempt 1
2025-12-11 18:16:00 - scraping.match_scraper - INFO - full scorecard loaded successfully
2025-12-11 18:16:00 - scraping.match_scraper - INFO - Scrolling full scorecard page
2025-12-11 18:16:00 - core.page_navigator - INFO - Scrolling page 5 times
2025-12-11 18:16:24 - core.page_navigator - INFO - Page scrolling completed
2025-12-11 18:16:27 - scraping.match_scraper - INFO - Extracting metadata
2025-12-11 18:16:27 - core.metadata_extractor - INFO - Found 14 metadata rows for match 1473505
2025-12-11 18:16:27 - core.metadata_extractor - INFO - Extracted 15 metadata fields for match 1473505
2025-12-11 18:16:27 - scraping.match_scraper - INFO - Extracting player rosters...
2025-12-11 18:16:27 - scraping.player_extractor - INFO - Extracting players for match 1473505
2025-12-11 18:16:27 - core.metadata_extractor - INFO - Extracting player names for match 1473505
2025-12-11 18:16:27 - core.metadata_extractor - INFO - Found 2 batting scorecard table(s)
2025-12-11 18:16:27 - core.metadata_extractor - INFO -   Innings 1: Sunrisers Hyderabad (batting)
2025-12-11 18:16:27 - core.metadata_extractor - INFO -   Innings 2: Kolkata Knight Riders (batting)
2025-12-11 18:16:27 - core.metadata_extractor - INFO -   innings_1 (Sunrisers Hyderabad): 5 batted, 6 did not bat
2025-12-11 18:16:27 - core.metadata_extractor - INFO -   innings_2 (Kolkata Knight Riders): 11 batted, 0 did not bat
2025-12-11 18:16:27 - core.metadata_extractor - INFO - Found 2 bowling table(s)
2025-12-11 18:16:27 - core.metadata_extractor - INFO -   innings_1 bowling: Kolkata Knight Riders (bowling against Sunrisers Hyderabad)
2025-12-11 18:16:27 - core.metadata_extractor - INFO -   innings_1 bowling (Kolkata Knight Riders): 6 bowlers
2025-12-11 18:16:27 - core.metadata_extractor - INFO -   innings_2 bowling: Sunrisers Hyderabad (bowling against Kolkata Knight Riders)
2025-12-11 18:16:27 - core.metadata_extractor - INFO -   innings_2 bowling (Sunrisers Hyderabad): 7 bowlers
2025-12-11 18:16:27 - core.metadata_extractor - INFO - Created DataFrame with 35 player records, 24 unique players
2025-12-11 18:16:27 - scraping.player_extractor - INFO - Extracted 24 players for match 1473505
2025-12-11 18:16:27 - scraping.player_extractor - INFO -   Teams: Kolkata Knight Riders, Sunrisers Hyderabad
2025-12-11 18:16:27 - scraping.player_extractor - INFO -   Batted: 13, Did not bat: 11
2025-12-11 18:16:27 - scraping.player_extractor - INFO -   Regular: 23, Impact: 1
2025-12-11 18:16:27 - scraping.player_extractor - INFO -   Impact players: Angkrish Raghuvanshi
2025-12-11 18:16:27 - scraping.match_scraper - INFO - Stored 24 players
2025-12-11 18:16:27 - scraping.match_scraper - INFO -   - Kolkata Knight Riders
2025-12-11 18:16:27 - scraping.match_scraper - INFO -   - Sunrisers Hyderabad
2025-12-11 18:16:27 - scraping.match_scraper - INFO - Loading commentary page - attempt 1
2025-12-11 18:16:40 - scraping.match_scraper - INFO - commentary page loaded successfully
2025-12-11 18:16:40 - scraping.match_scraper - INFO - Scrolling commentary page
2025-12-11 18:16:40 - core.page_navigator - INFO - Scrolling page 20 times
2025-12-11 18:17:40 - core.page_navigator - INFO - Page scrolling completed
2025-12-11 18:17:43 - scraping.match_scraper - INFO - Getting current innings team
2025-12-11 18:17:43 - scraping.match_scraper - INFO - Default innings: KKR
2025-12-11 18:17:43 - scraping.match_scraper - INFO - Getting all innings options
2025-12-11 18:18:18 - core.page_navigator - INFO - Found 2 innings options: ['SRH', 'KKR']
2025-12-11 18:18:20 - scraping.match_scraper - INFO - All innings: ['SRH', 'KKR']
2025-12-11 18:18:20 - scraping.match_scraper - INFO - Regular innings: ['SRH', 'KKR']
2025-12-11 18:18:20 - scraping.match_scraper - INFO - Super overs: []
2025-12-11 18:18:20 - scraping.match_scraper - INFO - Scraping default innings: KKR
2025-12-11 18:18:20 - core.commentary_parser - INFO - Found 116 commentary blocks
2025-12-11 18:18:20 - core.commentary_parser - INFO - Parsed 116 commentary entries
2025-12-11 18:18:20 - core.commentary_parser - INFO - Normalizing to 6 columns (most common)
2025-12-11 18:18:20 - core.commentary_parser - INFO - Normalized 116 rows to 6 columns
2025-12-11 18:18:20 - core.commentary_parser - INFO - DataFrame created with 116 rows and 6 columns
2025-12-11 18:18:20 - core.commentary_parser - INFO - Final DataFrame: 116 rows with columns: ['Ball', 'Event', 'Score', 'Commentary', 'Bowler', 'Batsman']
2025-12-11 18:18:20 - core.commentary_parser - INFO -   Rows with commentary: 116
2025-12-11 18:18:20 - core.commentary_parser - INFO -   Rows without commentary: 0
2025-12-11 18:18:20 - scraping.match_scraper - INFO - KKR: 116 events (super_over=False)
2025-12-11 18:18:20 - scraping.match_scraper - INFO - Switching to innings: SRH
2025-12-11 18:18:20 - core.page_navigator - INFO - Scrolling to top of page
2025-12-11 18:18:24 - core.page_navigator - INFO - Switching to innings: SRH
2025-12-11 18:18:59 - core.page_navigator - INFO - Found target innings: SRH
2025-12-11 18:19:03 - core.page_navigator - INFO - Successfully switched to SRH
2025-12-11 18:19:03 - scraping.match_scraper - INFO - Successfully switched to: SRH
2025-12-11 18:19:06 - core.page_navigator - INFO - Scrolling page 20 times
2025-12-11 18:20:06 - core.page_navigator - INFO - Page scrolling completed
2025-12-11 18:20:09 - scraping.match_scraper - INFO - Scraping innings: SRH
2025-12-11 18:20:10 - core.commentary_parser - INFO - Found 131 commentary blocks
2025-12-11 18:20:10 - core.commentary_parser - INFO - Parsed 131 commentary entries
2025-12-11 18:20:10 - core.commentary_parser - INFO - Normalizing to 6 columns (most common)
2025-12-11 18:20:10 - core.commentary_parser - INFO - Normalized 131 rows to 6 columns
2025-12-11 18:20:10 - core.commentary_parser - INFO - DataFrame created with 131 rows and 6 columns
2025-12-11 18:20:10 - core.commentary_parser - INFO - Final DataFrame: 131 rows with columns: ['Ball', 'Event', 'Score', 'Commentary', 'Bowler', 'Batsman']
2025-12-11 18:20:10 - core.commentary_parser - INFO -   Rows with commentary: 131
2025-12-11 18:20:10 - core.commentary_parser - INFO -   Rows without commentary: 0
2025-12-11 18:20:10 - scraping.match_scraper - INFO - SRH: 131 events (super_over=False)
2025-12-11 18:20:10 - scraping.match_scraper - INFO - Combining all innings dataframes
2025-12-11 18:20:10 - scraping.match_scraper - INFO - Total events: 247 across 2 innings
2025-12-11 18:20:10 - scraping.match_scraper - INFO -   - Regular innings: 247 events
2025-12-11 18:20:10 - scraping.match_scraper - INFO -   - Super over(s): 0 events
2025-12-11 18:20:10 - scraping.match_scraper - INFO - Saving commentary to database
2025-12-11 18:20:10 - scraping.match_scraper - INFO - Commentary saved: 247 total events
2025-12-11 18:20:10 - scraping.match_scraper - INFO - Saving metadata to database
2025-12-11 18:20:10 - scraping.match_scraper - INFO - Metadata saved with super_over_count=0
2025-12-11 18:20:10 - scraping.match_scraper - INFO - Saving match players to database
2025-12-11 18:20:10 - scraping.match_scraper - INFO - Successfully completed scraping match 1473505
2025-12-11 18:20:10 - scraping.match_scraper - INFO - Closing WebDriver
2025-12-11 18:20:14 - __main__ - INFO - Successfully downloaded match 1473505
2025-12-11 18:20:24 - __main__ - INFO - Processing match 69/74: https://www.espncricinfo.com/series/ipl-2025-1449924/mumbai-indians-vs-punjab-kings-69th-match-1473506/full-scorecard
2025-12-11 18:20:24 - __main__ - INFO - Attempting to download match 1473506 (attempt 1/4)
2025-12-11 18:20:24 - scraping.player_extractor - INFO - PlayerExtractor initialized - Target: raw.match_players
2025-12-11 18:20:24 - scraping.match_scraper - INFO - Initializing WebDriver
2025-12-11 18:20:31 - scraping.match_scraper - INFO - Loading full scorecard - attempt 1
2025-12-11 18:20:43 - scraping.match_scraper - INFO - full scorecard loaded successfully
2025-12-11 18:20:43 - scraping.match_scraper - INFO - Scrolling full scorecard page
2025-12-11 18:20:43 - core.page_navigator - INFO - Scrolling page 5 times
2025-12-11 18:20:59 - core.page_navigator - INFO - Page scrolling completed
2025-12-11 18:21:02 - scraping.match_scraper - INFO - Extracting metadata
2025-12-11 18:21:02 - core.metadata_extractor - INFO - Found 14 metadata rows for match 1473506
2025-12-11 18:21:02 - core.metadata_extractor - INFO - Extracted 15 metadata fields for match 1473506
2025-12-11 18:21:02 - scraping.match_scraper - INFO - Extracting player rosters...
2025-12-11 18:21:02 - scraping.player_extractor - INFO - Extracting players for match 1473506
2025-12-11 18:21:03 - core.metadata_extractor - INFO - Extracting player names for match 1473506
2025-12-11 18:21:03 - core.metadata_extractor - INFO - Found 2 batting scorecard table(s)
2025-12-11 18:21:03 - core.metadata_extractor - INFO -   Innings 1: Mumbai Indians (batting)
2025-12-11 18:21:03 - core.metadata_extractor - INFO -   Innings 2: Punjab Kings (batting)
2025-12-11 18:21:03 - core.metadata_extractor - INFO -   innings_1 (Mumbai Indians): 8 batted, 3 did not bat
2025-12-11 18:21:03 - core.metadata_extractor - INFO -   innings_2 (Punjab Kings): 5 batted, 6 did not bat
2025-12-11 18:21:03 - core.metadata_extractor - INFO - Found 2 bowling table(s)
2025-12-11 18:21:03 - core.metadata_extractor - INFO -   innings_1 bowling: Punjab Kings (bowling against Mumbai Indians)
2025-12-11 18:21:03 - core.metadata_extractor - INFO -   innings_1 bowling (Punjab Kings): 5 bowlers
2025-12-11 18:21:03 - core.metadata_extractor - INFO -   innings_2 bowling: Mumbai Indians (bowling against Punjab Kings)
2025-12-11 18:21:03 - core.metadata_extractor - INFO -   innings_2 bowling (Mumbai Indians): 7 bowlers
2025-12-11 18:21:03 - core.metadata_extractor - INFO - Created DataFrame with 34 player records, 24 unique players
2025-12-11 18:21:03 - scraping.player_extractor - INFO - Extracted 24 players for match 1473506
2025-12-11 18:21:03 - scraping.player_extractor - INFO -   Teams: Punjab Kings, Mumbai Indians
2025-12-11 18:21:03 - scraping.player_extractor - INFO -   Batted: 11, Did not bat: 13
2025-12-11 18:21:03 - scraping.player_extractor - INFO -   Regular: 23, Impact: 1
2025-12-11 18:21:03 - scraping.player_extractor - INFO -   Impact players: Prabhsimran Singh
2025-12-11 18:21:03 - scraping.match_scraper - INFO - Stored 24 players
2025-12-11 18:21:03 - scraping.match_scraper - INFO -   - Punjab Kings
2025-12-11 18:21:03 - scraping.match_scraper - INFO -   - Mumbai Indians
2025-12-11 18:21:03 - scraping.match_scraper - INFO - Loading commentary page - attempt 1
2025-12-11 18:21:13 - scraping.match_scraper - INFO - commentary page loaded successfully
2025-12-11 18:21:13 - scraping.match_scraper - INFO - Scrolling commentary page
2025-12-11 18:21:13 - core.page_navigator - INFO - Scrolling page 20 times
2025-12-11 18:22:14 - core.page_navigator - INFO - Page scrolling completed
2025-12-11 18:22:17 - scraping.match_scraper - INFO - Getting current innings team
2025-12-11 18:22:17 - scraping.match_scraper - INFO - Default innings: PBKS
2025-12-11 18:22:17 - scraping.match_scraper - INFO - Getting all innings options
2025-12-11 18:22:52 - core.page_navigator - INFO - Found 2 innings options: ['MI', 'PBKS']
2025-12-11 18:22:54 - scraping.match_scraper - INFO - All innings: ['MI', 'PBKS']
2025-12-11 18:22:54 - scraping.match_scraper - INFO - Regular innings: ['MI', 'PBKS']
2025-12-11 18:22:54 - scraping.match_scraper - INFO - Super overs: []
2025-12-11 18:22:54 - scraping.match_scraper - INFO - Scraping default innings: PBKS
2025-12-11 18:22:54 - core.commentary_parser - INFO - Found 118 commentary blocks
2025-12-11 18:22:54 - core.commentary_parser - INFO - Parsed 118 commentary entries
2025-12-11 18:22:54 - core.commentary_parser - INFO - Normalizing to 6 columns (most common)
2025-12-11 18:22:54 - core.commentary_parser - INFO - Normalized 118 rows to 6 columns
2025-12-11 18:22:54 - core.commentary_parser - INFO - DataFrame created with 118 rows and 6 columns
2025-12-11 18:22:54 - core.commentary_parser - INFO - Final DataFrame: 118 rows with columns: ['Ball', 'Event', 'Score', 'Commentary', 'Bowler', 'Batsman']
2025-12-11 18:22:54 - core.commentary_parser - INFO -   Rows with commentary: 118
2025-12-11 18:22:54 - core.commentary_parser - INFO -   Rows without commentary: 0
2025-12-11 18:22:54 - scraping.match_scraper - INFO - PBKS: 118 events (super_over=False)
2025-12-11 18:22:54 - scraping.match_scraper - INFO - Switching to innings: MI
2025-12-11 18:22:54 - core.page_navigator - INFO - Scrolling to top of page
2025-12-11 18:22:58 - core.page_navigator - INFO - Switching to innings: MI
2025-12-11 18:23:33 - core.page_navigator - INFO - Found target innings: MI
2025-12-11 18:23:37 - core.page_navigator - INFO - Successfully switched to MI
2025-12-11 18:23:37 - scraping.match_scraper - INFO - Successfully switched to: MI
2025-12-11 18:23:40 - core.page_navigator - INFO - Scrolling page 20 times
2025-12-11 18:24:40 - core.page_navigator - INFO - Page scrolling completed
2025-12-11 18:24:43 - scraping.match_scraper - INFO - Scraping innings: MI
2025-12-11 18:24:44 - core.commentary_parser - INFO - Found 127 commentary blocks
2025-12-11 18:24:44 - core.commentary_parser - INFO - Parsed 127 commentary entries
2025-12-11 18:24:44 - core.commentary_parser - INFO - Normalizing to 6 columns (most common)
2025-12-11 18:24:44 - core.commentary_parser - INFO - Normalized 127 rows to 6 columns
2025-12-11 18:24:44 - core.commentary_parser - INFO - DataFrame created with 127 rows and 6 columns
2025-12-11 18:24:44 - core.commentary_parser - INFO - Final DataFrame: 127 rows with columns: ['Ball', 'Event', 'Score', 'Commentary', 'Bowler', 'Batsman']
2025-12-11 18:24:44 - core.commentary_parser - INFO -   Rows with commentary: 127
2025-12-11 18:24:44 - core.commentary_parser - INFO -   Rows without commentary: 0
2025-12-11 18:24:44 - scraping.match_scraper - INFO - MI: 127 events (super_over=False)
2025-12-11 18:24:44 - scraping.match_scraper - INFO - Combining all innings dataframes
2025-12-11 18:24:44 - scraping.match_scraper - INFO - Total events: 245 across 2 innings
2025-12-11 18:24:44 - scraping.match_scraper - INFO -   - Regular innings: 245 events
2025-12-11 18:24:44 - scraping.match_scraper - INFO -   - Super over(s): 0 events
2025-12-11 18:24:44 - scraping.match_scraper - INFO - Saving commentary to database
2025-12-11 18:24:44 - scraping.match_scraper - INFO - Commentary saved: 245 total events
2025-12-11 18:24:44 - scraping.match_scraper - INFO - Saving metadata to database
2025-12-11 18:24:44 - scraping.match_scraper - INFO - Metadata saved with super_over_count=0
2025-12-11 18:24:44 - scraping.match_scraper - INFO - Saving match players to database
2025-12-11 18:24:44 - scraping.match_scraper - INFO - Successfully completed scraping match 1473506
2025-12-11 18:24:44 - scraping.match_scraper - INFO - Closing WebDriver
2025-12-11 18:24:47 - __main__ - INFO - Successfully downloaded match 1473506
2025-12-11 18:24:57 - __main__ - INFO - Processing match 70/74: https://www.espncricinfo.com/series/ipl-2025-1449924/lucknow-super-giants-vs-royal-challengers-bengaluru-70th-match-1473507/full-scorecard
2025-12-11 18:24:57 - __main__ - INFO - Attempting to download match 1473507 (attempt 1/4)
2025-12-11 18:24:57 - scraping.player_extractor - INFO - PlayerExtractor initialized - Target: raw.match_players
2025-12-11 18:24:57 - scraping.match_scraper - INFO - Initializing WebDriver
2025-12-11 18:25:04 - scraping.match_scraper - INFO - Loading full scorecard - attempt 1
2025-12-11 18:25:18 - scraping.match_scraper - INFO - full scorecard loaded successfully
2025-12-11 18:25:18 - scraping.match_scraper - INFO - Scrolling full scorecard page
2025-12-11 18:25:18 - core.page_navigator - INFO - Scrolling page 5 times
2025-12-11 18:25:43 - core.page_navigator - INFO - Page scrolling completed
2025-12-11 18:25:46 - scraping.match_scraper - INFO - Extracting metadata
2025-12-11 18:25:46 - core.metadata_extractor - INFO - Found 14 metadata rows for match 1473507
2025-12-11 18:25:46 - core.metadata_extractor - INFO - Extracted 15 metadata fields for match 1473507
2025-12-11 18:25:46 - scraping.match_scraper - INFO - Extracting player rosters...
2025-12-11 18:25:46 - scraping.player_extractor - INFO - Extracting players for match 1473507
2025-12-11 18:25:47 - core.metadata_extractor - INFO - Extracting player names for match 1473507
2025-12-11 18:25:47 - core.metadata_extractor - INFO - Found 2 batting scorecard table(s)
2025-12-11 18:25:47 - core.metadata_extractor - INFO -   Innings 1: Lucknow Super Giants (batting)
2025-12-11 18:25:47 - core.metadata_extractor - INFO -   Innings 2: Royal Challengers Bengaluru (batting)
2025-12-11 18:25:47 - core.metadata_extractor - INFO -   innings_1 (Lucknow Super Giants): 5 batted, 6 did not bat
2025-12-11 18:25:47 - core.metadata_extractor - INFO -   innings_2 (Royal Challengers Bengaluru): 6 batted, 5 did not bat
2025-12-11 18:25:47 - core.metadata_extractor - INFO - Found 2 bowling table(s)
2025-12-11 18:25:47 - core.metadata_extractor - INFO -   innings_1 bowling: Royal Challengers Bengaluru (bowling against Lucknow Super Giants)
2025-12-11 18:25:47 - core.metadata_extractor - INFO -   innings_1 bowling (Royal Challengers Bengaluru): 6 bowlers
2025-12-11 18:25:47 - core.metadata_extractor - INFO -   innings_2 bowling: Lucknow Super Giants (bowling against Royal Challengers Bengaluru)
2025-12-11 18:25:47 - core.metadata_extractor - INFO -   innings_2 bowling (Lucknow Super Giants): 6 bowlers
2025-12-11 18:25:47 - core.metadata_extractor - INFO - Created DataFrame with 34 player records, 24 unique players
2025-12-11 18:25:47 - scraping.player_extractor - INFO - Extracted 24 players for match 1473507
2025-12-11 18:25:47 - scraping.player_extractor - INFO -   Teams: Royal Challengers Bengaluru, Lucknow Super Giants
2025-12-11 18:25:47 - scraping.player_extractor - INFO -   Batted: 11, Did not bat: 13
2025-12-11 18:25:47 - scraping.player_extractor - INFO -   Regular: 23, Impact: 1
2025-12-11 18:25:47 - scraping.player_extractor - INFO -   Impact players: Rajat Patidar
2025-12-11 18:25:47 - scraping.match_scraper - INFO - Stored 24 players
2025-12-11 18:25:47 - scraping.match_scraper - INFO -   - Royal Challengers Bengaluru
2025-12-11 18:25:47 - scraping.match_scraper - INFO -   - Lucknow Super Giants
2025-12-11 18:25:47 - scraping.match_scraper - INFO - Loading commentary page - attempt 1
2025-12-11 18:26:00 - scraping.match_scraper - INFO - commentary page loaded successfully
2025-12-11 18:26:00 - scraping.match_scraper - INFO - Scrolling commentary page
2025-12-11 18:26:00 - core.page_navigator - INFO - Scrolling page 20 times
2025-12-11 18:27:03 - core.page_navigator - INFO - Page scrolling completed
2025-12-11 18:27:06 - scraping.match_scraper - INFO - Getting current innings team
2025-12-11 18:27:06 - scraping.match_scraper - INFO - Default innings: RCB
2025-12-11 18:27:06 - scraping.match_scraper - INFO - Getting all innings options
2025-12-11 18:27:41 - core.page_navigator - INFO - Found 2 innings options: ['LSG', 'RCB']
2025-12-11 18:27:44 - scraping.match_scraper - INFO - All innings: ['LSG', 'RCB']
2025-12-11 18:27:44 - scraping.match_scraper - INFO - Regular innings: ['LSG', 'RCB']
2025-12-11 18:27:44 - scraping.match_scraper - INFO - Super overs: []
2025-12-11 18:27:44 - scraping.match_scraper - INFO - Scraping default innings: RCB
2025-12-11 18:27:44 - core.commentary_parser - INFO - Found 117 commentary blocks
2025-12-11 18:27:44 - core.commentary_parser - INFO - Parsed 117 commentary entries
2025-12-11 18:27:44 - core.commentary_parser - INFO - Normalizing to 6 columns (most common)
2025-12-11 18:27:44 - core.commentary_parser - INFO - Normalized 117 rows to 6 columns
2025-12-11 18:27:44 - core.commentary_parser - INFO - DataFrame created with 117 rows and 6 columns
2025-12-11 18:27:44 - core.commentary_parser - INFO - Final DataFrame: 117 rows with columns: ['Ball', 'Event', 'Score', 'Commentary', 'Bowler', 'Batsman']
2025-12-11 18:27:44 - core.commentary_parser - INFO -   Rows with commentary: 117
2025-12-11 18:27:44 - core.commentary_parser - INFO -   Rows without commentary: 0
2025-12-11 18:27:44 - scraping.match_scraper - INFO - RCB: 117 events (super_over=False)
2025-12-11 18:27:44 - scraping.match_scraper - INFO - Switching to innings: LSG
2025-12-11 18:27:44 - core.page_navigator - INFO - Scrolling to top of page
2025-12-11 18:27:48 - core.page_navigator - INFO - Switching to innings: LSG
2025-12-11 18:28:23 - core.page_navigator - INFO - Found target innings: LSG
2025-12-11 18:28:27 - core.page_navigator - INFO - Successfully switched to LSG
2025-12-11 18:28:27 - scraping.match_scraper - INFO - Successfully switched to: LSG
2025-12-11 18:28:30 - core.page_navigator - INFO - Scrolling page 20 times
2025-12-11 18:29:30 - core.page_navigator - INFO - Page scrolling completed
2025-12-11 18:29:33 - scraping.match_scraper - INFO - Scraping innings: LSG
2025-12-11 18:29:34 - core.commentary_parser - INFO - Found 127 commentary blocks
2025-12-11 18:29:34 - core.commentary_parser - INFO - Parsed 127 commentary entries
2025-12-11 18:29:34 - core.commentary_parser - INFO - Normalizing to 6 columns (most common)
2025-12-11 18:29:34 - core.commentary_parser - INFO - Normalized 127 rows to 6 columns
2025-12-11 18:29:34 - core.commentary_parser - INFO - DataFrame created with 127 rows and 6 columns
2025-12-11 18:29:34 - core.commentary_parser - INFO - Final DataFrame: 127 rows with columns: ['Ball', 'Event', 'Score', 'Commentary', 'Bowler', 'Batsman']
2025-12-11 18:29:34 - core.commentary_parser - INFO -   Rows with commentary: 127
2025-12-11 18:29:34 - core.commentary_parser - INFO -   Rows without commentary: 0
2025-12-11 18:29:34 - scraping.match_scraper - INFO - LSG: 127 events (super_over=False)
2025-12-11 18:29:34 - scraping.match_scraper - INFO - Combining all innings dataframes
2025-12-11 18:29:34 - scraping.match_scraper - INFO - Total events: 244 across 2 innings
2025-12-11 18:29:34 - scraping.match_scraper - INFO -   - Regular innings: 244 events
2025-12-11 18:29:34 - scraping.match_scraper - INFO -   - Super over(s): 0 events
2025-12-11 18:29:34 - scraping.match_scraper - INFO - Saving commentary to database
2025-12-11 18:29:34 - scraping.match_scraper - INFO - Commentary saved: 244 total events
2025-12-11 18:29:34 - scraping.match_scraper - INFO - Saving metadata to database
2025-12-11 18:29:34 - scraping.match_scraper - INFO - Metadata saved with super_over_count=0
2025-12-11 18:29:34 - scraping.match_scraper - INFO - Saving match players to database
2025-12-11 18:29:34 - scraping.match_scraper - INFO - Successfully completed scraping match 1473507
2025-12-11 18:29:34 - scraping.match_scraper - INFO - Closing WebDriver
2025-12-11 18:29:37 - __main__ - INFO - Successfully downloaded match 1473507
2025-12-11 18:29:47 - __main__ - INFO - Processing match 71/74: https://www.espncricinfo.com/series/ipl-2025-1449924/punjab-kings-vs-royal-challengers-bengaluru-qualifier-1-1473508/full-scorecard
2025-12-11 18:29:47 - __main__ - INFO - Attempting to download match 1473508 (attempt 1/4)
2025-12-11 18:29:47 - scraping.player_extractor - INFO - PlayerExtractor initialized - Target: raw.match_players
2025-12-11 18:29:47 - scraping.match_scraper - INFO - Initializing WebDriver
2025-12-11 18:29:55 - scraping.match_scraper - INFO - Loading full scorecard - attempt 1
2025-12-11 18:30:07 - scraping.match_scraper - INFO - full scorecard loaded successfully
2025-12-11 18:30:07 - scraping.match_scraper - INFO - Scrolling full scorecard page
2025-12-11 18:30:07 - core.page_navigator - INFO - Scrolling page 5 times
2025-12-11 18:30:33 - core.page_navigator - INFO - Page scrolling completed
2025-12-11 18:30:36 - scraping.match_scraper - INFO - Extracting metadata
2025-12-11 18:30:37 - core.metadata_extractor - INFO - Found 15 metadata rows for match 1473508
2025-12-11 18:30:37 - core.metadata_extractor - INFO - Extracted 16 metadata fields for match 1473508
2025-12-11 18:30:37 - scraping.match_scraper - INFO - Extracting player rosters...
2025-12-11 18:30:38 - scraping.player_extractor - INFO - Extracting players for match 1473508
2025-12-11 18:30:38 - core.metadata_extractor - INFO - Extracting player names for match 1473508
2025-12-11 18:30:38 - core.metadata_extractor - INFO - Found 2 batting scorecard table(s)
2025-12-11 18:30:38 - core.metadata_extractor - INFO -   Innings 1: Punjab Kings (batting)
2025-12-11 18:30:38 - core.metadata_extractor - INFO -   Innings 2: Royal Challengers Bengaluru (batting)
2025-12-11 18:30:38 - core.metadata_extractor - INFO -   innings_1 (Punjab Kings): 11 batted, 1 did not bat
2025-12-11 18:30:38 - core.metadata_extractor - INFO -   innings_2 (Royal Challengers Bengaluru): 4 batted, 7 did not bat
2025-12-11 18:30:38 - core.metadata_extractor - INFO - Found 2 bowling table(s)
2025-12-11 18:30:38 - core.metadata_extractor - INFO -   innings_1 bowling: Royal Challengers Bengaluru (bowling against Punjab Kings)
2025-12-11 18:30:38 - core.metadata_extractor - INFO -   innings_1 bowling (Royal Challengers Bengaluru): 6 bowlers
2025-12-11 18:30:38 - core.metadata_extractor - INFO -   innings_2 bowling: Punjab Kings (bowling against Royal Challengers Bengaluru)
2025-12-11 18:30:38 - core.metadata_extractor - INFO -   innings_2 bowling (Punjab Kings): 5 bowlers
2025-12-11 18:30:38 - core.metadata_extractor - INFO - Created DataFrame with 34 player records, 24 unique players
2025-12-11 18:30:38 - scraping.player_extractor - INFO - Extracted 24 players for match 1473508
2025-12-11 18:30:38 - scraping.player_extractor - INFO -   Teams: Royal Challengers Bengaluru, Punjab Kings
2025-12-11 18:30:38 - scraping.player_extractor - INFO -   Batted: 12, Did not bat: 12
2025-12-11 18:30:38 - scraping.player_extractor - INFO -   Regular: 22, Impact: 2
2025-12-11 18:30:38 - scraping.player_extractor - INFO -   Impact players: Mayank Agarwal, Musheer Khan
2025-12-11 18:30:38 - scraping.match_scraper - INFO - Stored 24 players
2025-12-11 18:30:38 - scraping.match_scraper - INFO -   - Royal Challengers Bengaluru
2025-12-11 18:30:38 - scraping.match_scraper - INFO -   - Punjab Kings
2025-12-11 18:30:38 - scraping.match_scraper - INFO - Loading commentary page - attempt 1
2025-12-11 18:30:51 - scraping.match_scraper - INFO - commentary page loaded successfully
2025-12-11 18:30:51 - scraping.match_scraper - INFO - Scrolling commentary page
2025-12-11 18:30:51 - core.page_navigator - INFO - Scrolling page 20 times
2025-12-11 18:32:51 - core.page_navigator - ERROR - Error during page scroll: HTTPConnectionPool(host='localhost', port=64900): Read timed out. (read timeout=120)
2025-12-11 18:32:54 - scraping.match_scraper - INFO - Getting current innings team
2025-12-11 18:34:54 - scraping.match_scraper - ERROR - Error scraping match 1473508: HTTPConnectionPool(host='localhost', port=64900): Read timed out. (read timeout=120)
Traceback (most recent call last):
  File "C:\Users\prade\PycharmProjects\Cricinfo_scraper\.venv\Lib\site-packages\urllib3\connectionpool.py", line 534, in _make_request
    response = conn.getresponse()
               ^^^^^^^^^^^^^^^^^^
  File "C:\Users\prade\PycharmProjects\Cricinfo_scraper\.venv\Lib\site-packages\urllib3\connection.py", line 516, in getresponse
    httplib_response = super().getresponse()
                       ^^^^^^^^^^^^^^^^^^^^^
  File "C:\Users\prade\AppData\Local\Programs\Python\Python311\Lib\http\client.py", line 1395, in getresponse
    response.begin()
  File "C:\Users\prade\AppData\Local\Programs\Python\Python311\Lib\http\client.py", line 325, in begin
    version, status, reason = self._read_status()
                              ^^^^^^^^^^^^^^^^^^^
  File "C:\Users\prade\AppData\Local\Programs\Python\Python311\Lib\http\client.py", line 286, in _read_status
    line = str(self.fp.readline(_MAXLINE + 1), "iso-8859-1")
               ^^^^^^^^^^^^^^^^^^^^^^^^^^^^^^
  File "C:\Users\prade\AppData\Local\Programs\Python\Python311\Lib\socket.py", line 706, in readinto
    return self._sock.recv_into(b)
           ^^^^^^^^^^^^^^^^^^^^^^^
TimeoutError: timed out

The above exception was the direct cause of the following exception:

Traceback (most recent call last):
  File "C:\Users\prade\Pycharm\Cricinfo_scraper\scraping\match_scraper.py", line 197, in scrape
    default_innings = self.get_current_innings_team(driver)
                      ^^^^^^^^^^^^^^^^^^^^^^^^^^^^^^^^^^^^^
  File "C:\Users\prade\Pycharm\Cricinfo_scraper\scraping\match_scraper.py", line 409, in get_current_innings_team
    team_element = driver.find_element("css selector", "div.ds-cursor-pointer.ds-min-w-max")
                   ^^^^^^^^^^^^^^^^^^^^^^^^^^^^^^^^^^^^^^^^^^^^^^^^^^^^^^^^^^^^^^^^^^^^^^^^^
  File "C:\Users\prade\PycharmProjects\Cricinfo_scraper\.venv\Lib\site-packages\selenium\webdriver\remote\webdriver.py", line 914, in find_element
    return self.execute(Command.FIND_ELEMENT, {"using": by, "value": value})["value"]
           ^^^^^^^^^^^^^^^^^^^^^^^^^^^^^^^^^^^^^^^^^^^^^^^^^^^^^^^^^^^^^^^^^
  File "C:\Users\prade\PycharmProjects\Cricinfo_scraper\.venv\Lib\site-packages\selenium\webdriver\remote\webdriver.py", line 445, in execute
    response = self.command_executor.execute(driver_command, params)
               ^^^^^^^^^^^^^^^^^^^^^^^^^^^^^^^^^^^^^^^^^^^^^^^^^^^^^
  File "C:\Users\prade\PycharmProjects\Cricinfo_scraper\.venv\Lib\site-packages\selenium\webdriver\remote\remote_connection.py", line 404, in execute
    return self._request(command_info[0], url, body=data)
           ^^^^^^^^^^^^^^^^^^^^^^^^^^^^^^^^^^^^^^^^^^^^^^
  File "C:\Users\prade\PycharmProjects\Cricinfo_scraper\.venv\Lib\site-packages\selenium\webdriver\remote\remote_connection.py", line 428, in _request
    response = self._conn.request(method, url, body=body, headers=headers, timeout=self._client_config.timeout)
               ^^^^^^^^^^^^^^^^^^^^^^^^^^^^^^^^^^^^^^^^^^^^^^^^^^^^^^^^^^^^^^^^^^^^^^^^^^^^^^^^^^^^^^^^^^^^^^^^
  File "C:\Users\prade\PycharmProjects\Cricinfo_scraper\.venv\Lib\site-packages\urllib3\_request_methods.py", line 143, in request
    return self.request_encode_body(
           ^^^^^^^^^^^^^^^^^^^^^^^^^
  File "C:\Users\prade\PycharmProjects\Cricinfo_scraper\.venv\Lib\site-packages\urllib3\_request_methods.py", line 278, in request_encode_body
    return self.urlopen(method, url, **extra_kw)
           ^^^^^^^^^^^^^^^^^^^^^^^^^^^^^^^^^^^^^
  File "C:\Users\prade\PycharmProjects\Cricinfo_scraper\.venv\Lib\site-packages\urllib3\poolmanager.py", line 443, in urlopen
    response = conn.urlopen(method, u.request_uri, **kw)
               ^^^^^^^^^^^^^^^^^^^^^^^^^^^^^^^^^^^^^^^^^
  File "C:\Users\prade\PycharmProjects\Cricinfo_scraper\.venv\Lib\site-packages\urllib3\connectionpool.py", line 841, in urlopen
    retries = retries.increment(
              ^^^^^^^^^^^^^^^^^^
  File "C:\Users\prade\PycharmProjects\Cricinfo_scraper\.venv\Lib\site-packages\urllib3\util\retry.py", line 474, in increment
    raise reraise(type(error), error, _stacktrace)
          ^^^^^^^^^^^^^^^^^^^^^^^^^^^^^^^^^^^^^^^^
  File "C:\Users\prade\PycharmProjects\Cricinfo_scraper\.venv\Lib\site-packages\urllib3\util\util.py", line 39, in reraise
    raise value
  File "C:\Users\prade\PycharmProjects\Cricinfo_scraper\.venv\Lib\site-packages\urllib3\connectionpool.py", line 787, in urlopen
    response = self._make_request(
               ^^^^^^^^^^^^^^^^^^^
  File "C:\Users\prade\PycharmProjects\Cricinfo_scraper\.venv\Lib\site-packages\urllib3\connectionpool.py", line 536, in _make_request
    self._raise_timeout(err=e, url=url, timeout_value=read_timeout)
  File "C:\Users\prade\PycharmProjects\Cricinfo_scraper\.venv\Lib\site-packages\urllib3\connectionpool.py", line 367, in _raise_timeout
    raise ReadTimeoutError(
urllib3.exceptions.ReadTimeoutError: HTTPConnectionPool(host='localhost', port=64900): Read timed out. (read timeout=120)
2025-12-11 18:34:54 - scraping.match_scraper - INFO - Closing WebDriver
2025-12-11 18:43:06 - __main__ - WARNING - Connection error for match 1473508 (attempt 1): HTTPConnectionPool(host='localhost', port=64900): Read timed out. (read timeout=120)
2025-12-11 18:43:06 - __main__ - INFO - Retrying match 1473508 in 30 seconds...
2025-12-11 18:43:36 - __main__ - INFO - Attempting to download match 1473508 (attempt 2/4)
2025-12-11 18:43:36 - scraping.player_extractor - INFO - PlayerExtractor initialized - Target: raw.match_players
2025-12-11 18:43:36 - scraping.match_scraper - INFO - Initializing WebDriver
2025-12-11 18:43:44 - scraping.match_scraper - INFO - Loading full scorecard - attempt 1
2025-12-11 18:43:57 - scraping.match_scraper - INFO - full scorecard loaded successfully
2025-12-11 18:43:57 - scraping.match_scraper - INFO - Scrolling full scorecard page
2025-12-11 18:43:57 - core.page_navigator - INFO - Scrolling page 5 times
2025-12-11 18:44:23 - core.page_navigator - INFO - Page scrolling completed
2025-12-11 18:44:26 - scraping.match_scraper - INFO - Extracting metadata
2025-12-11 18:44:28 - core.metadata_extractor - INFO - Found 15 metadata rows for match 1473508
2025-12-11 18:44:28 - core.metadata_extractor - INFO - Extracted 16 metadata fields for match 1473508
2025-12-11 18:44:28 - scraping.match_scraper - INFO - Extracting player rosters...
2025-12-11 18:44:33 - scraping.player_extractor - INFO - Extracting players for match 1473508
2025-12-11 18:44:33 - core.metadata_extractor - INFO - Extracting player names for match 1473508
2025-12-11 18:44:33 - core.metadata_extractor - INFO - Found 2 batting scorecard table(s)
2025-12-11 18:44:33 - core.metadata_extractor - INFO -   Innings 1: Punjab Kings (batting)
2025-12-11 18:44:33 - core.metadata_extractor - INFO -   Innings 2: Royal Challengers Bengaluru (batting)
2025-12-11 18:44:34 - core.metadata_extractor - INFO -   innings_1 (Punjab Kings): 11 batted, 1 did not bat
2025-12-11 18:44:34 - core.metadata_extractor - INFO -   innings_2 (Royal Challengers Bengaluru): 4 batted, 7 did not bat
2025-12-11 18:44:34 - core.metadata_extractor - INFO - Found 2 bowling table(s)
2025-12-11 18:44:34 - core.metadata_extractor - INFO -   innings_1 bowling: Royal Challengers Bengaluru (bowling against Punjab Kings)
2025-12-11 18:44:34 - core.metadata_extractor - INFO -   innings_1 bowling (Royal Challengers Bengaluru): 6 bowlers
2025-12-11 18:44:34 - core.metadata_extractor - INFO -   innings_2 bowling: Punjab Kings (bowling against Royal Challengers Bengaluru)
2025-12-11 18:44:34 - core.metadata_extractor - INFO -   innings_2 bowling (Punjab Kings): 5 bowlers
2025-12-11 18:44:34 - core.metadata_extractor - INFO - Created DataFrame with 34 player records, 24 unique players
2025-12-11 18:44:34 - scraping.player_extractor - INFO - Extracted 24 players for match 1473508
2025-12-11 18:44:34 - scraping.player_extractor - INFO -   Teams: Royal Challengers Bengaluru, Punjab Kings
2025-12-11 18:44:34 - scraping.player_extractor - INFO -   Batted: 12, Did not bat: 12
2025-12-11 18:44:34 - scraping.player_extractor - INFO -   Regular: 22, Impact: 2
2025-12-11 18:44:34 - scraping.player_extractor - INFO -   Impact players: Mayank Agarwal, Musheer Khan
2025-12-11 18:44:34 - scraping.match_scraper - INFO - Stored 24 players
2025-12-11 18:44:34 - scraping.match_scraper - INFO -   - Royal Challengers Bengaluru
2025-12-11 18:44:34 - scraping.match_scraper - INFO -   - Punjab Kings
2025-12-11 18:44:34 - scraping.match_scraper - INFO - Loading commentary page - attempt 1
2025-12-11 18:44:49 - scraping.match_scraper - INFO - commentary page loaded successfully
2025-12-11 18:44:49 - scraping.match_scraper - INFO - Scrolling commentary page
2025-12-11 18:44:49 - core.page_navigator - INFO - Scrolling page 20 times
2025-12-11 18:45:53 - core.page_navigator - INFO - Page scrolling completed
2025-12-11 18:45:56 - scraping.match_scraper - INFO - Getting current innings team
2025-12-11 18:45:56 - scraping.match_scraper - INFO - Default innings: RCB
2025-12-11 18:45:56 - scraping.match_scraper - INFO - Getting all innings options
2025-12-11 18:46:32 - core.page_navigator - INFO - Found 2 innings options: ['PBKS', 'RCB']
2025-12-11 18:46:34 - scraping.match_scraper - INFO - All innings: ['PBKS', 'RCB']
2025-12-11 18:46:34 - scraping.match_scraper - INFO - Regular innings: ['PBKS', 'RCB']
2025-12-11 18:46:34 - scraping.match_scraper - INFO - Super overs: []
2025-12-11 18:46:34 - scraping.match_scraper - INFO - Scraping default innings: RCB
2025-12-11 18:46:35 - core.commentary_parser - INFO - Found 60 commentary blocks
2025-12-11 18:46:35 - core.commentary_parser - INFO - Parsed 60 commentary entries
2025-12-11 18:46:35 - core.commentary_parser - INFO - Normalizing to 6 columns (most common)
2025-12-11 18:46:35 - core.commentary_parser - INFO - Normalized 60 rows to 6 columns
2025-12-11 18:46:35 - core.commentary_parser - INFO - DataFrame created with 60 rows and 6 columns
2025-12-11 18:46:35 - core.commentary_parser - INFO - Final DataFrame: 60 rows with columns: ['Ball', 'Event', 'Score', 'Commentary', 'Bowler', 'Batsman']
2025-12-11 18:46:35 - core.commentary_parser - INFO -   Rows with commentary: 60
2025-12-11 18:46:35 - core.commentary_parser - INFO -   Rows without commentary: 0
2025-12-11 18:46:35 - scraping.match_scraper - INFO - RCB: 60 events (super_over=False)
2025-12-11 18:46:35 - scraping.match_scraper - INFO - Switching to innings: PBKS
2025-12-11 18:46:35 - core.page_navigator - INFO - Scrolling to top of page
2025-12-11 18:46:39 - core.page_navigator - INFO - Switching to innings: PBKS
2025-12-11 18:47:14 - core.page_navigator - INFO - Found target innings: PBKS
2025-12-11 18:47:18 - core.page_navigator - INFO - Successfully switched to PBKS
2025-12-11 18:47:18 - scraping.match_scraper - INFO - Successfully switched to: PBKS
2025-12-11 18:47:21 - core.page_navigator - INFO - Scrolling page 20 times
2025-12-11 18:48:21 - core.page_navigator - INFO - Page scrolling completed
2025-12-11 18:48:24 - scraping.match_scraper - INFO - Scraping innings: PBKS
2025-12-11 18:48:25 - core.commentary_parser - INFO - Found 87 commentary blocks
2025-12-11 18:48:25 - core.commentary_parser - INFO - Parsed 87 commentary entries
2025-12-11 18:48:25 - core.commentary_parser - INFO - Normalizing to 6 columns (most common)
2025-12-11 18:48:25 - core.commentary_parser - INFO - Normalized 87 rows to 6 columns
2025-12-11 18:48:25 - core.commentary_parser - INFO - DataFrame created with 87 rows and 6 columns
2025-12-11 18:48:25 - core.commentary_parser - INFO - Final DataFrame: 87 rows with columns: ['Ball', 'Event', 'Score', 'Commentary', 'Bowler', 'Batsman']
2025-12-11 18:48:25 - core.commentary_parser - INFO -   Rows with commentary: 87
2025-12-11 18:48:25 - core.commentary_parser - INFO -   Rows without commentary: 0
2025-12-11 18:48:25 - scraping.match_scraper - INFO - PBKS: 87 events (super_over=False)
2025-12-11 18:48:25 - scraping.match_scraper - INFO - Combining all innings dataframes
2025-12-11 18:48:25 - scraping.match_scraper - INFO - Total events: 147 across 2 innings
2025-12-11 18:48:25 - scraping.match_scraper - INFO -   - Regular innings: 147 events
2025-12-11 18:48:25 - scraping.match_scraper - INFO -   - Super over(s): 0 events
2025-12-11 18:48:25 - scraping.match_scraper - INFO - Saving commentary to database
2025-12-11 18:48:25 - scraping.match_scraper - INFO - Commentary saved: 147 total events
2025-12-11 18:48:25 - scraping.match_scraper - INFO - Saving metadata to database
2025-12-11 18:48:26 - scraping.match_scraper - INFO - Metadata saved with super_over_count=0
2025-12-11 18:48:26 - scraping.match_scraper - INFO - Saving match players to database
2025-12-11 18:48:26 - scraping.match_scraper - INFO - Successfully completed scraping match 1473508
2025-12-11 18:48:26 - scraping.match_scraper - INFO - Closing WebDriver
2025-12-11 18:48:29 - __main__ - INFO - Successfully downloaded match 1473508
2025-12-11 18:48:39 - __main__ - INFO - Processing match 72/74: https://www.espncricinfo.com/series/ipl-2025-1449924/gujarat-titans-vs-mumbai-indians-eliminator-1473509/full-scorecard
2025-12-11 18:48:39 - __main__ - INFO - Attempting to download match 1473509 (attempt 1/4)
2025-12-11 18:48:39 - scraping.player_extractor - INFO - PlayerExtractor initialized - Target: raw.match_players
2025-12-11 18:48:39 - scraping.match_scraper - INFO - Initializing WebDriver
2025-12-11 18:48:48 - scraping.match_scraper - INFO - Loading full scorecard - attempt 1
2025-12-11 18:49:02 - scraping.match_scraper - INFO - full scorecard loaded successfully
2025-12-11 18:49:02 - scraping.match_scraper - INFO - Scrolling full scorecard page
2025-12-11 18:49:02 - core.page_navigator - INFO - Scrolling page 5 times
2025-12-11 18:49:30 - core.page_navigator - INFO - Page scrolling completed
2025-12-11 18:49:33 - scraping.match_scraper - INFO - Extracting metadata
2025-12-11 18:49:39 - core.metadata_extractor - INFO - Found 14 metadata rows for match 1473509
2025-12-11 18:49:39 - core.metadata_extractor - INFO - Extracted 15 metadata fields for match 1473509
2025-12-11 18:49:39 - scraping.match_scraper - INFO - Extracting player rosters...
2025-12-11 18:49:40 - scraping.player_extractor - INFO - Extracting players for match 1473509
2025-12-11 18:49:40 - core.metadata_extractor - INFO - Extracting player names for match 1473509
2025-12-11 18:49:40 - core.metadata_extractor - INFO - Found 2 batting scorecard table(s)
2025-12-11 18:49:40 - core.metadata_extractor - INFO -   Innings 1: Mumbai Indians (batting)
2025-12-11 18:49:40 - core.metadata_extractor - INFO -   Innings 2: Gujarat Titans (batting)
2025-12-11 18:49:40 - core.metadata_extractor - INFO -   innings_1 (Mumbai Indians): 7 batted, 4 did not bat
2025-12-11 18:49:40 - core.metadata_extractor - INFO -   innings_2 (Gujarat Titans): 8 batted, 3 did not bat
2025-12-11 18:49:40 - core.metadata_extractor - INFO - Found 2 bowling table(s)
2025-12-11 18:49:40 - core.metadata_extractor - INFO -   innings_1 bowling: Gujarat Titans (bowling against Mumbai Indians)
2025-12-11 18:49:40 - core.metadata_extractor - INFO -   innings_1 bowling (Gujarat Titans): 6 bowlers
2025-12-11 18:49:40 - core.metadata_extractor - INFO -   innings_2 bowling: Mumbai Indians (bowling against Gujarat Titans)
2025-12-11 18:49:40 - core.metadata_extractor - INFO -   innings_2 bowling (Mumbai Indians): 7 bowlers
2025-12-11 18:49:40 - core.metadata_extractor - INFO - Created DataFrame with 35 player records, 24 unique players
2025-12-11 18:49:40 - scraping.player_extractor - INFO - Extracted 24 players for match 1473509
2025-12-11 18:49:40 - scraping.player_extractor - INFO -   Teams: Gujarat Titans, Mumbai Indians
2025-12-11 18:49:40 - scraping.player_extractor - INFO -   Batted: 11, Did not bat: 13
2025-12-11 18:49:40 - scraping.player_extractor - INFO -   Regular: 23, Impact: 1
2025-12-11 18:49:40 - scraping.player_extractor - INFO -   Impact players: Sherfane Rutherford
2025-12-11 18:49:40 - scraping.match_scraper - INFO - Stored 24 players
2025-12-11 18:49:40 - scraping.match_scraper - INFO -   - Gujarat Titans
2025-12-11 18:49:40 - scraping.match_scraper - INFO -   - Mumbai Indians
2025-12-11 18:49:40 - scraping.match_scraper - INFO - Loading commentary page - attempt 1
2025-12-11 18:49:53 - scraping.match_scraper - INFO - commentary page loaded successfully
2025-12-11 18:49:53 - scraping.match_scraper - INFO - Scrolling commentary page
2025-12-11 18:49:53 - core.page_navigator - INFO - Scrolling page 20 times
2025-12-11 18:50:59 - core.page_navigator - INFO - Page scrolling completed
2025-12-11 18:51:02 - scraping.match_scraper - INFO - Getting current innings team
2025-12-11 18:51:02 - scraping.match_scraper - INFO - Default innings: GT
2025-12-11 18:51:02 - scraping.match_scraper - INFO - Getting all innings options
2025-12-11 18:51:37 - core.page_navigator - INFO - Found 2 innings options: ['MI', 'GT']
2025-12-11 18:51:39 - scraping.match_scraper - INFO - All innings: ['MI', 'GT']
2025-12-11 18:51:39 - scraping.match_scraper - INFO - Regular innings: ['MI', 'GT']
2025-12-11 18:51:39 - scraping.match_scraper - INFO - Super overs: []
2025-12-11 18:51:39 - scraping.match_scraper - INFO - Scraping default innings: GT
2025-12-11 18:51:40 - core.commentary_parser - INFO - Found 124 commentary blocks
2025-12-11 18:51:40 - core.commentary_parser - INFO - Parsed 124 commentary entries
2025-12-11 18:51:40 - core.commentary_parser - INFO - Normalizing to 6 columns (most common)
2025-12-11 18:51:40 - core.commentary_parser - INFO - Normalized 124 rows to 6 columns
2025-12-11 18:51:40 - core.commentary_parser - INFO - DataFrame created with 124 rows and 6 columns
2025-12-11 18:51:40 - core.commentary_parser - INFO - Final DataFrame: 124 rows with columns: ['Ball', 'Event', 'Score', 'Commentary', 'Bowler', 'Batsman']
2025-12-11 18:51:40 - core.commentary_parser - INFO -   Rows with commentary: 124
2025-12-11 18:51:40 - core.commentary_parser - INFO -   Rows without commentary: 0
2025-12-11 18:51:40 - scraping.match_scraper - INFO - GT: 124 events (super_over=False)
2025-12-11 18:51:40 - scraping.match_scraper - INFO - Switching to innings: MI
2025-12-11 18:51:40 - core.page_navigator - INFO - Scrolling to top of page
2025-12-11 18:51:44 - core.page_navigator - INFO - Switching to innings: MI
2025-12-11 18:52:19 - core.page_navigator - INFO - Found target innings: MI
2025-12-11 18:52:23 - core.page_navigator - INFO - Successfully switched to MI
2025-12-11 18:52:23 - scraping.match_scraper - INFO - Successfully switched to: MI
2025-12-11 18:52:26 - core.page_navigator - INFO - Scrolling page 20 times
2025-12-11 18:53:26 - core.page_navigator - INFO - Page scrolling completed
2025-12-11 18:53:29 - scraping.match_scraper - INFO - Scraping innings: MI
2025-12-11 18:53:30 - core.commentary_parser - INFO - Found 124 commentary blocks
2025-12-11 18:53:30 - core.commentary_parser - INFO - Parsed 124 commentary entries
2025-12-11 18:53:30 - core.commentary_parser - INFO - Normalizing to 6 columns (most common)
2025-12-11 18:53:30 - core.commentary_parser - INFO - Normalized 124 rows to 6 columns
2025-12-11 18:53:30 - core.commentary_parser - INFO - DataFrame created with 124 rows and 6 columns
2025-12-11 18:53:30 - core.commentary_parser - INFO - Final DataFrame: 124 rows with columns: ['Ball', 'Event', 'Score', 'Commentary', 'Bowler', 'Batsman']
2025-12-11 18:53:30 - core.commentary_parser - INFO -   Rows with commentary: 124
2025-12-11 18:53:30 - core.commentary_parser - INFO -   Rows without commentary: 0
2025-12-11 18:53:30 - scraping.match_scraper - INFO - MI: 124 events (super_over=False)
2025-12-11 18:53:30 - scraping.match_scraper - INFO - Combining all innings dataframes
2025-12-11 18:53:30 - scraping.match_scraper - INFO - Total events: 248 across 2 innings
2025-12-11 18:53:30 - scraping.match_scraper - INFO -   - Regular innings: 248 events
2025-12-11 18:53:30 - scraping.match_scraper - INFO -   - Super over(s): 0 events
2025-12-11 18:53:30 - scraping.match_scraper - INFO - Saving commentary to database
2025-12-11 18:53:30 - scraping.match_scraper - INFO - Commentary saved: 248 total events
2025-12-11 18:53:30 - scraping.match_scraper - INFO - Saving metadata to database
2025-12-11 18:53:30 - scraping.match_scraper - INFO - Metadata saved with super_over_count=0
2025-12-11 18:53:30 - scraping.match_scraper - INFO - Saving match players to database
2025-12-11 18:53:31 - scraping.match_scraper - INFO - Successfully completed scraping match 1473509
2025-12-11 18:53:31 - scraping.match_scraper - INFO - Closing WebDriver
2025-12-11 18:53:33 - __main__ - INFO - Successfully downloaded match 1473509
2025-12-11 18:53:43 - __main__ - INFO - Processing match 73/74: https://www.espncricinfo.com/series/ipl-2025-1449924/mumbai-indians-vs-punjab-kings-qualifier-2-1473510/full-scorecard
2025-12-11 18:53:43 - __main__ - INFO - Attempting to download match 1473510 (attempt 1/4)
2025-12-11 18:53:43 - scraping.player_extractor - INFO - PlayerExtractor initialized - Target: raw.match_players
2025-12-11 18:53:43 - scraping.match_scraper - INFO - Initializing WebDriver
2025-12-11 18:53:49 - scraping.match_scraper - INFO - Loading full scorecard - attempt 1
2025-12-11 18:54:01 - scraping.match_scraper - INFO - full scorecard loaded successfully
2025-12-11 18:54:01 - scraping.match_scraper - INFO - Scrolling full scorecard page
2025-12-11 18:54:01 - core.page_navigator - INFO - Scrolling page 5 times
2025-12-11 18:54:29 - core.page_navigator - INFO - Page scrolling completed
2025-12-11 18:54:32 - scraping.match_scraper - INFO - Extracting metadata
2025-12-11 18:54:33 - core.metadata_extractor - INFO - Found 14 metadata rows for match 1473510
2025-12-11 18:54:33 - core.metadata_extractor - INFO - Extracted 15 metadata fields for match 1473510
2025-12-11 18:54:33 - scraping.match_scraper - INFO - Extracting player rosters...
2025-12-11 18:54:33 - scraping.player_extractor - INFO - Extracting players for match 1473510
2025-12-11 18:54:33 - core.metadata_extractor - INFO - Extracting player names for match 1473510
2025-12-11 18:54:33 - core.metadata_extractor - INFO - Found 2 batting scorecard table(s)
2025-12-11 18:54:33 - core.metadata_extractor - INFO -   Innings 1: Mumbai Indians (batting)
2025-12-11 18:54:33 - core.metadata_extractor - INFO -   Innings 2: Punjab Kings (batting)
2025-12-11 18:54:33 - core.metadata_extractor - INFO -   innings_1 (Mumbai Indians): 8 batted, 3 did not bat
2025-12-11 18:54:33 - core.metadata_extractor - INFO -   innings_2 (Punjab Kings): 7 batted, 4 did not bat
2025-12-11 18:54:33 - core.metadata_extractor - INFO - Found 2 bowling table(s)
2025-12-11 18:54:33 - core.metadata_extractor - INFO -   innings_1 bowling: Punjab Kings (bowling against Mumbai Indians)
2025-12-11 18:54:33 - core.metadata_extractor - INFO -   innings_1 bowling (Punjab Kings): 6 bowlers
2025-12-11 18:54:33 - core.metadata_extractor - INFO -   innings_2 bowling: Mumbai Indians (bowling against Punjab Kings)
2025-12-11 18:54:33 - core.metadata_extractor - INFO -   innings_2 bowling (Mumbai Indians): 6 bowlers
2025-12-11 18:54:33 - core.metadata_extractor - INFO - Created DataFrame with 34 player records, 24 unique players
2025-12-11 18:54:33 - scraping.player_extractor - INFO - Extracted 24 players for match 1473510
2025-12-11 18:54:33 - scraping.player_extractor - INFO -   Teams: Punjab Kings, Mumbai Indians
2025-12-11 18:54:33 - scraping.player_extractor - INFO -   Batted: 14, Did not bat: 10
2025-12-11 18:54:33 - scraping.player_extractor - INFO -   Regular: 23, Impact: 1
2025-12-11 18:54:33 - scraping.player_extractor - INFO -   Impact players: Prabhsimran Singh
2025-12-11 18:54:33 - scraping.match_scraper - INFO - Stored 24 players
2025-12-11 18:54:33 - scraping.match_scraper - INFO -   - Punjab Kings
2025-12-11 18:54:33 - scraping.match_scraper - INFO -   - Mumbai Indians
2025-12-11 18:54:33 - scraping.match_scraper - INFO - Loading commentary page - attempt 1
2025-12-11 18:54:46 - scraping.match_scraper - INFO - commentary page loaded successfully
2025-12-11 18:54:46 - scraping.match_scraper - INFO - Scrolling commentary page
2025-12-11 18:54:46 - core.page_navigator - INFO - Scrolling page 20 times
2025-12-11 18:55:55 - core.page_navigator - INFO - Page scrolling completed
2025-12-11 18:55:58 - scraping.match_scraper - INFO - Getting current innings team
2025-12-11 18:55:58 - scraping.match_scraper - INFO - Default innings: PBKS
2025-12-11 18:55:58 - scraping.match_scraper - INFO - Getting all innings options
2025-12-11 18:56:33 - core.page_navigator - INFO - Found 2 innings options: ['MI', 'PBKS']
2025-12-11 18:56:35 - scraping.match_scraper - INFO - All innings: ['MI', 'PBKS']
2025-12-11 18:56:35 - scraping.match_scraper - INFO - Regular innings: ['MI', 'PBKS']
2025-12-11 18:56:35 - scraping.match_scraper - INFO - Super overs: []
2025-12-11 18:56:35 - scraping.match_scraper - INFO - Scraping default innings: PBKS
2025-12-11 18:56:36 - core.commentary_parser - INFO - Found 118 commentary blocks
2025-12-11 18:56:36 - core.commentary_parser - INFO - Parsed 118 commentary entries
2025-12-11 18:56:36 - core.commentary_parser - INFO - Normalizing to 6 columns (most common)
2025-12-11 18:56:36 - core.commentary_parser - INFO - Normalized 118 rows to 6 columns
2025-12-11 18:56:36 - core.commentary_parser - INFO - DataFrame created with 118 rows and 6 columns
2025-12-11 18:56:36 - core.commentary_parser - INFO - Final DataFrame: 118 rows with columns: ['Ball', 'Event', 'Score', 'Commentary', 'Bowler', 'Batsman']
2025-12-11 18:56:36 - core.commentary_parser - INFO -   Rows with commentary: 118
2025-12-11 18:56:36 - core.commentary_parser - INFO -   Rows without commentary: 0
2025-12-11 18:56:36 - scraping.match_scraper - INFO - PBKS: 118 events (super_over=False)
2025-12-11 18:56:36 - scraping.match_scraper - INFO - Switching to innings: MI
2025-12-11 18:56:36 - core.page_navigator - INFO - Scrolling to top of page
2025-12-11 18:56:40 - core.page_navigator - INFO - Switching to innings: MI
2025-12-11 18:57:14 - core.page_navigator - INFO - Found target innings: MI
2025-12-11 18:57:18 - core.page_navigator - INFO - Successfully switched to MI
2025-12-11 18:57:18 - scraping.match_scraper - INFO - Successfully switched to: MI
2025-12-11 18:57:21 - core.page_navigator - INFO - Scrolling page 20 times
2025-12-11 18:58:21 - core.page_navigator - INFO - Page scrolling completed
2025-12-11 18:58:24 - scraping.match_scraper - INFO - Scraping innings: MI
2025-12-11 18:58:25 - core.commentary_parser - INFO - Found 126 commentary blocks
2025-12-11 18:58:25 - core.commentary_parser - INFO - Parsed 126 commentary entries
2025-12-11 18:58:25 - core.commentary_parser - INFO - Normalizing to 6 columns (most common)
2025-12-11 18:58:25 - core.commentary_parser - INFO - Normalized 126 rows to 6 columns
2025-12-11 18:58:25 - core.commentary_parser - INFO - DataFrame created with 126 rows and 6 columns
2025-12-11 18:58:25 - core.commentary_parser - INFO - Final DataFrame: 126 rows with columns: ['Ball', 'Event', 'Score', 'Commentary', 'Bowler', 'Batsman']
2025-12-11 18:58:25 - core.commentary_parser - INFO -   Rows with commentary: 126
2025-12-11 18:58:25 - core.commentary_parser - INFO -   Rows without commentary: 0
2025-12-11 18:58:25 - scraping.match_scraper - INFO - MI: 126 events (super_over=False)
2025-12-11 18:58:25 - scraping.match_scraper - INFO - Combining all innings dataframes
2025-12-11 18:58:25 - scraping.match_scraper - INFO - Total events: 244 across 2 innings
2025-12-11 18:58:25 - scraping.match_scraper - INFO -   - Regular innings: 244 events
2025-12-11 18:58:25 - scraping.match_scraper - INFO -   - Super over(s): 0 events
2025-12-11 18:58:25 - scraping.match_scraper - INFO - Saving commentary to database
2025-12-11 18:58:25 - scraping.match_scraper - INFO - Commentary saved: 244 total events
2025-12-11 18:58:25 - scraping.match_scraper - INFO - Saving metadata to database
2025-12-11 18:58:26 - scraping.match_scraper - INFO - Metadata saved with super_over_count=0
2025-12-11 18:58:26 - scraping.match_scraper - INFO - Saving match players to database
2025-12-11 18:58:26 - scraping.match_scraper - INFO - Successfully completed scraping match 1473510
2025-12-11 18:58:26 - scraping.match_scraper - INFO - Closing WebDriver
2025-12-11 18:58:29 - __main__ - INFO - Successfully downloaded match 1473510
2025-12-11 18:58:39 - __main__ - INFO - Processing match 74/74: https://www.espncricinfo.com/series/ipl-2025-1449924/punjab-kings-vs-royal-challengers-bengaluru-final-1473511/full-scorecard
2025-12-11 18:58:39 - __main__ - INFO - Attempting to download match 1473511 (attempt 1/4)
2025-12-11 18:58:39 - scraping.player_extractor - INFO - PlayerExtractor initialized - Target: raw.match_players
2025-12-11 18:58:39 - scraping.match_scraper - INFO - Initializing WebDriver
2025-12-11 18:58:45 - scraping.match_scraper - INFO - Loading full scorecard - attempt 1
2025-12-11 18:58:59 - scraping.match_scraper - INFO - full scorecard loaded successfully
2025-12-11 18:58:59 - scraping.match_scraper - INFO - Scrolling full scorecard page
2025-12-11 18:58:59 - core.page_navigator - INFO - Scrolling page 5 times
2025-12-11 18:59:22 - core.page_navigator - INFO - Page scrolling completed
2025-12-11 18:59:25 - scraping.match_scraper - INFO - Extracting metadata
2025-12-11 18:59:25 - core.metadata_extractor - INFO - Found 15 metadata rows for match 1473511
2025-12-11 18:59:25 - core.metadata_extractor - INFO - Extracted 16 metadata fields for match 1473511
2025-12-11 18:59:25 - scraping.match_scraper - INFO - Extracting player rosters...
2025-12-11 18:59:25 - scraping.player_extractor - INFO - Extracting players for match 1473511
2025-12-11 18:59:25 - core.metadata_extractor - INFO - Extracting player names for match 1473511
2025-12-11 18:59:25 - core.metadata_extractor - INFO - Found 2 batting scorecard table(s)
2025-12-11 18:59:25 - core.metadata_extractor - INFO -   Innings 1: Royal Challengers Bengaluru (batting)
2025-12-11 18:59:25 - core.metadata_extractor - INFO -   Innings 2: Punjab Kings (batting)
2025-12-11 18:59:25 - core.metadata_extractor - INFO -   innings_1 (Royal Challengers Bengaluru): 10 batted, 1 did not bat
2025-12-11 18:59:25 - core.metadata_extractor - INFO -   innings_2 (Punjab Kings): 9 batted, 2 did not bat
2025-12-11 18:59:26 - core.metadata_extractor - INFO - Found 2 bowling table(s)
2025-12-11 18:59:26 - core.metadata_extractor - INFO -   innings_1 bowling: Punjab Kings (bowling against Royal Challengers Bengaluru)
2025-12-11 18:59:26 - core.metadata_extractor - INFO -   innings_1 bowling (Punjab Kings): 5 bowlers
2025-12-11 18:59:26 - core.metadata_extractor - INFO -   innings_2 bowling: Royal Challengers Bengaluru (bowling against Punjab Kings)
2025-12-11 18:59:26 - core.metadata_extractor - INFO -   innings_2 bowling (Royal Challengers Bengaluru): 6 bowlers
2025-12-11 18:59:26 - core.metadata_extractor - INFO - Created DataFrame with 33 player records, 24 unique players
2025-12-11 18:59:26 - scraping.player_extractor - INFO - Extracted 24 players for match 1473511
2025-12-11 18:59:26 - scraping.player_extractor - INFO -   Teams: Punjab Kings, Royal Challengers Bengaluru
2025-12-11 18:59:26 - scraping.player_extractor - INFO -   Batted: 14, Did not bat: 10
2025-12-11 18:59:26 - scraping.player_extractor - INFO -   Regular: 23, Impact: 1
2025-12-11 18:59:26 - scraping.player_extractor - INFO -   Impact players: Prabhsimran Singh
2025-12-11 18:59:26 - scraping.match_scraper - INFO - Stored 24 players
2025-12-11 18:59:26 - scraping.match_scraper - INFO -   - Punjab Kings
2025-12-11 18:59:26 - scraping.match_scraper - INFO -   - Royal Challengers Bengaluru
2025-12-11 18:59:26 - scraping.match_scraper - INFO - Loading commentary page - attempt 1
2025-12-11 18:59:39 - scraping.match_scraper - INFO - commentary page loaded successfully
2025-12-11 18:59:39 - scraping.match_scraper - INFO - Scrolling commentary page
2025-12-11 18:59:39 - core.page_navigator - INFO - Scrolling page 20 times
2025-12-11 19:00:41 - core.page_navigator - INFO - Page scrolling completed
2025-12-11 19:00:44 - scraping.match_scraper - INFO - Getting current innings team
2025-12-11 19:00:44 - scraping.match_scraper - INFO - Default innings: PBKS
2025-12-11 19:00:44 - scraping.match_scraper - INFO - Getting all innings options
2025-12-11 19:01:19 - core.page_navigator - INFO - Found 2 innings options: ['RCB', 'PBKS']
2025-12-11 19:01:21 - scraping.match_scraper - INFO - All innings: ['RCB', 'PBKS']
2025-12-11 19:01:21 - scraping.match_scraper - INFO - Regular innings: ['RCB', 'PBKS']
2025-12-11 19:01:21 - scraping.match_scraper - INFO - Super overs: []
2025-12-11 19:01:21 - scraping.match_scraper - INFO - Scraping default innings: PBKS
2025-12-11 19:01:22 - core.commentary_parser - INFO - Found 111 commentary blocks
2025-12-11 19:01:22 - core.commentary_parser - INFO - Parsed 111 commentary entries
2025-12-11 19:01:22 - core.commentary_parser - INFO - Normalizing to 6 columns (most common)
2025-12-11 19:01:22 - core.commentary_parser - INFO - Normalized 111 rows to 6 columns
2025-12-11 19:01:22 - core.commentary_parser - INFO - DataFrame created with 111 rows and 6 columns
2025-12-11 19:01:22 - core.commentary_parser - INFO - Final DataFrame: 111 rows with columns: ['Ball', 'Event', 'Score', 'Commentary', 'Bowler', 'Batsman']
2025-12-11 19:01:22 - core.commentary_parser - INFO -   Rows with commentary: 111
2025-12-11 19:01:22 - core.commentary_parser - INFO -   Rows without commentary: 0
2025-12-11 19:01:22 - scraping.match_scraper - INFO - PBKS: 111 events (super_over=False)
2025-12-11 19:01:22 - scraping.match_scraper - INFO - Switching to innings: RCB
2025-12-11 19:01:22 - core.page_navigator - INFO - Scrolling to top of page
2025-12-11 19:01:26 - core.page_navigator - INFO - Switching to innings: RCB
2025-12-11 19:02:00 - core.page_navigator - INFO - Found target innings: RCB
2025-12-11 19:02:04 - core.page_navigator - INFO - Successfully switched to RCB
2025-12-11 19:02:04 - scraping.match_scraper - INFO - Successfully switched to: RCB
2025-12-11 19:02:07 - core.page_navigator - INFO - Scrolling page 20 times
2025-12-11 19:03:08 - core.page_navigator - INFO - Page scrolling completed
2025-12-11 19:03:11 - scraping.match_scraper - INFO - Scraping innings: RCB
2025-12-11 19:03:11 - core.commentary_parser - INFO - Found 129 commentary blocks
2025-12-11 19:03:11 - core.commentary_parser - INFO - Parsed 129 commentary entries
2025-12-11 19:03:11 - core.commentary_parser - INFO - Normalizing to 6 columns (most common)
2025-12-11 19:03:11 - core.commentary_parser - INFO - Normalized 129 rows to 6 columns
2025-12-11 19:03:11 - core.commentary_parser - INFO - DataFrame created with 129 rows and 6 columns
2025-12-11 19:03:11 - core.commentary_parser - INFO - Final DataFrame: 129 rows with columns: ['Ball', 'Event', 'Score', 'Commentary', 'Bowler', 'Batsman']
2025-12-11 19:03:11 - core.commentary_parser - INFO -   Rows with commentary: 129
2025-12-11 19:03:11 - core.commentary_parser - INFO -   Rows without commentary: 0
2025-12-11 19:03:11 - scraping.match_scraper - INFO - RCB: 129 events (super_over=False)
2025-12-11 19:03:11 - scraping.match_scraper - INFO - Combining all innings dataframes
2025-12-11 19:03:11 - scraping.match_scraper - INFO - Total events: 240 across 2 innings
2025-12-11 19:03:11 - scraping.match_scraper - INFO -   - Regular innings: 240 events
2025-12-11 19:03:11 - scraping.match_scraper - INFO -   - Super over(s): 0 events
2025-12-11 19:03:11 - scraping.match_scraper - INFO - Saving commentary to database
2025-12-11 19:03:11 - scraping.match_scraper - INFO - Commentary saved: 240 total events
2025-12-11 19:03:11 - scraping.match_scraper - INFO - Saving metadata to database
2025-12-11 19:03:11 - scraping.match_scraper - ERROR - Error scraping match 1473511: column "player_of_the_series" of relation "match_metadata" does not exist
LINE 2: ...venue, toss, series, season, player_of_the_match, player_of_...
                                                             ^
Traceback (most recent call last):
  File "C:\Users\prade\Pycharm\Cricinfo_scraper\scraping\match_scraper.py", line 344, in scrape
    save_to_db("raw", "match_metadata", metadata_df)
  File "C:\Users\prade\Pycharm\Cricinfo_scraper\configs\db_config.py", line 120, in save_to_db
    execute_values(cur, insert_query, values)
  File "C:\Users\prade\PycharmProjects\Cricinfo_scraper\.venv\Lib\site-packages\psycopg2\extras.py", line 1299, in execute_values
    cur.execute(b''.join(parts))
psycopg2.errors.UndefinedColumn: column "player_of_the_series" of relation "match_metadata" does not exist
LINE 2: ...venue, toss, series, season, player_of_the_match, player_of_...
                                                             ^

2025-12-11 19:03:11 - scraping.match_scraper - INFO - Closing WebDriver
2025-12-11 19:03:14 - __main__ - ERROR - Non-retryable error for match 1473511: column "player_of_the_series" of relation "match_metadata" does not exist
LINE 2: ...venue, toss, series, season, player_of_the_match, player_of_...
                                                             ^

2025-12-11 19:03:14 - __main__ - INFO - Scraping complete - Found: 74, Downloaded: 9, Skipped: 64, Failed: 1
2025-12-11 19:03:14 - __main__ - WARNING - 1 matches failed to download
2025-12-11 19:03:14 - __main__ - ERROR - Failed match 1473511: column "player_of_the_series" of relation "match_metadata" does not exist
LINE 2: ...venue, toss, series, season, player_of_the_match, player_of_...
                                                             ^

2025-12-11 19:03:14 - __main__ - INFO - STEP 4: Processing through Medallion Architecture
2025-12-11 19:03:14 - __main__ - INFO - Starting Medallion Architecture pipeline
2025-12-11 19:03:14 - pipeline.orchestrator - INFO - Pipeline Orchestrator initialized
2025-12-11 19:03:14 - pipeline.orchestrator - INFO - 
================================================================================
2025-12-11 19:03:14 - pipeline.orchestrator - INFO - MEDALLION ARCHITECTURE PIPELINE - STARTING
2025-12-11 19:03:14 - pipeline.orchestrator - INFO - ================================================================================
2025-12-11 19:03:14 - pipeline.orchestrator - INFO - Start Time: 2025-12-11 19:03:14.798990
2025-12-11 19:03:14 - pipeline.orchestrator - INFO - Layers to execute: bronze, silver, gold
2025-12-11 19:03:14 - pipeline.orchestrator - INFO - ================================================================================
2025-12-11 19:03:14 - medallionlayer.bronze_layer - INFO - Bronze Layer initialized - Run ID: 08fb42f7-b930-45f2-aba8-6e28ae84c895
2025-12-11 19:03:14 - medallionlayer.bronze_layer - INFO - ======================================================================
2025-12-11 19:03:14 - medallionlayer.bronze_layer - INFO - BRONZE LAYER - Starting
2025-12-11 19:03:14 - medallionlayer.bronze_layer - INFO - ======================================================================
2025-12-11 19:03:14 - medallionlayer.bronze_layer - INFO - 
Processing table: match_metadata
2025-12-11 19:03:15 - medallionlayer.bronze_layer - INFO - Read 73 rows from raw.match_metadata
2025-12-11 19:03:15 - medallionlayer.bronze_layer - INFO -   No duplicates found based on ['matchid']
2025-12-11 19:03:15 - medallionlayer.bronze_layer - INFO - After quality checks: 73 rows (removed 0)
2025-12-11 19:03:15 - medallionlayer.bronze_layer - INFO - match_metadata: 73 rows ingested
2025-12-11 19:03:15 - medallionlayer.bronze_layer - INFO - 
Processing table: match_events
2025-12-11 19:03:15 - medallionlayer.bronze_layer - INFO - Read 17207 rows from raw.match_events
2025-12-11 19:03:15 - medallionlayer.bronze_layer - INFO -   No duplicates found based on ['matchid', 'ball', 'innings', 'commentary']
2025-12-11 19:03:15 - medallionlayer.bronze_layer - INFO - After quality checks: 17207 rows (removed 0)
2025-12-11 19:03:17 - medallionlayer.bronze_layer - INFO - match_events: 17207 rows ingested
2025-12-11 19:03:17 - medallionlayer.bronze_layer - INFO - 
Processing table: match_players
2025-12-11 19:03:17 - medallionlayer.bronze_layer - INFO - Read 1715 rows from raw.match_players
2025-12-11 19:03:17 - medallionlayer.bronze_layer - INFO -   No duplicates found based on ['matchid', 'innings', 'player_name']
2025-12-11 19:03:17 - medallionlayer.bronze_layer - INFO - After quality checks: 1715 rows (removed 0)
2025-12-11 19:03:17 - medallionlayer.bronze_layer - INFO - match_players: 1715 rows ingested
2025-12-11 19:03:17 - medallionlayer.bronze_layer - INFO - 
Validating innings data...
2025-12-11 19:03:17 - medallionlayer.bronze_layer - WARNING - Found 1 matches with incomplete innings data
2025-12-11 19:03:17 - medallionlayer.bronze_layer - WARNING -     Match 1473492: Has 1 innings (DC)
2025-12-11 19:03:17 - medallionlayer.bronze_layer - INFO - 
======================================================================
2025-12-11 19:03:17 - medallionlayer.bronze_layer - INFO - DATA QUALITY REPORT
2025-12-11 19:03:17 - medallionlayer.bronze_layer - INFO - ======================================================================
2025-12-11 19:03:17 - medallionlayer.bronze_layer - INFO - 
DUPLICATES REMOVED:
2025-12-11 19:03:17 - medallionlayer.bronze_layer - INFO -   match_metadata: No duplicates found
2025-12-11 19:03:17 - medallionlayer.bronze_layer - INFO -   match_events: No duplicates found
2025-12-11 19:03:17 - medallionlayer.bronze_layer - INFO -   match_players: No duplicates found
2025-12-11 19:03:17 - medallionlayer.bronze_layer - INFO - 
NULL VALUES FOUND:
2025-12-11 19:03:17 - medallionlayer.bronze_layer - INFO -   match_metadata: No null values in required columns
2025-12-11 19:03:17 - medallionlayer.bronze_layer - INFO -   match_events: No null values in required columns
2025-12-11 19:03:17 - medallionlayer.bronze_layer - INFO -   match_players: No null values in required columns
2025-12-11 19:03:17 - medallionlayer.bronze_layer - INFO - 
INNINGS VALIDATION:
2025-12-11 19:03:17 - medallionlayer.bronze_layer - WARNING - 1 matches with incomplete innings data
2025-12-11 19:03:17 - medallionlayer.bronze_layer - INFO - ======================================================================

2025-12-11 19:03:17 - medallionlayer.bronze_layer - INFO - 
======================================================================
2025-12-11 19:03:17 - medallionlayer.bronze_layer - INFO - BRONZE LAYER - Complete
2025-12-11 19:03:17 - medallionlayer.bronze_layer - INFO - Tables Processed: 3/3
2025-12-11 19:03:17 - medallionlayer.bronze_layer - INFO - Total Rows: 18995
2025-12-11 19:03:17 - medallionlayer.bronze_layer - INFO - ======================================================================
2025-12-11 19:03:17 - medallionlayer.silver_layer - INFO - Silver Layer initialized
2025-12-11 19:03:17 - medallionlayer.silver_layer - INFO - ======================================================================
2025-12-11 19:03:17 - medallionlayer.silver_layer - INFO - SILVER LAYER - Starting
2025-12-11 19:03:17 - medallionlayer.silver_layer - INFO - ======================================================================
2025-12-11 19:03:17 - medallionlayer.silver_layer - INFO - 
Processing table: match_metadata
2025-12-11 19:03:17 - medallionlayer.silver_layer - INFO - Read 73 rows from bronze.match_metadata
2025-12-11 19:03:17 - medallionlayer.silver_layer - INFO - Cleaned columns: ['venue', 'series', 'toss', 'player_of_the_match']
2025-12-11 19:03:17 - medallionlayer.silver_layer - INFO - After transformations: 73 rows (removed 0)
2025-12-11 19:03:17 - medallionlayer.silver_layer - INFO - Removed Bronze audit columns: ['ingestion_timestamp', 'source_system', 'pipeline_run_id', 'is_active']
2025-12-11 19:03:17 - medallionlayer.silver_layer - INFO - match_metadata: 73 rows processed
2025-12-11 19:03:17 - medallionlayer.silver_layer - INFO - 
Processing table: match_events
2025-12-11 19:03:17 - medallionlayer.silver_layer - INFO - Read 17207 rows from bronze.match_events
2025-12-11 19:03:17 - medallionlayer.silver_layer - INFO - Cleaned columns: ['bowler', 'batsman', 'commentary', 'innings']
2025-12-11 19:03:17 - medallionlayer.silver_layer - INFO - Converting 'score' column to numeric...
2025-12-11 19:03:18 - medallionlayer.silver_layer - INFO - Score conversion: 16330 converted, 877 not converted (set to 0)
2025-12-11 19:03:18 - medallionlayer.silver_layer - INFO - Extracting dismissal information...
2025-12-11 19:03:18 - medallionlayer.silver_layer - INFO - Extracted dismissal info for 448 wickets
2025-12-11 19:03:18 - medallionlayer.silver_layer - INFO - Enriching player names for columns: ['batsman', 'bowler', 'fielder_name']
2025-12-11 19:03:19 - medallionlayer.silver_layer - INFO - Loaded 1633 player records for enrichment
2025-12-11 19:03:19 - medallionlayer.silver_layer - INFO - Enriching column: batsman
2025-12-11 19:03:29 - medallionlayer.silver_layer - INFO -   batsman: 13217 enriched, 1214 not found, 0 null
2025-12-11 19:03:29 - medallionlayer.silver_layer - INFO - Enriching column: bowler
2025-12-11 19:03:31 - medallionlayer.silver_layer - INFO -   bowler: 11958 enriched, 160 not found, 0 null
2025-12-11 19:03:31 - medallionlayer.silver_layer - INFO - Enriching column: fielder_name
2025-12-11 19:03:31 - medallionlayer.silver_layer - INFO -   fielder_name: 235 enriched, 19 not found, 16643 null
2025-12-11 19:03:31 - medallionlayer.silver_layer - INFO - Deduplicating player names within teams (per-match)...
2025-12-11 19:03:32 - medallionlayer.silver_layer - INFO - Per-match deduplication: 0 entries deduplicated
2025-12-11 19:03:32 - medallionlayer.silver_layer - INFO - Running global player name deduplication...
2025-12-11 19:03:32 - medallionlayer.silver_layer - INFO - Global deduplication: 0 entries deduplicated
2025-12-11 19:03:32 - medallionlayer.silver_layer - INFO - Enriching innings with team names from bronze.match_players...
2025-12-11 19:03:33 - medallionlayer.silver_layer - INFO - Loaded 1715 team-innings mappings from bronze.match_players
2025-12-11 19:03:33 - medallionlayer.silver_layer - INFO - Created 143 direct mappings
2025-12-11 19:03:33 - medallionlayer.silver_layer - INFO - Created 144 match-team mappings
2025-12-11 19:03:33 - medallionlayer.silver_layer - INFO - Created 432 abbreviation mappings
2025-12-11 19:03:33 - medallionlayer.silver_layer - WARNING - Found 1 matches in events without player data
2025-12-11 19:03:33 - medallionlayer.silver_layer - WARNING - Will use IPL abbreviation mapping for these matches: [1473511]
2025-12-11 19:03:37 - medallionlayer.silver_layer - INFO - Enriched 17197 records with team names
2025-12-11 19:03:37 - medallionlayer.silver_layer - INFO - Innings enrichment summary:
2025-12-11 19:03:37 - medallionlayer.silver_layer - INFO -   'CSK' -> 'Chennai Super Kings' (1744 rows)
2025-12-11 19:03:37 - medallionlayer.silver_layer - INFO -   'DC' -> 'Delhi Capitals' (1664 rows)
2025-12-11 19:03:37 - medallionlayer.silver_layer - INFO -   'GT' -> 'Gujarat Titans' (1837 rows)
2025-12-11 19:03:37 - medallionlayer.silver_layer - INFO -   'KKR' -> 'Kolkata Knight Riders' (1381 rows)
2025-12-11 19:03:37 - medallionlayer.silver_layer - INFO -   'LSG' -> 'Lucknow Super Giants' (1744 rows)
2025-12-11 19:03:37 - medallionlayer.silver_layer - INFO -   'MI' -> 'Mumbai Indians' (1885 rows)
2025-12-11 19:03:37 - medallionlayer.silver_layer - INFO -   'PBKS' -> 'Punjab Kings' (1957 rows)
2025-12-11 19:03:37 - medallionlayer.silver_layer - INFO -   'RCB' -> 'Royal Challengers Bengaluru' (1713 rows)
2025-12-11 19:03:37 - medallionlayer.silver_layer - INFO -   'RR' -> 'Rajasthan Royals' (1673 rows)
2025-12-11 19:03:37 - medallionlayer.silver_layer - INFO -   'SRH' -> 'Sunrisers Hyderabad' (1599 rows)
2025-12-11 19:03:37 - medallionlayer.silver_layer - INFO - Resolving 10 Super Over innings to team names...
2025-12-11 19:03:37 - medallionlayer.silver_layer - INFO - Super Over resolution: 10 resolved, 0 unresolved
2025-12-11 19:03:37 - medallionlayer.silver_layer - INFO - All team abbreviations successfully enriched
2025-12-11 19:03:37 - medallionlayer.silver_layer - INFO - All Super Over innings resolved to team names
2025-12-11 19:03:37 - medallionlayer.silver_layer - INFO - After transformations: 17207 rows (removed 0)
2025-12-11 19:03:37 - medallionlayer.silver_layer - INFO - Removed Bronze audit columns: ['ingestion_timestamp', 'source_system', 'pipeline_run_id', 'is_active']
2025-12-11 19:03:41 - medallionlayer.silver_layer - INFO - match_events: 17207 rows processed
2025-12-11 19:03:41 - medallionlayer.silver_layer - INFO - 
Processing table: match_players
2025-12-11 19:03:41 - medallionlayer.silver_layer - INFO - Read 1715 rows from bronze.match_players
2025-12-11 19:03:41 - medallionlayer.silver_layer - INFO - Cleaned columns: ['player_name', 'team']
2025-12-11 19:03:41 - medallionlayer.silver_layer - INFO - After transformations: 1715 rows (removed 0)
2025-12-11 19:03:41 - medallionlayer.silver_layer - INFO - Removed Bronze audit columns: ['ingestion_timestamp', 'source_system', 'pipeline_run_id', 'is_active']
2025-12-11 19:03:42 - medallionlayer.silver_layer - INFO - match_players: 1715 rows processed
2025-12-11 19:03:42 - medallionlayer.silver_layer - INFO - 
======================================================================
2025-12-11 19:03:42 - medallionlayer.silver_layer - INFO - SILVER LAYER - Complete
2025-12-11 19:03:42 - medallionlayer.silver_layer - INFO - Tables Processed: 3
2025-12-11 19:03:42 - medallionlayer.silver_layer - INFO - Total Rows: 18995
2025-12-11 19:03:42 - medallionlayer.silver_layer - INFO - ======================================================================
2025-12-11 19:03:42 - medallionlayer.gold_layer - INFO - Gold Layer initialized
2025-12-11 19:03:42 - medallionlayer.gold_layer - INFO - ======================================================================
2025-12-11 19:03:42 - medallionlayer.gold_layer - INFO - GOLD LAYER - Starting
2025-12-11 19:03:42 - medallionlayer.gold_layer - INFO - ======================================================================
2025-12-11 19:03:42 - medallionlayer.gold_layer - INFO - 
Processing aggregation: match_summary
2025-12-11 19:03:42 - medallionlayer.gold_layer - INFO - Processing enhanced match summary...
2025-12-11 19:03:42 - medallionlayer.gold_layer - INFO - Loaded 145 innings scores from 73 matches
2025-12-11 19:03:42 - medallionlayer.gold_layer - INFO - Pivoted scores for 73 matches
2025-12-11 19:03:42 - medallionlayer.gold_layer - INFO - Created match summary with 73 matches
2025-12-11 19:03:42 - medallionlayer.gold_layer - INFO - Columns: ['matchid', 'venue', 'series', 'series_id', 'season', 'player_of_the_match', 'batting_first', 'batting_second', 'first_innings_score', 'second_innings_score', 'winner', 'margin', 'result_type', 'margin_type', 'created_at', 'updated_at']
2025-12-11 19:03:42 - medallionlayer.gold_layer - INFO - Successfully created 73 rows for match_summary
2025-12-11 19:03:42 - medallionlayer.gold_layer - INFO - 
Processing aggregation: series_summary
2025-12-11 19:03:42 - medallionlayer.gold_layer - INFO - Processing enhanced series summary...
2025-12-11 19:03:43 - medallionlayer.gold_layer - INFO - Successfully created 1 rows for series_summary
2025-12-11 19:03:43 - medallionlayer.gold_layer - INFO - 
Processing aggregation: venue_statistics
2025-12-11 19:03:43 - medallionlayer.gold_layer - INFO - Read 73 rows from silver.match_metadata
2025-12-11 19:03:43 - medallionlayer.gold_layer - INFO -   Aggregated to 14 rows
2025-12-11 19:03:43 - medallionlayer.gold_layer - INFO - Final DataFrame columns: ['venue', 'season', 'total_matches', 'created_at', 'updated_at']
2025-12-11 19:03:43 - medallionlayer.gold_layer - INFO - Successfully wrote 14 rows to gold.venue_statistics
2025-12-11 19:03:43 - medallionlayer.gold_layer - INFO - Successfully created 14 rows for venue_statistics
2025-12-11 19:03:43 - medallionlayer.gold_layer - INFO - 
Processing aggregation: match_ball_statistics
2025-12-11 19:03:43 - medallionlayer.gold_layer - INFO - Processing match ball statistics with wickets...
2025-12-11 19:03:43 - medallionlayer.gold_layer - INFO - Successfully created 145 rows for match_ball_statistics
2025-12-11 19:03:43 - medallionlayer.gold_layer - INFO - 
Processing aggregation: match_batsman_statistics
2025-12-11 19:03:43 - medallionlayer.gold_layer - INFO - Processing match batsman statistics with run distribution...
2025-12-11 19:03:43 - medallionlayer.gold_layer - INFO - Successfully created 1115 rows for match_batsman_statistics
2025-12-11 19:03:43 - medallionlayer.gold_layer - INFO - 
Processing aggregation: match_bowler_statistics
2025-12-11 19:03:43 - medallionlayer.gold_layer - INFO - Processing match bowler statistics with wickets and extras...
2025-12-11 19:03:44 - medallionlayer.gold_layer - INFO - Successfully created 862 rows for match_bowler_statistics
2025-12-11 19:03:44 - medallionlayer.gold_layer - INFO - 
Processing aggregation: batsman_statistics
2025-12-11 19:03:44 - medallionlayer.gold_layer - INFO - Processing career batting statistics...
2025-12-11 19:03:44 - medallionlayer.gold_layer - INFO - Successfully created 203 rows for batsman_statistics
2025-12-11 19:03:44 - medallionlayer.gold_layer - INFO - 
Processing aggregation: bowler_statistics
2025-12-11 19:03:44 - medallionlayer.gold_layer - INFO - Processing career bowling statistics...
2025-12-11 19:03:45 - medallionlayer.gold_layer - INFO - Successfully created 140 rows for bowler_statistics
2025-12-11 19:03:45 - medallionlayer.gold_layer - INFO - 
Processing aggregation: player_team_history
2025-12-11 19:03:45 - medallionlayer.gold_layer - INFO - Processing SCD Type 2 (SQL MERGE) for player_team_history
2025-12-11 19:03:45 - medallionlayer.gold_layer - INFO - Read 1715 rows from silver.match_players
2025-12-11 19:03:45 - medallionlayer.gold_layer - INFO - Season not in match_players, fetching from match_metadata
2025-12-11 19:03:45 - medallionlayer.gold_layer - INFO - Enriched with season data: 1715 records
2025-12-11 19:03:45 - medallionlayer.gold_layer - INFO - Series not in match_players, fetching from match_metadata
2025-12-11 19:03:45 - medallionlayer.gold_layer - INFO - Enriched with series data: 1715/1715 records have series
2025-12-11 19:03:45 - medallionlayer.gold_layer - INFO - Built dimension with 207 player-team-season combinations
2025-12-11 19:03:45 - medallionlayer.gold_layer - INFO - Series column populated for 207/207 records
2025-12-11 19:03:45 - medallionlayer.gold_layer - INFO - Built 207 dimension records
2025-12-11 19:03:45 - medallionlayer.gold_layer - INFO - Creating staging table...
2025-12-11 19:03:45 - medallionlayer.gold_layer - INFO - Staging table created successfully
2025-12-11 19:03:45 - medallionlayer.gold_layer - INFO - Loading data into staging table...
2025-12-11 19:03:46 - medallionlayer.gold_layer - INFO - Loaded 207 records into staging
2025-12-11 19:03:46 - medallionlayer.gold_layer - INFO - Step 1/3: Expiring old records where player changed teams...
2025-12-11 19:03:46 - medallionlayer.gold_layer - INFO - Expired 0 old records
2025-12-11 19:03:46 - medallionlayer.gold_layer - INFO - Step 2/3: Updating existing current records...
2025-12-11 19:03:46 - medallionlayer.gold_layer - INFO - Updated 0 existing records
2025-12-11 19:03:46 - medallionlayer.gold_layer - INFO - Step 3/3: Inserting new records...
2025-12-11 19:03:46 - medallionlayer.gold_layer - INFO - Inserted 207 new records
2025-12-11 19:03:46 - medallionlayer.gold_layer - INFO - ======================================================================
2025-12-11 19:03:46 - medallionlayer.gold_layer - INFO - SCD TYPE 2 MERGE COMPLETE
2025-12-11 19:03:46 - medallionlayer.gold_layer - INFO -   Expired: 0 records (player changed teams)
2025-12-11 19:03:46 - medallionlayer.gold_layer - INFO -   Updated: 0 records (accumulated stats)
2025-12-11 19:03:46 - medallionlayer.gold_layer - INFO -   Inserted: 207 records (new combinations)
2025-12-11 19:03:46 - medallionlayer.gold_layer - INFO -   Total: 207 records processed
2025-12-11 19:03:46 - medallionlayer.gold_layer - INFO - ======================================================================
2025-12-11 19:03:46 - medallionlayer.gold_layer - INFO - Successfully created 207 rows for player_team_history
2025-12-11 19:03:46 - medallionlayer.gold_layer - INFO - 
======================================================================
2025-12-11 19:03:46 - medallionlayer.gold_layer - INFO - GOLD LAYER - Complete
2025-12-11 19:03:46 - medallionlayer.gold_layer - INFO - Aggregations Processed: 9
2025-12-11 19:03:46 - medallionlayer.gold_layer - INFO - Total Rows: 2760
2025-12-11 19:03:46 - medallionlayer.gold_layer - INFO - ======================================================================
2025-12-11 19:03:46 - pipeline.orchestrator - INFO - 
================================================================================
2025-12-11 19:03:46 - pipeline.orchestrator - INFO - PIPELINE EXECUTION SUMMARY
2025-12-11 19:03:46 - pipeline.orchestrator - INFO - ================================================================================
2025-12-11 19:03:46 - pipeline.orchestrator - INFO - Status: SUCCESS
2025-12-11 19:03:46 - pipeline.orchestrator - INFO - Duration: 31.50 seconds
2025-12-11 19:03:46 - pipeline.orchestrator - INFO - 
BRONZE Layer:
2025-12-11 19:03:46 - pipeline.orchestrator - INFO -   Status: success
2025-12-11 19:03:46 - pipeline.orchestrator - INFO -   Tables Processed: 3
2025-12-11 19:03:46 - pipeline.orchestrator - INFO -   Total Rows: 18995
2025-12-11 19:03:46 - pipeline.orchestrator - INFO - 
SILVER Layer:
2025-12-11 19:03:46 - pipeline.orchestrator - INFO -   Status: success
2025-12-11 19:03:46 - pipeline.orchestrator - INFO -   Tables Processed: 3
2025-12-11 19:03:46 - pipeline.orchestrator - INFO -   Total Rows: 18995
2025-12-11 19:03:46 - pipeline.orchestrator - INFO - 
GOLD Layer:
2025-12-11 19:03:46 - pipeline.orchestrator - INFO -   Status: success
2025-12-11 19:03:46 - pipeline.orchestrator - INFO -   Aggregations: 9
2025-12-11 19:03:46 - pipeline.orchestrator - INFO -   Total Rows: 2760
2025-12-11 19:03:46 - pipeline.orchestrator - INFO - ================================================================================

2025-12-11 19:03:46 - __main__ - INFO - Pipeline completed - Status: success, Duration: 31.50s
2025-12-11 19:03:46 - __main__ - INFO - Pipeline completed successfully
2025-12-11 19:20:03 - __main__ - INFO - Cricket Data Pipeline Started
2025-12-11 19:20:03 - __main__ - INFO - STEP 1: Initializing database and schemas
2025-12-11 19:20:03 - __main__ - ERROR - Fatal error: relation "raw.metadata" does not exist
Traceback (most recent call last):
  File "C:\Users\prade\Pycharm\Cricinfo_scraper\main.py", line 521, in main
    initialize_database()
  File "C:\Users\prade\Pycharm\Cricinfo_scraper\configs\db_config.py", line 67, in initialize_database
    cur.execute(schema_sql)
psycopg2.errors.UndefinedTable: relation "raw.metadata" does not exist

2025-12-11 19:20:29 - __main__ - INFO - Cricket Data Pipeline Started
2025-12-11 19:20:29 - __main__ - INFO - STEP 1: Initializing database and schemas
2025-12-11 19:20:29 - __main__ - ERROR - Fatal error: relation "raw.metadata" does not exist
Traceback (most recent call last):
  File "C:\Users\prade\Pycharm\Cricinfo_scraper\main.py", line 521, in main
    initialize_database()
  File "C:\Users\prade\Pycharm\Cricinfo_scraper\configs\db_config.py", line 67, in initialize_database
    cur.execute(schema_sql)
psycopg2.errors.UndefinedTable: relation "raw.metadata" does not exist

2025-12-11 19:21:09 - __main__ - INFO - Cricket Data Pipeline Started
2025-12-11 19:21:09 - __main__ - INFO - STEP 1: Initializing database and schemas
2025-12-11 19:21:10 - configs.db_config - INFO - Initializing Medallion Architecture schemas...
2025-12-11 19:21:10 - configs.db_config - INFO - Medallion schemas (Bronze, Silver, Gold) initialized
2025-12-11 19:21:10 - __main__ - INFO - Database initialization complete
2025-12-11 19:21:10 - __main__ - INFO - STEP 2: Loading configuration
2025-12-11 19:21:10 - __main__ - INFO - Configuration loaded successfully
2025-12-11 19:21:10 - __main__ - INFO - STEP 3: Scraping data from Cricinfo
2025-12-11 19:21:10 - __main__ - INFO - Initializing match tracker
2025-12-11 19:21:10 - __main__ - INFO - Current Status: 73 matches already downloaded
2025-12-11 19:21:10 - __main__ - INFO - Fetching match schedule from Cricinfo
2025-12-11 19:21:10 - scraping.schedule_scraper - INFO - Initializing WebDriver for schedule scraping
2025-12-11 19:21:15 - scraping.schedule_scraper - INFO - Loading schedule page - attempt 1
2025-12-11 19:21:25 - scraping.schedule_scraper - INFO - Schedule page loaded successfully
2025-12-11 19:21:25 - scraping.schedule_scraper - INFO - Parsing schedule page with BeautifulSoup
2025-12-11 19:21:32 - scraping.schedule_scraper - INFO - Extracting match links from schedule
2025-12-11 19:21:32 - scraping.schedule_scraper - INFO - Successfully extracted 98 match links
2025-12-11 19:21:32 - scraping.schedule_scraper - INFO - Closing WebDriver
2025-12-11 19:21:34 - __main__ - INFO - Found 98 total links
2025-12-11 19:21:34 - __main__ - INFO - Found 74 match scorecards
2025-12-11 19:21:34 - __main__ - INFO - Loading match cache
2025-12-11 19:21:35 - __main__ - INFO - Starting match scraping process with retry logic
2025-12-11 19:21:35 - __main__ - INFO - Processing match 1/74: https://www.espncricinfo.com/series/ipl-2025-1449924/kolkata-knight-riders-vs-royal-challengers-bengaluru-1st-match-1473438/full-scorecard
2025-12-11 19:21:35 - __main__ - INFO - Match 1473438 already downloaded - skipping
2025-12-11 19:21:35 - __main__ - INFO - Processing match 2/74: https://www.espncricinfo.com/series/ipl-2025-1449924/sunrisers-hyderabad-vs-rajasthan-royals-2nd-match-1473439/full-scorecard
2025-12-11 19:21:35 - __main__ - INFO - Match 1473439 already downloaded - skipping
2025-12-11 19:21:35 - __main__ - INFO - Processing match 3/74: https://www.espncricinfo.com/series/ipl-2025-1449924/chennai-super-kings-vs-mumbai-indians-3rd-match-1473440/full-scorecard
2025-12-11 19:21:35 - __main__ - INFO - Match 1473440 already downloaded - skipping
2025-12-11 19:21:35 - __main__ - INFO - Processing match 4/74: https://www.espncricinfo.com/series/ipl-2025-1449924/delhi-capitals-vs-lucknow-super-giants-4th-match-1473441/full-scorecard
2025-12-11 19:21:35 - __main__ - INFO - Match 1473441 already downloaded - skipping
2025-12-11 19:21:35 - __main__ - INFO - Processing match 5/74: https://www.espncricinfo.com/series/ipl-2025-1449924/gujarat-titans-vs-punjab-kings-5th-match-1473442/full-scorecard
2025-12-11 19:21:35 - __main__ - INFO - Match 1473442 already downloaded - skipping
2025-12-11 19:21:35 - __main__ - INFO - Processing match 6/74: https://www.espncricinfo.com/series/ipl-2025-1449924/rajasthan-royals-vs-kolkata-knight-riders-6th-match-1473443/full-scorecard
2025-12-11 19:21:35 - __main__ - INFO - Match 1473443 already downloaded - skipping
2025-12-11 19:21:35 - __main__ - INFO - Processing match 7/74: https://www.espncricinfo.com/series/ipl-2025-1449924/sunrisers-hyderabad-vs-lucknow-super-giants-7th-match-1473444/full-scorecard
2025-12-11 19:21:35 - __main__ - INFO - Match 1473444 already downloaded - skipping
2025-12-11 19:21:35 - __main__ - INFO - Processing match 8/74: https://www.espncricinfo.com/series/ipl-2025-1449924/chennai-super-kings-vs-royal-challengers-bengaluru-8th-match-1473445/full-scorecard
2025-12-11 19:21:35 - __main__ - INFO - Match 1473445 already downloaded - skipping
2025-12-11 19:21:35 - __main__ - INFO - Processing match 9/74: https://www.espncricinfo.com/series/ipl-2025-1449924/gujarat-titans-vs-mumbai-indians-9th-match-1473446/full-scorecard
2025-12-11 19:21:35 - __main__ - INFO - Match 1473446 already downloaded - skipping
2025-12-11 19:21:35 - __main__ - INFO - Processing match 10/74: https://www.espncricinfo.com/series/ipl-2025-1449924/delhi-capitals-vs-sunrisers-hyderabad-10th-match-1473447/full-scorecard
2025-12-11 19:21:35 - __main__ - INFO - Match 1473447 already downloaded - skipping
2025-12-11 19:21:35 - __main__ - INFO - Processing match 11/74: https://www.espncricinfo.com/series/ipl-2025-1449924/rajasthan-royals-vs-chennai-super-kings-11th-match-1473448/full-scorecard
2025-12-11 19:21:35 - __main__ - INFO - Match 1473448 already downloaded - skipping
2025-12-11 19:21:35 - __main__ - INFO - Processing match 12/74: https://www.espncricinfo.com/series/ipl-2025-1449924/mumbai-indians-vs-kolkata-knight-riders-12th-match-1473449/full-scorecard
2025-12-11 19:21:35 - __main__ - INFO - Match 1473449 already downloaded - skipping
2025-12-11 19:21:35 - __main__ - INFO - Processing match 13/74: https://www.espncricinfo.com/series/ipl-2025-1449924/lucknow-super-giants-vs-punjab-kings-13th-match-1473450/full-scorecard
2025-12-11 19:21:35 - __main__ - INFO - Match 1473450 already downloaded - skipping
2025-12-11 19:21:35 - __main__ - INFO - Processing match 14/74: https://www.espncricinfo.com/series/ipl-2025-1449924/royal-challengers-bengaluru-vs-gujarat-titans-14th-match-1473451/full-scorecard
2025-12-11 19:21:35 - __main__ - INFO - Match 1473451 already downloaded - skipping
2025-12-11 19:21:35 - __main__ - INFO - Processing match 15/74: https://www.espncricinfo.com/series/ipl-2025-1449924/kolkata-knight-riders-vs-sunrisers-hyderabad-15th-match-1473452/full-scorecard
2025-12-11 19:21:35 - __main__ - INFO - Match 1473452 already downloaded - skipping
2025-12-11 19:21:35 - __main__ - INFO - Processing match 16/74: https://www.espncricinfo.com/series/ipl-2025-1449924/lucknow-super-giants-vs-mumbai-indians-16th-match-1473453/full-scorecard
2025-12-11 19:21:35 - __main__ - INFO - Match 1473453 already downloaded - skipping
2025-12-11 19:21:35 - __main__ - INFO - Processing match 17/74: https://www.espncricinfo.com/series/ipl-2025-1449924/chennai-super-kings-vs-delhi-capitals-17th-match-1473454/full-scorecard
2025-12-11 19:21:35 - __main__ - INFO - Match 1473454 already downloaded - skipping
2025-12-11 19:21:35 - __main__ - INFO - Processing match 18/74: https://www.espncricinfo.com/series/ipl-2025-1449924/punjab-kings-vs-rajasthan-royals-18th-match-1473455/full-scorecard
2025-12-11 19:21:35 - __main__ - INFO - Match 1473455 already downloaded - skipping
2025-12-11 19:21:35 - __main__ - INFO - Processing match 19/74: https://www.espncricinfo.com/series/ipl-2025-1449924/sunrisers-hyderabad-vs-gujarat-titans-19th-match-1473457/full-scorecard
2025-12-11 19:21:35 - __main__ - INFO - Match 1473457 already downloaded - skipping
2025-12-11 19:21:35 - __main__ - INFO - Processing match 20/74: https://www.espncricinfo.com/series/ipl-2025-1449924/mumbai-indians-vs-royal-challengers-bengaluru-20th-match-1473458/full-scorecard
2025-12-11 19:21:35 - __main__ - INFO - Match 1473458 already downloaded - skipping
2025-12-11 19:21:35 - __main__ - INFO - Processing match 21/74: https://www.espncricinfo.com/series/ipl-2025-1449924/kolkata-knight-riders-vs-lucknow-super-giants-21st-match-1473456/full-scorecard
2025-12-11 19:21:35 - __main__ - INFO - Match 1473456 already downloaded - skipping
2025-12-11 19:21:35 - __main__ - INFO - Processing match 22/74: https://www.espncricinfo.com/series/ipl-2025-1449924/punjab-kings-vs-chennai-super-kings-22nd-match-1473459/full-scorecard
2025-12-11 19:21:35 - __main__ - INFO - Match 1473459 already downloaded - skipping
2025-12-11 19:21:35 - __main__ - INFO - Processing match 23/74: https://www.espncricinfo.com/series/ipl-2025-1449924/gujarat-titans-vs-rajasthan-royals-23rd-match-1473460/full-scorecard
2025-12-11 19:21:35 - __main__ - INFO - Match 1473460 already downloaded - skipping
2025-12-11 19:21:35 - __main__ - INFO - Processing match 24/74: https://www.espncricinfo.com/series/ipl-2025-1449924/royal-challengers-bengaluru-vs-delhi-capitals-24th-match-1473461/full-scorecard
2025-12-11 19:21:35 - __main__ - INFO - Match 1473461 already downloaded - skipping
2025-12-11 19:21:35 - __main__ - INFO - Processing match 25/74: https://www.espncricinfo.com/series/ipl-2025-1449924/chennai-super-kings-vs-kolkata-knight-riders-25th-match-1473462/full-scorecard
2025-12-11 19:21:35 - __main__ - INFO - Match 1473462 already downloaded - skipping
2025-12-11 19:21:35 - __main__ - INFO - Processing match 26/74: https://www.espncricinfo.com/series/ipl-2025-1449924/lucknow-super-giants-vs-gujarat-titans-26th-match-1473463/full-scorecard
2025-12-11 19:21:35 - __main__ - INFO - Match 1473463 already downloaded - skipping
2025-12-11 19:21:35 - __main__ - INFO - Processing match 27/74: https://www.espncricinfo.com/series/ipl-2025-1449924/sunrisers-hyderabad-vs-punjab-kings-27th-match-1473464/full-scorecard
2025-12-11 19:21:35 - __main__ - INFO - Match 1473464 already downloaded - skipping
2025-12-11 19:21:35 - __main__ - INFO - Processing match 28/74: https://www.espncricinfo.com/series/ipl-2025-1449924/rajasthan-royals-vs-royal-challengers-bengaluru-28th-match-1473465/full-scorecard
2025-12-11 19:21:35 - __main__ - INFO - Match 1473465 already downloaded - skipping
2025-12-11 19:21:35 - __main__ - INFO - Processing match 29/74: https://www.espncricinfo.com/series/ipl-2025-1449924/delhi-capitals-vs-mumbai-indians-29th-match-1473466/full-scorecard
2025-12-11 19:21:35 - __main__ - INFO - Match 1473466 already downloaded - skipping
2025-12-11 19:21:35 - __main__ - INFO - Processing match 30/74: https://www.espncricinfo.com/series/ipl-2025-1449924/lucknow-super-giants-vs-chennai-super-kings-30th-match-1473467/full-scorecard
2025-12-11 19:21:35 - __main__ - INFO - Match 1473467 already downloaded - skipping
2025-12-11 19:21:35 - __main__ - INFO - Processing match 31/74: https://www.espncricinfo.com/series/ipl-2025-1449924/punjab-kings-vs-kolkata-knight-riders-31st-match-1473468/full-scorecard
2025-12-11 19:21:35 - __main__ - INFO - Match 1473468 already downloaded - skipping
2025-12-11 19:21:35 - __main__ - INFO - Processing match 32/74: https://www.espncricinfo.com/series/ipl-2025-1449924/delhi-capitals-vs-rajasthan-royals-32nd-match-1473469/full-scorecard
2025-12-11 19:21:35 - __main__ - INFO - Match 1473469 already downloaded - skipping
2025-12-11 19:21:35 - __main__ - INFO - Processing match 33/74: https://www.espncricinfo.com/series/ipl-2025-1449924/mumbai-indians-vs-sunrisers-hyderabad-33rd-match-1473470/full-scorecard
2025-12-11 19:21:35 - __main__ - INFO - Match 1473470 already downloaded - skipping
2025-12-11 19:21:35 - __main__ - INFO - Processing match 34/74: https://www.espncricinfo.com/series/ipl-2025-1449924/royal-challengers-bengaluru-vs-punjab-kings-34th-match-1473471/full-scorecard
2025-12-11 19:21:35 - __main__ - INFO - Match 1473471 already downloaded - skipping
2025-12-11 19:21:35 - __main__ - INFO - Processing match 35/74: https://www.espncricinfo.com/series/ipl-2025-1449924/gujarat-titans-vs-delhi-capitals-35th-match-1473472/full-scorecard
2025-12-11 19:21:35 - __main__ - INFO - Match 1473472 already downloaded - skipping
2025-12-11 19:21:35 - __main__ - INFO - Processing match 36/74: https://www.espncricinfo.com/series/ipl-2025-1449924/rajasthan-royals-vs-lucknow-super-giants-36th-match-1473473/full-scorecard
2025-12-11 19:21:35 - __main__ - INFO - Match 1473473 already downloaded - skipping
2025-12-11 19:21:35 - __main__ - INFO - Processing match 37/74: https://www.espncricinfo.com/series/ipl-2025-1449924/punjab-kings-vs-royal-challengers-bengaluru-37th-match-1473474/full-scorecard
2025-12-11 19:21:35 - __main__ - INFO - Match 1473474 already downloaded - skipping
2025-12-11 19:21:35 - __main__ - INFO - Processing match 38/74: https://www.espncricinfo.com/series/ipl-2025-1449924/mumbai-indians-vs-chennai-super-kings-38th-match-1473475/full-scorecard
2025-12-11 19:21:35 - __main__ - INFO - Match 1473475 already downloaded - skipping
2025-12-11 19:21:35 - __main__ - INFO - Processing match 39/74: https://www.espncricinfo.com/series/ipl-2025-1449924/kolkata-knight-riders-vs-gujarat-titans-39th-match-1473476/full-scorecard
2025-12-11 19:21:35 - __main__ - INFO - Match 1473476 already downloaded - skipping
2025-12-11 19:21:35 - __main__ - INFO - Processing match 40/74: https://www.espncricinfo.com/series/ipl-2025-1449924/lucknow-super-giants-vs-delhi-capitals-40th-match-1473477/full-scorecard
2025-12-11 19:21:35 - __main__ - INFO - Match 1473477 already downloaded - skipping
2025-12-11 19:21:35 - __main__ - INFO - Processing match 41/74: https://www.espncricinfo.com/series/ipl-2025-1449924/sunrisers-hyderabad-vs-mumbai-indians-41st-match-1473478/full-scorecard
2025-12-11 19:21:35 - __main__ - INFO - Match 1473478 already downloaded - skipping
2025-12-11 19:21:35 - __main__ - INFO - Processing match 42/74: https://www.espncricinfo.com/series/ipl-2025-1449924/royal-challengers-bengaluru-vs-rajasthan-royals-42nd-match-1473479/full-scorecard
2025-12-11 19:21:35 - __main__ - INFO - Match 1473479 already downloaded - skipping
2025-12-11 19:21:35 - __main__ - INFO - Processing match 43/74: https://www.espncricinfo.com/series/ipl-2025-1449924/chennai-super-kings-vs-sunrisers-hyderabad-43rd-match-1473480/full-scorecard
2025-12-11 19:21:35 - __main__ - INFO - Match 1473480 already downloaded - skipping
2025-12-11 19:21:35 - __main__ - INFO - Processing match 44/74: https://www.espncricinfo.com/series/ipl-2025-1449924/kolkata-knight-riders-vs-punjab-kings-44th-match-1473481/full-scorecard
2025-12-11 19:21:35 - __main__ - INFO - Match 1473481 already downloaded - skipping
2025-12-11 19:21:35 - __main__ - INFO - Processing match 45/74: https://www.espncricinfo.com/series/ipl-2025-1449924/mumbai-indians-vs-lucknow-super-giants-45th-match-1473482/full-scorecard
2025-12-11 19:21:35 - __main__ - INFO - Match 1473482 already downloaded - skipping
2025-12-11 19:21:35 - __main__ - INFO - Processing match 46/74: https://www.espncricinfo.com/series/ipl-2025-1449924/delhi-capitals-vs-royal-challengers-bengaluru-46th-match-1473483/full-scorecard
2025-12-11 19:21:35 - __main__ - INFO - Match 1473483 already downloaded - skipping
2025-12-11 19:21:35 - __main__ - INFO - Processing match 47/74: https://www.espncricinfo.com/series/ipl-2025-1449924/rajasthan-royals-vs-gujarat-titans-47th-match-1473484/full-scorecard
2025-12-11 19:21:35 - __main__ - INFO - Match 1473484 already downloaded - skipping
2025-12-11 19:21:35 - __main__ - INFO - Processing match 48/74: https://www.espncricinfo.com/series/ipl-2025-1449924/delhi-capitals-vs-kolkata-knight-riders-48th-match-1473485/full-scorecard
2025-12-11 19:21:35 - __main__ - INFO - Match 1473485 already downloaded - skipping
2025-12-11 19:21:35 - __main__ - INFO - Processing match 49/74: https://www.espncricinfo.com/series/ipl-2025-1449924/chennai-super-kings-vs-punjab-kings-49th-match-1473486/full-scorecard
2025-12-11 19:21:35 - __main__ - INFO - Match 1473486 already downloaded - skipping
2025-12-11 19:21:35 - __main__ - INFO - Processing match 50/74: https://www.espncricinfo.com/series/ipl-2025-1449924/rajasthan-royals-vs-mumbai-indians-50th-match-1473487/full-scorecard
2025-12-11 19:21:35 - __main__ - INFO - Match 1473487 already downloaded - skipping
2025-12-11 19:21:35 - __main__ - INFO - Processing match 51/74: https://www.espncricinfo.com/series/ipl-2025-1449924/gujarat-titans-vs-sunrisers-hyderabad-51st-match-1473488/full-scorecard
2025-12-11 19:21:35 - __main__ - INFO - Match 1473488 already downloaded - skipping
2025-12-11 19:21:35 - __main__ - INFO - Processing match 52/74: https://www.espncricinfo.com/series/ipl-2025-1449924/royal-challengers-bengaluru-vs-chennai-super-kings-52nd-match-1473489/full-scorecard
2025-12-11 19:21:35 - __main__ - INFO - Match 1473489 already downloaded - skipping
2025-12-11 19:21:35 - __main__ - INFO - Processing match 53/74: https://www.espncricinfo.com/series/ipl-2025-1449924/kolkata-knight-riders-vs-rajasthan-royals-53rd-match-1473490/full-scorecard
2025-12-11 19:21:35 - __main__ - INFO - Match 1473490 already downloaded - skipping
2025-12-11 19:21:35 - __main__ - INFO - Processing match 54/74: https://www.espncricinfo.com/series/ipl-2025-1449924/punjab-kings-vs-lucknow-super-giants-54th-match-1473491/full-scorecard
2025-12-11 19:21:35 - __main__ - INFO - Match 1473491 already downloaded - skipping
2025-12-11 19:21:35 - __main__ - INFO - Processing match 55/74: https://www.espncricinfo.com/series/ipl-2025-1449924/sunrisers-hyderabad-vs-delhi-capitals-55th-match-1473492/full-scorecard
2025-12-11 19:21:35 - __main__ - INFO - Match 1473492 already downloaded - skipping
2025-12-11 19:21:35 - __main__ - INFO - Processing match 56/74: https://www.espncricinfo.com/series/ipl-2025-1449924/mumbai-indians-vs-gujarat-titans-56th-match-1473493/full-scorecard
2025-12-11 19:21:35 - __main__ - INFO - Match 1473493 already downloaded - skipping
2025-12-11 19:21:35 - __main__ - INFO - Processing match 57/74: https://www.espncricinfo.com/series/ipl-2025-1449924/kolkata-knight-riders-vs-chennai-super-kings-57th-match-1473494/full-scorecard
2025-12-11 19:21:35 - __main__ - INFO - Match 1473494 already downloaded - skipping
2025-12-11 19:21:35 - __main__ - INFO - Processing match 58/74: https://www.espncricinfo.com/series/ipl-2025-1449924/royal-challengers-bengaluru-vs-kolkata-knight-riders-58th-match-1473496/full-scorecard
2025-12-11 19:21:35 - __main__ - INFO - Match 1473496 already downloaded - skipping
2025-12-11 19:21:35 - __main__ - INFO - Processing match 59/74: https://www.espncricinfo.com/series/ipl-2025-1449924/rajasthan-royals-vs-punjab-kings-59th-match-1473497/full-scorecard
2025-12-11 19:21:35 - __main__ - INFO - Match 1473497 already downloaded - skipping
2025-12-11 19:21:35 - __main__ - INFO - Processing match 60/74: https://www.espncricinfo.com/series/ipl-2025-1449924/delhi-capitals-vs-gujarat-titans-60th-match-1473498/full-scorecard
2025-12-11 19:21:35 - __main__ - INFO - Match 1473498 already downloaded - skipping
2025-12-11 19:21:35 - __main__ - INFO - Processing match 61/74: https://www.espncricinfo.com/series/ipl-2025-1449924/lucknow-super-giants-vs-sunrisers-hyderabad-61st-match-1473499/full-scorecard
2025-12-11 19:21:35 - __main__ - INFO - Match 1473499 already downloaded - skipping
2025-12-11 19:21:35 - __main__ - INFO - Processing match 62/74: https://www.espncricinfo.com/series/ipl-2025-1449924/chennai-super-kings-vs-rajasthan-royals-62nd-match-1473500/full-scorecard
2025-12-11 19:21:35 - __main__ - INFO - Match 1473500 already downloaded - skipping
2025-12-11 19:21:35 - __main__ - INFO - Processing match 63/74: https://www.espncricinfo.com/series/ipl-2025-1449924/mumbai-indians-vs-delhi-capitals-63rd-match-1473501/full-scorecard
2025-12-11 19:21:35 - __main__ - INFO - Match 1473501 already downloaded - skipping
2025-12-11 19:21:35 - __main__ - INFO - Processing match 64/74: https://www.espncricinfo.com/series/ipl-2025-1449924/gujarat-titans-vs-lucknow-super-giants-64th-match-1473502/full-scorecard
2025-12-11 19:21:35 - __main__ - INFO - Match 1473502 already downloaded - skipping
2025-12-11 19:21:35 - __main__ - INFO - Processing match 65/74: https://www.espncricinfo.com/series/ipl-2025-1449924/royal-challengers-bengaluru-vs-sunrisers-hyderabad-65th-match-1473503/full-scorecard
2025-12-11 19:21:35 - __main__ - INFO - Match 1473503 already downloaded - skipping
2025-12-11 19:21:35 - __main__ - INFO - Processing match 66/74: https://www.espncricinfo.com/series/ipl-2025-1449924/delhi-capitals-vs-punjab-kings-66th-match-1485779/full-scorecard
2025-12-11 19:21:35 - __main__ - INFO - Match 1485779 already downloaded - skipping
2025-12-11 19:21:35 - __main__ - INFO - Processing match 67/74: https://www.espncricinfo.com/series/ipl-2025-1449924/gujarat-titans-vs-chennai-super-kings-67th-match-1473504/full-scorecard
2025-12-11 19:21:35 - __main__ - INFO - Match 1473504 already downloaded - skipping
2025-12-11 19:21:35 - __main__ - INFO - Processing match 68/74: https://www.espncricinfo.com/series/ipl-2025-1449924/kolkata-knight-riders-vs-sunrisers-hyderabad-68th-match-1473505/full-scorecard
2025-12-11 19:21:35 - __main__ - INFO - Match 1473505 already downloaded - skipping
2025-12-11 19:21:35 - __main__ - INFO - Processing match 69/74: https://www.espncricinfo.com/series/ipl-2025-1449924/mumbai-indians-vs-punjab-kings-69th-match-1473506/full-scorecard
2025-12-11 19:21:35 - __main__ - INFO - Match 1473506 already downloaded - skipping
2025-12-11 19:21:35 - __main__ - INFO - Processing match 70/74: https://www.espncricinfo.com/series/ipl-2025-1449924/lucknow-super-giants-vs-royal-challengers-bengaluru-70th-match-1473507/full-scorecard
2025-12-11 19:21:35 - __main__ - INFO - Match 1473507 already downloaded - skipping
2025-12-11 19:21:35 - __main__ - INFO - Processing match 71/74: https://www.espncricinfo.com/series/ipl-2025-1449924/punjab-kings-vs-royal-challengers-bengaluru-qualifier-1-1473508/full-scorecard
2025-12-11 19:21:35 - __main__ - INFO - Match 1473508 already downloaded - skipping
2025-12-11 19:21:35 - __main__ - INFO - Processing match 72/74: https://www.espncricinfo.com/series/ipl-2025-1449924/gujarat-titans-vs-mumbai-indians-eliminator-1473509/full-scorecard
2025-12-11 19:21:35 - __main__ - INFO - Match 1473509 already downloaded - skipping
2025-12-11 19:21:35 - __main__ - INFO - Processing match 73/74: https://www.espncricinfo.com/series/ipl-2025-1449924/mumbai-indians-vs-punjab-kings-qualifier-2-1473510/full-scorecard
2025-12-11 19:21:35 - __main__ - INFO - Match 1473510 already downloaded - skipping
2025-12-11 19:21:35 - __main__ - INFO - Processing match 74/74: https://www.espncricinfo.com/series/ipl-2025-1449924/punjab-kings-vs-royal-challengers-bengaluru-final-1473511/full-scorecard
2025-12-11 19:21:35 - __main__ - INFO - Attempting to download match 1473511 (attempt 1/4)
2025-12-11 19:21:35 - scraping.player_extractor - INFO - PlayerExtractor initialized - Target: raw.match_players
2025-12-11 19:21:35 - scraping.match_scraper - INFO - Initializing WebDriver
2025-12-11 19:21:46 - scraping.match_scraper - INFO - Loading full scorecard - attempt 1
2025-12-11 19:22:02 - scraping.match_scraper - INFO - full scorecard loaded successfully
2025-12-11 19:22:02 - scraping.match_scraper - INFO - Scrolling full scorecard page
2025-12-11 19:22:02 - core.page_navigator - INFO - Scrolling page 5 times
2025-12-11 19:22:25 - core.page_navigator - INFO - Page scrolling completed
2025-12-11 19:22:28 - scraping.match_scraper - INFO - Extracting metadata
2025-12-11 19:22:29 - core.metadata_extractor - INFO - Found 15 metadata rows for match 1473511
2025-12-11 19:22:29 - core.metadata_extractor - INFO - Extracted 16 metadata fields for match 1473511
2025-12-11 19:22:29 - scraping.match_scraper - INFO - Extracting player rosters...
2025-12-11 19:22:29 - scraping.player_extractor - INFO - Extracting players for match 1473511
2025-12-11 19:22:29 - core.metadata_extractor - INFO - Extracting player names for match 1473511
2025-12-11 19:22:29 - core.metadata_extractor - INFO - Found 2 batting scorecard table(s)
2025-12-11 19:22:29 - core.metadata_extractor - INFO -   Innings 1: Royal Challengers Bengaluru (batting)
2025-12-11 19:22:29 - core.metadata_extractor - INFO -   Innings 2: Punjab Kings (batting)
2025-12-11 19:22:29 - core.metadata_extractor - INFO -   innings_1 (Royal Challengers Bengaluru): 10 batted, 1 did not bat
2025-12-11 19:22:29 - core.metadata_extractor - INFO -   innings_2 (Punjab Kings): 9 batted, 2 did not bat
2025-12-11 19:22:29 - core.metadata_extractor - INFO - Found 2 bowling table(s)
2025-12-11 19:22:29 - core.metadata_extractor - INFO -   innings_1 bowling: Punjab Kings (bowling against Royal Challengers Bengaluru)
2025-12-11 19:22:29 - core.metadata_extractor - INFO -   innings_1 bowling (Punjab Kings): 5 bowlers
2025-12-11 19:22:29 - core.metadata_extractor - INFO -   innings_2 bowling: Royal Challengers Bengaluru (bowling against Punjab Kings)
2025-12-11 19:22:29 - core.metadata_extractor - INFO -   innings_2 bowling (Royal Challengers Bengaluru): 6 bowlers
2025-12-11 19:22:29 - core.metadata_extractor - INFO - Created DataFrame with 33 player records, 24 unique players
2025-12-11 19:22:29 - scraping.player_extractor - INFO - Extracted 24 players for match 1473511
2025-12-11 19:22:29 - scraping.player_extractor - INFO -   Teams: Punjab Kings, Royal Challengers Bengaluru
2025-12-11 19:22:29 - scraping.player_extractor - INFO -   Batted: 14, Did not bat: 10
2025-12-11 19:22:29 - scraping.player_extractor - INFO -   Regular: 23, Impact: 1
2025-12-11 19:22:29 - scraping.player_extractor - INFO -   Impact players: Prabhsimran Singh
2025-12-11 19:22:29 - scraping.match_scraper - INFO - Stored 24 players
2025-12-11 19:22:29 - scraping.match_scraper - INFO -   - Punjab Kings
2025-12-11 19:22:29 - scraping.match_scraper - INFO -   - Royal Challengers Bengaluru
2025-12-11 19:22:29 - scraping.match_scraper - INFO - Loading commentary page - attempt 1
2025-12-11 19:22:41 - scraping.match_scraper - INFO - commentary page loaded successfully
2025-12-11 19:22:41 - scraping.match_scraper - INFO - Scrolling commentary page
2025-12-11 19:22:41 - core.page_navigator - INFO - Scrolling page 20 times
2025-12-11 19:23:42 - core.page_navigator - INFO - Page scrolling completed
2025-12-11 19:23:45 - scraping.match_scraper - INFO - Getting current innings team
2025-12-11 19:23:45 - scraping.match_scraper - INFO - Default innings: PBKS
2025-12-11 19:23:45 - scraping.match_scraper - INFO - Getting all innings options
2025-12-11 19:24:20 - core.page_navigator - INFO - Found 2 innings options: ['RCB', 'PBKS']
2025-12-11 19:24:22 - scraping.match_scraper - INFO - All innings: ['RCB', 'PBKS']
2025-12-11 19:24:22 - scraping.match_scraper - INFO - Regular innings: ['RCB', 'PBKS']
2025-12-11 19:24:22 - scraping.match_scraper - INFO - Super overs: []
2025-12-11 19:24:22 - scraping.match_scraper - INFO - Scraping default innings: PBKS
2025-12-11 19:24:22 - core.commentary_parser - INFO - Found 111 commentary blocks
2025-12-11 19:24:22 - core.commentary_parser - INFO - Parsed 111 commentary entries
2025-12-11 19:24:22 - core.commentary_parser - INFO - Normalizing to 6 columns (most common)
2025-12-11 19:24:22 - core.commentary_parser - INFO - Normalized 111 rows to 6 columns
2025-12-11 19:24:22 - core.commentary_parser - INFO - DataFrame created with 111 rows and 6 columns
2025-12-11 19:24:22 - core.commentary_parser - INFO - Final DataFrame: 111 rows with columns: ['Ball', 'Event', 'Score', 'Commentary', 'Bowler', 'Batsman']
2025-12-11 19:24:22 - core.commentary_parser - INFO -   Rows with commentary: 111
2025-12-11 19:24:22 - core.commentary_parser - INFO -   Rows without commentary: 0
2025-12-11 19:24:22 - scraping.match_scraper - INFO - PBKS: 111 events (super_over=False)
2025-12-11 19:24:22 - scraping.match_scraper - INFO - Switching to innings: RCB
2025-12-11 19:24:22 - core.page_navigator - INFO - Scrolling to top of page
2025-12-11 19:24:27 - core.page_navigator - INFO - Switching to innings: RCB
2025-12-11 19:25:01 - core.page_navigator - INFO - Found target innings: RCB
2025-12-11 19:25:05 - core.page_navigator - INFO - Successfully switched to RCB
2025-12-11 19:25:05 - scraping.match_scraper - INFO - Successfully switched to: RCB
2025-12-11 19:25:08 - core.page_navigator - INFO - Scrolling page 20 times
2025-12-11 19:26:08 - core.page_navigator - INFO - Page scrolling completed
2025-12-11 19:26:11 - scraping.match_scraper - INFO - Scraping innings: RCB
2025-12-11 19:26:11 - core.commentary_parser - INFO - Found 129 commentary blocks
2025-12-11 19:26:11 - core.commentary_parser - INFO - Parsed 129 commentary entries
2025-12-11 19:26:11 - core.commentary_parser - INFO - Normalizing to 6 columns (most common)
2025-12-11 19:26:11 - core.commentary_parser - INFO - Normalized 129 rows to 6 columns
2025-12-11 19:26:11 - core.commentary_parser - INFO - DataFrame created with 129 rows and 6 columns
2025-12-11 19:26:11 - core.commentary_parser - INFO - Final DataFrame: 129 rows with columns: ['Ball', 'Event', 'Score', 'Commentary', 'Bowler', 'Batsman']
2025-12-11 19:26:11 - core.commentary_parser - INFO -   Rows with commentary: 129
2025-12-11 19:26:11 - core.commentary_parser - INFO -   Rows without commentary: 0
2025-12-11 19:26:11 - scraping.match_scraper - INFO - RCB: 129 events (super_over=False)
2025-12-11 19:26:11 - scraping.match_scraper - INFO - Combining all innings dataframes
2025-12-11 19:26:11 - scraping.match_scraper - INFO - Total events: 240 across 2 innings
2025-12-11 19:26:11 - scraping.match_scraper - INFO -   - Regular innings: 240 events
2025-12-11 19:26:11 - scraping.match_scraper - INFO -   - Super over(s): 0 events
2025-12-11 19:26:11 - scraping.match_scraper - INFO - Saving commentary to database
2025-12-11 19:26:12 - scraping.match_scraper - INFO - Commentary saved: 240 total events
2025-12-11 19:26:12 - scraping.match_scraper - INFO - Saving metadata to database
2025-12-11 19:26:12 - scraping.match_scraper - ERROR - Error scraping match 1473511: column "player_of_the_series" of relation "match_metadata" does not exist
LINE 2: ...venue, toss, series, season, player_of_the_match, player_of_...
                                                             ^
Traceback (most recent call last):
  File "C:\Users\prade\Pycharm\Cricinfo_scraper\scraping\match_scraper.py", line 344, in scrape
    save_to_db("raw", "match_metadata", metadata_df)
  File "C:\Users\prade\Pycharm\Cricinfo_scraper\configs\db_config.py", line 120, in save_to_db
    execute_values(cur, insert_query, values)
  File "C:\Users\prade\PycharmProjects\Cricinfo_scraper\.venv\Lib\site-packages\psycopg2\extras.py", line 1299, in execute_values
    cur.execute(b''.join(parts))
psycopg2.errors.UndefinedColumn: column "player_of_the_series" of relation "match_metadata" does not exist
LINE 2: ...venue, toss, series, season, player_of_the_match, player_of_...
                                                             ^

2025-12-11 19:26:12 - scraping.match_scraper - INFO - Closing WebDriver
2025-12-11 19:26:14 - __main__ - ERROR - Non-retryable error for match 1473511: column "player_of_the_series" of relation "match_metadata" does not exist
LINE 2: ...venue, toss, series, season, player_of_the_match, player_of_...
                                                             ^

2025-12-11 19:26:14 - __main__ - INFO - Scraping complete - Found: 74, Downloaded: 0, Skipped: 73, Failed: 1
2025-12-11 19:26:14 - __main__ - WARNING - 1 matches failed to download
2025-12-11 19:26:15 - __main__ - ERROR - Failed match 1473511: column "player_of_the_series" of relation "match_metadata" does not exist
LINE 2: ...venue, toss, series, season, player_of_the_match, player_of_...
                                                             ^

2025-12-11 19:26:15 - __main__ - INFO - STEP 4: Processing through Medallion Architecture
2025-12-11 19:26:15 - __main__ - INFO - Starting Medallion Architecture pipeline
2025-12-11 19:26:15 - pipeline.orchestrator - INFO - Pipeline Orchestrator initialized
2025-12-11 19:26:15 - pipeline.orchestrator - INFO - 
================================================================================
2025-12-11 19:26:15 - pipeline.orchestrator - INFO - MEDALLION ARCHITECTURE PIPELINE - STARTING
2025-12-11 19:26:15 - pipeline.orchestrator - INFO - ================================================================================
2025-12-11 19:26:15 - pipeline.orchestrator - INFO - Start Time: 2025-12-11 19:26:15.052727
2025-12-11 19:26:15 - pipeline.orchestrator - INFO - Layers to execute: bronze, silver, gold
2025-12-11 19:26:15 - pipeline.orchestrator - INFO - ================================================================================
2025-12-11 19:26:15 - medallionlayer.bronze_layer - INFO - Bronze Layer initialized - Run ID: c590429d-ff7e-4102-b32a-4ae241dd2078
2025-12-11 19:26:15 - medallionlayer.bronze_layer - INFO - ======================================================================
2025-12-11 19:26:15 - medallionlayer.bronze_layer - INFO - BRONZE LAYER - Starting
2025-12-11 19:26:15 - medallionlayer.bronze_layer - INFO - ======================================================================
2025-12-11 19:26:15 - medallionlayer.bronze_layer - INFO - 
Processing table: match_metadata
2025-12-11 19:26:15 - medallionlayer.bronze_layer - INFO - Read 73 rows from raw.match_metadata
2025-12-11 19:26:15 - medallionlayer.bronze_layer - INFO -   No duplicates found based on ['matchid']
2025-12-11 19:26:15 - medallionlayer.bronze_layer - INFO - After quality checks: 73 rows (removed 0)
2025-12-11 19:26:15 - medallionlayer.bronze_layer - INFO - match_metadata: 73 rows ingested
2025-12-11 19:26:15 - medallionlayer.bronze_layer - INFO - 
Processing table: match_events
2025-12-11 19:26:15 - medallionlayer.bronze_layer - INFO - Read 17447 rows from raw.match_events
2025-12-11 19:26:15 - medallionlayer.bronze_layer - WARNING -   Found 240 duplicate rows based on ['matchid', 'ball', 'innings', 'commentary']
2025-12-11 19:26:15 - medallionlayer.bronze_layer - INFO - After quality checks: 17207 rows (removed 240)
2025-12-11 19:26:16 - medallionlayer.bronze_layer - INFO - match_events: 17207 rows ingested
2025-12-11 19:26:16 - medallionlayer.bronze_layer - INFO - 
Processing table: match_players
2025-12-11 19:26:16 - medallionlayer.bronze_layer - INFO - Read 1715 rows from raw.match_players
2025-12-11 19:26:16 - medallionlayer.bronze_layer - INFO -   No duplicates found based on ['matchid', 'innings', 'player_name']
2025-12-11 19:26:16 - medallionlayer.bronze_layer - INFO - After quality checks: 1715 rows (removed 0)
2025-12-11 19:26:17 - medallionlayer.bronze_layer - INFO - match_players: 1715 rows ingested
2025-12-11 19:26:17 - medallionlayer.bronze_layer - INFO - 
Validating innings data...
2025-12-11 19:26:17 - medallionlayer.bronze_layer - WARNING - Found 1 matches with incomplete innings data
2025-12-11 19:26:17 - medallionlayer.bronze_layer - WARNING -     Match 1473492: Has 1 innings (DC)
2025-12-11 19:26:17 - medallionlayer.bronze_layer - INFO - 
======================================================================
2025-12-11 19:26:17 - medallionlayer.bronze_layer - INFO - DATA QUALITY REPORT
2025-12-11 19:26:17 - medallionlayer.bronze_layer - INFO - ======================================================================
2025-12-11 19:26:17 - medallionlayer.bronze_layer - INFO - 
DUPLICATES REMOVED:
2025-12-11 19:26:17 - medallionlayer.bronze_layer - INFO -   match_metadata: No duplicates found
2025-12-11 19:26:17 - medallionlayer.bronze_layer - INFO -   match_events: 240 duplicate rows removed
2025-12-11 19:26:17 - medallionlayer.bronze_layer - INFO -   match_players: No duplicates found
2025-12-11 19:26:17 - medallionlayer.bronze_layer - INFO - 
NULL VALUES FOUND:
2025-12-11 19:26:17 - medallionlayer.bronze_layer - INFO -   match_metadata: No null values in required columns
2025-12-11 19:26:17 - medallionlayer.bronze_layer - INFO -   match_events: No null values in required columns
2025-12-11 19:26:17 - medallionlayer.bronze_layer - INFO -   match_players: No null values in required columns
2025-12-11 19:26:17 - medallionlayer.bronze_layer - INFO - 
INNINGS VALIDATION:
2025-12-11 19:26:17 - medallionlayer.bronze_layer - WARNING - 1 matches with incomplete innings data
2025-12-11 19:26:17 - medallionlayer.bronze_layer - INFO - ======================================================================

2025-12-11 19:26:17 - medallionlayer.bronze_layer - INFO - 
======================================================================
2025-12-11 19:26:17 - medallionlayer.bronze_layer - INFO - BRONZE LAYER - Complete
2025-12-11 19:26:17 - medallionlayer.bronze_layer - INFO - Tables Processed: 3/3
2025-12-11 19:26:17 - medallionlayer.bronze_layer - INFO - Total Rows: 18995
2025-12-11 19:26:17 - medallionlayer.bronze_layer - INFO - ======================================================================
2025-12-11 19:26:17 - medallionlayer.silver_layer - INFO - Silver Layer initialized
2025-12-11 19:26:17 - medallionlayer.silver_layer - INFO - ======================================================================
2025-12-11 19:26:17 - medallionlayer.silver_layer - INFO - SILVER LAYER - Starting
2025-12-11 19:26:17 - medallionlayer.silver_layer - INFO - ======================================================================
2025-12-11 19:26:17 - medallionlayer.silver_layer - INFO - 
Processing table: match_metadata
2025-12-11 19:26:17 - medallionlayer.silver_layer - INFO - Read 73 rows from bronze.match_metadata
2025-12-11 19:26:17 - medallionlayer.silver_layer - INFO - Cleaned columns: ['venue', 'series', 'toss', 'player_of_the_match']
2025-12-11 19:26:17 - medallionlayer.silver_layer - INFO - After transformations: 73 rows (removed 0)
2025-12-11 19:26:17 - medallionlayer.silver_layer - INFO - Removed Bronze audit columns: ['ingestion_timestamp', 'source_system', 'pipeline_run_id', 'is_active']
2025-12-11 19:26:17 - medallionlayer.silver_layer - INFO - match_metadata: 73 rows processed
2025-12-11 19:26:17 - medallionlayer.silver_layer - INFO - 
Processing table: match_events
2025-12-11 19:26:17 - medallionlayer.silver_layer - INFO - Read 17207 rows from bronze.match_events
2025-12-11 19:26:17 - medallionlayer.silver_layer - INFO - Cleaned columns: ['bowler', 'batsman', 'commentary', 'innings']
2025-12-11 19:26:17 - medallionlayer.silver_layer - INFO - Converting 'score' column to numeric...
2025-12-11 19:26:17 - medallionlayer.silver_layer - INFO - Score conversion: 16330 converted, 877 not converted (set to 0)
2025-12-11 19:26:17 - medallionlayer.silver_layer - INFO - Extracting dismissal information...
2025-12-11 19:26:19 - medallionlayer.silver_layer - INFO - Extracted dismissal info for 448 wickets
2025-12-11 19:26:19 - medallionlayer.silver_layer - INFO - Enriching player names for columns: ['batsman', 'bowler', 'fielder_name']
2025-12-11 19:26:19 - medallionlayer.silver_layer - INFO - Loaded 1633 player records for enrichment
2025-12-11 19:26:19 - medallionlayer.silver_layer - INFO - Enriching column: batsman
2025-12-11 19:26:25 - medallionlayer.silver_layer - INFO -   batsman: 13217 enriched, 1214 not found, 0 null
2025-12-11 19:26:25 - medallionlayer.silver_layer - INFO - Enriching column: bowler
2025-12-11 19:26:27 - medallionlayer.silver_layer - INFO -   bowler: 11958 enriched, 160 not found, 0 null
2025-12-11 19:26:27 - medallionlayer.silver_layer - INFO - Enriching column: fielder_name
2025-12-11 19:26:28 - medallionlayer.silver_layer - INFO -   fielder_name: 235 enriched, 19 not found, 16643 null
2025-12-11 19:26:28 - medallionlayer.silver_layer - INFO - Deduplicating player names within teams (per-match)...
2025-12-11 19:26:28 - medallionlayer.silver_layer - INFO - Per-match deduplication: 0 entries deduplicated
2025-12-11 19:26:28 - medallionlayer.silver_layer - INFO - Running global player name deduplication...
2025-12-11 19:26:29 - medallionlayer.silver_layer - INFO - Global deduplication: 0 entries deduplicated
2025-12-11 19:26:29 - medallionlayer.silver_layer - INFO - Enriching innings with team names from bronze.match_players...
2025-12-11 19:26:29 - medallionlayer.silver_layer - INFO - Loaded 1715 team-innings mappings from bronze.match_players
2025-12-11 19:26:29 - medallionlayer.silver_layer - INFO - Created 143 direct mappings
2025-12-11 19:26:29 - medallionlayer.silver_layer - INFO - Created 144 match-team mappings
2025-12-11 19:26:29 - medallionlayer.silver_layer - INFO - Created 432 abbreviation mappings
2025-12-11 19:26:29 - medallionlayer.silver_layer - WARNING - Found 1 matches in events without player data
2025-12-11 19:26:29 - medallionlayer.silver_layer - WARNING - Will use IPL abbreviation mapping for these matches: [1473511]
2025-12-11 19:26:35 - medallionlayer.silver_layer - INFO - Enriched 17197 records with team names
2025-12-11 19:26:35 - medallionlayer.silver_layer - INFO - Innings enrichment summary:
2025-12-11 19:26:35 - medallionlayer.silver_layer - INFO -   'CSK' -> 'Chennai Super Kings' (1744 rows)
2025-12-11 19:26:35 - medallionlayer.silver_layer - INFO -   'DC' -> 'Delhi Capitals' (1664 rows)
2025-12-11 19:26:35 - medallionlayer.silver_layer - INFO -   'GT' -> 'Gujarat Titans' (1837 rows)
2025-12-11 19:26:35 - medallionlayer.silver_layer - INFO -   'KKR' -> 'Kolkata Knight Riders' (1381 rows)
2025-12-11 19:26:35 - medallionlayer.silver_layer - INFO -   'LSG' -> 'Lucknow Super Giants' (1744 rows)
2025-12-11 19:26:35 - medallionlayer.silver_layer - INFO -   'MI' -> 'Mumbai Indians' (1885 rows)
2025-12-11 19:26:35 - medallionlayer.silver_layer - INFO -   'PBKS' -> 'Punjab Kings' (1957 rows)
2025-12-11 19:26:35 - medallionlayer.silver_layer - INFO -   'RCB' -> 'Royal Challengers Bengaluru' (1713 rows)
2025-12-11 19:26:35 - medallionlayer.silver_layer - INFO -   'RR' -> 'Rajasthan Royals' (1673 rows)
2025-12-11 19:26:35 - medallionlayer.silver_layer - INFO -   'SRH' -> 'Sunrisers Hyderabad' (1599 rows)
2025-12-11 19:26:35 - medallionlayer.silver_layer - INFO - Resolving 10 Super Over innings to team names...
2025-12-11 19:26:35 - medallionlayer.silver_layer - INFO - Super Over resolution: 10 resolved, 0 unresolved
2025-12-11 19:26:35 - medallionlayer.silver_layer - INFO - All team abbreviations successfully enriched
2025-12-11 19:26:35 - medallionlayer.silver_layer - INFO - All Super Over innings resolved to team names
2025-12-11 19:26:35 - medallionlayer.silver_layer - INFO - After transformations: 17207 rows (removed 0)
2025-12-11 19:26:35 - medallionlayer.silver_layer - INFO - Removed Bronze audit columns: ['ingestion_timestamp', 'source_system', 'pipeline_run_id', 'is_active']
2025-12-11 19:26:36 - medallionlayer.silver_layer - INFO - match_events: 17207 rows processed
2025-12-11 19:26:36 - medallionlayer.silver_layer - INFO - 
Processing table: match_players
2025-12-11 19:26:37 - medallionlayer.silver_layer - INFO - Read 1715 rows from bronze.match_players
2025-12-11 19:26:37 - medallionlayer.silver_layer - INFO - Cleaned columns: ['player_name', 'team']
2025-12-11 19:26:37 - medallionlayer.silver_layer - INFO - After transformations: 1715 rows (removed 0)
2025-12-11 19:26:37 - medallionlayer.silver_layer - INFO - Removed Bronze audit columns: ['ingestion_timestamp', 'source_system', 'pipeline_run_id', 'is_active']
2025-12-11 19:26:37 - medallionlayer.silver_layer - INFO - match_players: 1715 rows processed
2025-12-11 19:26:37 - medallionlayer.silver_layer - INFO - 
======================================================================
2025-12-11 19:26:37 - medallionlayer.silver_layer - INFO - SILVER LAYER - Complete
2025-12-11 19:26:37 - medallionlayer.silver_layer - INFO - Tables Processed: 3
2025-12-11 19:26:37 - medallionlayer.silver_layer - INFO - Total Rows: 18995
2025-12-11 19:26:37 - medallionlayer.silver_layer - INFO - ======================================================================
2025-12-11 19:26:37 - medallionlayer.gold_layer - INFO - Gold Layer initialized
2025-12-11 19:26:37 - medallionlayer.gold_layer - INFO - ======================================================================
2025-12-11 19:26:37 - medallionlayer.gold_layer - INFO - GOLD LAYER - Starting
2025-12-11 19:26:37 - medallionlayer.gold_layer - INFO - ======================================================================
2025-12-11 19:26:37 - medallionlayer.gold_layer - INFO - 
Processing aggregation: match_summary
2025-12-11 19:26:37 - medallionlayer.gold_layer - INFO - Processing enhanced match summary...
2025-12-11 19:26:37 - medallionlayer.gold_layer - INFO - Loaded 145 innings scores from 73 matches
2025-12-11 19:26:37 - medallionlayer.gold_layer - INFO - Pivoted scores for 73 matches
2025-12-11 19:26:37 - medallionlayer.gold_layer - INFO - Created match summary with 73 matches
2025-12-11 19:26:37 - medallionlayer.gold_layer - INFO - Columns: ['matchid', 'venue', 'series', 'series_id', 'season', 'player_of_the_match', 'batting_first', 'batting_second', 'first_innings_score', 'second_innings_score', 'winner', 'margin', 'result_type', 'margin_type', 'created_at', 'updated_at']
2025-12-11 19:26:38 - medallionlayer.gold_layer - INFO - Successfully created 73 rows for match_summary
2025-12-11 19:26:38 - medallionlayer.gold_layer - INFO - 
Processing aggregation: series_summary
2025-12-11 19:26:38 - medallionlayer.gold_layer - INFO - Processing enhanced series summary...
2025-12-11 19:26:38 - medallionlayer.gold_layer - INFO - Successfully created 1 rows for series_summary
2025-12-11 19:26:38 - medallionlayer.gold_layer - INFO - 
Processing aggregation: venue_statistics
2025-12-11 19:26:38 - medallionlayer.gold_layer - INFO - Read 73 rows from silver.match_metadata
2025-12-11 19:26:38 - medallionlayer.gold_layer - INFO -   Aggregated to 14 rows
2025-12-11 19:26:38 - medallionlayer.gold_layer - INFO - Final DataFrame columns: ['venue', 'season', 'total_matches', 'created_at', 'updated_at']
2025-12-11 19:26:38 - medallionlayer.gold_layer - INFO - Successfully wrote 14 rows to gold.venue_statistics
2025-12-11 19:26:38 - medallionlayer.gold_layer - INFO - Successfully created 14 rows for venue_statistics
2025-12-11 19:26:38 - medallionlayer.gold_layer - INFO - 
Processing aggregation: match_ball_statistics
2025-12-11 19:26:38 - medallionlayer.gold_layer - INFO - Processing match ball statistics with wickets...
2025-12-11 19:26:39 - medallionlayer.gold_layer - INFO - Successfully created 145 rows for match_ball_statistics
2025-12-11 19:26:39 - medallionlayer.gold_layer - INFO - 
Processing aggregation: match_batsman_statistics
2025-12-11 19:26:39 - medallionlayer.gold_layer - INFO - Processing match batsman statistics with run distribution...
2025-12-11 19:26:39 - medallionlayer.gold_layer - INFO - Successfully created 1115 rows for match_batsman_statistics
2025-12-11 19:26:39 - medallionlayer.gold_layer - INFO - 
Processing aggregation: match_bowler_statistics
2025-12-11 19:26:39 - medallionlayer.gold_layer - INFO - Processing match bowler statistics with wickets and extras...
2025-12-11 19:26:40 - medallionlayer.gold_layer - INFO - Successfully created 862 rows for match_bowler_statistics
2025-12-11 19:26:40 - medallionlayer.gold_layer - INFO - 
Processing aggregation: batsman_statistics
2025-12-11 19:26:40 - medallionlayer.gold_layer - INFO - Processing career batting statistics...
2025-12-11 19:26:40 - medallionlayer.gold_layer - INFO - Successfully created 202 rows for batsman_statistics
2025-12-11 19:26:40 - medallionlayer.gold_layer - INFO - 
Processing aggregation: bowler_statistics
2025-12-11 19:26:40 - medallionlayer.gold_layer - INFO - Processing career bowling statistics...
2025-12-11 19:26:40 - medallionlayer.gold_layer - INFO - Successfully created 139 rows for bowler_statistics
2025-12-11 19:26:40 - medallionlayer.gold_layer - INFO - 
Processing aggregation: player_team_history
2025-12-11 19:26:40 - medallionlayer.gold_layer - INFO - Processing SCD Type 2 (SQL MERGE) for player_team_history
2025-12-11 19:26:41 - medallionlayer.gold_layer - INFO - Read 1715 rows from silver.match_players
2025-12-11 19:26:41 - medallionlayer.gold_layer - INFO - Season not in match_players, fetching from match_metadata
2025-12-11 19:26:41 - medallionlayer.gold_layer - INFO - Enriched with season data: 1715 records
2025-12-11 19:26:41 - medallionlayer.gold_layer - INFO - Series not in match_players, fetching from match_metadata
2025-12-11 19:26:41 - medallionlayer.gold_layer - INFO - Enriched with series data: 1715/1715 records have series
2025-12-11 19:26:41 - medallionlayer.gold_layer - INFO - Built dimension with 207 player-team-season combinations
2025-12-11 19:26:41 - medallionlayer.gold_layer - INFO - Series column populated for 207/207 records
2025-12-11 19:26:41 - medallionlayer.gold_layer - INFO - Built 207 dimension records
2025-12-11 19:26:41 - medallionlayer.gold_layer - INFO - Creating staging table...
2025-12-11 19:26:41 - medallionlayer.gold_layer - INFO - Staging table created successfully
2025-12-11 19:26:41 - medallionlayer.gold_layer - INFO - Loading data into staging table...
2025-12-11 19:26:41 - medallionlayer.gold_layer - INFO - Loaded 207 records into staging
2025-12-11 19:26:41 - medallionlayer.gold_layer - INFO - Step 1/3: Expiring old records where player changed teams...
2025-12-11 19:26:41 - medallionlayer.gold_layer - INFO - Expired 0 old records
2025-12-11 19:26:41 - medallionlayer.gold_layer - INFO - Step 2/3: Updating existing current records...
2025-12-11 19:26:41 - medallionlayer.gold_layer - INFO - Updated 0 existing records
2025-12-11 19:26:41 - medallionlayer.gold_layer - INFO - Step 3/3: Inserting new records...
2025-12-11 19:26:41 - medallionlayer.gold_layer - INFO - Inserted 207 new records
2025-12-11 19:26:41 - medallionlayer.gold_layer - INFO - ======================================================================
2025-12-11 19:26:41 - medallionlayer.gold_layer - INFO - SCD TYPE 2 MERGE COMPLETE
2025-12-11 19:26:41 - medallionlayer.gold_layer - INFO -   Expired: 0 records (player changed teams)
2025-12-11 19:26:41 - medallionlayer.gold_layer - INFO -   Updated: 0 records (accumulated stats)
2025-12-11 19:26:41 - medallionlayer.gold_layer - INFO -   Inserted: 207 records (new combinations)
2025-12-11 19:26:41 - medallionlayer.gold_layer - INFO -   Total: 207 records processed
2025-12-11 19:26:41 - medallionlayer.gold_layer - INFO - ======================================================================
2025-12-11 19:26:41 - medallionlayer.gold_layer - INFO - Successfully created 207 rows for player_team_history
2025-12-11 19:26:41 - medallionlayer.gold_layer - INFO - 
======================================================================
2025-12-11 19:26:41 - medallionlayer.gold_layer - INFO - GOLD LAYER - Complete
2025-12-11 19:26:41 - medallionlayer.gold_layer - INFO - Aggregations Processed: 9
2025-12-11 19:26:41 - medallionlayer.gold_layer - INFO - Total Rows: 2758
2025-12-11 19:26:41 - medallionlayer.gold_layer - INFO - ======================================================================
2025-12-11 19:26:41 - pipeline.orchestrator - INFO - 
================================================================================
2025-12-11 19:26:41 - pipeline.orchestrator - INFO - PIPELINE EXECUTION SUMMARY
2025-12-11 19:26:41 - pipeline.orchestrator - INFO - ================================================================================
2025-12-11 19:26:41 - pipeline.orchestrator - INFO - Status: SUCCESS
2025-12-11 19:26:41 - pipeline.orchestrator - INFO - Duration: 26.74 seconds
2025-12-11 19:26:41 - pipeline.orchestrator - INFO - 
BRONZE Layer:
2025-12-11 19:26:41 - pipeline.orchestrator - INFO -   Status: success
2025-12-11 19:26:41 - pipeline.orchestrator - INFO -   Tables Processed: 3
2025-12-11 19:26:41 - pipeline.orchestrator - INFO -   Total Rows: 18995
2025-12-11 19:26:41 - pipeline.orchestrator - INFO - 
SILVER Layer:
2025-12-11 19:26:41 - pipeline.orchestrator - INFO -   Status: success
2025-12-11 19:26:41 - pipeline.orchestrator - INFO -   Tables Processed: 3
2025-12-11 19:26:41 - pipeline.orchestrator - INFO -   Total Rows: 18995
2025-12-11 19:26:41 - pipeline.orchestrator - INFO - 
GOLD Layer:
2025-12-11 19:26:41 - pipeline.orchestrator - INFO -   Status: success
2025-12-11 19:26:41 - pipeline.orchestrator - INFO -   Aggregations: 9
2025-12-11 19:26:41 - pipeline.orchestrator - INFO -   Total Rows: 2758
2025-12-11 19:26:41 - pipeline.orchestrator - INFO - ================================================================================

2025-12-11 19:26:41 - __main__ - INFO - Pipeline completed - Status: success, Duration: 26.74s
2025-12-11 19:26:41 - __main__ - INFO - Pipeline completed successfully
