2025-12-08 16:43:32 - __main__ - INFO - Cricket Data Pipeline Started
2025-12-08 16:43:32 - __main__ - INFO - STEP 1: Initializing database and schemas
2025-12-08 16:43:33 - configs.db_config - INFO - Initializing Medallion Architecture schemas...
2025-12-08 16:43:34 - configs.db_config - INFO - Medallion schemas (Bronze, Silver, Gold) initialized
2025-12-08 16:43:34 - __main__ - INFO - Database initialization complete
2025-12-08 16:43:34 - __main__ - INFO - STEP 2: Loading configuration
2025-12-08 16:43:34 - __main__ - INFO - Configuration loaded successfully
2025-12-08 16:43:34 - __main__ - INFO - STEP 3: Scraping data from Cricinfo
2025-12-08 16:43:34 - __main__ - INFO - Initializing match tracker
2025-12-08 16:43:34 - __main__ - INFO - Current Status: 0 matches already downloaded
2025-12-08 16:43:34 - __main__ - INFO - Fetching match schedule from Cricinfo
2025-12-08 16:43:34 - scraping.schedule_scraper - INFO - Initializing WebDriver for schedule scraping
2025-12-08 16:43:41 - scraping.schedule_scraper - INFO - Loading schedule page - attempt 1
2025-12-08 16:43:58 - scraping.schedule_scraper - INFO - Schedule page loaded successfully
2025-12-08 16:43:58 - scraping.schedule_scraper - INFO - Parsing schedule page with BeautifulSoup
2025-12-08 16:44:17 - scraping.schedule_scraper - INFO - Extracting match links from schedule
2025-12-08 16:44:17 - scraping.schedule_scraper - INFO - Successfully extracted 105 match links
2025-12-08 16:44:17 - scraping.schedule_scraper - INFO - Closing WebDriver
2025-12-08 16:44:22 - __main__ - INFO - Found 105 total links
2025-12-08 16:44:22 - __main__ - INFO - Found 1 match scorecards
2025-12-08 16:44:22 - __main__ - INFO - Starting match scraping process with retry logic
2025-12-08 16:44:22 - __main__ - INFO - Processing match 1/1: https://www.espncricinfo.com/series/ipl-2025-1449924/kolkata-knight-riders-vs-royal-challengers-bengaluru-1st-match-1473438/full-scorecard
2025-12-08 16:44:22 - __main__ - INFO - Attempting to download match 1473438 (attempt 1/4)
2025-12-08 16:44:22 - scraping.player_extractor - INFO - PlayerExtractor initialized - Target: raw.match_players
2025-12-08 16:44:22 - scraping.match_scraper - INFO - Initializing WebDriver
2025-12-08 16:44:29 - scraping.match_scraper - INFO - Loading full scorecard - attempt 1
2025-12-08 16:44:45 - scraping.match_scraper - INFO - full scorecard loaded successfully
2025-12-08 16:44:45 - scraping.match_scraper - INFO - Scrolling full scorecard page
2025-12-08 16:44:45 - core.page_navigator - INFO - Scrolling page 5 times
2025-12-08 16:45:08 - core.page_navigator - INFO - Page scrolling completed
2025-12-08 16:45:11 - scraping.match_scraper - INFO - Extracting metadata
2025-12-08 16:45:27 - scraping.match_scraper - INFO - Closing WebDriver
2025-12-08 16:45:39 - __main__ - INFO - Cricket Data Pipeline Started
2025-12-08 16:45:39 - __main__ - INFO - STEP 1: Initializing database and schemas
2025-12-08 16:45:41 - configs.db_config - INFO - Initializing Medallion Architecture schemas...
2025-12-08 16:45:41 - configs.db_config - INFO - Medallion schemas (Bronze, Silver, Gold) initialized
2025-12-08 16:45:41 - __main__ - INFO - Database initialization complete
2025-12-08 16:45:41 - __main__ - INFO - STEP 2: Loading configuration
2025-12-08 16:45:41 - __main__ - INFO - Configuration loaded successfully
2025-12-08 16:45:41 - __main__ - INFO - STEP 3: Scraping data from Cricinfo
2025-12-08 16:45:41 - __main__ - INFO - Initializing match tracker
2025-12-08 16:45:42 - __main__ - INFO - Current Status: 0 matches already downloaded
2025-12-08 16:45:42 - __main__ - INFO - Fetching match schedule from Cricinfo
2025-12-08 16:45:42 - scraping.schedule_scraper - INFO - Initializing WebDriver for schedule scraping
2025-12-08 16:45:48 - scraping.schedule_scraper - INFO - Loading schedule page - attempt 1
2025-12-08 16:46:03 - scraping.schedule_scraper - INFO - Schedule page loaded successfully
2025-12-08 16:46:03 - scraping.schedule_scraper - INFO - Parsing schedule page with BeautifulSoup
2025-12-08 16:46:20 - scraping.schedule_scraper - INFO - Extracting match links from schedule
2025-12-08 16:46:20 - scraping.schedule_scraper - INFO - Successfully extracted 105 match links
2025-12-08 16:46:20 - scraping.schedule_scraper - INFO - Closing WebDriver
2025-12-08 16:46:23 - __main__ - INFO - Found 105 total links
2025-12-08 16:46:23 - __main__ - INFO - Found 74 match scorecards
2025-12-08 16:46:23 - __main__ - INFO - Loading match cache
2025-12-08 16:46:23 - __main__ - INFO - Starting match scraping process with retry logic
2025-12-08 16:46:23 - __main__ - INFO - Processing match 1/74: https://www.espncricinfo.com/series/ipl-2025-1449924/kolkata-knight-riders-vs-royal-challengers-bengaluru-1st-match-1473438/full-scorecard
2025-12-08 16:46:23 - __main__ - INFO - Attempting to download match 1473438 (attempt 1/4)
2025-12-08 16:46:23 - scraping.player_extractor - INFO - PlayerExtractor initialized - Target: raw.match_players
2025-12-08 16:46:23 - scraping.match_scraper - INFO - Initializing WebDriver
2025-12-08 16:46:28 - scraping.match_scraper - INFO - Loading full scorecard - attempt 1
2025-12-08 16:46:40 - scraping.match_scraper - INFO - full scorecard loaded successfully
2025-12-08 16:46:40 - scraping.match_scraper - INFO - Scrolling full scorecard page
2025-12-08 16:46:40 - core.page_navigator - INFO - Scrolling page 5 times
2025-12-08 16:47:02 - core.page_navigator - INFO - Page scrolling completed
2025-12-08 16:47:05 - scraping.match_scraper - INFO - Extracting metadata
2025-12-08 16:47:06 - core.metadata_extractor - INFO - Found 14 metadata rows for match 1473438
2025-12-08 16:47:06 - core.metadata_extractor - INFO - Extracted 15 metadata fields for match 1473438
2025-12-08 16:47:06 - scraping.match_scraper - INFO - Loading commentary page - attempt 1
2025-12-08 16:47:18 - scraping.match_scraper - INFO - commentary page loaded successfully
2025-12-08 16:47:18 - scraping.match_scraper - INFO - Scrolling commentary page
2025-12-08 16:47:18 - core.page_navigator - INFO - Scrolling page 25 times
2025-12-08 16:48:17 - core.page_navigator - INFO - Page scrolling completed
2025-12-08 16:48:20 - scraping.match_scraper - INFO - Extracting first innings data
2025-12-08 16:48:20 - scraping.match_scraper - INFO - Default batting team: RCB
2025-12-08 16:48:20 - core.commentary_parser - INFO - Found 99 commentary blocks
2025-12-08 16:48:20 - core.commentary_parser - INFO - Parsed 99 commentary entries
2025-12-08 16:48:20 - core.commentary_parser - INFO - Created DataFrame with 99 rows
2025-12-08 16:48:20 - scraping.match_scraper - INFO - First innings: 99 events
2025-12-08 16:48:20 - core.page_navigator - INFO - Scrolling to top of page
2025-12-08 16:48:26 - scraping.match_scraper - INFO - Switching to second innings
2025-12-08 16:48:26 - core.page_navigator - INFO - Switching innings from: RCB
2025-12-08 16:49:01 - core.page_navigator - INFO - Switching to innings: KKR
2025-12-08 16:49:04 - core.page_navigator - INFO - Successfully switched to KKR
2025-12-08 16:49:04 - scraping.match_scraper - INFO - Switched batting team: KKR
2025-12-08 16:49:09 - core.page_navigator - INFO - Scrolling page 25 times
2025-12-08 16:50:00 - core.page_navigator - INFO - Page scrolling completed
2025-12-08 16:50:05 - core.commentary_parser - INFO - Found 124 commentary blocks
2025-12-08 16:50:05 - core.commentary_parser - INFO - Parsed 124 commentary entries
2025-12-08 16:50:05 - core.commentary_parser - INFO - Created DataFrame with 124 rows
2025-12-08 16:50:05 - scraping.match_scraper - INFO - Second innings: 124 events
2025-12-08 16:50:05 - scraping.match_scraper - INFO - Saving commentary to database
2025-12-08 16:50:05 - scraping.match_scraper - INFO - Commentary saved: 223 total events
2025-12-08 16:50:05 - scraping.match_scraper - INFO - Saving metadata to database
2025-12-08 16:50:05 - scraping.match_scraper - INFO - Extracting player rosters...
2025-12-08 16:50:05 - scraping.player_extractor - INFO - Extracting players for match 1473438
2025-12-08 16:50:06 - core.metadata_extractor - INFO - Extracting player names for match 1473438
2025-12-08 16:50:06 - core.metadata_extractor - WARNING - No scorecard tables found for match 1473438
2025-12-08 16:50:06 - scraping.player_extractor - WARNING - No players extracted for match 1473438
2025-12-08 16:50:06 - scraping.match_scraper - WARNING - Player extraction failed
2025-12-08 16:50:06 - scraping.match_scraper - INFO - Successfully completed scraping match 1473438
2025-12-08 16:50:06 - scraping.match_scraper - INFO - Closing WebDriver
2025-12-08 16:50:10 - __main__ - INFO - Successfully downloaded match 1473438
2025-12-08 16:50:20 - __main__ - INFO - Processing match 2/74: https://www.espncricinfo.com/series/ipl-2025-1449924/sunrisers-hyderabad-vs-rajasthan-royals-2nd-match-1473439/full-scorecard
2025-12-08 16:50:20 - __main__ - INFO - Attempting to download match 1473439 (attempt 1/4)
2025-12-08 16:50:20 - scraping.player_extractor - INFO - PlayerExtractor initialized - Target: raw.match_players
2025-12-08 16:50:20 - scraping.match_scraper - INFO - Initializing WebDriver
2025-12-08 16:50:27 - scraping.match_scraper - INFO - Loading full scorecard - attempt 1
2025-12-08 16:50:42 - scraping.match_scraper - INFO - full scorecard loaded successfully
2025-12-08 16:50:42 - scraping.match_scraper - INFO - Scrolling full scorecard page
2025-12-08 16:50:42 - core.page_navigator - INFO - Scrolling page 5 times
2025-12-08 16:51:15 - core.page_navigator - INFO - Page scrolling completed
2025-12-08 16:51:18 - scraping.match_scraper - INFO - Extracting metadata
2025-12-08 16:51:22 - core.metadata_extractor - INFO - Found 14 metadata rows for match 1473439
2025-12-08 16:51:22 - core.metadata_extractor - INFO - Extracted 15 metadata fields for match 1473439
2025-12-08 16:51:22 - scraping.match_scraper - INFO - Loading commentary page - attempt 1
2025-12-08 16:51:36 - scraping.match_scraper - INFO - commentary page loaded successfully
2025-12-08 16:51:36 - scraping.match_scraper - INFO - Scrolling commentary page
2025-12-08 16:51:36 - core.page_navigator - INFO - Scrolling page 25 times
2025-12-08 16:52:10 - scraping.match_scraper - INFO - Closing WebDriver
2025-12-08 16:58:43 - __main__ - INFO - Cricket Data Pipeline Started
2025-12-08 16:58:43 - __main__ - INFO - STEP 1: Initializing database and schemas
2025-12-08 16:58:44 - configs.db_config - INFO - Initializing Medallion Architecture schemas...
2025-12-08 16:58:45 - configs.db_config - INFO - Medallion schemas (Bronze, Silver, Gold) initialized
2025-12-08 16:58:45 - __main__ - INFO - Database initialization complete
2025-12-08 16:58:45 - __main__ - INFO - STEP 2: Loading configuration
2025-12-08 16:58:45 - __main__ - INFO - Configuration loaded successfully
2025-12-08 16:58:45 - __main__ - INFO - STEP 3: Scraping data from Cricinfo
2025-12-08 16:58:45 - __main__ - INFO - Initializing match tracker
2025-12-08 16:58:45 - __main__ - INFO - Current Status: 0 matches already downloaded
2025-12-08 16:58:45 - __main__ - INFO - Fetching match schedule from Cricinfo
2025-12-08 16:58:45 - scraping.schedule_scraper - INFO - Initializing WebDriver for schedule scraping
2025-12-08 16:59:00 - scraping.schedule_scraper - INFO - Loading schedule page - attempt 1
2025-12-08 16:59:23 - scraping.schedule_scraper - INFO - Schedule page loaded successfully
2025-12-08 16:59:23 - scraping.schedule_scraper - INFO - Parsing schedule page with BeautifulSoup
2025-12-08 16:59:33 - scraping.schedule_scraper - INFO - Extracting match links from schedule
2025-12-08 16:59:33 - scraping.schedule_scraper - INFO - Successfully extracted 105 match links
2025-12-08 16:59:33 - scraping.schedule_scraper - INFO - Closing WebDriver
2025-12-08 16:59:52 - __main__ - INFO - Found 105 total links
2025-12-08 16:59:52 - __main__ - INFO - Found 74 match scorecards
2025-12-08 16:59:52 - __main__ - INFO - Loading match cache
2025-12-08 16:59:52 - __main__ - INFO - Starting match scraping process with retry logic
2025-12-08 16:59:52 - __main__ - INFO - Processing match 1/74: https://www.espncricinfo.com/series/ipl-2025-1449924/kolkata-knight-riders-vs-royal-challengers-bengaluru-1st-match-1473438/full-scorecard
2025-12-08 16:59:52 - __main__ - INFO - Attempting to download match 1473438 (attempt 1/4)
2025-12-08 16:59:52 - scraping.player_extractor - INFO - PlayerExtractor initialized - Target: raw.match_players
2025-12-08 16:59:52 - scraping.match_scraper - INFO - Initializing WebDriver
2025-12-08 16:59:58 - scraping.match_scraper - INFO - Loading full scorecard - attempt 1
2025-12-08 17:00:16 - scraping.match_scraper - INFO - full scorecard loaded successfully
2025-12-08 17:00:16 - scraping.match_scraper - INFO - Scrolling full scorecard page
2025-12-08 17:00:16 - core.page_navigator - INFO - Scrolling page 5 times
2025-12-08 17:00:42 - core.page_navigator - INFO - Page scrolling completed
2025-12-08 17:00:45 - scraping.match_scraper - INFO - Extracting metadata
2025-12-08 17:00:54 - core.metadata_extractor - INFO - Found 14 metadata rows for match 1473438
2025-12-08 17:00:54 - core.metadata_extractor - INFO - Extracted 15 metadata fields for match 1473438
2025-12-08 17:00:54 - scraping.match_scraper - INFO - Extracting player rosters...
2025-12-08 17:00:54 - scraping.player_extractor - INFO - Extracting players for match 1473438
2025-12-08 17:00:55 - core.metadata_extractor - INFO - Extracting player names for match 1473438
2025-12-08 17:00:55 - core.metadata_extractor - INFO - Found 2 scorecard table(s)
2025-12-08 17:00:55 - core.metadata_extractor - INFO -   innings_1 (Kolkata Knight Riders): 10 batted, 1 did not bat
2025-12-08 17:00:55 - core.metadata_extractor - INFO -   innings_2 (Royal Challengers Bengaluru): 5 batted, 6 did not bat
2025-12-08 17:00:55 - core.metadata_extractor - INFO -   Found 14 impact players/substitutes
2025-12-08 17:00:55 - core.metadata_extractor - INFO - Created DataFrame with 36 player records from 2 innings
2025-12-08 17:00:55 - scraping.player_extractor - INFO - Stored 32 players for match 1473438
2025-12-08 17:00:55 - scraping.player_extractor - INFO -   Teams: Kolkata Knight Riders, Royal Challengers Bengaluru
2025-12-08 17:00:55 - scraping.player_extractor - INFO -   Batted: 14, Did not bat: 18
2025-12-08 17:00:55 - scraping.match_scraper - INFO - Stored 32 players
2025-12-08 17:00:55 - scraping.match_scraper - INFO -   - Kolkata Knight Riders
2025-12-08 17:00:55 - scraping.match_scraper - INFO -   - Royal Challengers Bengaluru
2025-12-08 17:00:55 - scraping.match_scraper - INFO - Loading commentary page - attempt 1
2025-12-08 17:01:11 - scraping.match_scraper - INFO - commentary page loaded successfully
2025-12-08 17:01:11 - scraping.match_scraper - INFO - Scrolling commentary page
2025-12-08 17:01:11 - core.page_navigator - INFO - Scrolling page 25 times
2025-12-08 17:02:03 - scraping.match_scraper - INFO - Closing WebDriver
2025-12-08 17:02:19 - __main__ - INFO - Cricket Data Pipeline Started
2025-12-08 17:02:19 - __main__ - INFO - STEP 1: Initializing database and schemas
2025-12-08 17:02:20 - configs.db_config - INFO - Initializing Medallion Architecture schemas...
2025-12-08 17:02:21 - configs.db_config - INFO - Medallion schemas (Bronze, Silver, Gold) initialized
2025-12-08 17:02:21 - __main__ - INFO - Database initialization complete
2025-12-08 17:02:21 - __main__ - INFO - STEP 2: Loading configuration
2025-12-08 17:02:21 - __main__ - INFO - Configuration loaded successfully
2025-12-08 17:02:21 - __main__ - INFO - STEP 3: Scraping data from Cricinfo
2025-12-08 17:02:21 - __main__ - INFO - Initializing match tracker
2025-12-08 17:02:21 - __main__ - INFO - Current Status: 0 matches already downloaded
2025-12-08 17:02:21 - __main__ - INFO - Fetching match schedule from Cricinfo
2025-12-08 17:02:21 - scraping.schedule_scraper - INFO - Initializing WebDriver for schedule scraping
2025-12-08 17:02:26 - scraping.schedule_scraper - INFO - Loading schedule page - attempt 1
2025-12-08 17:02:40 - scraping.schedule_scraper - INFO - Schedule page loaded successfully
2025-12-08 17:02:40 - scraping.schedule_scraper - INFO - Parsing schedule page with BeautifulSoup
2025-12-08 17:02:59 - scraping.schedule_scraper - INFO - Extracting match links from schedule
2025-12-08 17:02:59 - scraping.schedule_scraper - INFO - Successfully extracted 105 match links
2025-12-08 17:02:59 - scraping.schedule_scraper - INFO - Closing WebDriver
2025-12-08 17:03:04 - __main__ - INFO - Found 105 total links
2025-12-08 17:03:04 - __main__ - INFO - Found 74 match scorecards
2025-12-08 17:03:04 - __main__ - INFO - Loading match cache
2025-12-08 17:03:05 - __main__ - INFO - Starting match scraping process with retry logic
2025-12-08 17:03:05 - __main__ - INFO - Processing match 1/74: https://www.espncricinfo.com/series/ipl-2025-1449924/kolkata-knight-riders-vs-royal-challengers-bengaluru-1st-match-1473438/full-scorecard
2025-12-08 17:03:05 - __main__ - INFO - Attempting to download match 1473438 (attempt 1/4)
2025-12-08 17:03:05 - scraping.player_extractor - INFO - PlayerExtractor initialized - Target: raw.match_players
2025-12-08 17:03:05 - scraping.match_scraper - INFO - Initializing WebDriver
2025-12-08 17:03:10 - scraping.match_scraper - INFO - Loading full scorecard - attempt 1
2025-12-08 17:03:26 - scraping.match_scraper - INFO - full scorecard loaded successfully
2025-12-08 17:03:26 - scraping.match_scraper - INFO - Scrolling full scorecard page
2025-12-08 17:03:26 - core.page_navigator - INFO - Scrolling page 5 times
2025-12-08 17:04:00 - core.page_navigator - INFO - Page scrolling completed
2025-12-08 17:04:03 - scraping.match_scraper - INFO - Extracting metadata
2025-12-08 17:04:04 - core.metadata_extractor - INFO - Found 14 metadata rows for match 1473438
2025-12-08 17:04:04 - core.metadata_extractor - INFO - Extracted 15 metadata fields for match 1473438
2025-12-08 17:04:04 - scraping.match_scraper - INFO - Extracting player rosters...
2025-12-08 17:04:05 - scraping.player_extractor - INFO - Extracting players for match 1473438
2025-12-08 17:04:05 - core.metadata_extractor - INFO - Extracting player names for match 1473438
2025-12-08 17:04:05 - core.metadata_extractor - INFO - Found 2 scorecard table(s)
2025-12-08 17:04:05 - core.metadata_extractor - INFO -   innings_1 (Kolkata Knight Riders): 10 batted, 1 did not bat
2025-12-08 17:04:05 - core.metadata_extractor - INFO -   innings_2 (Royal Challengers Bengaluru): 5 batted, 6 did not bat
2025-12-08 17:04:05 - core.metadata_extractor - INFO -   Found 14 impact players/substitutes
2025-12-08 17:04:05 - core.metadata_extractor - INFO - Created DataFrame with 36 player records from 2 innings
2025-12-08 17:04:05 - scraping.player_extractor - INFO - Extracted 32 players for match 1473438
2025-12-08 17:04:05 - scraping.player_extractor - INFO -   Teams: Kolkata Knight Riders, Royal Challengers Bengaluru
2025-12-08 17:04:05 - scraping.player_extractor - INFO -   Batted: 14, Did not bat: 18
2025-12-08 17:04:05 - scraping.match_scraper - INFO - Stored 32 players
2025-12-08 17:04:05 - scraping.match_scraper - INFO -   - Kolkata Knight Riders
2025-12-08 17:04:05 - scraping.match_scraper - INFO -   - Royal Challengers Bengaluru
2025-12-08 17:04:05 - scraping.match_scraper - INFO - Loading commentary page - attempt 1
2025-12-08 17:04:19 - scraping.match_scraper - INFO - commentary page loaded successfully
2025-12-08 17:04:19 - scraping.match_scraper - INFO - Scrolling commentary page
2025-12-08 17:04:19 - core.page_navigator - INFO - Scrolling page 25 times
2025-12-08 17:05:18 - core.page_navigator - INFO - Page scrolling completed
2025-12-08 17:05:21 - scraping.match_scraper - INFO - Extracting first innings data
2025-12-08 17:05:21 - scraping.match_scraper - INFO - Default batting team: RCB
2025-12-08 17:05:21 - core.commentary_parser - INFO - Found 99 commentary blocks
2025-12-08 17:05:21 - core.commentary_parser - INFO - Parsed 99 commentary entries
2025-12-08 17:05:21 - core.commentary_parser - INFO - Created DataFrame with 99 rows
2025-12-08 17:05:21 - scraping.match_scraper - INFO - First innings: 99 events
2025-12-08 17:05:21 - core.page_navigator - INFO - Scrolling to top of page
2025-12-08 17:05:27 - scraping.match_scraper - INFO - Switching to second innings
2025-12-08 17:05:27 - core.page_navigator - INFO - Switching innings from: RCB
2025-12-08 17:06:02 - core.page_navigator - INFO - Switching to innings: KKR
2025-12-08 17:06:04 - core.page_navigator - INFO - Successfully switched to KKR
2025-12-08 17:06:04 - scraping.match_scraper - INFO - Switched batting team: KKR
2025-12-08 17:06:09 - core.page_navigator - INFO - Scrolling page 25 times
2025-12-08 17:07:00 - core.page_navigator - INFO - Page scrolling completed
2025-12-08 17:07:04 - core.commentary_parser - INFO - Found 124 commentary blocks
2025-12-08 17:07:04 - core.commentary_parser - INFO - Parsed 124 commentary entries
2025-12-08 17:07:04 - core.commentary_parser - INFO - Created DataFrame with 124 rows
2025-12-08 17:07:04 - scraping.match_scraper - INFO - Second innings: 124 events
2025-12-08 17:07:04 - scraping.match_scraper - INFO - Saving commentary to database
2025-12-08 17:07:04 - scraping.match_scraper - INFO - Commentary saved: 223 total events
2025-12-08 17:07:04 - scraping.match_scraper - INFO - Saving metadata to database
2025-12-08 17:07:04 - scraping.match_scraper - INFO - Saving match players to database
2025-12-08 17:07:05 - scraping.match_scraper - INFO - Successfully completed scraping match 1473438
2025-12-08 17:07:05 - scraping.match_scraper - INFO - Closing WebDriver
2025-12-08 17:07:07 - __main__ - INFO - Successfully downloaded match 1473438
2025-12-08 17:07:17 - __main__ - INFO - Processing match 2/74: https://www.espncricinfo.com/series/ipl-2025-1449924/sunrisers-hyderabad-vs-rajasthan-royals-2nd-match-1473439/full-scorecard
2025-12-08 17:07:17 - __main__ - INFO - Attempting to download match 1473439 (attempt 1/4)
2025-12-08 17:07:17 - scraping.player_extractor - INFO - PlayerExtractor initialized - Target: raw.match_players
2025-12-08 17:07:17 - scraping.match_scraper - INFO - Initializing WebDriver
2025-12-08 17:07:21 - scraping.match_scraper - INFO - Loading full scorecard - attempt 1
2025-12-08 17:07:33 - scraping.match_scraper - INFO - full scorecard loaded successfully
2025-12-08 17:07:33 - scraping.match_scraper - INFO - Scrolling full scorecard page
2025-12-08 17:07:33 - core.page_navigator - INFO - Scrolling page 5 times
2025-12-08 17:08:00 - core.page_navigator - INFO - Page scrolling completed
2025-12-08 17:08:03 - scraping.match_scraper - INFO - Extracting metadata
2025-12-08 17:08:04 - core.metadata_extractor - INFO - Found 14 metadata rows for match 1473439
2025-12-08 17:08:04 - core.metadata_extractor - INFO - Extracted 15 metadata fields for match 1473439
2025-12-08 17:08:04 - scraping.match_scraper - INFO - Extracting player rosters...
2025-12-08 17:08:04 - scraping.player_extractor - INFO - Extracting players for match 1473439
2025-12-08 17:08:04 - core.metadata_extractor - INFO - Extracting player names for match 1473439
2025-12-08 17:08:04 - core.metadata_extractor - INFO - Found 2 scorecard table(s)
2025-12-08 17:08:04 - core.metadata_extractor - INFO -   innings_1 (Sunrisers Hyderabad): 8 batted, 3 did not bat
2025-12-08 17:08:04 - core.metadata_extractor - INFO -   innings_2 (Rajasthan Royals): 8 batted, 3 did not bat
2025-12-08 17:08:04 - core.metadata_extractor - INFO -   Found 14 impact players/substitutes
2025-12-08 17:08:04 - core.metadata_extractor - INFO - Created DataFrame with 36 player records from 2 innings
2025-12-08 17:08:04 - scraping.player_extractor - INFO - Extracted 32 players for match 1473439
2025-12-08 17:08:04 - scraping.player_extractor - INFO -   Teams: Sunrisers Hyderabad, Rajasthan Royals
2025-12-08 17:08:04 - scraping.player_extractor - INFO -   Batted: 15, Did not bat: 17
2025-12-08 17:08:04 - scraping.match_scraper - INFO - Stored 32 players
2025-12-08 17:08:04 - scraping.match_scraper - INFO -   - Sunrisers Hyderabad
2025-12-08 17:08:04 - scraping.match_scraper - INFO -   - Rajasthan Royals
2025-12-08 17:08:04 - scraping.match_scraper - INFO - Loading commentary page - attempt 1
2025-12-08 17:08:15 - scraping.match_scraper - INFO - commentary page loaded successfully
2025-12-08 17:08:15 - scraping.match_scraper - INFO - Scrolling commentary page
2025-12-08 17:08:15 - core.page_navigator - INFO - Scrolling page 25 times
2025-12-08 17:09:07 - core.page_navigator - INFO - Page scrolling completed
2025-12-08 17:09:10 - scraping.match_scraper - INFO - Extracting first innings data
2025-12-08 17:09:11 - scraping.match_scraper - INFO - Default batting team: RR
2025-12-08 17:09:11 - core.commentary_parser - INFO - Found 129 commentary blocks
2025-12-08 17:09:11 - core.commentary_parser - INFO - Parsed 129 commentary entries
2025-12-08 17:09:11 - core.commentary_parser - INFO - Created DataFrame with 129 rows
2025-12-08 17:09:11 - scraping.match_scraper - INFO - First innings: 129 events
2025-12-08 17:09:11 - core.page_navigator - INFO - Scrolling to top of page
2025-12-08 17:09:17 - scraping.match_scraper - INFO - Switching to second innings
2025-12-08 17:09:17 - core.page_navigator - INFO - Switching innings from: RR
2025-12-08 17:09:52 - core.page_navigator - INFO - Switching to innings: SRH
2025-12-08 17:09:55 - core.page_navigator - INFO - Successfully switched to SRH
2025-12-08 17:09:55 - scraping.match_scraper - INFO - Switched batting team: SRH
2025-12-08 17:10:00 - core.page_navigator - INFO - Scrolling page 25 times
2025-12-08 17:10:51 - core.page_navigator - INFO - Page scrolling completed
2025-12-08 17:10:54 - core.commentary_parser - INFO - Found 133 commentary blocks
2025-12-08 17:10:54 - core.commentary_parser - INFO - Parsed 133 commentary entries
2025-12-08 17:10:54 - core.commentary_parser - INFO - Created DataFrame with 133 rows
2025-12-08 17:10:54 - scraping.match_scraper - INFO - Second innings: 133 events
2025-12-08 17:10:54 - scraping.match_scraper - INFO - Saving commentary to database
2025-12-08 17:10:54 - scraping.match_scraper - INFO - Commentary saved: 262 total events
2025-12-08 17:10:54 - scraping.match_scraper - INFO - Saving metadata to database
2025-12-08 17:10:54 - scraping.match_scraper - INFO - Saving match players to database
2025-12-08 17:10:54 - scraping.match_scraper - INFO - Successfully completed scraping match 1473439
2025-12-08 17:10:54 - scraping.match_scraper - INFO - Closing WebDriver
2025-12-08 17:10:57 - __main__ - INFO - Successfully downloaded match 1473439
2025-12-08 17:11:07 - __main__ - INFO - Processing match 3/74: https://www.espncricinfo.com/series/ipl-2025-1449924/chennai-super-kings-vs-mumbai-indians-3rd-match-1473440/full-scorecard
2025-12-08 17:11:07 - __main__ - INFO - Attempting to download match 1473440 (attempt 1/4)
2025-12-08 17:11:07 - scraping.player_extractor - INFO - PlayerExtractor initialized - Target: raw.match_players
2025-12-08 17:11:07 - scraping.match_scraper - INFO - Initializing WebDriver
2025-12-08 17:11:11 - scraping.match_scraper - INFO - Loading full scorecard - attempt 1
2025-12-08 17:11:21 - scraping.match_scraper - INFO - full scorecard loaded successfully
2025-12-08 17:11:21 - scraping.match_scraper - INFO - Scrolling full scorecard page
2025-12-08 17:11:21 - core.page_navigator - INFO - Scrolling page 5 times
2025-12-08 17:11:51 - core.page_navigator - INFO - Page scrolling completed
2025-12-08 17:11:54 - scraping.match_scraper - INFO - Extracting metadata
2025-12-08 17:11:55 - core.metadata_extractor - INFO - Found 15 metadata rows for match 1473440
2025-12-08 17:11:55 - core.metadata_extractor - INFO - Extracted 16 metadata fields for match 1473440
2025-12-08 17:11:55 - scraping.match_scraper - INFO - Extracting player rosters...
2025-12-08 17:11:55 - scraping.player_extractor - INFO - Extracting players for match 1473440
2025-12-08 17:11:55 - core.metadata_extractor - INFO - Extracting player names for match 1473440
2025-12-08 17:11:55 - core.metadata_extractor - INFO - Found 2 scorecard table(s)
2025-12-08 17:11:55 - core.metadata_extractor - INFO -   innings_1 (Mumbai Indians): 11 batted, 0 did not bat
2025-12-08 17:11:55 - core.metadata_extractor - INFO -   innings_2 (Chennai Super Kings): 8 batted, 3 did not bat
2025-12-08 17:11:55 - core.metadata_extractor - INFO -   Found 14 impact players/substitutes
2025-12-08 17:11:55 - core.metadata_extractor - INFO - Created DataFrame with 36 player records from 2 innings
2025-12-08 17:11:55 - scraping.player_extractor - INFO - Extracted 32 players for match 1473440
2025-12-08 17:11:55 - scraping.player_extractor - INFO -   Teams: Mumbai Indians, Chennai Super Kings
2025-12-08 17:11:55 - scraping.player_extractor - INFO -   Batted: 18, Did not bat: 14
2025-12-08 17:11:55 - scraping.match_scraper - INFO - Stored 32 players
2025-12-08 17:11:55 - scraping.match_scraper - INFO -   - Mumbai Indians
2025-12-08 17:11:55 - scraping.match_scraper - INFO -   - Chennai Super Kings
2025-12-08 17:11:55 - scraping.match_scraper - INFO - Loading commentary page - attempt 1
2025-12-08 17:12:07 - scraping.match_scraper - INFO - commentary page loaded successfully
2025-12-08 17:12:07 - scraping.match_scraper - INFO - Scrolling commentary page
2025-12-08 17:12:07 - core.page_navigator - INFO - Scrolling page 25 times
2025-12-08 17:14:40 - core.page_navigator - ERROR - Error during page scroll: HTTPConnectionPool(host='localhost', port=56488): Read timed out. (read timeout=120)
2025-12-08 17:14:43 - scraping.match_scraper - INFO - Extracting first innings data
2025-12-08 17:16:43 - scraping.match_scraper - ERROR - Error scraping match 1473440: HTTPConnectionPool(host='localhost', port=56488): Read timed out. (read timeout=120)
Traceback (most recent call last):
  File "C:\Users\prade\PycharmProjects\Cricinfo_scraper\.venv\Lib\site-packages\urllib3\connectionpool.py", line 534, in _make_request
    response = conn.getresponse()
               ^^^^^^^^^^^^^^^^^^
  File "C:\Users\prade\PycharmProjects\Cricinfo_scraper\.venv\Lib\site-packages\urllib3\connection.py", line 516, in getresponse
    httplib_response = super().getresponse()
                       ^^^^^^^^^^^^^^^^^^^^^
  File "C:\Users\prade\AppData\Local\Programs\Python\Python311\Lib\http\client.py", line 1395, in getresponse
    response.begin()
  File "C:\Users\prade\AppData\Local\Programs\Python\Python311\Lib\http\client.py", line 325, in begin
    version, status, reason = self._read_status()
                              ^^^^^^^^^^^^^^^^^^^
  File "C:\Users\prade\AppData\Local\Programs\Python\Python311\Lib\http\client.py", line 286, in _read_status
    line = str(self.fp.readline(_MAXLINE + 1), "iso-8859-1")
               ^^^^^^^^^^^^^^^^^^^^^^^^^^^^^^
  File "C:\Users\prade\AppData\Local\Programs\Python\Python311\Lib\socket.py", line 706, in readinto
    return self._sock.recv_into(b)
           ^^^^^^^^^^^^^^^^^^^^^^^
TimeoutError: timed out

The above exception was the direct cause of the following exception:

Traceback (most recent call last):
  File "C:\Users\prade\Pycharm\Cricinfo_scraper\scraping\match_scraper.py", line 197, in scrape
    default_team_name = self.get_current_innings_team(driver)
                        ^^^^^^^^^^^^^^^^^^^^^^^^^^^^^^^^^^^^^
  File "C:\Users\prade\Pycharm\Cricinfo_scraper\scraping\match_scraper.py", line 336, in get_current_innings_team
    team_element = driver.find_element("css selector", "div.ds-cursor-pointer.ds-min-w-max")
                   ^^^^^^^^^^^^^^^^^^^^^^^^^^^^^^^^^^^^^^^^^^^^^^^^^^^^^^^^^^^^^^^^^^^^^^^^^
  File "C:\Users\prade\PycharmProjects\Cricinfo_scraper\.venv\Lib\site-packages\selenium\webdriver\remote\webdriver.py", line 914, in find_element
    return self.execute(Command.FIND_ELEMENT, {"using": by, "value": value})["value"]
           ^^^^^^^^^^^^^^^^^^^^^^^^^^^^^^^^^^^^^^^^^^^^^^^^^^^^^^^^^^^^^^^^^
  File "C:\Users\prade\PycharmProjects\Cricinfo_scraper\.venv\Lib\site-packages\selenium\webdriver\remote\webdriver.py", line 445, in execute
    response = self.command_executor.execute(driver_command, params)
               ^^^^^^^^^^^^^^^^^^^^^^^^^^^^^^^^^^^^^^^^^^^^^^^^^^^^^
  File "C:\Users\prade\PycharmProjects\Cricinfo_scraper\.venv\Lib\site-packages\selenium\webdriver\remote\remote_connection.py", line 404, in execute
    return self._request(command_info[0], url, body=data)
           ^^^^^^^^^^^^^^^^^^^^^^^^^^^^^^^^^^^^^^^^^^^^^^
  File "C:\Users\prade\PycharmProjects\Cricinfo_scraper\.venv\Lib\site-packages\selenium\webdriver\remote\remote_connection.py", line 428, in _request
    response = self._conn.request(method, url, body=body, headers=headers, timeout=self._client_config.timeout)
               ^^^^^^^^^^^^^^^^^^^^^^^^^^^^^^^^^^^^^^^^^^^^^^^^^^^^^^^^^^^^^^^^^^^^^^^^^^^^^^^^^^^^^^^^^^^^^^^^
  File "C:\Users\prade\PycharmProjects\Cricinfo_scraper\.venv\Lib\site-packages\urllib3\_request_methods.py", line 143, in request
    return self.request_encode_body(
           ^^^^^^^^^^^^^^^^^^^^^^^^^
  File "C:\Users\prade\PycharmProjects\Cricinfo_scraper\.venv\Lib\site-packages\urllib3\_request_methods.py", line 278, in request_encode_body
    return self.urlopen(method, url, **extra_kw)
           ^^^^^^^^^^^^^^^^^^^^^^^^^^^^^^^^^^^^^
  File "C:\Users\prade\PycharmProjects\Cricinfo_scraper\.venv\Lib\site-packages\urllib3\poolmanager.py", line 443, in urlopen
    response = conn.urlopen(method, u.request_uri, **kw)
               ^^^^^^^^^^^^^^^^^^^^^^^^^^^^^^^^^^^^^^^^^
  File "C:\Users\prade\PycharmProjects\Cricinfo_scraper\.venv\Lib\site-packages\urllib3\connectionpool.py", line 841, in urlopen
    retries = retries.increment(
              ^^^^^^^^^^^^^^^^^^
  File "C:\Users\prade\PycharmProjects\Cricinfo_scraper\.venv\Lib\site-packages\urllib3\util\retry.py", line 474, in increment
    raise reraise(type(error), error, _stacktrace)
          ^^^^^^^^^^^^^^^^^^^^^^^^^^^^^^^^^^^^^^^^
  File "C:\Users\prade\PycharmProjects\Cricinfo_scraper\.venv\Lib\site-packages\urllib3\util\util.py", line 39, in reraise
    raise value
  File "C:\Users\prade\PycharmProjects\Cricinfo_scraper\.venv\Lib\site-packages\urllib3\connectionpool.py", line 787, in urlopen
    response = self._make_request(
               ^^^^^^^^^^^^^^^^^^^
  File "C:\Users\prade\PycharmProjects\Cricinfo_scraper\.venv\Lib\site-packages\urllib3\connectionpool.py", line 536, in _make_request
    self._raise_timeout(err=e, url=url, timeout_value=read_timeout)
  File "C:\Users\prade\PycharmProjects\Cricinfo_scraper\.venv\Lib\site-packages\urllib3\connectionpool.py", line 367, in _raise_timeout
    raise ReadTimeoutError(
urllib3.exceptions.ReadTimeoutError: HTTPConnectionPool(host='localhost', port=56488): Read timed out. (read timeout=120)
2025-12-08 17:16:43 - scraping.match_scraper - INFO - Closing WebDriver
2025-12-08 17:17:53 - __main__ - WARNING - Connection error for match 1473440 (attempt 1): HTTPConnectionPool(host='localhost', port=56488): Read timed out. (read timeout=120)
2025-12-08 17:17:53 - __main__ - INFO - Retrying match 1473440 in 30 seconds...
2025-12-08 17:18:04 - __main__ - INFO - Cricket Data Pipeline Started
2025-12-08 17:18:04 - __main__ - INFO - STEP 1: Initializing database and schemas
2025-12-08 17:18:04 - configs.db_config - INFO - Initializing Medallion Architecture schemas...
2025-12-08 17:18:05 - configs.db_config - INFO - Medallion schemas (Bronze, Silver, Gold) initialized
2025-12-08 17:18:05 - __main__ - INFO - Database initialization complete
2025-12-08 17:18:05 - __main__ - INFO - STEP 2: Loading configuration
2025-12-08 17:18:05 - __main__ - INFO - Configuration loaded successfully
2025-12-08 17:18:05 - __main__ - INFO - STEP 3: Scraping data from Cricinfo
2025-12-08 17:18:05 - __main__ - INFO - Initializing match tracker
2025-12-08 17:18:05 - __main__ - INFO - Current Status: 0 matches already downloaded
2025-12-08 17:18:05 - __main__ - INFO - Fetching match schedule from Cricinfo
2025-12-08 17:18:05 - scraping.schedule_scraper - INFO - Initializing WebDriver for schedule scraping
2025-12-08 17:18:08 - scraping.schedule_scraper - INFO - Loading schedule page - attempt 1
2025-12-08 17:18:25 - scraping.schedule_scraper - INFO - Schedule page loaded successfully
2025-12-08 17:18:25 - scraping.schedule_scraper - INFO - Parsing schedule page with BeautifulSoup
2025-12-08 17:18:30 - scraping.schedule_scraper - INFO - Extracting match links from schedule
2025-12-08 17:18:30 - scraping.schedule_scraper - INFO - Successfully extracted 105 match links
2025-12-08 17:18:30 - scraping.schedule_scraper - INFO - Closing WebDriver
2025-12-08 17:18:33 - __main__ - INFO - Found 105 total links
2025-12-08 17:18:33 - __main__ - INFO - Found 74 match scorecards
2025-12-08 17:18:33 - __main__ - INFO - Loading match cache
2025-12-08 17:18:33 - __main__ - INFO - Starting match scraping process with retry logic
2025-12-08 17:18:33 - __main__ - INFO - Processing match 1/74: https://www.espncricinfo.com/series/ipl-2025-1449924/kolkata-knight-riders-vs-royal-challengers-bengaluru-1st-match-1473438/full-scorecard
2025-12-08 17:18:33 - __main__ - INFO - Attempting to download match 1473438 (attempt 1/4)
2025-12-08 17:18:33 - scraping.player_extractor - INFO - PlayerExtractor initialized - Target: raw.match_players
2025-12-08 17:18:33 - scraping.match_scraper - INFO - Initializing WebDriver
2025-12-08 17:18:38 - scraping.match_scraper - INFO - Loading full scorecard - attempt 1
2025-12-08 17:18:50 - scraping.match_scraper - INFO - full scorecard loaded successfully
2025-12-08 17:18:50 - scraping.match_scraper - INFO - Scrolling full scorecard page
2025-12-08 17:18:50 - core.page_navigator - INFO - Scrolling page 5 times
2025-12-08 17:19:10 - core.page_navigator - INFO - Page scrolling completed
2025-12-08 17:19:13 - scraping.match_scraper - INFO - Extracting metadata
2025-12-08 17:19:13 - core.metadata_extractor - INFO - Found 14 metadata rows for match 1473438
2025-12-08 17:19:13 - core.metadata_extractor - INFO - Extracted 15 metadata fields for match 1473438
2025-12-08 17:19:13 - scraping.match_scraper - INFO - Extracting player rosters...
2025-12-08 17:19:13 - scraping.player_extractor - INFO - Extracting players for match 1473438
2025-12-08 17:19:13 - core.metadata_extractor - INFO - Extracting player names for match 1473438
2025-12-08 17:19:13 - core.metadata_extractor - INFO - Found 2 scorecard table(s)
2025-12-08 17:19:13 - core.metadata_extractor - INFO -   innings_1 (Kolkata Knight Riders): 10 batted, 1 did not bat
2025-12-08 17:19:13 - core.metadata_extractor - INFO -   innings_2 (Royal Challengers Bengaluru): 5 batted, 6 did not bat
2025-12-08 17:19:13 - core.metadata_extractor - INFO -   Found 14 impact players/substitutes
2025-12-08 17:19:13 - core.metadata_extractor - INFO - Created DataFrame with 36 player records from 2 innings
2025-12-08 17:19:13 - scraping.player_extractor - INFO - Extracted 32 players for match 1473438
2025-12-08 17:19:13 - scraping.player_extractor - INFO -   Teams: Kolkata Knight Riders, Royal Challengers Bengaluru
2025-12-08 17:19:13 - scraping.player_extractor - INFO -   Batted: 14, Did not bat: 18
2025-12-08 17:19:13 - scraping.match_scraper - INFO - Stored 32 players
2025-12-08 17:19:13 - scraping.match_scraper - INFO -   - Kolkata Knight Riders
2025-12-08 17:19:13 - scraping.match_scraper - INFO -   - Royal Challengers Bengaluru
2025-12-08 17:19:13 - scraping.match_scraper - INFO - Loading commentary page - attempt 1
2025-12-08 17:19:25 - scraping.match_scraper - INFO - commentary page loaded successfully
2025-12-08 17:19:25 - scraping.match_scraper - INFO - Scrolling commentary page
2025-12-08 17:19:25 - core.page_navigator - INFO - Scrolling page 25 times
2025-12-08 17:20:24 - core.page_navigator - INFO - Page scrolling completed
2025-12-08 17:20:27 - scraping.match_scraper - INFO - Extracting first innings data
2025-12-08 17:20:27 - scraping.match_scraper - INFO - Default batting team: RCB
2025-12-08 17:20:27 - core.commentary_parser - INFO - Found 99 commentary blocks
2025-12-08 17:20:27 - core.commentary_parser - INFO - Parsed 99 commentary entries
2025-12-08 17:20:27 - core.commentary_parser - INFO - Created DataFrame with 99 rows
2025-12-08 17:20:27 - scraping.match_scraper - INFO - First innings: 99 events
2025-12-08 17:20:27 - core.page_navigator - INFO - Scrolling to top of page
2025-12-08 17:20:33 - scraping.match_scraper - INFO - Switching to second innings
2025-12-08 17:20:33 - core.page_navigator - INFO - Switching innings from: RCB
2025-12-08 17:21:08 - core.page_navigator - INFO - Switching to innings: KKR
2025-12-08 17:21:11 - core.page_navigator - INFO - Successfully switched to KKR
2025-12-08 17:21:11 - scraping.match_scraper - INFO - Switched batting team: KKR
2025-12-08 17:21:16 - core.page_navigator - INFO - Scrolling page 25 times
2025-12-08 17:22:06 - core.page_navigator - INFO - Page scrolling completed
2025-12-08 17:22:09 - core.commentary_parser - INFO - Found 124 commentary blocks
2025-12-08 17:22:09 - core.commentary_parser - INFO - Parsed 124 commentary entries
2025-12-08 17:22:09 - core.commentary_parser - INFO - Created DataFrame with 124 rows
2025-12-08 17:22:09 - scraping.match_scraper - INFO - Second innings: 124 events
2025-12-08 17:22:09 - scraping.match_scraper - INFO - Saving commentary to database
2025-12-08 17:22:10 - scraping.match_scraper - INFO - Commentary saved: 223 total events
2025-12-08 17:22:10 - scraping.match_scraper - INFO - Saving metadata to database
2025-12-08 17:22:10 - scraping.match_scraper - INFO - Saving match players to database
2025-12-08 17:22:10 - scraping.match_scraper - INFO - Successfully completed scraping match 1473438
2025-12-08 17:22:10 - scraping.match_scraper - INFO - Closing WebDriver
2025-12-08 17:22:13 - __main__ - INFO - Successfully downloaded match 1473438
2025-12-08 17:22:23 - __main__ - INFO - Processing match 2/74: https://www.espncricinfo.com/series/ipl-2025-1449924/sunrisers-hyderabad-vs-rajasthan-royals-2nd-match-1473439/full-scorecard
2025-12-08 17:22:23 - __main__ - INFO - Attempting to download match 1473439 (attempt 1/4)
2025-12-08 17:22:23 - scraping.player_extractor - INFO - PlayerExtractor initialized - Target: raw.match_players
2025-12-08 17:22:23 - scraping.match_scraper - INFO - Initializing WebDriver
2025-12-08 17:22:27 - scraping.match_scraper - INFO - Loading full scorecard - attempt 1
2025-12-08 17:22:40 - scraping.match_scraper - INFO - full scorecard loaded successfully
2025-12-08 17:22:40 - scraping.match_scraper - INFO - Scrolling full scorecard page
2025-12-08 17:22:40 - core.page_navigator - INFO - Scrolling page 5 times
2025-12-08 17:23:09 - core.page_navigator - INFO - Page scrolling completed
2025-12-08 17:23:12 - scraping.match_scraper - INFO - Extracting metadata
2025-12-08 17:23:12 - core.metadata_extractor - INFO - Found 14 metadata rows for match 1473439
2025-12-08 17:23:12 - core.metadata_extractor - INFO - Extracted 15 metadata fields for match 1473439
2025-12-08 17:23:12 - scraping.match_scraper - INFO - Extracting player rosters...
2025-12-08 17:23:13 - scraping.player_extractor - INFO - Extracting players for match 1473439
2025-12-08 17:23:13 - core.metadata_extractor - INFO - Extracting player names for match 1473439
2025-12-08 17:23:13 - core.metadata_extractor - INFO - Found 2 scorecard table(s)
2025-12-08 17:23:13 - core.metadata_extractor - INFO -   innings_1 (Sunrisers Hyderabad): 8 batted, 3 did not bat
2025-12-08 17:23:13 - core.metadata_extractor - INFO -   innings_2 (Rajasthan Royals): 8 batted, 3 did not bat
2025-12-08 17:23:13 - core.metadata_extractor - INFO -   Found 14 impact players/substitutes
2025-12-08 17:23:13 - core.metadata_extractor - INFO - Created DataFrame with 36 player records from 2 innings
2025-12-08 17:23:13 - scraping.player_extractor - INFO - Extracted 32 players for match 1473439
2025-12-08 17:23:13 - scraping.player_extractor - INFO -   Teams: Sunrisers Hyderabad, Rajasthan Royals
2025-12-08 17:23:13 - scraping.player_extractor - INFO -   Batted: 15, Did not bat: 17
2025-12-08 17:23:13 - scraping.match_scraper - INFO - Stored 32 players
2025-12-08 17:23:13 - scraping.match_scraper - INFO -   - Sunrisers Hyderabad
2025-12-08 17:23:13 - scraping.match_scraper - INFO -   - Rajasthan Royals
2025-12-08 17:23:13 - scraping.match_scraper - INFO - Loading commentary page - attempt 1
2025-12-08 17:23:24 - scraping.match_scraper - INFO - commentary page loaded successfully
2025-12-08 17:23:24 - scraping.match_scraper - INFO - Scrolling commentary page
2025-12-08 17:23:24 - core.page_navigator - INFO - Scrolling page 25 times
2025-12-08 17:24:20 - core.page_navigator - INFO - Page scrolling completed
2025-12-08 17:24:23 - scraping.match_scraper - INFO - Extracting first innings data
2025-12-08 17:24:23 - scraping.match_scraper - INFO - Default batting team: RR
2025-12-08 17:24:25 - core.commentary_parser - INFO - Found 129 commentary blocks
2025-12-08 17:24:25 - core.commentary_parser - INFO - Parsed 129 commentary entries
2025-12-08 17:24:25 - core.commentary_parser - INFO - Created DataFrame with 129 rows
2025-12-08 17:24:25 - scraping.match_scraper - INFO - First innings: 129 events
2025-12-08 17:24:25 - core.page_navigator - INFO - Scrolling to top of page
2025-12-08 17:24:31 - scraping.match_scraper - INFO - Switching to second innings
2025-12-08 17:24:31 - core.page_navigator - INFO - Switching innings from: RR
2025-12-08 17:25:06 - core.page_navigator - INFO - Switching to innings: SRH
2025-12-08 17:25:08 - core.page_navigator - INFO - Successfully switched to SRH
2025-12-08 17:25:08 - scraping.match_scraper - INFO - Switched batting team: SRH
2025-12-08 17:25:13 - core.page_navigator - INFO - Scrolling page 25 times
2025-12-08 17:26:04 - core.page_navigator - INFO - Page scrolling completed
2025-12-08 17:26:08 - core.commentary_parser - INFO - Found 133 commentary blocks
2025-12-08 17:26:08 - core.commentary_parser - INFO - Parsed 133 commentary entries
2025-12-08 17:26:08 - core.commentary_parser - INFO - Created DataFrame with 133 rows
2025-12-08 17:26:08 - scraping.match_scraper - INFO - Second innings: 133 events
2025-12-08 17:26:08 - scraping.match_scraper - INFO - Saving commentary to database
2025-12-08 17:26:08 - scraping.match_scraper - INFO - Commentary saved: 262 total events
2025-12-08 17:26:08 - scraping.match_scraper - INFO - Saving metadata to database
2025-12-08 17:26:08 - scraping.match_scraper - INFO - Saving match players to database
2025-12-08 17:26:08 - scraping.match_scraper - INFO - Successfully completed scraping match 1473439
2025-12-08 17:26:08 - scraping.match_scraper - INFO - Closing WebDriver
2025-12-08 17:26:11 - __main__ - INFO - Successfully downloaded match 1473439
2025-12-08 17:26:21 - __main__ - INFO - Processing match 3/74: https://www.espncricinfo.com/series/ipl-2025-1449924/chennai-super-kings-vs-mumbai-indians-3rd-match-1473440/full-scorecard
2025-12-08 17:26:21 - __main__ - INFO - Attempting to download match 1473440 (attempt 1/4)
2025-12-08 17:26:21 - scraping.player_extractor - INFO - PlayerExtractor initialized - Target: raw.match_players
2025-12-08 17:26:21 - scraping.match_scraper - INFO - Initializing WebDriver
2025-12-08 17:26:26 - scraping.match_scraper - INFO - Loading full scorecard - attempt 1
2025-12-08 17:26:36 - scraping.match_scraper - INFO - full scorecard loaded successfully
2025-12-08 17:26:36 - scraping.match_scraper - INFO - Scrolling full scorecard page
2025-12-08 17:26:36 - core.page_navigator - INFO - Scrolling page 5 times
2025-12-08 17:26:58 - core.page_navigator - INFO - Page scrolling completed
2025-12-08 17:27:01 - scraping.match_scraper - INFO - Extracting metadata
2025-12-08 17:27:01 - core.metadata_extractor - INFO - Found 15 metadata rows for match 1473440
2025-12-08 17:27:01 - core.metadata_extractor - INFO - Extracted 16 metadata fields for match 1473440
2025-12-08 17:27:01 - scraping.match_scraper - INFO - Extracting player rosters...
2025-12-08 17:27:02 - scraping.player_extractor - INFO - Extracting players for match 1473440
2025-12-08 17:27:02 - core.metadata_extractor - INFO - Extracting player names for match 1473440
2025-12-08 17:27:02 - core.metadata_extractor - INFO - Found 2 scorecard table(s)
2025-12-08 17:27:02 - core.metadata_extractor - INFO -   innings_1 (Mumbai Indians): 11 batted, 0 did not bat
2025-12-08 17:27:02 - core.metadata_extractor - INFO -   innings_2 (Chennai Super Kings): 8 batted, 3 did not bat
2025-12-08 17:27:02 - core.metadata_extractor - INFO -   Found 14 impact players/substitutes
2025-12-08 17:27:02 - core.metadata_extractor - INFO - Created DataFrame with 36 player records from 2 innings
2025-12-08 17:27:02 - scraping.player_extractor - INFO - Extracted 32 players for match 1473440
2025-12-08 17:27:02 - scraping.player_extractor - INFO -   Teams: Mumbai Indians, Chennai Super Kings
2025-12-08 17:27:02 - scraping.player_extractor - INFO -   Batted: 18, Did not bat: 14
2025-12-08 17:27:02 - scraping.match_scraper - INFO - Stored 32 players
2025-12-08 17:27:02 - scraping.match_scraper - INFO -   - Mumbai Indians
2025-12-08 17:27:02 - scraping.match_scraper - INFO -   - Chennai Super Kings
2025-12-08 17:27:02 - scraping.match_scraper - INFO - Loading commentary page - attempt 1
2025-12-08 17:27:12 - scraping.match_scraper - INFO - commentary page loaded successfully
2025-12-08 17:27:12 - scraping.match_scraper - INFO - Scrolling commentary page
2025-12-08 17:27:12 - core.page_navigator - INFO - Scrolling page 25 times
2025-12-08 17:28:07 - core.page_navigator - INFO - Page scrolling completed
2025-12-08 17:28:10 - scraping.match_scraper - INFO - Extracting first innings data
2025-12-08 17:28:11 - scraping.match_scraper - INFO - Default batting team: CSK
2025-12-08 17:28:11 - core.commentary_parser - INFO - Found 118 commentary blocks
2025-12-08 17:28:11 - core.commentary_parser - INFO - Parsed 118 commentary entries
2025-12-08 17:28:11 - core.commentary_parser - INFO - Created DataFrame with 118 rows
2025-12-08 17:28:11 - scraping.match_scraper - INFO - First innings: 118 events
2025-12-08 17:28:11 - core.page_navigator - INFO - Scrolling to top of page
2025-12-08 17:28:17 - scraping.match_scraper - INFO - Switching to second innings
2025-12-08 17:28:17 - core.page_navigator - INFO - Switching innings from: CSK
2025-12-08 17:28:51 - core.page_navigator - INFO - Switching to innings: MI
2025-12-08 17:28:54 - core.page_navigator - INFO - Successfully switched to MI
2025-12-08 17:28:54 - scraping.match_scraper - INFO - Switched batting team: MI
2025-12-08 17:28:59 - core.page_navigator - INFO - Scrolling page 25 times
2025-12-08 17:29:50 - core.page_navigator - INFO - Page scrolling completed
2025-12-08 17:29:53 - core.commentary_parser - INFO - Found 124 commentary blocks
2025-12-08 17:29:53 - core.commentary_parser - INFO - Parsed 124 commentary entries
2025-12-08 17:29:53 - core.commentary_parser - INFO - Created DataFrame with 124 rows
2025-12-08 17:29:53 - scraping.match_scraper - INFO - Second innings: 124 events
2025-12-08 17:29:53 - scraping.match_scraper - INFO - Saving commentary to database
2025-12-08 17:29:53 - scraping.match_scraper - INFO - Commentary saved: 242 total events
2025-12-08 17:29:53 - scraping.match_scraper - INFO - Saving metadata to database
2025-12-08 17:29:53 - scraping.match_scraper - INFO - Saving match players to database
2025-12-08 17:29:53 - scraping.match_scraper - INFO - Successfully completed scraping match 1473440
2025-12-08 17:29:53 - scraping.match_scraper - INFO - Closing WebDriver
2025-12-08 17:29:56 - __main__ - INFO - Successfully downloaded match 1473440
2025-12-08 17:30:06 - __main__ - INFO - Processing match 4/74: https://www.espncricinfo.com/series/ipl-2025-1449924/delhi-capitals-vs-lucknow-super-giants-4th-match-1473441/full-scorecard
2025-12-08 17:30:06 - __main__ - INFO - Attempting to download match 1473441 (attempt 1/4)
2025-12-08 17:30:06 - scraping.player_extractor - INFO - PlayerExtractor initialized - Target: raw.match_players
2025-12-08 17:30:06 - scraping.match_scraper - INFO - Initializing WebDriver
2025-12-08 17:30:10 - scraping.match_scraper - INFO - Loading full scorecard - attempt 1
2025-12-08 17:30:23 - scraping.match_scraper - INFO - full scorecard loaded successfully
2025-12-08 17:30:23 - scraping.match_scraper - INFO - Scrolling full scorecard page
2025-12-08 17:30:23 - core.page_navigator - INFO - Scrolling page 5 times
2025-12-08 17:30:52 - core.page_navigator - INFO - Page scrolling completed
2025-12-08 17:30:55 - scraping.match_scraper - INFO - Extracting metadata
2025-12-08 17:30:56 - core.metadata_extractor - INFO - Found 14 metadata rows for match 1473441
2025-12-08 17:30:56 - core.metadata_extractor - INFO - Extracted 15 metadata fields for match 1473441
2025-12-08 17:30:56 - scraping.match_scraper - INFO - Extracting player rosters...
2025-12-08 17:30:56 - scraping.player_extractor - INFO - Extracting players for match 1473441
2025-12-08 17:30:56 - core.metadata_extractor - INFO - Extracting player names for match 1473441
2025-12-08 17:30:56 - core.metadata_extractor - INFO - Found 2 scorecard table(s)
2025-12-08 17:30:56 - core.metadata_extractor - INFO -   innings_1 (Lucknow Super Giants): 10 batted, 1 did not bat
2025-12-08 17:30:56 - core.metadata_extractor - INFO -   innings_2 (Delhi Capitals): 11 batted, 0 did not bat
2025-12-08 17:30:56 - core.metadata_extractor - INFO -   Found 14 impact players/substitutes
2025-12-08 17:30:56 - core.metadata_extractor - INFO - Created DataFrame with 36 player records from 2 innings
2025-12-08 17:30:56 - scraping.player_extractor - INFO - Extracted 32 players for match 1473441
2025-12-08 17:30:56 - scraping.player_extractor - INFO -   Teams: Delhi Capitals, Lucknow Super Giants
2025-12-08 17:30:56 - scraping.player_extractor - INFO -   Batted: 19, Did not bat: 13
2025-12-08 17:30:56 - scraping.match_scraper - INFO - Stored 32 players
2025-12-08 17:30:56 - scraping.match_scraper - INFO -   - Delhi Capitals
2025-12-08 17:30:56 - scraping.match_scraper - INFO -   - Lucknow Super Giants
2025-12-08 17:30:56 - scraping.match_scraper - INFO - Loading commentary page - attempt 1
2025-12-08 17:31:07 - scraping.match_scraper - INFO - commentary page loaded successfully
2025-12-08 17:31:07 - scraping.match_scraper - INFO - Scrolling commentary page
2025-12-08 17:31:07 - core.page_navigator - INFO - Scrolling page 25 times
2025-12-08 17:32:05 - core.page_navigator - INFO - Page scrolling completed
2025-12-08 17:32:08 - scraping.match_scraper - INFO - Extracting first innings data
2025-12-08 17:32:08 - scraping.match_scraper - INFO - Default batting team: DC
2025-12-08 17:32:09 - core.commentary_parser - INFO - Found 121 commentary blocks
2025-12-08 17:32:09 - core.commentary_parser - INFO - Parsed 121 commentary entries
2025-12-08 17:32:09 - core.commentary_parser - INFO - Created DataFrame with 121 rows
2025-12-08 17:32:09 - scraping.match_scraper - INFO - First innings: 121 events
2025-12-08 17:32:09 - core.page_navigator - INFO - Scrolling to top of page
2025-12-08 17:32:15 - scraping.match_scraper - INFO - Switching to second innings
2025-12-08 17:32:15 - core.page_navigator - INFO - Switching innings from: DC
2025-12-08 17:32:50 - core.page_navigator - INFO - Switching to innings: LSG
2025-12-08 17:32:53 - core.page_navigator - INFO - Successfully switched to LSG
2025-12-08 17:32:53 - scraping.match_scraper - INFO - Switched batting team: LSG
2025-12-08 17:32:58 - core.page_navigator - INFO - Scrolling page 25 times
2025-12-08 17:33:48 - core.page_navigator - INFO - Page scrolling completed
2025-12-08 17:33:51 - core.commentary_parser - INFO - Found 125 commentary blocks
2025-12-08 17:33:51 - core.commentary_parser - INFO - Parsed 125 commentary entries
2025-12-08 17:33:51 - core.commentary_parser - INFO - Created DataFrame with 125 rows
2025-12-08 17:33:51 - scraping.match_scraper - INFO - Second innings: 125 events
2025-12-08 17:33:51 - scraping.match_scraper - INFO - Saving commentary to database
2025-12-08 17:33:51 - scraping.match_scraper - INFO - Commentary saved: 246 total events
2025-12-08 17:33:51 - scraping.match_scraper - INFO - Saving metadata to database
2025-12-08 17:33:51 - scraping.match_scraper - INFO - Saving match players to database
2025-12-08 17:33:52 - scraping.match_scraper - INFO - Successfully completed scraping match 1473441
2025-12-08 17:33:52 - scraping.match_scraper - INFO - Closing WebDriver
2025-12-08 17:33:54 - __main__ - INFO - Successfully downloaded match 1473441
2025-12-08 17:34:04 - __main__ - INFO - Processing match 5/74: https://www.espncricinfo.com/series/ipl-2025-1449924/gujarat-titans-vs-punjab-kings-5th-match-1473442/full-scorecard
2025-12-08 17:34:04 - __main__ - INFO - Attempting to download match 1473442 (attempt 1/4)
2025-12-08 17:34:04 - scraping.player_extractor - INFO - PlayerExtractor initialized - Target: raw.match_players
2025-12-08 17:34:04 - scraping.match_scraper - INFO - Initializing WebDriver
2025-12-08 17:34:10 - scraping.match_scraper - INFO - Loading full scorecard - attempt 1
2025-12-08 17:34:21 - scraping.match_scraper - INFO - full scorecard loaded successfully
2025-12-08 17:34:21 - scraping.match_scraper - INFO - Scrolling full scorecard page
2025-12-08 17:34:21 - core.page_navigator - INFO - Scrolling page 5 times
2025-12-08 17:34:43 - core.page_navigator - INFO - Page scrolling completed
2025-12-08 17:34:46 - scraping.match_scraper - INFO - Extracting metadata
2025-12-08 17:34:47 - core.metadata_extractor - INFO - Found 14 metadata rows for match 1473442
2025-12-08 17:34:47 - core.metadata_extractor - INFO - Extracted 15 metadata fields for match 1473442
2025-12-08 17:34:47 - scraping.match_scraper - INFO - Extracting player rosters...
2025-12-08 17:34:47 - scraping.player_extractor - INFO - Extracting players for match 1473442
2025-12-08 17:34:47 - core.metadata_extractor - INFO - Extracting player names for match 1473442
2025-12-08 17:34:47 - core.metadata_extractor - INFO - Found 2 scorecard table(s)
2025-12-08 17:34:47 - core.metadata_extractor - INFO -   innings_1 (Punjab Kings): 7 batted, 4 did not bat
2025-12-08 17:34:47 - core.metadata_extractor - INFO -   innings_2 (Gujarat Titans): 7 batted, 4 did not bat
2025-12-08 17:34:47 - core.metadata_extractor - INFO -   Found 12 impact players/substitutes
2025-12-08 17:34:47 - core.metadata_extractor - INFO - Created DataFrame with 34 player records from 2 innings
2025-12-08 17:34:47 - scraping.player_extractor - INFO - Extracted 32 players for match 1473442
2025-12-08 17:34:47 - scraping.player_extractor - INFO -   Teams: Gujarat Titans, Punjab Kings
2025-12-08 17:34:47 - scraping.player_extractor - INFO -   Batted: 13, Did not bat: 19
2025-12-08 17:34:47 - scraping.match_scraper - INFO - Stored 32 players
2025-12-08 17:34:47 - scraping.match_scraper - INFO -   - Gujarat Titans
2025-12-08 17:34:47 - scraping.match_scraper - INFO -   - Punjab Kings
2025-12-08 17:34:47 - scraping.match_scraper - INFO - Loading commentary page - attempt 1
2025-12-08 17:34:57 - scraping.match_scraper - INFO - commentary page loaded successfully
2025-12-08 17:34:57 - scraping.match_scraper - INFO - Scrolling commentary page
2025-12-08 17:34:57 - core.page_navigator - INFO - Scrolling page 25 times
2025-12-08 17:35:48 - core.page_navigator - INFO - Page scrolling completed
2025-12-08 17:35:51 - scraping.match_scraper - INFO - Extracting first innings data
2025-12-08 17:35:51 - scraping.match_scraper - INFO - Default batting team: GT
2025-12-08 17:35:51 - core.commentary_parser - INFO - Found 128 commentary blocks
2025-12-08 17:35:51 - core.commentary_parser - INFO - Parsed 128 commentary entries
2025-12-08 17:35:51 - core.commentary_parser - INFO - Created DataFrame with 128 rows
2025-12-08 17:35:51 - scraping.match_scraper - INFO - First innings: 128 events
2025-12-08 17:35:51 - core.page_navigator - INFO - Scrolling to top of page
2025-12-08 17:35:57 - scraping.match_scraper - INFO - Switching to second innings
2025-12-08 17:35:57 - core.page_navigator - INFO - Switching innings from: GT
2025-12-08 17:36:31 - core.page_navigator - INFO - Switching to innings: PBKS
2025-12-08 17:36:34 - core.page_navigator - INFO - Successfully switched to PBKS
2025-12-08 17:36:34 - scraping.match_scraper - INFO - Switched batting team: PBKS
2025-12-08 17:36:39 - core.page_navigator - INFO - Scrolling page 25 times
2025-12-08 17:37:30 - core.page_navigator - INFO - Page scrolling completed
2025-12-08 17:37:33 - core.commentary_parser - INFO - Found 126 commentary blocks
2025-12-08 17:37:33 - core.commentary_parser - INFO - Parsed 126 commentary entries
2025-12-08 17:37:33 - core.commentary_parser - INFO - Created DataFrame with 126 rows
2025-12-08 17:37:33 - scraping.match_scraper - INFO - Second innings: 126 events
2025-12-08 17:37:33 - scraping.match_scraper - INFO - Saving commentary to database
2025-12-08 17:37:33 - scraping.match_scraper - INFO - Commentary saved: 254 total events
2025-12-08 17:37:33 - scraping.match_scraper - INFO - Saving metadata to database
2025-12-08 17:37:33 - scraping.match_scraper - INFO - Saving match players to database
2025-12-08 17:37:33 - scraping.match_scraper - INFO - Successfully completed scraping match 1473442
2025-12-08 17:37:33 - scraping.match_scraper - INFO - Closing WebDriver
2025-12-08 17:37:36 - __main__ - INFO - Successfully downloaded match 1473442
2025-12-08 17:37:46 - __main__ - INFO - Processing match 6/74: https://www.espncricinfo.com/series/ipl-2025-1449924/rajasthan-royals-vs-kolkata-knight-riders-6th-match-1473443/full-scorecard
2025-12-08 17:37:46 - __main__ - INFO - Attempting to download match 1473443 (attempt 1/4)
2025-12-08 17:37:46 - scraping.player_extractor - INFO - PlayerExtractor initialized - Target: raw.match_players
2025-12-08 17:37:46 - scraping.match_scraper - INFO - Initializing WebDriver
2025-12-08 17:37:50 - scraping.match_scraper - INFO - Loading full scorecard - attempt 1
2025-12-08 17:38:02 - scraping.match_scraper - INFO - full scorecard loaded successfully
2025-12-08 17:38:02 - scraping.match_scraper - INFO - Scrolling full scorecard page
2025-12-08 17:38:02 - core.page_navigator - INFO - Scrolling page 5 times
2025-12-08 17:38:25 - core.page_navigator - INFO - Page scrolling completed
2025-12-08 17:38:28 - scraping.match_scraper - INFO - Extracting metadata
2025-12-08 17:38:29 - core.metadata_extractor - INFO - Found 14 metadata rows for match 1473443
2025-12-08 17:38:29 - core.metadata_extractor - INFO - Extracted 15 metadata fields for match 1473443
2025-12-08 17:38:29 - scraping.match_scraper - INFO - Extracting player rosters...
2025-12-08 17:38:29 - scraping.player_extractor - INFO - Extracting players for match 1473443
2025-12-08 17:38:30 - core.metadata_extractor - INFO - Extracting player names for match 1473443
2025-12-08 17:38:30 - core.metadata_extractor - INFO - Found 2 scorecard table(s)
2025-12-08 17:38:30 - core.metadata_extractor - INFO -   innings_1 (Rajasthan Royals): 11 batted, 1 did not bat
2025-12-08 17:38:30 - core.metadata_extractor - INFO -   innings_2 (Kolkata Knight Riders): 4 batted, 7 did not bat
2025-12-08 17:38:30 - core.metadata_extractor - INFO -   Found 14 impact players/substitutes
2025-12-08 17:38:30 - core.metadata_extractor - INFO - Created DataFrame with 37 player records from 2 innings
2025-12-08 17:38:30 - scraping.player_extractor - INFO - Extracted 35 players for match 1473443
2025-12-08 17:38:30 - scraping.player_extractor - INFO -   Teams: Kolkata Knight Riders, Rajasthan Royals
2025-12-08 17:38:30 - scraping.player_extractor - INFO -   Batted: 13, Did not bat: 22
2025-12-08 17:38:30 - scraping.match_scraper - INFO - Stored 35 players
2025-12-08 17:38:30 - scraping.match_scraper - INFO -   - Kolkata Knight Riders
2025-12-08 17:38:30 - scraping.match_scraper - INFO -   - Rajasthan Royals
2025-12-08 17:38:30 - scraping.match_scraper - INFO - Loading commentary page - attempt 1
2025-12-08 17:38:43 - scraping.match_scraper - INFO - commentary page loaded successfully
2025-12-08 17:38:43 - scraping.match_scraper - INFO - Scrolling commentary page
2025-12-08 17:38:43 - core.page_navigator - INFO - Scrolling page 25 times
2025-12-08 17:39:46 - core.page_navigator - INFO - Page scrolling completed
2025-12-08 17:39:49 - scraping.match_scraper - INFO - Extracting first innings data
2025-12-08 17:39:49 - scraping.match_scraper - INFO - Default batting team: KKR
2025-12-08 17:39:49 - core.commentary_parser - INFO - Found 110 commentary blocks
2025-12-08 17:39:49 - core.commentary_parser - INFO - Parsed 110 commentary entries
2025-12-08 17:39:49 - core.commentary_parser - INFO - Created DataFrame with 110 rows
2025-12-08 17:39:49 - scraping.match_scraper - INFO - First innings: 110 events
2025-12-08 17:39:49 - core.page_navigator - INFO - Scrolling to top of page
2025-12-08 17:39:55 - scraping.match_scraper - INFO - Switching to second innings
2025-12-08 17:39:55 - core.page_navigator - INFO - Switching innings from: KKR
2025-12-08 17:40:30 - core.page_navigator - INFO - Switching to innings: RR
2025-12-08 17:40:33 - core.page_navigator - INFO - Successfully switched to RR
2025-12-08 17:40:33 - scraping.match_scraper - INFO - Switched batting team: RR
2025-12-08 17:40:38 - core.page_navigator - INFO - Scrolling page 25 times
2025-12-08 17:41:29 - core.page_navigator - INFO - Page scrolling completed
2025-12-08 17:41:32 - core.commentary_parser - INFO - Found 124 commentary blocks
2025-12-08 17:41:32 - core.commentary_parser - INFO - Parsed 124 commentary entries
2025-12-08 17:41:32 - core.commentary_parser - INFO - Created DataFrame with 124 rows
2025-12-08 17:41:32 - scraping.match_scraper - INFO - Second innings: 124 events
2025-12-08 17:41:32 - scraping.match_scraper - INFO - Saving commentary to database
2025-12-08 17:41:32 - scraping.match_scraper - INFO - Commentary saved: 234 total events
2025-12-08 17:41:32 - scraping.match_scraper - INFO - Saving metadata to database
2025-12-08 17:41:32 - scraping.match_scraper - INFO - Saving match players to database
2025-12-08 17:41:32 - scraping.match_scraper - INFO - Successfully completed scraping match 1473443
2025-12-08 17:41:32 - scraping.match_scraper - INFO - Closing WebDriver
2025-12-08 17:41:35 - __main__ - INFO - Successfully downloaded match 1473443
2025-12-08 17:41:45 - __main__ - INFO - Processing match 7/74: https://www.espncricinfo.com/series/ipl-2025-1449924/sunrisers-hyderabad-vs-lucknow-super-giants-7th-match-1473444/full-scorecard
2025-12-08 17:41:45 - __main__ - INFO - Attempting to download match 1473444 (attempt 1/4)
2025-12-08 17:41:45 - scraping.player_extractor - INFO - PlayerExtractor initialized - Target: raw.match_players
2025-12-08 17:41:45 - scraping.match_scraper - INFO - Initializing WebDriver
2025-12-08 17:41:50 - scraping.match_scraper - INFO - Loading full scorecard - attempt 1
2025-12-08 17:42:02 - scraping.match_scraper - INFO - full scorecard loaded successfully
2025-12-08 17:42:02 - scraping.match_scraper - INFO - Scrolling full scorecard page
2025-12-08 17:42:02 - core.page_navigator - INFO - Scrolling page 5 times
2025-12-08 17:42:19 - core.page_navigator - INFO - Page scrolling completed
2025-12-08 17:42:22 - scraping.match_scraper - INFO - Extracting metadata
2025-12-08 17:42:23 - core.metadata_extractor - INFO - Found 14 metadata rows for match 1473444
2025-12-08 17:42:23 - core.metadata_extractor - INFO - Extracted 15 metadata fields for match 1473444
2025-12-08 17:42:23 - scraping.match_scraper - INFO - Extracting player rosters...
2025-12-08 17:42:23 - scraping.player_extractor - INFO - Extracting players for match 1473444
2025-12-08 17:42:23 - core.metadata_extractor - INFO - Extracting player names for match 1473444
2025-12-08 17:42:23 - core.metadata_extractor - INFO - Found 2 scorecard table(s)
2025-12-08 17:42:23 - core.metadata_extractor - INFO -   innings_1 (Sunrisers Hyderabad): 11 batted, 0 did not bat
2025-12-08 17:42:23 - core.metadata_extractor - INFO -   innings_2 (Lucknow Super Giants): 7 batted, 4 did not bat
2025-12-08 17:42:23 - core.metadata_extractor - INFO -   Found 4 impact players/substitutes
2025-12-08 17:42:23 - core.metadata_extractor - INFO - Created DataFrame with 26 player records from 2 innings
2025-12-08 17:42:23 - scraping.player_extractor - INFO - Extracted 26 players for match 1473444
2025-12-08 17:42:23 - scraping.player_extractor - INFO -   Teams: Sunrisers Hyderabad, Lucknow Super Giants
2025-12-08 17:42:23 - scraping.player_extractor - INFO -   Batted: 18, Did not bat: 8
2025-12-08 17:42:23 - scraping.match_scraper - INFO - Stored 26 players
2025-12-08 17:42:23 - scraping.match_scraper - INFO -   - Sunrisers Hyderabad
2025-12-08 17:42:23 - scraping.match_scraper - INFO -   - Lucknow Super Giants
2025-12-08 17:42:23 - scraping.match_scraper - INFO - Loading commentary page - attempt 1
2025-12-08 17:42:33 - scraping.match_scraper - INFO - commentary page loaded successfully
2025-12-08 17:42:33 - scraping.match_scraper - INFO - Scrolling commentary page
2025-12-08 17:42:33 - core.page_navigator - INFO - Scrolling page 25 times
2025-12-08 17:43:26 - core.page_navigator - INFO - Page scrolling completed
2025-12-08 17:43:29 - scraping.match_scraper - INFO - Extracting first innings data
2025-12-08 17:43:29 - scraping.match_scraper - INFO - Default batting team: LSG
2025-12-08 17:43:30 - core.commentary_parser - INFO - Found 106 commentary blocks
2025-12-08 17:43:30 - core.commentary_parser - INFO - Parsed 106 commentary entries
2025-12-08 17:43:30 - core.commentary_parser - INFO - Created DataFrame with 106 rows
2025-12-08 17:43:30 - scraping.match_scraper - INFO - First innings: 106 events
2025-12-08 17:43:30 - core.page_navigator - INFO - Scrolling to top of page
2025-12-08 17:43:36 - scraping.match_scraper - INFO - Switching to second innings
2025-12-08 17:43:36 - core.page_navigator - INFO - Switching innings from: LSG
2025-12-08 17:44:10 - core.page_navigator - INFO - Switching to innings: SRH
2025-12-08 17:44:13 - core.page_navigator - INFO - Successfully switched to SRH
2025-12-08 17:44:13 - scraping.match_scraper - INFO - Switched batting team: SRH
2025-12-08 17:44:18 - core.page_navigator - INFO - Scrolling page 25 times
2025-12-08 17:45:09 - core.page_navigator - INFO - Page scrolling completed
2025-12-08 17:45:12 - core.commentary_parser - INFO - Found 127 commentary blocks
2025-12-08 17:45:12 - core.commentary_parser - INFO - Parsed 127 commentary entries
2025-12-08 17:45:12 - core.commentary_parser - INFO - Created DataFrame with 127 rows
2025-12-08 17:45:12 - scraping.match_scraper - INFO - Second innings: 127 events
2025-12-08 17:45:12 - scraping.match_scraper - INFO - Saving commentary to database
2025-12-08 17:45:12 - scraping.match_scraper - INFO - Commentary saved: 233 total events
2025-12-08 17:45:12 - scraping.match_scraper - INFO - Saving metadata to database
2025-12-08 17:45:13 - scraping.match_scraper - INFO - Saving match players to database
2025-12-08 17:45:13 - scraping.match_scraper - INFO - Successfully completed scraping match 1473444
2025-12-08 17:45:13 - scraping.match_scraper - INFO - Closing WebDriver
2025-12-08 17:45:15 - __main__ - INFO - Successfully downloaded match 1473444
2025-12-08 17:45:25 - __main__ - INFO - Processing match 8/74: https://www.espncricinfo.com/series/ipl-2025-1449924/chennai-super-kings-vs-royal-challengers-bengaluru-8th-match-1473445/full-scorecard
2025-12-08 17:45:25 - __main__ - INFO - Attempting to download match 1473445 (attempt 1/4)
2025-12-08 17:45:25 - scraping.player_extractor - INFO - PlayerExtractor initialized - Target: raw.match_players
2025-12-08 17:45:25 - scraping.match_scraper - INFO - Initializing WebDriver
2025-12-08 17:45:30 - scraping.match_scraper - INFO - Loading full scorecard - attempt 1
2025-12-08 17:45:42 - scraping.match_scraper - INFO - full scorecard loaded successfully
2025-12-08 17:45:42 - scraping.match_scraper - INFO - Scrolling full scorecard page
2025-12-08 17:45:42 - core.page_navigator - INFO - Scrolling page 5 times
2025-12-08 17:46:09 - core.page_navigator - INFO - Page scrolling completed
2025-12-08 17:46:12 - scraping.match_scraper - INFO - Extracting metadata
2025-12-08 17:46:13 - core.metadata_extractor - INFO - Found 14 metadata rows for match 1473445
2025-12-08 17:46:13 - core.metadata_extractor - INFO - Extracted 15 metadata fields for match 1473445
2025-12-08 17:46:13 - scraping.match_scraper - INFO - Extracting player rosters...
2025-12-08 17:46:13 - scraping.player_extractor - INFO - Extracting players for match 1473445
2025-12-08 17:46:13 - core.metadata_extractor - INFO - Extracting player names for match 1473445
2025-12-08 17:46:13 - core.metadata_extractor - INFO - Found 2 scorecard table(s)
2025-12-08 17:46:13 - core.metadata_extractor - INFO -   innings_1 (Royal Challengers Bengaluru): 9 batted, 2 did not bat
2025-12-08 17:46:13 - core.metadata_extractor - INFO -   innings_2 (Chennai Super Kings): 10 batted, 1 did not bat
2025-12-08 17:46:13 - core.metadata_extractor - INFO -   Found 14 impact players/substitutes
2025-12-08 17:46:13 - core.metadata_extractor - INFO - Created DataFrame with 36 player records from 2 innings
2025-12-08 17:46:13 - scraping.player_extractor - INFO - Extracted 32 players for match 1473445
2025-12-08 17:46:13 - scraping.player_extractor - INFO -   Teams: Chennai Super Kings, Royal Challengers Bengaluru
2025-12-08 17:46:13 - scraping.player_extractor - INFO -   Batted: 17, Did not bat: 15
2025-12-08 17:46:13 - scraping.match_scraper - INFO - Stored 32 players
2025-12-08 17:46:13 - scraping.match_scraper - INFO -   - Chennai Super Kings
2025-12-08 17:46:13 - scraping.match_scraper - INFO -   - Royal Challengers Bengaluru
2025-12-08 17:46:13 - scraping.match_scraper - INFO - Loading commentary page - attempt 1
2025-12-08 17:46:24 - scraping.match_scraper - INFO - commentary page loaded successfully
2025-12-08 17:46:24 - scraping.match_scraper - INFO - Scrolling commentary page
2025-12-08 17:46:24 - core.page_navigator - INFO - Scrolling page 25 times
2025-12-08 17:47:18 - core.page_navigator - INFO - Page scrolling completed
2025-12-08 17:47:21 - scraping.match_scraper - INFO - Extracting first innings data
2025-12-08 17:47:21 - scraping.match_scraper - INFO - Default batting team: CSK
2025-12-08 17:47:22 - core.commentary_parser - INFO - Found 122 commentary blocks
2025-12-08 17:47:22 - core.commentary_parser - INFO - Parsed 122 commentary entries
2025-12-08 17:47:22 - core.commentary_parser - INFO - Created DataFrame with 122 rows
2025-12-08 17:47:22 - scraping.match_scraper - INFO - First innings: 122 events
2025-12-08 17:47:22 - core.page_navigator - INFO - Scrolling to top of page
2025-12-08 17:47:28 - scraping.match_scraper - INFO - Switching to second innings
2025-12-08 17:47:28 - core.page_navigator - INFO - Switching innings from: CSK
2025-12-08 17:48:03 - core.page_navigator - INFO - Switching to innings: RCB
2025-12-08 17:48:05 - core.page_navigator - INFO - Successfully switched to RCB
2025-12-08 17:48:05 - scraping.match_scraper - INFO - Switched batting team: RCB
2025-12-08 17:48:10 - core.page_navigator - INFO - Scrolling page 25 times
2025-12-08 17:49:01 - core.page_navigator - INFO - Page scrolling completed
2025-12-08 17:49:04 - core.commentary_parser - INFO - Found 128 commentary blocks
2025-12-08 17:49:04 - core.commentary_parser - INFO - Parsed 128 commentary entries
2025-12-08 17:49:04 - core.commentary_parser - INFO - Created DataFrame with 128 rows
2025-12-08 17:49:04 - scraping.match_scraper - INFO - Second innings: 128 events
2025-12-08 17:49:04 - scraping.match_scraper - INFO - Saving commentary to database
2025-12-08 17:49:05 - scraping.match_scraper - INFO - Commentary saved: 250 total events
2025-12-08 17:49:05 - scraping.match_scraper - INFO - Saving metadata to database
2025-12-08 17:49:05 - scraping.match_scraper - INFO - Saving match players to database
2025-12-08 17:49:05 - scraping.match_scraper - INFO - Successfully completed scraping match 1473445
2025-12-08 17:49:05 - scraping.match_scraper - INFO - Closing WebDriver
2025-12-08 17:49:07 - __main__ - INFO - Successfully downloaded match 1473445
2025-12-08 17:49:17 - __main__ - INFO - Processing match 9/74: https://www.espncricinfo.com/series/ipl-2025-1449924/gujarat-titans-vs-mumbai-indians-9th-match-1473446/full-scorecard
2025-12-08 17:49:17 - __main__ - INFO - Attempting to download match 1473446 (attempt 1/4)
2025-12-08 17:49:17 - scraping.player_extractor - INFO - PlayerExtractor initialized - Target: raw.match_players
2025-12-08 17:49:17 - scraping.match_scraper - INFO - Initializing WebDriver
2025-12-08 17:49:21 - scraping.match_scraper - INFO - Loading full scorecard - attempt 1
2025-12-08 17:49:32 - scraping.match_scraper - INFO - full scorecard loaded successfully
2025-12-08 17:49:32 - scraping.match_scraper - INFO - Scrolling full scorecard page
2025-12-08 17:49:32 - core.page_navigator - INFO - Scrolling page 5 times
2025-12-08 17:49:50 - core.page_navigator - INFO - Page scrolling completed
2025-12-08 17:49:53 - scraping.match_scraper - INFO - Extracting metadata
2025-12-08 17:49:54 - core.metadata_extractor - INFO - Found 14 metadata rows for match 1473446
2025-12-08 17:49:54 - core.metadata_extractor - INFO - Extracted 15 metadata fields for match 1473446
2025-12-08 17:49:54 - scraping.match_scraper - INFO - Extracting player rosters...
2025-12-08 17:49:54 - scraping.player_extractor - INFO - Extracting players for match 1473446
2025-12-08 17:49:54 - core.metadata_extractor - INFO - Extracting player names for match 1473446
2025-12-08 17:49:54 - core.metadata_extractor - INFO - Found 2 scorecard table(s)
2025-12-08 17:49:54 - core.metadata_extractor - INFO -   innings_1 (Gujarat Titans): 9 batted, 2 did not bat
2025-12-08 17:49:54 - core.metadata_extractor - INFO -   innings_2 (Mumbai Indians): 8 batted, 3 did not bat
2025-12-08 17:49:54 - core.metadata_extractor - INFO -   Found 14 impact players/substitutes
2025-12-08 17:49:54 - core.metadata_extractor - INFO - Created DataFrame with 36 player records from 2 innings
2025-12-08 17:49:54 - scraping.player_extractor - INFO - Extracted 35 players for match 1473446
2025-12-08 17:49:54 - scraping.player_extractor - INFO -   Teams: Mumbai Indians, Gujarat Titans
2025-12-08 17:49:54 - scraping.player_extractor - INFO -   Batted: 16, Did not bat: 19
2025-12-08 17:49:54 - scraping.match_scraper - INFO - Stored 35 players
2025-12-08 17:49:54 - scraping.match_scraper - INFO -   - Mumbai Indians
2025-12-08 17:49:54 - scraping.match_scraper - INFO -   - Gujarat Titans
2025-12-08 17:49:54 - scraping.match_scraper - INFO - Loading commentary page - attempt 1
2025-12-08 17:50:05 - scraping.match_scraper - INFO - commentary page loaded successfully
2025-12-08 17:50:05 - scraping.match_scraper - INFO - Scrolling commentary page
2025-12-08 17:50:05 - core.page_navigator - INFO - Scrolling page 25 times
2025-12-08 17:52:05 - core.page_navigator - ERROR - Error during page scroll: HTTPConnectionPool(host='localhost', port=59066): Read timed out. (read timeout=120)
2025-12-08 17:52:08 - scraping.match_scraper - INFO - Extracting first innings data
2025-12-08 17:54:08 - scraping.match_scraper - ERROR - Error scraping match 1473446: HTTPConnectionPool(host='localhost', port=59066): Read timed out. (read timeout=120)
Traceback (most recent call last):
  File "C:\Users\prade\PycharmProjects\Cricinfo_scraper\.venv\Lib\site-packages\urllib3\connectionpool.py", line 534, in _make_request
    response = conn.getresponse()
               ^^^^^^^^^^^^^^^^^^
  File "C:\Users\prade\PycharmProjects\Cricinfo_scraper\.venv\Lib\site-packages\urllib3\connection.py", line 516, in getresponse
    httplib_response = super().getresponse()
                       ^^^^^^^^^^^^^^^^^^^^^
  File "C:\Users\prade\AppData\Local\Programs\Python\Python311\Lib\http\client.py", line 1395, in getresponse
    response.begin()
  File "C:\Users\prade\AppData\Local\Programs\Python\Python311\Lib\http\client.py", line 325, in begin
    version, status, reason = self._read_status()
                              ^^^^^^^^^^^^^^^^^^^
  File "C:\Users\prade\AppData\Local\Programs\Python\Python311\Lib\http\client.py", line 286, in _read_status
    line = str(self.fp.readline(_MAXLINE + 1), "iso-8859-1")
               ^^^^^^^^^^^^^^^^^^^^^^^^^^^^^^
  File "C:\Users\prade\AppData\Local\Programs\Python\Python311\Lib\socket.py", line 706, in readinto
    return self._sock.recv_into(b)
           ^^^^^^^^^^^^^^^^^^^^^^^
TimeoutError: timed out

The above exception was the direct cause of the following exception:

Traceback (most recent call last):
  File "C:\Users\prade\Pycharm\Cricinfo_scraper\scraping\match_scraper.py", line 197, in scrape
    default_team_name = self.get_current_innings_team(driver)
                        ^^^^^^^^^^^^^^^^^^^^^^^^^^^^^^^^^^^^^
  File "C:\Users\prade\Pycharm\Cricinfo_scraper\scraping\match_scraper.py", line 336, in get_current_innings_team
    team_element = driver.find_element("css selector", "div.ds-cursor-pointer.ds-min-w-max")
                   ^^^^^^^^^^^^^^^^^^^^^^^^^^^^^^^^^^^^^^^^^^^^^^^^^^^^^^^^^^^^^^^^^^^^^^^^^
  File "C:\Users\prade\PycharmProjects\Cricinfo_scraper\.venv\Lib\site-packages\selenium\webdriver\remote\webdriver.py", line 914, in find_element
    return self.execute(Command.FIND_ELEMENT, {"using": by, "value": value})["value"]
           ^^^^^^^^^^^^^^^^^^^^^^^^^^^^^^^^^^^^^^^^^^^^^^^^^^^^^^^^^^^^^^^^^
  File "C:\Users\prade\PycharmProjects\Cricinfo_scraper\.venv\Lib\site-packages\selenium\webdriver\remote\webdriver.py", line 445, in execute
    response = self.command_executor.execute(driver_command, params)
               ^^^^^^^^^^^^^^^^^^^^^^^^^^^^^^^^^^^^^^^^^^^^^^^^^^^^^
  File "C:\Users\prade\PycharmProjects\Cricinfo_scraper\.venv\Lib\site-packages\selenium\webdriver\remote\remote_connection.py", line 404, in execute
    return self._request(command_info[0], url, body=data)
           ^^^^^^^^^^^^^^^^^^^^^^^^^^^^^^^^^^^^^^^^^^^^^^
  File "C:\Users\prade\PycharmProjects\Cricinfo_scraper\.venv\Lib\site-packages\selenium\webdriver\remote\remote_connection.py", line 428, in _request
    response = self._conn.request(method, url, body=body, headers=headers, timeout=self._client_config.timeout)
               ^^^^^^^^^^^^^^^^^^^^^^^^^^^^^^^^^^^^^^^^^^^^^^^^^^^^^^^^^^^^^^^^^^^^^^^^^^^^^^^^^^^^^^^^^^^^^^^^
  File "C:\Users\prade\PycharmProjects\Cricinfo_scraper\.venv\Lib\site-packages\urllib3\_request_methods.py", line 143, in request
    return self.request_encode_body(
           ^^^^^^^^^^^^^^^^^^^^^^^^^
  File "C:\Users\prade\PycharmProjects\Cricinfo_scraper\.venv\Lib\site-packages\urllib3\_request_methods.py", line 278, in request_encode_body
    return self.urlopen(method, url, **extra_kw)
           ^^^^^^^^^^^^^^^^^^^^^^^^^^^^^^^^^^^^^
  File "C:\Users\prade\PycharmProjects\Cricinfo_scraper\.venv\Lib\site-packages\urllib3\poolmanager.py", line 443, in urlopen
    response = conn.urlopen(method, u.request_uri, **kw)
               ^^^^^^^^^^^^^^^^^^^^^^^^^^^^^^^^^^^^^^^^^
  File "C:\Users\prade\PycharmProjects\Cricinfo_scraper\.venv\Lib\site-packages\urllib3\connectionpool.py", line 841, in urlopen
    retries = retries.increment(
              ^^^^^^^^^^^^^^^^^^
  File "C:\Users\prade\PycharmProjects\Cricinfo_scraper\.venv\Lib\site-packages\urllib3\util\retry.py", line 474, in increment
    raise reraise(type(error), error, _stacktrace)
          ^^^^^^^^^^^^^^^^^^^^^^^^^^^^^^^^^^^^^^^^
  File "C:\Users\prade\PycharmProjects\Cricinfo_scraper\.venv\Lib\site-packages\urllib3\util\util.py", line 39, in reraise
    raise value
  File "C:\Users\prade\PycharmProjects\Cricinfo_scraper\.venv\Lib\site-packages\urllib3\connectionpool.py", line 787, in urlopen
    response = self._make_request(
               ^^^^^^^^^^^^^^^^^^^
  File "C:\Users\prade\PycharmProjects\Cricinfo_scraper\.venv\Lib\site-packages\urllib3\connectionpool.py", line 536, in _make_request
    self._raise_timeout(err=e, url=url, timeout_value=read_timeout)
  File "C:\Users\prade\PycharmProjects\Cricinfo_scraper\.venv\Lib\site-packages\urllib3\connectionpool.py", line 367, in _raise_timeout
    raise ReadTimeoutError(
urllib3.exceptions.ReadTimeoutError: HTTPConnectionPool(host='localhost', port=59066): Read timed out. (read timeout=120)
2025-12-08 17:54:08 - scraping.match_scraper - INFO - Closing WebDriver
2025-12-08 18:02:20 - __main__ - WARNING - Connection error for match 1473446 (attempt 1): HTTPConnectionPool(host='localhost', port=59066): Read timed out. (read timeout=120)
2025-12-08 18:02:20 - __main__ - INFO - Retrying match 1473446 in 30 seconds...
2025-12-08 18:02:50 - __main__ - INFO - Attempting to download match 1473446 (attempt 2/4)
2025-12-08 18:02:50 - scraping.player_extractor - INFO - PlayerExtractor initialized - Target: raw.match_players
2025-12-08 18:02:50 - scraping.match_scraper - INFO - Initializing WebDriver
2025-12-08 18:02:53 - scraping.match_scraper - INFO - Loading full scorecard - attempt 1
2025-12-08 18:03:03 - scraping.match_scraper - INFO - full scorecard loaded successfully
2025-12-08 18:03:03 - scraping.match_scraper - INFO - Scrolling full scorecard page
2025-12-08 18:03:03 - core.page_navigator - INFO - Scrolling page 5 times
2025-12-08 18:03:19 - core.page_navigator - INFO - Page scrolling completed
2025-12-08 18:03:22 - scraping.match_scraper - INFO - Extracting metadata
2025-12-08 18:03:23 - core.metadata_extractor - INFO - Found 14 metadata rows for match 1473446
2025-12-08 18:03:23 - core.metadata_extractor - INFO - Extracted 15 metadata fields for match 1473446
2025-12-08 18:03:23 - scraping.match_scraper - INFO - Extracting player rosters...
2025-12-08 18:03:23 - scraping.player_extractor - INFO - Extracting players for match 1473446
2025-12-08 18:03:23 - core.metadata_extractor - INFO - Extracting player names for match 1473446
2025-12-08 18:03:23 - core.metadata_extractor - INFO - Found 2 scorecard table(s)
2025-12-08 18:03:23 - core.metadata_extractor - INFO -   innings_1 (Gujarat Titans): 9 batted, 2 did not bat
2025-12-08 18:03:23 - core.metadata_extractor - INFO -   innings_2 (Mumbai Indians): 8 batted, 3 did not bat
2025-12-08 18:03:23 - core.metadata_extractor - INFO -   Found 14 impact players/substitutes
2025-12-08 18:03:23 - core.metadata_extractor - INFO - Created DataFrame with 36 player records from 2 innings
2025-12-08 18:03:23 - scraping.player_extractor - INFO - Extracted 35 players for match 1473446
2025-12-08 18:03:23 - scraping.player_extractor - INFO -   Teams: Mumbai Indians, Gujarat Titans
2025-12-08 18:03:23 - scraping.player_extractor - INFO -   Batted: 16, Did not bat: 19
2025-12-08 18:03:23 - scraping.match_scraper - INFO - Stored 35 players
2025-12-08 18:03:23 - scraping.match_scraper - INFO -   - Mumbai Indians
2025-12-08 18:03:23 - scraping.match_scraper - INFO -   - Gujarat Titans
2025-12-08 18:03:23 - scraping.match_scraper - INFO - Loading commentary page - attempt 1
2025-12-08 18:03:33 - scraping.match_scraper - INFO - commentary page loaded successfully
2025-12-08 18:03:33 - scraping.match_scraper - INFO - Scrolling commentary page
2025-12-08 18:03:33 - core.page_navigator - INFO - Scrolling page 25 times
2025-12-08 18:04:32 - core.page_navigator - INFO - Page scrolling completed
2025-12-08 18:04:35 - scraping.match_scraper - INFO - Extracting first innings data
2025-12-08 18:04:36 - scraping.match_scraper - INFO - Default batting team: MI
2025-12-08 18:04:36 - core.commentary_parser - INFO - Found 127 commentary blocks
2025-12-08 18:04:36 - core.commentary_parser - INFO - Parsed 127 commentary entries
2025-12-08 18:04:36 - core.commentary_parser - INFO - Created DataFrame with 127 rows
2025-12-08 18:04:36 - scraping.match_scraper - INFO - First innings: 127 events
2025-12-08 18:04:36 - core.page_navigator - INFO - Scrolling to top of page
2025-12-08 18:04:42 - scraping.match_scraper - INFO - Switching to second innings
2025-12-08 18:04:42 - core.page_navigator - INFO - Switching innings from: MI
2025-12-08 18:05:17 - core.page_navigator - INFO - Switching to innings: GT
2025-12-08 18:05:20 - core.page_navigator - INFO - Successfully switched to GT
2025-12-08 18:05:20 - scraping.match_scraper - INFO - Switched batting team: GT
2025-12-08 18:05:25 - core.page_navigator - INFO - Scrolling page 25 times
2025-12-08 18:06:15 - core.page_navigator - INFO - Page scrolling completed
2025-12-08 18:06:19 - core.commentary_parser - INFO - Found 130 commentary blocks
2025-12-08 18:06:19 - core.commentary_parser - INFO - Parsed 130 commentary entries
2025-12-08 18:06:19 - core.commentary_parser - INFO - Created DataFrame with 130 rows
2025-12-08 18:06:19 - scraping.match_scraper - INFO - Second innings: 130 events
2025-12-08 18:06:19 - scraping.match_scraper - INFO - Saving commentary to database
2025-12-08 18:06:20 - scraping.match_scraper - INFO - Commentary saved: 257 total events
2025-12-08 18:06:20 - scraping.match_scraper - INFO - Saving metadata to database
2025-12-08 18:06:20 - scraping.match_scraper - INFO - Saving match players to database
2025-12-08 18:06:20 - scraping.match_scraper - INFO - Successfully completed scraping match 1473446
2025-12-08 18:06:20 - scraping.match_scraper - INFO - Closing WebDriver
2025-12-08 18:06:22 - __main__ - INFO - Successfully downloaded match 1473446
2025-12-08 18:06:32 - __main__ - INFO - Processing match 10/74: https://www.espncricinfo.com/series/ipl-2025-1449924/delhi-capitals-vs-sunrisers-hyderabad-10th-match-1473447/full-scorecard
2025-12-08 18:06:32 - __main__ - INFO - Attempting to download match 1473447 (attempt 1/4)
2025-12-08 18:06:32 - scraping.player_extractor - INFO - PlayerExtractor initialized - Target: raw.match_players
2025-12-08 18:06:32 - scraping.match_scraper - INFO - Initializing WebDriver
2025-12-08 18:06:36 - scraping.match_scraper - INFO - Loading full scorecard - attempt 1
2025-12-08 18:06:47 - scraping.match_scraper - INFO - full scorecard loaded successfully
2025-12-08 18:06:47 - scraping.match_scraper - INFO - Scrolling full scorecard page
2025-12-08 18:06:47 - core.page_navigator - INFO - Scrolling page 5 times
2025-12-08 18:07:14 - core.page_navigator - INFO - Page scrolling completed
2025-12-08 18:07:17 - scraping.match_scraper - INFO - Extracting metadata
2025-12-08 18:07:19 - core.metadata_extractor - INFO - Found 13 metadata rows for match 1473447
2025-12-08 18:07:19 - core.metadata_extractor - INFO - Extracted 14 metadata fields for match 1473447
2025-12-08 18:07:19 - scraping.match_scraper - INFO - Extracting player rosters...
2025-12-08 18:07:20 - scraping.player_extractor - INFO - Extracting players for match 1473447
2025-12-08 18:07:21 - core.metadata_extractor - INFO - Extracting player names for match 1473447
2025-12-08 18:07:21 - core.metadata_extractor - INFO - Found 2 scorecard table(s)
2025-12-08 18:07:21 - core.metadata_extractor - INFO -   innings_1 (Sunrisers Hyderabad): 11 batted, 1 did not bat
2025-12-08 18:07:21 - core.metadata_extractor - INFO -   innings_2 (Delhi Capitals): 5 batted, 6 did not bat
2025-12-08 18:07:21 - core.metadata_extractor - INFO -   Found 2 impact players/substitutes
2025-12-08 18:07:21 - core.metadata_extractor - INFO - Created DataFrame with 25 player records from 2 innings
2025-12-08 18:07:21 - scraping.player_extractor - INFO - Extracted 23 players for match 1473447
2025-12-08 18:07:21 - scraping.player_extractor - INFO -   Teams: Sunrisers Hyderabad, Delhi Capitals
2025-12-08 18:07:21 - scraping.player_extractor - INFO -   Batted: 15, Did not bat: 8
2025-12-08 18:07:21 - scraping.match_scraper - INFO - Stored 23 players
2025-12-08 18:07:21 - scraping.match_scraper - INFO -   - Sunrisers Hyderabad
2025-12-08 18:07:21 - scraping.match_scraper - INFO -   - Delhi Capitals
2025-12-08 18:07:21 - scraping.match_scraper - INFO - Loading commentary page - attempt 1
2025-12-08 18:07:34 - scraping.match_scraper - INFO - commentary page loaded successfully
2025-12-08 18:07:34 - scraping.match_scraper - INFO - Scrolling commentary page
2025-12-08 18:07:34 - core.page_navigator - INFO - Scrolling page 25 times
2025-12-08 18:08:31 - core.page_navigator - INFO - Page scrolling completed
2025-12-08 18:08:34 - scraping.match_scraper - INFO - Extracting first innings data
2025-12-08 18:08:34 - scraping.match_scraper - INFO - Default batting team: DC
2025-12-08 18:08:35 - core.commentary_parser - INFO - Found 98 commentary blocks
2025-12-08 18:08:35 - core.commentary_parser - INFO - Parsed 98 commentary entries
2025-12-08 18:08:35 - core.commentary_parser - INFO - Created DataFrame with 98 rows
2025-12-08 18:08:35 - scraping.match_scraper - INFO - First innings: 98 events
2025-12-08 18:08:35 - core.page_navigator - INFO - Scrolling to top of page
2025-12-08 18:08:41 - scraping.match_scraper - INFO - Switching to second innings
2025-12-08 18:08:41 - core.page_navigator - INFO - Switching innings from: DC
2025-12-08 18:09:16 - core.page_navigator - INFO - Switching to innings: SRH
2025-12-08 18:09:19 - core.page_navigator - INFO - Successfully switched to SRH
2025-12-08 18:09:19 - scraping.match_scraper - INFO - Switched batting team: SRH
2025-12-08 18:09:24 - core.page_navigator - INFO - Scrolling page 25 times
2025-12-08 18:10:14 - core.page_navigator - INFO - Page scrolling completed
2025-12-08 18:10:18 - core.commentary_parser - INFO - Found 119 commentary blocks
2025-12-08 18:10:18 - core.commentary_parser - INFO - Parsed 119 commentary entries
2025-12-08 18:10:18 - core.commentary_parser - INFO - Created DataFrame with 119 rows
2025-12-08 18:10:18 - scraping.match_scraper - INFO - Second innings: 119 events
2025-12-08 18:10:18 - scraping.match_scraper - INFO - Saving commentary to database
2025-12-08 18:10:18 - scraping.match_scraper - INFO - Commentary saved: 217 total events
2025-12-08 18:10:18 - scraping.match_scraper - INFO - Saving metadata to database
2025-12-08 18:10:18 - scraping.match_scraper - INFO - Saving match players to database
2025-12-08 18:10:18 - scraping.match_scraper - INFO - Successfully completed scraping match 1473447
2025-12-08 18:10:18 - scraping.match_scraper - INFO - Closing WebDriver
2025-12-08 18:10:21 - __main__ - INFO - Successfully downloaded match 1473447
2025-12-08 18:10:31 - __main__ - INFO - Processing match 11/74: https://www.espncricinfo.com/series/ipl-2025-1449924/rajasthan-royals-vs-chennai-super-kings-11th-match-1473448/full-scorecard
2025-12-08 18:10:31 - __main__ - INFO - Attempting to download match 1473448 (attempt 1/4)
2025-12-08 18:10:31 - scraping.player_extractor - INFO - PlayerExtractor initialized - Target: raw.match_players
2025-12-08 18:10:31 - scraping.match_scraper - INFO - Initializing WebDriver
2025-12-08 18:10:34 - scraping.match_scraper - INFO - Loading full scorecard - attempt 1
2025-12-08 18:10:46 - scraping.match_scraper - INFO - full scorecard loaded successfully
2025-12-08 18:10:46 - scraping.match_scraper - INFO - Scrolling full scorecard page
2025-12-08 18:10:46 - core.page_navigator - INFO - Scrolling page 5 times
2025-12-08 18:11:07 - core.page_navigator - INFO - Page scrolling completed
2025-12-08 18:11:10 - scraping.match_scraper - INFO - Extracting metadata
2025-12-08 18:11:11 - core.metadata_extractor - INFO - Found 14 metadata rows for match 1473448
2025-12-08 18:11:11 - core.metadata_extractor - INFO - Extracted 15 metadata fields for match 1473448
2025-12-08 18:11:11 - scraping.match_scraper - INFO - Extracting player rosters...
2025-12-08 18:11:11 - scraping.player_extractor - INFO - Extracting players for match 1473448
2025-12-08 18:11:11 - core.metadata_extractor - INFO - Extracting player names for match 1473448
2025-12-08 18:11:11 - core.metadata_extractor - INFO - Found 2 scorecard table(s)
2025-12-08 18:11:11 - core.metadata_extractor - INFO -   innings_1 (Rajasthan Royals): 11 batted, 1 did not bat
2025-12-08 18:11:11 - core.metadata_extractor - INFO -   innings_2 (Chennai Super Kings): 8 batted, 3 did not bat
2025-12-08 18:11:11 - core.metadata_extractor - INFO -   Found 4 impact players/substitutes
2025-12-08 18:11:11 - core.metadata_extractor - INFO - Created DataFrame with 27 player records from 2 innings
2025-12-08 18:11:11 - scraping.player_extractor - INFO - Extracted 24 players for match 1473448
2025-12-08 18:11:11 - scraping.player_extractor - INFO -   Teams: Rajasthan Royals, Chennai Super Kings
2025-12-08 18:11:11 - scraping.player_extractor - INFO -   Batted: 16, Did not bat: 8
2025-12-08 18:11:11 - scraping.match_scraper - INFO - Stored 24 players
2025-12-08 18:11:11 - scraping.match_scraper - INFO -   - Rajasthan Royals
2025-12-08 18:11:11 - scraping.match_scraper - INFO -   - Chennai Super Kings
2025-12-08 18:11:11 - scraping.match_scraper - INFO - Loading commentary page - attempt 1
2025-12-08 18:11:23 - scraping.match_scraper - INFO - commentary page loaded successfully
2025-12-08 18:11:23 - scraping.match_scraper - INFO - Scrolling commentary page
2025-12-08 18:11:23 - core.page_navigator - INFO - Scrolling page 25 times
2025-12-08 18:12:15 - core.page_navigator - INFO - Page scrolling completed
2025-12-08 18:12:18 - scraping.match_scraper - INFO - Extracting first innings data
2025-12-08 18:12:18 - scraping.match_scraper - INFO - Default batting team: CSK
2025-12-08 18:12:19 - core.commentary_parser - INFO - Found 123 commentary blocks
2025-12-08 18:12:19 - core.commentary_parser - INFO - Parsed 123 commentary entries
2025-12-08 18:12:19 - core.commentary_parser - INFO - Created DataFrame with 123 rows
2025-12-08 18:12:19 - scraping.match_scraper - INFO - First innings: 123 events
2025-12-08 18:12:19 - core.page_navigator - INFO - Scrolling to top of page
2025-12-08 18:12:25 - scraping.match_scraper - INFO - Switching to second innings
2025-12-08 18:12:25 - core.page_navigator - INFO - Switching innings from: CSK
2025-12-08 18:13:00 - core.page_navigator - INFO - Switching to innings: RR
2025-12-08 18:13:03 - core.page_navigator - INFO - Successfully switched to RR
2025-12-08 18:13:03 - scraping.match_scraper - INFO - Switched batting team: RR
2025-12-08 18:13:08 - core.page_navigator - INFO - Scrolling page 25 times
2025-12-08 18:13:58 - core.page_navigator - INFO - Page scrolling completed
2025-12-08 18:14:02 - core.commentary_parser - INFO - Found 127 commentary blocks
2025-12-08 18:14:02 - core.commentary_parser - INFO - Parsed 127 commentary entries
2025-12-08 18:14:02 - core.commentary_parser - INFO - Created DataFrame with 127 rows
2025-12-08 18:14:02 - scraping.match_scraper - INFO - Second innings: 127 events
2025-12-08 18:14:02 - scraping.match_scraper - INFO - Saving commentary to database
2025-12-08 18:14:02 - scraping.match_scraper - INFO - Commentary saved: 250 total events
2025-12-08 18:14:02 - scraping.match_scraper - INFO - Saving metadata to database
2025-12-08 18:14:02 - scraping.match_scraper - INFO - Saving match players to database
2025-12-08 18:14:02 - scraping.match_scraper - INFO - Successfully completed scraping match 1473448
2025-12-08 18:14:02 - scraping.match_scraper - INFO - Closing WebDriver
2025-12-08 18:14:05 - __main__ - INFO - Successfully downloaded match 1473448
2025-12-08 18:14:15 - __main__ - INFO - Processing match 12/74: https://www.espncricinfo.com/series/ipl-2025-1449924/mumbai-indians-vs-kolkata-knight-riders-12th-match-1473449/full-scorecard
2025-12-08 18:14:15 - __main__ - INFO - Attempting to download match 1473449 (attempt 1/4)
2025-12-08 18:14:15 - scraping.player_extractor - INFO - PlayerExtractor initialized - Target: raw.match_players
2025-12-08 18:14:15 - scraping.match_scraper - INFO - Initializing WebDriver
2025-12-08 18:14:19 - scraping.match_scraper - INFO - Loading full scorecard - attempt 1
2025-12-08 18:14:31 - scraping.match_scraper - INFO - full scorecard loaded successfully
2025-12-08 18:14:31 - scraping.match_scraper - INFO - Scrolling full scorecard page
2025-12-08 18:14:31 - core.page_navigator - INFO - Scrolling page 5 times
2025-12-08 18:14:49 - core.page_navigator - INFO - Page scrolling completed
2025-12-08 18:14:52 - scraping.match_scraper - INFO - Extracting metadata
2025-12-08 18:14:53 - core.metadata_extractor - INFO - Found 14 metadata rows for match 1473449
2025-12-08 18:14:53 - core.metadata_extractor - INFO - Extracted 15 metadata fields for match 1473449
2025-12-08 18:14:53 - scraping.match_scraper - INFO - Extracting player rosters...
2025-12-08 18:14:53 - scraping.player_extractor - INFO - Extracting players for match 1473449
2025-12-08 18:14:54 - core.metadata_extractor - INFO - Extracting player names for match 1473449
2025-12-08 18:14:54 - core.metadata_extractor - INFO - Found 2 scorecard table(s)
2025-12-08 18:14:54 - core.metadata_extractor - INFO -   innings_1 (Kolkata Knight Riders): 11 batted, 1 did not bat
2025-12-08 18:14:54 - core.metadata_extractor - INFO -   innings_2 (Mumbai Indians): 4 batted, 7 did not bat
2025-12-08 18:14:54 - core.metadata_extractor - INFO -   Found 14 impact players/substitutes
2025-12-08 18:14:54 - core.metadata_extractor - INFO - Created DataFrame with 37 player records from 2 innings
2025-12-08 18:14:54 - scraping.player_extractor - INFO - Extracted 33 players for match 1473449
2025-12-08 18:14:54 - scraping.player_extractor - INFO -   Teams: Mumbai Indians, Kolkata Knight Riders
2025-12-08 18:14:54 - scraping.player_extractor - INFO -   Batted: 13, Did not bat: 20
2025-12-08 18:14:54 - scraping.match_scraper - INFO - Stored 33 players
2025-12-08 18:14:54 - scraping.match_scraper - INFO -   - Mumbai Indians
2025-12-08 18:14:54 - scraping.match_scraper - INFO -   - Kolkata Knight Riders
2025-12-08 18:14:54 - scraping.match_scraper - INFO - Loading commentary page - attempt 1
2025-12-08 18:15:06 - scraping.match_scraper - INFO - commentary page loaded successfully
2025-12-08 18:15:06 - scraping.match_scraper - INFO - Scrolling commentary page
2025-12-08 18:15:06 - core.page_navigator - INFO - Scrolling page 25 times
2025-12-08 18:16:04 - core.page_navigator - INFO - Page scrolling completed
2025-12-08 18:16:07 - scraping.match_scraper - INFO - Extracting first innings data
2025-12-08 18:16:08 - scraping.match_scraper - INFO - Default batting team: MI
2025-12-08 18:16:08 - core.commentary_parser - INFO - Found 80 commentary blocks
2025-12-08 18:16:08 - core.commentary_parser - INFO - Parsed 80 commentary entries
2025-12-08 18:16:08 - core.commentary_parser - INFO - Created DataFrame with 80 rows
2025-12-08 18:16:08 - scraping.match_scraper - INFO - First innings: 80 events
2025-12-08 18:16:08 - core.page_navigator - INFO - Scrolling to top of page
2025-12-08 18:16:14 - scraping.match_scraper - INFO - Switching to second innings
2025-12-08 18:16:14 - core.page_navigator - INFO - Switching innings from: MI
2025-12-08 18:16:49 - core.page_navigator - INFO - Switching to innings: KKR
2025-12-08 18:16:52 - core.page_navigator - INFO - Successfully switched to KKR
2025-12-08 18:16:52 - scraping.match_scraper - INFO - Switched batting team: KKR
2025-12-08 18:16:57 - core.page_navigator - INFO - Scrolling page 25 times
2025-12-08 18:17:48 - core.page_navigator - INFO - Page scrolling completed
2025-12-08 18:17:52 - core.commentary_parser - INFO - Found 102 commentary blocks
2025-12-08 18:17:52 - core.commentary_parser - INFO - Parsed 102 commentary entries
2025-12-08 18:17:52 - core.commentary_parser - INFO - Created DataFrame with 102 rows
2025-12-08 18:17:52 - scraping.match_scraper - INFO - Second innings: 102 events
2025-12-08 18:17:52 - scraping.match_scraper - INFO - Saving commentary to database
2025-12-08 18:17:52 - scraping.match_scraper - INFO - Commentary saved: 182 total events
2025-12-08 18:17:52 - scraping.match_scraper - INFO - Saving metadata to database
2025-12-08 18:17:52 - scraping.match_scraper - INFO - Saving match players to database
2025-12-08 18:17:52 - scraping.match_scraper - INFO - Successfully completed scraping match 1473449
2025-12-08 18:17:52 - scraping.match_scraper - INFO - Closing WebDriver
2025-12-08 18:17:54 - __main__ - INFO - Successfully downloaded match 1473449
2025-12-08 18:18:04 - __main__ - INFO - Processing match 13/74: https://www.espncricinfo.com/series/ipl-2025-1449924/lucknow-super-giants-vs-punjab-kings-13th-match-1473450/full-scorecard
2025-12-08 18:18:04 - __main__ - INFO - Attempting to download match 1473450 (attempt 1/4)
2025-12-08 18:18:04 - scraping.player_extractor - INFO - PlayerExtractor initialized - Target: raw.match_players
2025-12-08 18:18:04 - scraping.match_scraper - INFO - Initializing WebDriver
2025-12-08 18:18:08 - scraping.match_scraper - INFO - Loading full scorecard - attempt 1
2025-12-08 18:18:21 - scraping.match_scraper - INFO - full scorecard loaded successfully
2025-12-08 18:18:21 - scraping.match_scraper - INFO - Scrolling full scorecard page
2025-12-08 18:18:21 - core.page_navigator - INFO - Scrolling page 5 times
2025-12-08 18:18:41 - core.page_navigator - INFO - Page scrolling completed
2025-12-08 18:18:44 - scraping.match_scraper - INFO - Extracting metadata
2025-12-08 18:18:44 - core.metadata_extractor - INFO - Found 14 metadata rows for match 1473450
2025-12-08 18:18:44 - core.metadata_extractor - INFO - Extracted 15 metadata fields for match 1473450
2025-12-08 18:18:44 - scraping.match_scraper - INFO - Extracting player rosters...
2025-12-08 18:18:44 - scraping.player_extractor - INFO - Extracting players for match 1473450
2025-12-08 18:18:44 - core.metadata_extractor - INFO - Extracting player names for match 1473450
2025-12-08 18:18:44 - core.metadata_extractor - INFO - Found 2 scorecard table(s)
2025-12-08 18:18:44 - core.metadata_extractor - INFO -   innings_1 (Lucknow Super Giants): 9 batted, 2 did not bat
2025-12-08 18:18:44 - core.metadata_extractor - INFO -   innings_2 (Punjab Kings): 4 batted, 7 did not bat
2025-12-08 18:18:44 - core.metadata_extractor - INFO -   Found 5 impact players/substitutes
2025-12-08 18:18:44 - core.metadata_extractor - INFO - Created DataFrame with 27 player records from 2 innings
2025-12-08 18:18:44 - scraping.player_extractor - INFO - Extracted 27 players for match 1473450
2025-12-08 18:18:44 - scraping.player_extractor - INFO -   Teams: Lucknow Super Giants, Punjab Kings
2025-12-08 18:18:44 - scraping.player_extractor - INFO -   Batted: 13, Did not bat: 14
2025-12-08 18:18:44 - scraping.match_scraper - INFO - Stored 27 players
2025-12-08 18:18:44 - scraping.match_scraper - INFO -   - Lucknow Super Giants
2025-12-08 18:18:44 - scraping.match_scraper - INFO -   - Punjab Kings
2025-12-08 18:18:44 - scraping.match_scraper - INFO - Loading commentary page - attempt 1
2025-12-08 18:18:55 - scraping.match_scraper - INFO - commentary page loaded successfully
2025-12-08 18:18:55 - scraping.match_scraper - INFO - Scrolling commentary page
2025-12-08 18:18:55 - core.page_navigator - INFO - Scrolling page 25 times
2025-12-08 18:19:47 - core.page_navigator - INFO - Page scrolling completed
2025-12-08 18:19:50 - scraping.match_scraper - INFO - Extracting first innings data
2025-12-08 18:19:51 - scraping.match_scraper - INFO - Default batting team: PBKS
2025-12-08 18:19:52 - core.commentary_parser - INFO - Found 101 commentary blocks
2025-12-08 18:19:52 - core.commentary_parser - INFO - Parsed 101 commentary entries
2025-12-08 18:19:52 - core.commentary_parser - INFO - Created DataFrame with 101 rows
2025-12-08 18:19:52 - scraping.match_scraper - INFO - First innings: 101 events
2025-12-08 18:19:52 - core.page_navigator - INFO - Scrolling to top of page
2025-12-08 18:19:58 - scraping.match_scraper - INFO - Switching to second innings
2025-12-08 18:19:58 - core.page_navigator - INFO - Switching innings from: PBKS
2025-12-08 18:20:32 - core.page_navigator - INFO - Switching to innings: LSG
2025-12-08 18:20:35 - core.page_navigator - INFO - Successfully switched to LSG
2025-12-08 18:20:35 - scraping.match_scraper - INFO - Switched batting team: LSG
2025-12-08 18:20:40 - core.page_navigator - INFO - Scrolling page 25 times
2025-12-08 18:21:31 - core.page_navigator - INFO - Page scrolling completed
2025-12-08 18:21:35 - core.commentary_parser - INFO - Found 124 commentary blocks
2025-12-08 18:21:35 - core.commentary_parser - INFO - Parsed 124 commentary entries
2025-12-08 18:21:35 - core.commentary_parser - INFO - Created DataFrame with 124 rows
2025-12-08 18:21:35 - scraping.match_scraper - INFO - Second innings: 124 events
2025-12-08 18:21:35 - scraping.match_scraper - INFO - Saving commentary to database
2025-12-08 18:21:35 - scraping.match_scraper - INFO - Commentary saved: 225 total events
2025-12-08 18:21:35 - scraping.match_scraper - INFO - Saving metadata to database
2025-12-08 18:21:35 - scraping.match_scraper - INFO - Saving match players to database
2025-12-08 18:21:35 - scraping.match_scraper - INFO - Successfully completed scraping match 1473450
2025-12-08 18:21:35 - scraping.match_scraper - INFO - Closing WebDriver
2025-12-08 18:21:38 - __main__ - INFO - Successfully downloaded match 1473450
2025-12-08 18:21:48 - __main__ - INFO - Processing match 14/74: https://www.espncricinfo.com/series/ipl-2025-1449924/royal-challengers-bengaluru-vs-gujarat-titans-14th-match-1473451/full-scorecard
2025-12-08 18:21:48 - __main__ - INFO - Attempting to download match 1473451 (attempt 1/4)
2025-12-08 18:21:48 - scraping.player_extractor - INFO - PlayerExtractor initialized - Target: raw.match_players
2025-12-08 18:21:48 - scraping.match_scraper - INFO - Initializing WebDriver
2025-12-08 18:21:52 - scraping.match_scraper - INFO - Loading full scorecard - attempt 1
2025-12-08 18:22:05 - scraping.match_scraper - INFO - full scorecard loaded successfully
2025-12-08 18:22:05 - scraping.match_scraper - INFO - Scrolling full scorecard page
2025-12-08 18:22:05 - core.page_navigator - INFO - Scrolling page 5 times
2025-12-08 18:22:27 - core.page_navigator - INFO - Page scrolling completed
2025-12-08 18:22:30 - scraping.match_scraper - INFO - Extracting metadata
2025-12-08 18:22:30 - core.metadata_extractor - INFO - Found 14 metadata rows for match 1473451
2025-12-08 18:22:30 - core.metadata_extractor - INFO - Extracted 15 metadata fields for match 1473451
2025-12-08 18:22:30 - scraping.match_scraper - INFO - Extracting player rosters...
2025-12-08 18:22:30 - scraping.player_extractor - INFO - Extracting players for match 1473451
2025-12-08 18:22:30 - core.metadata_extractor - INFO - Extracting player names for match 1473451
2025-12-08 18:22:30 - core.metadata_extractor - INFO - Found 2 scorecard table(s)
2025-12-08 18:22:30 - core.metadata_extractor - INFO -   innings_1 (Royal Challengers Bengaluru): 9 batted, 2 did not bat
2025-12-08 18:22:30 - core.metadata_extractor - INFO -   innings_2 (Gujarat Titans): 4 batted, 7 did not bat
2025-12-08 18:22:30 - core.metadata_extractor - INFO -   Found 10 impact players/substitutes
2025-12-08 18:22:30 - core.metadata_extractor - INFO - Created DataFrame with 32 player records from 2 innings
2025-12-08 18:22:30 - scraping.player_extractor - INFO - Extracted 30 players for match 1473451
2025-12-08 18:22:30 - scraping.player_extractor - INFO -   Teams: Gujarat Titans, Royal Challengers Bengaluru
2025-12-08 18:22:30 - scraping.player_extractor - INFO -   Batted: 12, Did not bat: 18
2025-12-08 18:22:30 - scraping.match_scraper - INFO - Stored 30 players
2025-12-08 18:22:30 - scraping.match_scraper - INFO -   - Gujarat Titans
2025-12-08 18:22:30 - scraping.match_scraper - INFO -   - Royal Challengers Bengaluru
2025-12-08 18:22:30 - scraping.match_scraper - INFO - Loading commentary page - attempt 1
2025-12-08 18:22:41 - scraping.match_scraper - INFO - commentary page loaded successfully
2025-12-08 18:22:41 - scraping.match_scraper - INFO - Scrolling commentary page
2025-12-08 18:22:41 - core.page_navigator - INFO - Scrolling page 25 times
2025-12-08 18:23:34 - core.page_navigator - INFO - Page scrolling completed
2025-12-08 18:23:37 - scraping.match_scraper - INFO - Extracting first innings data
2025-12-08 18:23:37 - scraping.match_scraper - INFO - Default batting team: GT
2025-12-08 18:23:37 - core.commentary_parser - INFO - Found 108 commentary blocks
2025-12-08 18:23:37 - core.commentary_parser - INFO - Parsed 108 commentary entries
2025-12-08 18:23:37 - core.commentary_parser - INFO - Created DataFrame with 108 rows
2025-12-08 18:23:37 - scraping.match_scraper - INFO - First innings: 108 events
2025-12-08 18:23:37 - core.page_navigator - INFO - Scrolling to top of page
2025-12-08 18:23:44 - scraping.match_scraper - INFO - Switching to second innings
2025-12-08 18:23:44 - core.page_navigator - INFO - Switching innings from: GT
2025-12-08 18:24:18 - core.page_navigator - INFO - Switching to innings: RCB
2025-12-08 18:24:21 - core.page_navigator - INFO - Successfully switched to RCB
2025-12-08 18:24:21 - scraping.match_scraper - INFO - Switched batting team: RCB
2025-12-08 18:24:26 - core.page_navigator - INFO - Scrolling page 25 times
2025-12-08 18:25:16 - core.page_navigator - INFO - Page scrolling completed
2025-12-08 18:25:20 - core.commentary_parser - INFO - Found 123 commentary blocks
2025-12-08 18:25:20 - core.commentary_parser - INFO - Parsed 123 commentary entries
2025-12-08 18:25:20 - core.commentary_parser - INFO - Created DataFrame with 123 rows
2025-12-08 18:25:20 - scraping.match_scraper - INFO - Second innings: 123 events
2025-12-08 18:25:20 - scraping.match_scraper - INFO - Saving commentary to database
2025-12-08 18:25:20 - scraping.match_scraper - INFO - Commentary saved: 231 total events
2025-12-08 18:25:20 - scraping.match_scraper - INFO - Saving metadata to database
2025-12-08 18:25:20 - scraping.match_scraper - INFO - Saving match players to database
2025-12-08 18:25:20 - scraping.match_scraper - INFO - Successfully completed scraping match 1473451
2025-12-08 18:25:20 - scraping.match_scraper - INFO - Closing WebDriver
2025-12-08 18:25:22 - __main__ - INFO - Successfully downloaded match 1473451
2025-12-08 18:25:32 - __main__ - INFO - Processing match 15/74: https://www.espncricinfo.com/series/ipl-2025-1449924/kolkata-knight-riders-vs-sunrisers-hyderabad-15th-match-1473452/full-scorecard
2025-12-08 18:25:32 - __main__ - INFO - Attempting to download match 1473452 (attempt 1/4)
2025-12-08 18:25:32 - scraping.player_extractor - INFO - PlayerExtractor initialized - Target: raw.match_players
2025-12-08 18:25:32 - scraping.match_scraper - INFO - Initializing WebDriver
2025-12-08 18:25:36 - scraping.match_scraper - INFO - Loading full scorecard - attempt 1
2025-12-08 18:25:48 - scraping.match_scraper - INFO - full scorecard loaded successfully
2025-12-08 18:25:48 - scraping.match_scraper - INFO - Scrolling full scorecard page
2025-12-08 18:25:48 - core.page_navigator - INFO - Scrolling page 5 times
2025-12-08 18:26:12 - core.page_navigator - INFO - Page scrolling completed
2025-12-08 18:26:15 - scraping.match_scraper - INFO - Extracting metadata
2025-12-08 18:26:16 - core.metadata_extractor - INFO - Found 14 metadata rows for match 1473452
2025-12-08 18:26:16 - core.metadata_extractor - INFO - Extracted 15 metadata fields for match 1473452
2025-12-08 18:26:16 - scraping.match_scraper - INFO - Extracting player rosters...
2025-12-08 18:26:16 - scraping.player_extractor - INFO - Extracting players for match 1473452
2025-12-08 18:26:17 - core.metadata_extractor - INFO - Extracting player names for match 1473452
2025-12-08 18:26:17 - core.metadata_extractor - INFO - Found 2 scorecard table(s)
2025-12-08 18:26:17 - core.metadata_extractor - INFO -   innings_1 (Kolkata Knight Riders): 7 batted, 4 did not bat
2025-12-08 18:26:17 - core.metadata_extractor - INFO -   innings_2 (Sunrisers Hyderabad): 11 batted, 0 did not bat
2025-12-08 18:26:17 - core.metadata_extractor - INFO -   Found 14 impact players/substitutes
2025-12-08 18:26:17 - core.metadata_extractor - INFO - Created DataFrame with 36 player records from 2 innings
2025-12-08 18:26:17 - scraping.player_extractor - INFO - Extracted 32 players for match 1473452
2025-12-08 18:26:17 - scraping.player_extractor - INFO -   Teams: Kolkata Knight Riders, Sunrisers Hyderabad
2025-12-08 18:26:17 - scraping.player_extractor - INFO -   Batted: 17, Did not bat: 15
2025-12-08 18:26:17 - scraping.match_scraper - INFO - Stored 32 players
2025-12-08 18:26:17 - scraping.match_scraper - INFO -   - Kolkata Knight Riders
2025-12-08 18:26:17 - scraping.match_scraper - INFO -   - Sunrisers Hyderabad
2025-12-08 18:26:17 - scraping.match_scraper - INFO - Loading commentary page - attempt 1
2025-12-08 18:26:27 - scraping.match_scraper - INFO - commentary page loaded successfully
2025-12-08 18:26:27 - scraping.match_scraper - INFO - Scrolling commentary page
2025-12-08 18:26:27 - core.page_navigator - INFO - Scrolling page 25 times
2025-12-08 18:27:32 - core.page_navigator - INFO - Page scrolling completed
2025-12-08 18:27:35 - scraping.match_scraper - INFO - Extracting first innings data
2025-12-08 18:27:35 - scraping.match_scraper - INFO - Default batting team: SRH
2025-12-08 18:27:36 - core.commentary_parser - INFO - Found 105 commentary blocks
2025-12-08 18:27:36 - core.commentary_parser - INFO - Parsed 105 commentary entries
2025-12-08 18:27:36 - core.commentary_parser - INFO - Created DataFrame with 105 rows
2025-12-08 18:27:36 - scraping.match_scraper - INFO - First innings: 105 events
2025-12-08 18:27:36 - core.page_navigator - INFO - Scrolling to top of page
2025-12-08 18:27:42 - scraping.match_scraper - INFO - Switching to second innings
2025-12-08 18:27:42 - core.page_navigator - INFO - Switching innings from: SRH
2025-12-08 18:28:17 - core.page_navigator - INFO - Switching to innings: KKR
2025-12-08 18:28:20 - core.page_navigator - INFO - Successfully switched to KKR
2025-12-08 18:28:20 - scraping.match_scraper - INFO - Switched batting team: KKR
2025-12-08 18:28:25 - core.page_navigator - INFO - Scrolling page 25 times
2025-12-08 18:29:16 - core.page_navigator - INFO - Page scrolling completed
2025-12-08 18:29:19 - core.commentary_parser - INFO - Found 123 commentary blocks
2025-12-08 18:29:19 - core.commentary_parser - INFO - Parsed 123 commentary entries
2025-12-08 18:29:19 - core.commentary_parser - INFO - Created DataFrame with 123 rows
2025-12-08 18:29:19 - scraping.match_scraper - INFO - Second innings: 123 events
2025-12-08 18:29:19 - scraping.match_scraper - INFO - Saving commentary to database
2025-12-08 18:29:20 - scraping.match_scraper - INFO - Commentary saved: 228 total events
2025-12-08 18:29:20 - scraping.match_scraper - INFO - Saving metadata to database
2025-12-08 18:29:20 - scraping.match_scraper - INFO - Saving match players to database
2025-12-08 18:29:20 - scraping.match_scraper - INFO - Successfully completed scraping match 1473452
2025-12-08 18:29:20 - scraping.match_scraper - INFO - Closing WebDriver
2025-12-08 18:29:22 - __main__ - INFO - Successfully downloaded match 1473452
2025-12-08 18:29:32 - __main__ - INFO - Processing match 16/74: https://www.espncricinfo.com/series/ipl-2025-1449924/lucknow-super-giants-vs-mumbai-indians-16th-match-1473453/full-scorecard
2025-12-08 18:29:32 - __main__ - INFO - Attempting to download match 1473453 (attempt 1/4)
2025-12-08 18:29:32 - scraping.player_extractor - INFO - PlayerExtractor initialized - Target: raw.match_players
2025-12-08 18:29:32 - scraping.match_scraper - INFO - Initializing WebDriver
2025-12-08 18:29:36 - scraping.match_scraper - INFO - Loading full scorecard - attempt 1
2025-12-08 18:29:48 - scraping.match_scraper - INFO - full scorecard loaded successfully
2025-12-08 18:29:48 - scraping.match_scraper - INFO - Scrolling full scorecard page
2025-12-08 18:29:48 - core.page_navigator - INFO - Scrolling page 5 times
2025-12-08 18:30:16 - core.page_navigator - INFO - Page scrolling completed
2025-12-08 18:30:19 - scraping.match_scraper - INFO - Extracting metadata
2025-12-08 18:30:20 - core.metadata_extractor - INFO - Found 14 metadata rows for match 1473453
2025-12-08 18:30:20 - core.metadata_extractor - INFO - Extracted 15 metadata fields for match 1473453
2025-12-08 18:30:20 - scraping.match_scraper - INFO - Extracting player rosters...
2025-12-08 18:30:20 - scraping.player_extractor - INFO - Extracting players for match 1473453
2025-12-08 18:30:20 - core.metadata_extractor - INFO - Extracting player names for match 1473453
2025-12-08 18:30:20 - core.metadata_extractor - INFO - Found 2 scorecard table(s)
2025-12-08 18:30:20 - core.metadata_extractor - INFO -   innings_1 (Lucknow Super Giants): 10 batted, 1 did not bat
2025-12-08 18:30:20 - core.metadata_extractor - INFO -   innings_2 (Mumbai Indians): 7 batted, 4 did not bat
2025-12-08 18:30:20 - core.metadata_extractor - INFO -   Found 14 impact players/substitutes
2025-12-08 18:30:20 - core.metadata_extractor - INFO - Created DataFrame with 36 player records from 2 innings
2025-12-08 18:30:20 - scraping.player_extractor - INFO - Extracted 32 players for match 1473453
2025-12-08 18:30:20 - scraping.player_extractor - INFO -   Teams: Mumbai Indians, Lucknow Super Giants
2025-12-08 18:30:20 - scraping.player_extractor - INFO -   Batted: 15, Did not bat: 17
2025-12-08 18:30:20 - scraping.match_scraper - INFO - Stored 32 players
2025-12-08 18:30:20 - scraping.match_scraper - INFO -   - Mumbai Indians
2025-12-08 18:30:20 - scraping.match_scraper - INFO -   - Lucknow Super Giants
2025-12-08 18:30:20 - scraping.match_scraper - INFO - Loading commentary page - attempt 1
2025-12-08 18:30:33 - scraping.match_scraper - INFO - commentary page loaded successfully
2025-12-08 18:30:33 - scraping.match_scraper - INFO - Scrolling commentary page
2025-12-08 18:30:33 - core.page_navigator - INFO - Scrolling page 25 times
2025-12-08 18:31:32 - core.page_navigator - INFO - Page scrolling completed
2025-12-08 18:31:35 - scraping.match_scraper - INFO - Extracting first innings data
2025-12-08 18:31:35 - scraping.match_scraper - INFO - Default batting team: MI
2025-12-08 18:31:36 - core.commentary_parser - INFO - Found 124 commentary blocks
2025-12-08 18:31:36 - core.commentary_parser - INFO - Parsed 124 commentary entries
2025-12-08 18:31:36 - core.commentary_parser - INFO - Created DataFrame with 124 rows
2025-12-08 18:31:36 - scraping.match_scraper - INFO - First innings: 124 events
2025-12-08 18:31:36 - core.page_navigator - INFO - Scrolling to top of page
2025-12-08 18:31:42 - scraping.match_scraper - INFO - Switching to second innings
2025-12-08 18:31:42 - core.page_navigator - INFO - Switching innings from: MI
2025-12-08 18:32:17 - core.page_navigator - INFO - Switching to innings: LSG
2025-12-08 18:32:20 - core.page_navigator - INFO - Successfully switched to LSG
2025-12-08 18:32:20 - scraping.match_scraper - INFO - Switched batting team: LSG
2025-12-08 18:32:25 - core.page_navigator - INFO - Scrolling page 25 times
2025-12-08 18:33:16 - core.page_navigator - INFO - Page scrolling completed
2025-12-08 18:33:20 - core.commentary_parser - INFO - Found 128 commentary blocks
2025-12-08 18:33:20 - core.commentary_parser - INFO - Parsed 128 commentary entries
2025-12-08 18:33:20 - core.commentary_parser - INFO - Created DataFrame with 128 rows
2025-12-08 18:33:20 - scraping.match_scraper - INFO - Second innings: 128 events
2025-12-08 18:33:20 - scraping.match_scraper - INFO - Saving commentary to database
2025-12-08 18:33:20 - scraping.match_scraper - INFO - Commentary saved: 252 total events
2025-12-08 18:33:20 - scraping.match_scraper - INFO - Saving metadata to database
2025-12-08 18:33:20 - scraping.match_scraper - INFO - Saving match players to database
2025-12-08 18:33:20 - scraping.match_scraper - INFO - Successfully completed scraping match 1473453
2025-12-08 18:33:20 - scraping.match_scraper - INFO - Closing WebDriver
2025-12-08 18:33:23 - __main__ - INFO - Successfully downloaded match 1473453
2025-12-08 18:33:33 - __main__ - INFO - Processing match 17/74: https://www.espncricinfo.com/series/ipl-2025-1449924/chennai-super-kings-vs-delhi-capitals-17th-match-1473454/full-scorecard
2025-12-08 18:33:33 - __main__ - INFO - Attempting to download match 1473454 (attempt 1/4)
2025-12-08 18:33:33 - scraping.player_extractor - INFO - PlayerExtractor initialized - Target: raw.match_players
2025-12-08 18:33:33 - scraping.match_scraper - INFO - Initializing WebDriver
2025-12-08 18:33:36 - scraping.match_scraper - INFO - Loading full scorecard - attempt 1
2025-12-08 18:33:48 - scraping.match_scraper - INFO - full scorecard loaded successfully
2025-12-08 18:33:48 - scraping.match_scraper - INFO - Scrolling full scorecard page
2025-12-08 18:33:48 - core.page_navigator - INFO - Scrolling page 5 times
2025-12-08 18:34:28 - core.page_navigator - INFO - Page scrolling completed
2025-12-08 18:34:31 - scraping.match_scraper - INFO - Extracting metadata
2025-12-08 18:34:31 - core.metadata_extractor - INFO - Found 14 metadata rows for match 1473454
2025-12-08 18:34:31 - core.metadata_extractor - INFO - Extracted 15 metadata fields for match 1473454
2025-12-08 18:34:31 - scraping.match_scraper - INFO - Extracting player rosters...
2025-12-08 18:34:31 - scraping.player_extractor - INFO - Extracting players for match 1473454
2025-12-08 18:34:32 - core.metadata_extractor - INFO - Extracting player names for match 1473454
2025-12-08 18:34:32 - core.metadata_extractor - INFO - Found 2 scorecard table(s)
2025-12-08 18:34:32 - core.metadata_extractor - INFO -   innings_1 (Delhi Capitals): 8 batted, 3 did not bat
2025-12-08 18:34:32 - core.metadata_extractor - INFO -   innings_2 (Chennai Super Kings): 7 batted, 4 did not bat
2025-12-08 18:34:32 - core.metadata_extractor - INFO -   Found 14 impact players/substitutes
2025-12-08 18:34:32 - core.metadata_extractor - INFO - Created DataFrame with 36 player records from 2 innings
2025-12-08 18:34:32 - scraping.player_extractor - INFO - Extracted 32 players for match 1473454
2025-12-08 18:34:32 - scraping.player_extractor - INFO -   Teams: Chennai Super Kings, Delhi Capitals
2025-12-08 18:34:32 - scraping.player_extractor - INFO -   Batted: 13, Did not bat: 19
2025-12-08 18:34:32 - scraping.match_scraper - INFO - Stored 32 players
2025-12-08 18:34:32 - scraping.match_scraper - INFO -   - Chennai Super Kings
2025-12-08 18:34:32 - scraping.match_scraper - INFO -   - Delhi Capitals
2025-12-08 18:34:32 - scraping.match_scraper - INFO - Loading commentary page - attempt 1
2025-12-08 18:34:43 - scraping.match_scraper - INFO - commentary page loaded successfully
2025-12-08 18:34:43 - scraping.match_scraper - INFO - Scrolling commentary page
2025-12-08 18:34:43 - core.page_navigator - INFO - Scrolling page 25 times
2025-12-08 18:35:45 - core.page_navigator - INFO - Page scrolling completed
2025-12-08 18:35:48 - scraping.match_scraper - INFO - Extracting first innings data
2025-12-08 18:35:48 - scraping.match_scraper - INFO - Default batting team: CSK
2025-12-08 18:35:48 - core.commentary_parser - INFO - Found 128 commentary blocks
2025-12-08 18:35:48 - core.commentary_parser - INFO - Parsed 128 commentary entries
2025-12-08 18:35:48 - core.commentary_parser - INFO - Created DataFrame with 128 rows
2025-12-08 18:35:48 - scraping.match_scraper - INFO - First innings: 128 events
2025-12-08 18:35:48 - core.page_navigator - INFO - Scrolling to top of page
2025-12-08 18:35:55 - scraping.match_scraper - INFO - Switching to second innings
2025-12-08 18:35:55 - core.page_navigator - INFO - Switching innings from: CSK
2025-12-08 18:36:29 - core.page_navigator - INFO - Switching to innings: DC
2025-12-08 18:36:32 - core.page_navigator - INFO - Successfully switched to DC
2025-12-08 18:36:32 - scraping.match_scraper - INFO - Switched batting team: DC
2025-12-08 18:36:37 - core.page_navigator - INFO - Scrolling page 25 times
2025-12-08 18:37:28 - core.page_navigator - INFO - Page scrolling completed
2025-12-08 18:37:32 - core.commentary_parser - INFO - Found 123 commentary blocks
2025-12-08 18:37:32 - core.commentary_parser - INFO - Parsed 123 commentary entries
2025-12-08 18:37:32 - core.commentary_parser - INFO - Created DataFrame with 123 rows
2025-12-08 18:37:32 - scraping.match_scraper - INFO - Second innings: 123 events
2025-12-08 18:37:32 - scraping.match_scraper - INFO - Saving commentary to database
2025-12-08 18:37:32 - scraping.match_scraper - INFO - Commentary saved: 251 total events
2025-12-08 18:37:32 - scraping.match_scraper - INFO - Saving metadata to database
2025-12-08 18:37:32 - scraping.match_scraper - INFO - Saving match players to database
2025-12-08 18:37:32 - scraping.match_scraper - INFO - Successfully completed scraping match 1473454
2025-12-08 18:37:32 - scraping.match_scraper - INFO - Closing WebDriver
2025-12-08 18:37:35 - __main__ - INFO - Successfully downloaded match 1473454
2025-12-08 18:37:45 - __main__ - INFO - Processing match 18/74: https://www.espncricinfo.com/series/ipl-2025-1449924/punjab-kings-vs-rajasthan-royals-18th-match-1473455/full-scorecard
2025-12-08 18:37:45 - __main__ - INFO - Attempting to download match 1473455 (attempt 1/4)
2025-12-08 18:37:45 - scraping.player_extractor - INFO - PlayerExtractor initialized - Target: raw.match_players
2025-12-08 18:37:45 - scraping.match_scraper - INFO - Initializing WebDriver
2025-12-08 18:37:49 - scraping.match_scraper - INFO - Loading full scorecard - attempt 1
2025-12-08 18:38:01 - scraping.match_scraper - INFO - full scorecard loaded successfully
2025-12-08 18:38:01 - scraping.match_scraper - INFO - Scrolling full scorecard page
2025-12-08 18:38:01 - core.page_navigator - INFO - Scrolling page 5 times
2025-12-08 18:38:23 - core.page_navigator - INFO - Page scrolling completed
2025-12-08 18:38:26 - scraping.match_scraper - INFO - Extracting metadata
2025-12-08 18:38:27 - core.metadata_extractor - INFO - Found 14 metadata rows for match 1473455
2025-12-08 18:38:27 - core.metadata_extractor - INFO - Extracted 15 metadata fields for match 1473455
2025-12-08 18:38:27 - scraping.match_scraper - INFO - Extracting player rosters...
2025-12-08 18:38:31 - scraping.player_extractor - INFO - Extracting players for match 1473455
2025-12-08 18:38:31 - core.metadata_extractor - INFO - Extracting player names for match 1473455
2025-12-08 18:38:31 - core.metadata_extractor - INFO - Found 2 scorecard table(s)
2025-12-08 18:38:31 - core.metadata_extractor - INFO -   innings_1 (Rajasthan Royals): 6 batted, 5 did not bat
2025-12-08 18:38:31 - core.metadata_extractor - INFO -   innings_2 (Punjab Kings): 11 batted, 0 did not bat
2025-12-08 18:38:31 - core.metadata_extractor - INFO -   Found 4 impact players/substitutes
2025-12-08 18:38:31 - core.metadata_extractor - INFO - Created DataFrame with 26 player records from 2 innings
2025-12-08 18:38:31 - scraping.player_extractor - INFO - Extracted 25 players for match 1473455
2025-12-08 18:38:31 - scraping.player_extractor - INFO -   Teams: Punjab Kings, Rajasthan Royals
2025-12-08 18:38:31 - scraping.player_extractor - INFO -   Batted: 16, Did not bat: 9
2025-12-08 18:38:31 - scraping.match_scraper - INFO - Stored 25 players
2025-12-08 18:38:31 - scraping.match_scraper - INFO -   - Punjab Kings
2025-12-08 18:38:31 - scraping.match_scraper - INFO -   - Rajasthan Royals
2025-12-08 18:38:31 - scraping.match_scraper - INFO - Loading commentary page - attempt 1
2025-12-08 18:38:45 - scraping.match_scraper - INFO - commentary page loaded successfully
2025-12-08 18:38:45 - scraping.match_scraper - INFO - Scrolling commentary page
2025-12-08 18:38:45 - core.page_navigator - INFO - Scrolling page 25 times
2025-12-08 18:39:47 - core.page_navigator - INFO - Page scrolling completed
2025-12-08 18:39:50 - scraping.match_scraper - INFO - Extracting first innings data
2025-12-08 18:39:50 - scraping.match_scraper - INFO - Default batting team: PBKS
2025-12-08 18:39:51 - core.commentary_parser - INFO - Found 128 commentary blocks
2025-12-08 18:39:51 - core.commentary_parser - INFO - Parsed 128 commentary entries
2025-12-08 18:39:51 - core.commentary_parser - INFO - Created DataFrame with 128 rows
2025-12-08 18:39:51 - scraping.match_scraper - INFO - First innings: 128 events
2025-12-08 18:39:51 - core.page_navigator - INFO - Scrolling to top of page
2025-12-08 18:39:57 - scraping.match_scraper - INFO - Switching to second innings
2025-12-08 18:39:57 - core.page_navigator - INFO - Switching innings from: PBKS
2025-12-08 18:40:31 - core.page_navigator - INFO - Switching to innings: RR
2025-12-08 18:40:34 - core.page_navigator - INFO - Successfully switched to RR
2025-12-08 18:40:34 - scraping.match_scraper - INFO - Switched batting team: RR
2025-12-08 18:40:39 - core.page_navigator - INFO - Scrolling page 25 times
2025-12-08 18:41:30 - core.page_navigator - INFO - Page scrolling completed
2025-12-08 18:41:34 - core.commentary_parser - INFO - Found 125 commentary blocks
2025-12-08 18:41:34 - core.commentary_parser - INFO - Parsed 125 commentary entries
2025-12-08 18:41:34 - core.commentary_parser - INFO - Created DataFrame with 125 rows
2025-12-08 18:41:34 - scraping.match_scraper - INFO - Second innings: 125 events
2025-12-08 18:41:34 - scraping.match_scraper - INFO - Saving commentary to database
2025-12-08 18:41:34 - scraping.match_scraper - INFO - Commentary saved: 253 total events
2025-12-08 18:41:34 - scraping.match_scraper - INFO - Saving metadata to database
2025-12-08 18:41:34 - scraping.match_scraper - INFO - Saving match players to database
2025-12-08 18:41:34 - scraping.match_scraper - INFO - Successfully completed scraping match 1473455
2025-12-08 18:41:34 - scraping.match_scraper - INFO - Closing WebDriver
2025-12-08 18:41:37 - __main__ - INFO - Successfully downloaded match 1473455
2025-12-08 18:41:47 - __main__ - INFO - Processing match 19/74: https://www.espncricinfo.com/series/ipl-2025-1449924/sunrisers-hyderabad-vs-gujarat-titans-19th-match-1473457/full-scorecard
2025-12-08 18:41:47 - __main__ - INFO - Attempting to download match 1473457 (attempt 1/4)
2025-12-08 18:41:47 - scraping.player_extractor - INFO - PlayerExtractor initialized - Target: raw.match_players
2025-12-08 18:41:47 - scraping.match_scraper - INFO - Initializing WebDriver
2025-12-08 18:41:50 - scraping.match_scraper - INFO - Loading full scorecard - attempt 1
2025-12-08 18:42:03 - scraping.match_scraper - INFO - full scorecard loaded successfully
2025-12-08 18:42:03 - scraping.match_scraper - INFO - Scrolling full scorecard page
2025-12-08 18:42:03 - core.page_navigator - INFO - Scrolling page 5 times
2025-12-08 18:42:28 - core.page_navigator - INFO - Page scrolling completed
2025-12-08 18:42:31 - scraping.match_scraper - INFO - Extracting metadata
2025-12-08 18:42:41 - core.metadata_extractor - INFO - Found 14 metadata rows for match 1473457
2025-12-08 18:42:41 - core.metadata_extractor - INFO - Extracted 15 metadata fields for match 1473457
2025-12-08 18:42:41 - scraping.match_scraper - INFO - Extracting player rosters...
2025-12-08 18:42:41 - scraping.player_extractor - INFO - Extracting players for match 1473457
2025-12-08 18:42:42 - core.metadata_extractor - INFO - Extracting player names for match 1473457
2025-12-08 18:42:42 - core.metadata_extractor - INFO - Found 2 scorecard table(s)
2025-12-08 18:42:42 - core.metadata_extractor - INFO -   innings_1 (Sunrisers Hyderabad): 10 batted, 2 did not bat
2025-12-08 18:42:42 - core.metadata_extractor - INFO -   innings_2 (Gujarat Titans): 5 batted, 6 did not bat
2025-12-08 18:42:42 - core.metadata_extractor - INFO -   Found 14 impact players/substitutes
2025-12-08 18:42:42 - core.metadata_extractor - INFO - Created DataFrame with 37 player records from 2 innings
2025-12-08 18:42:42 - scraping.player_extractor - INFO - Extracted 35 players for match 1473457
2025-12-08 18:42:42 - scraping.player_extractor - INFO -   Teams: Gujarat Titans, Sunrisers Hyderabad
2025-12-08 18:42:42 - scraping.player_extractor - INFO -   Batted: 13, Did not bat: 22
2025-12-08 18:42:42 - scraping.match_scraper - INFO - Stored 35 players
2025-12-08 18:42:42 - scraping.match_scraper - INFO -   - Gujarat Titans
2025-12-08 18:42:42 - scraping.match_scraper - INFO -   - Sunrisers Hyderabad
2025-12-08 18:42:42 - scraping.match_scraper - INFO - Loading commentary page - attempt 1
2025-12-08 18:42:57 - scraping.match_scraper - INFO - commentary page loaded successfully
2025-12-08 18:42:57 - scraping.match_scraper - INFO - Scrolling commentary page
2025-12-08 18:42:57 - core.page_navigator - INFO - Scrolling page 25 times
2025-12-08 18:43:59 - core.page_navigator - INFO - Page scrolling completed
2025-12-08 18:44:02 - scraping.match_scraper - INFO - Extracting first innings data
2025-12-08 18:44:02 - scraping.match_scraper - INFO - Default batting team: GT
2025-12-08 18:44:03 - core.commentary_parser - INFO - Found 103 commentary blocks
2025-12-08 18:44:03 - core.commentary_parser - INFO - Parsed 103 commentary entries
2025-12-08 18:44:03 - core.commentary_parser - INFO - Created DataFrame with 103 rows
2025-12-08 18:44:03 - scraping.match_scraper - INFO - First innings: 103 events
2025-12-08 18:44:03 - core.page_navigator - INFO - Scrolling to top of page
2025-12-08 18:44:09 - scraping.match_scraper - INFO - Switching to second innings
2025-12-08 18:44:09 - core.page_navigator - INFO - Switching innings from: GT
2025-12-08 18:44:44 - core.page_navigator - INFO - Switching to innings: SRH
2025-12-08 18:44:47 - core.page_navigator - INFO - Successfully switched to SRH
2025-12-08 18:44:47 - scraping.match_scraper - INFO - Switched batting team: SRH
2025-12-08 18:44:52 - core.page_navigator - INFO - Scrolling page 25 times
2025-12-08 18:45:42 - core.page_navigator - INFO - Page scrolling completed
2025-12-08 18:45:46 - core.commentary_parser - INFO - Found 122 commentary blocks
2025-12-08 18:45:46 - core.commentary_parser - INFO - Parsed 122 commentary entries
2025-12-08 18:45:46 - core.commentary_parser - INFO - Created DataFrame with 122 rows
2025-12-08 18:45:46 - scraping.match_scraper - INFO - Second innings: 122 events
2025-12-08 18:45:46 - scraping.match_scraper - INFO - Saving commentary to database
2025-12-08 18:45:46 - scraping.match_scraper - INFO - Commentary saved: 225 total events
2025-12-08 18:45:46 - scraping.match_scraper - INFO - Saving metadata to database
2025-12-08 18:45:46 - scraping.match_scraper - INFO - Saving match players to database
2025-12-08 18:45:47 - scraping.match_scraper - INFO - Successfully completed scraping match 1473457
2025-12-08 18:45:47 - scraping.match_scraper - INFO - Closing WebDriver
2025-12-08 18:45:49 - __main__ - INFO - Successfully downloaded match 1473457
2025-12-08 18:45:59 - __main__ - INFO - Processing match 20/74: https://www.espncricinfo.com/series/ipl-2025-1449924/mumbai-indians-vs-royal-challengers-bengaluru-20th-match-1473458/full-scorecard
2025-12-08 18:45:59 - __main__ - INFO - Attempting to download match 1473458 (attempt 1/4)
2025-12-08 18:45:59 - scraping.player_extractor - INFO - PlayerExtractor initialized - Target: raw.match_players
2025-12-08 18:45:59 - scraping.match_scraper - INFO - Initializing WebDriver
2025-12-08 18:46:03 - scraping.match_scraper - INFO - Loading full scorecard - attempt 1
2025-12-08 18:46:15 - scraping.match_scraper - INFO - full scorecard loaded successfully
2025-12-08 18:46:15 - scraping.match_scraper - INFO - Scrolling full scorecard page
2025-12-08 18:46:15 - core.page_navigator - INFO - Scrolling page 5 times
2025-12-08 18:46:51 - core.page_navigator - INFO - Page scrolling completed
2025-12-08 18:46:54 - scraping.match_scraper - INFO - Extracting metadata
2025-12-08 18:46:54 - core.metadata_extractor - INFO - Found 14 metadata rows for match 1473458
2025-12-08 18:46:54 - core.metadata_extractor - INFO - Extracted 15 metadata fields for match 1473458
2025-12-08 18:46:54 - scraping.match_scraper - INFO - Extracting player rosters...
2025-12-08 18:46:54 - scraping.player_extractor - INFO - Extracting players for match 1473458
2025-12-08 18:46:54 - core.metadata_extractor - INFO - Extracting player names for match 1473458
2025-12-08 18:46:54 - core.metadata_extractor - INFO - Found 2 scorecard table(s)
2025-12-08 18:46:54 - core.metadata_extractor - INFO -   innings_1 (Royal Challengers Bengaluru): 7 batted, 4 did not bat
2025-12-08 18:46:54 - core.metadata_extractor - INFO -   innings_2 (Mumbai Indians): 11 batted, 0 did not bat
2025-12-08 18:46:54 - core.metadata_extractor - INFO -   Found 4 impact players/substitutes
2025-12-08 18:46:54 - core.metadata_extractor - INFO - Created DataFrame with 26 player records from 2 innings
2025-12-08 18:46:54 - scraping.player_extractor - INFO - Extracted 26 players for match 1473458
2025-12-08 18:46:54 - scraping.player_extractor - INFO -   Teams: Royal Challengers Bengaluru, Mumbai Indians
2025-12-08 18:46:54 - scraping.player_extractor - INFO -   Batted: 18, Did not bat: 8
2025-12-08 18:46:54 - scraping.match_scraper - INFO - Stored 26 players
2025-12-08 18:46:54 - scraping.match_scraper - INFO -   - Royal Challengers Bengaluru
2025-12-08 18:46:54 - scraping.match_scraper - INFO -   - Mumbai Indians
2025-12-08 18:46:54 - scraping.match_scraper - INFO - Loading commentary page - attempt 1
2025-12-08 18:47:05 - scraping.match_scraper - INFO - commentary page loaded successfully
2025-12-08 18:47:05 - scraping.match_scraper - INFO - Scrolling commentary page
2025-12-08 18:47:05 - core.page_navigator - INFO - Scrolling page 25 times
2025-12-08 18:48:07 - core.page_navigator - INFO - Page scrolling completed
2025-12-08 18:48:10 - scraping.match_scraper - INFO - Extracting first innings data
2025-12-08 18:48:10 - scraping.match_scraper - INFO - Default batting team: MI
2025-12-08 18:48:10 - core.commentary_parser - INFO - Found 126 commentary blocks
2025-12-08 18:48:10 - core.commentary_parser - INFO - Parsed 126 commentary entries
2025-12-08 18:48:10 - core.commentary_parser - INFO - Created DataFrame with 126 rows
2025-12-08 18:48:10 - scraping.match_scraper - INFO - First innings: 126 events
2025-12-08 18:48:10 - core.page_navigator - INFO - Scrolling to top of page
2025-12-08 18:48:16 - scraping.match_scraper - INFO - Switching to second innings
2025-12-08 18:48:16 - core.page_navigator - INFO - Switching innings from: MI
2025-12-08 18:48:51 - core.page_navigator - INFO - Switching to innings: RCB
2025-12-08 18:48:54 - core.page_navigator - INFO - Successfully switched to RCB
2025-12-08 18:48:54 - scraping.match_scraper - INFO - Switched batting team: RCB
2025-12-08 18:48:59 - core.page_navigator - INFO - Scrolling page 25 times
2025-12-08 18:49:50 - core.page_navigator - INFO - Page scrolling completed
2025-12-08 18:49:54 - core.commentary_parser - INFO - Found 127 commentary blocks
2025-12-08 18:49:54 - core.commentary_parser - INFO - Parsed 127 commentary entries
2025-12-08 18:49:54 - core.commentary_parser - INFO - Created DataFrame with 127 rows
2025-12-08 18:49:54 - scraping.match_scraper - INFO - Second innings: 127 events
2025-12-08 18:49:54 - scraping.match_scraper - INFO - Saving commentary to database
2025-12-08 18:49:54 - scraping.match_scraper - INFO - Commentary saved: 253 total events
2025-12-08 18:49:54 - scraping.match_scraper - INFO - Saving metadata to database
2025-12-08 18:49:54 - scraping.match_scraper - INFO - Saving match players to database
2025-12-08 18:49:54 - scraping.match_scraper - INFO - Successfully completed scraping match 1473458
2025-12-08 18:49:54 - scraping.match_scraper - INFO - Closing WebDriver
2025-12-08 18:49:57 - __main__ - INFO - Successfully downloaded match 1473458
2025-12-08 18:50:07 - __main__ - INFO - Processing match 21/74: https://www.espncricinfo.com/series/ipl-2025-1449924/kolkata-knight-riders-vs-lucknow-super-giants-21st-match-1473456/full-scorecard
2025-12-08 18:50:07 - __main__ - INFO - Attempting to download match 1473456 (attempt 1/4)
2025-12-08 18:50:07 - scraping.player_extractor - INFO - PlayerExtractor initialized - Target: raw.match_players
2025-12-08 18:50:07 - scraping.match_scraper - INFO - Initializing WebDriver
2025-12-08 18:50:11 - scraping.match_scraper - INFO - Loading full scorecard - attempt 1
2025-12-08 18:50:24 - scraping.match_scraper - INFO - full scorecard loaded successfully
2025-12-08 18:50:24 - scraping.match_scraper - INFO - Scrolling full scorecard page
2025-12-08 18:50:24 - core.page_navigator - INFO - Scrolling page 5 times
2025-12-08 18:52:51 - core.page_navigator - ERROR - Error during page scroll: HTTPConnectionPool(host='localhost', port=49705): Read timed out. (read timeout=120)
2025-12-08 18:52:54 - scraping.match_scraper - INFO - Extracting metadata
2025-12-08 18:59:50 - scraping.match_scraper - INFO - Closing WebDriver
2025-12-08 19:10:24 - __main__ - INFO - Cricket Data Pipeline Started
2025-12-08 19:10:24 - __main__ - INFO - STEP 1: Initializing database and schemas
2025-12-08 19:10:25 - configs.db_config - INFO - Initializing Medallion Architecture schemas...
2025-12-08 19:10:25 - configs.db_config - INFO - Medallion schemas (Bronze, Silver, Gold) initialized
2025-12-08 19:10:25 - __main__ - INFO - Database initialization complete
2025-12-08 19:10:25 - __main__ - INFO - STEP 2: Loading configuration
2025-12-08 19:10:25 - __main__ - INFO - Configuration loaded successfully
2025-12-08 19:10:25 - __main__ - INFO - STEP 3: Scraping data from Cricinfo
2025-12-08 19:10:25 - __main__ - INFO - Initializing match tracker
2025-12-08 19:10:26 - __main__ - INFO - Current Status: 0 matches already downloaded
2025-12-08 19:10:26 - __main__ - INFO - Fetching match schedule from Cricinfo
2025-12-08 19:10:26 - scraping.schedule_scraper - INFO - Initializing WebDriver for schedule scraping
2025-12-08 19:10:28 - scraping.schedule_scraper - INFO - Loading schedule page - attempt 1
2025-12-08 19:10:41 - scraping.schedule_scraper - INFO - Schedule page loaded successfully
2025-12-08 19:10:41 - scraping.schedule_scraper - INFO - Parsing schedule page with BeautifulSoup
2025-12-08 19:10:41 - scraping.schedule_scraper - INFO - Extracting match links from schedule
2025-12-08 19:10:41 - scraping.schedule_scraper - INFO - Successfully extracted 105 match links
2025-12-08 19:10:41 - scraping.schedule_scraper - INFO - Closing WebDriver
2025-12-08 19:10:44 - __main__ - INFO - Found 105 total links
2025-12-08 19:10:44 - __main__ - INFO - Found 74 match scorecards
2025-12-08 19:10:44 - __main__ - INFO - Loading match cache
2025-12-08 19:10:44 - __main__ - INFO - Starting match scraping process with retry logic
2025-12-08 19:10:44 - __main__ - INFO - Processing match 1/74: https://www.espncricinfo.com/series/ipl-2025-1449924/kolkata-knight-riders-vs-royal-challengers-bengaluru-1st-match-1473438/full-scorecard
2025-12-08 19:10:44 - __main__ - INFO - Attempting to download match 1473438 (attempt 1/4)
2025-12-08 19:10:44 - scraping.player_extractor - INFO - PlayerExtractor initialized - Target: raw.match_players
2025-12-08 19:10:44 - scraping.match_scraper - INFO - Initializing WebDriver
2025-12-08 19:10:48 - scraping.match_scraper - INFO - Loading full scorecard - attempt 1
2025-12-08 19:10:59 - scraping.match_scraper - INFO - full scorecard loaded successfully
2025-12-08 19:10:59 - scraping.match_scraper - INFO - Scrolling full scorecard page
2025-12-08 19:10:59 - core.page_navigator - INFO - Scrolling page 5 times
2025-12-08 19:11:15 - core.page_navigator - INFO - Page scrolling completed
2025-12-08 19:11:18 - scraping.match_scraper - INFO - Extracting metadata
2025-12-08 19:11:18 - core.metadata_extractor - INFO - Found 14 metadata rows for match 1473438
2025-12-08 19:11:18 - core.metadata_extractor - INFO - Extracted 15 metadata fields for match 1473438
2025-12-08 19:11:18 - scraping.match_scraper - INFO - Extracting player rosters...
2025-12-08 19:11:18 - scraping.player_extractor - INFO - Extracting players for match 1473438
2025-12-08 19:11:18 - core.metadata_extractor - INFO - Extracting player names for match 1473438
2025-12-08 19:11:18 - core.metadata_extractor - INFO - Found 2 scorecard table(s)
2025-12-08 19:11:18 - core.metadata_extractor - INFO -   innings_1 (Kolkata Knight Riders): 10 batted, 1 did not bat
2025-12-08 19:11:18 - core.metadata_extractor - INFO -   innings_2 (Royal Challengers Bengaluru): 5 batted, 6 did not bat
2025-12-08 19:11:18 - core.metadata_extractor - INFO -   Found 14 impact players/substitutes
2025-12-08 19:11:18 - core.metadata_extractor - INFO - Created DataFrame with 36 player records from 2 innings
2025-12-08 19:11:18 - scraping.player_extractor - INFO - Extracted 32 players for match 1473438
2025-12-08 19:11:18 - scraping.player_extractor - INFO -   Teams: Kolkata Knight Riders, Royal Challengers Bengaluru
2025-12-08 19:11:18 - scraping.player_extractor - INFO -   Batted: 14, Did not bat: 18
2025-12-08 19:11:18 - scraping.match_scraper - INFO - Stored 32 players
2025-12-08 19:11:18 - scraping.match_scraper - INFO -   - Kolkata Knight Riders
2025-12-08 19:11:18 - scraping.match_scraper - INFO -   - Royal Challengers Bengaluru
2025-12-08 19:11:18 - scraping.match_scraper - INFO - Loading commentary page - attempt 1
2025-12-08 19:11:29 - scraping.match_scraper - INFO - commentary page loaded successfully
2025-12-08 19:11:29 - scraping.match_scraper - INFO - Scrolling commentary page
2025-12-08 19:11:29 - core.page_navigator - INFO - Scrolling page 25 times
2025-12-08 19:12:20 - core.page_navigator - INFO - Page scrolling completed
2025-12-08 19:12:23 - scraping.match_scraper - INFO - Extracting first innings data
2025-12-08 19:12:23 - scraping.match_scraper - INFO - Default batting team: RCB
2025-12-08 19:12:24 - core.commentary_parser - INFO - Found 99 commentary blocks
2025-12-08 19:12:24 - core.commentary_parser - INFO - Parsed 99 commentary entries
2025-12-08 19:12:24 - core.commentary_parser - INFO - Created DataFrame with 99 rows
2025-12-08 19:12:24 - scraping.match_scraper - INFO - First innings: 99 events
2025-12-08 19:12:24 - core.page_navigator - INFO - Scrolling to top of page
2025-12-08 19:12:30 - scraping.match_scraper - INFO - Switching to second innings
2025-12-08 19:12:30 - core.page_navigator - INFO - Switching innings from: RCB
2025-12-08 19:13:04 - core.page_navigator - INFO - Switching to innings: KKR
2025-12-08 19:13:07 - core.page_navigator - INFO - Successfully switched to KKR
2025-12-08 19:13:07 - scraping.match_scraper - INFO - Switched batting team: KKR
2025-12-08 19:13:12 - core.page_navigator - INFO - Scrolling page 25 times
2025-12-08 19:14:03 - core.page_navigator - INFO - Page scrolling completed
2025-12-08 19:14:06 - core.commentary_parser - INFO - Found 124 commentary blocks
2025-12-08 19:14:06 - core.commentary_parser - INFO - Parsed 124 commentary entries
2025-12-08 19:14:06 - core.commentary_parser - INFO - Created DataFrame with 124 rows
2025-12-08 19:14:06 - scraping.match_scraper - INFO - Second innings: 124 events
2025-12-08 19:14:06 - scraping.match_scraper - INFO - Saving commentary to database
2025-12-08 19:14:06 - scraping.match_scraper - INFO - Commentary saved: 223 total events
2025-12-08 19:14:06 - scraping.match_scraper - INFO - Saving metadata to database
2025-12-08 19:14:06 - scraping.match_scraper - INFO - Saving match players to database
2025-12-08 19:14:06 - scraping.match_scraper - INFO - Successfully completed scraping match 1473438
2025-12-08 19:14:06 - scraping.match_scraper - INFO - Closing WebDriver
2025-12-08 19:14:09 - __main__ - INFO - Successfully downloaded match 1473438
2025-12-08 19:14:28 - __main__ - INFO - Cricket Data Pipeline Started
2025-12-08 19:14:28 - __main__ - INFO - STEP 1: Initializing database and schemas
2025-12-08 19:14:29 - configs.db_config - INFO - Initializing Medallion Architecture schemas...
2025-12-08 19:14:29 - configs.db_config - INFO - Medallion schemas (Bronze, Silver, Gold) initialized
2025-12-08 19:14:29 - __main__ - INFO - Database initialization complete
2025-12-08 19:14:29 - __main__ - INFO - STEP 2: Loading configuration
2025-12-08 19:14:29 - __main__ - INFO - Configuration loaded successfully
2025-12-08 19:14:29 - __main__ - INFO - STEP 3: Scraping data from Cricinfo
2025-12-08 19:14:29 - __main__ - INFO - Initializing match tracker
2025-12-08 19:14:29 - __main__ - INFO - Current Status: 0 matches already downloaded
2025-12-08 19:14:29 - __main__ - INFO - Fetching match schedule from Cricinfo
2025-12-08 19:14:29 - scraping.schedule_scraper - INFO - Initializing WebDriver for schedule scraping
2025-12-08 19:14:33 - scraping.schedule_scraper - INFO - Loading schedule page - attempt 1
2025-12-08 19:14:48 - scraping.schedule_scraper - INFO - Schedule page loaded successfully
2025-12-08 19:14:48 - scraping.schedule_scraper - INFO - Parsing schedule page with BeautifulSoup
2025-12-08 19:14:55 - scraping.schedule_scraper - INFO - Extracting match links from schedule
2025-12-08 19:14:55 - scraping.schedule_scraper - INFO - Successfully extracted 105 match links
2025-12-08 19:14:55 - scraping.schedule_scraper - INFO - Closing WebDriver
2025-12-08 19:14:58 - __main__ - INFO - Found 105 total links
2025-12-08 19:14:58 - __main__ - INFO - Found 74 match scorecards
2025-12-08 19:14:58 - __main__ - INFO - Loading match cache
2025-12-08 19:14:58 - __main__ - INFO - Starting match scraping process with retry logic
2025-12-08 19:14:58 - __main__ - INFO - Processing match 1/74: https://www.espncricinfo.com/series/ipl-2025-1449924/kolkata-knight-riders-vs-royal-challengers-bengaluru-1st-match-1473438/full-scorecard
2025-12-08 19:14:58 - __main__ - INFO - Attempting to download match 1473438 (attempt 1/4)
2025-12-08 19:14:58 - scraping.player_extractor - INFO - PlayerExtractor initialized - Target: raw.match_players
2025-12-08 19:14:58 - scraping.match_scraper - INFO - Initializing WebDriver
2025-12-08 19:15:04 - scraping.match_scraper - INFO - Loading full scorecard - attempt 1
2025-12-08 19:15:18 - scraping.match_scraper - INFO - full scorecard loaded successfully
2025-12-08 19:15:18 - scraping.match_scraper - INFO - Scrolling full scorecard page
2025-12-08 19:15:18 - core.page_navigator - INFO - Scrolling page 5 times
2025-12-08 19:15:34 - core.page_navigator - INFO - Page scrolling completed
2025-12-08 19:15:37 - scraping.match_scraper - INFO - Extracting metadata
2025-12-08 19:15:38 - core.metadata_extractor - INFO - Found 14 metadata rows for match 1473438
2025-12-08 19:15:38 - core.metadata_extractor - INFO - Extracted 15 metadata fields for match 1473438
2025-12-08 19:15:38 - scraping.match_scraper - INFO - Extracting player rosters...
2025-12-08 19:15:38 - scraping.player_extractor - INFO - Extracting players for match 1473438
2025-12-08 19:15:39 - core.metadata_extractor - INFO - Extracting player names for match 1473438
2025-12-08 19:15:39 - core.metadata_extractor - INFO - Found 2 scorecard table(s)
2025-12-08 19:15:39 - core.metadata_extractor - INFO -   innings_1 (Kolkata Knight Riders): 10 batted, 1 did not bat
2025-12-08 19:15:39 - core.metadata_extractor - INFO -   innings_2 (Royal Challengers Bengaluru): 5 batted, 6 did not bat
2025-12-08 19:15:39 - core.metadata_extractor - INFO -   Found 14 impact players/substitutes
2025-12-08 19:15:39 - core.metadata_extractor - INFO - Created DataFrame with 36 player records from 2 innings
2025-12-08 19:15:39 - scraping.player_extractor - INFO - Extracted 32 players for match 1473438
2025-12-08 19:15:39 - scraping.player_extractor - INFO -   Teams: Kolkata Knight Riders, Royal Challengers Bengaluru
2025-12-08 19:15:39 - scraping.player_extractor - INFO -   Batted: 14, Did not bat: 18
2025-12-08 19:15:39 - scraping.match_scraper - INFO - Stored 32 players
2025-12-08 19:15:39 - scraping.match_scraper - INFO -   - Kolkata Knight Riders
2025-12-08 19:15:39 - scraping.match_scraper - INFO -   - Royal Challengers Bengaluru
2025-12-08 19:15:39 - scraping.match_scraper - INFO - Loading commentary page - attempt 1
2025-12-08 19:15:49 - scraping.match_scraper - INFO - commentary page loaded successfully
2025-12-08 19:15:49 - scraping.match_scraper - INFO - Scrolling commentary page
2025-12-08 19:15:49 - core.page_navigator - INFO - Scrolling page 25 times
2025-12-08 19:16:42 - core.page_navigator - INFO - Page scrolling completed
2025-12-08 19:16:45 - scraping.match_scraper - INFO - Extracting first innings data
2025-12-08 19:16:45 - scraping.match_scraper - INFO - Default batting team: RCB
2025-12-08 19:16:46 - core.commentary_parser - INFO - Found 99 commentary blocks
2025-12-08 19:16:46 - core.commentary_parser - INFO - Parsed 99 commentary entries
2025-12-08 19:16:46 - core.commentary_parser - INFO - Created DataFrame with 99 rows
2025-12-08 19:16:46 - scraping.match_scraper - INFO - First innings: 99 events
2025-12-08 19:16:46 - core.page_navigator - INFO - Scrolling to top of page
2025-12-08 19:16:52 - scraping.match_scraper - INFO - Switching to second innings
2025-12-08 19:16:52 - core.page_navigator - INFO - Switching innings from: RCB
2025-12-08 19:17:27 - core.page_navigator - INFO - Switching to innings: KKR
2025-12-08 19:17:30 - core.page_navigator - INFO - Successfully switched to KKR
2025-12-08 19:17:30 - scraping.match_scraper - INFO - Switched batting team: KKR
2025-12-08 19:17:35 - core.page_navigator - INFO - Scrolling page 25 times
2025-12-08 19:18:25 - core.page_navigator - INFO - Page scrolling completed
2025-12-08 19:18:29 - core.commentary_parser - INFO - Found 124 commentary blocks
2025-12-08 19:18:29 - core.commentary_parser - INFO - Parsed 124 commentary entries
2025-12-08 19:18:29 - core.commentary_parser - INFO - Created DataFrame with 124 rows
2025-12-08 19:18:29 - scraping.match_scraper - INFO - Second innings: 124 events
2025-12-08 19:18:29 - scraping.match_scraper - INFO - Saving commentary to database
2025-12-08 19:18:29 - scraping.match_scraper - INFO - Commentary saved: 223 total events
2025-12-08 19:18:29 - scraping.match_scraper - INFO - Saving metadata to database
2025-12-08 19:18:30 - scraping.match_scraper - INFO - Saving match players to database
2025-12-08 19:18:30 - scraping.match_scraper - INFO - Successfully completed scraping match 1473438
2025-12-08 19:18:30 - scraping.match_scraper - INFO - Closing WebDriver
2025-12-08 19:18:33 - __main__ - INFO - Successfully downloaded match 1473438
2025-12-08 19:18:43 - __main__ - INFO - Processing match 2/74: https://www.espncricinfo.com/series/ipl-2025-1449924/sunrisers-hyderabad-vs-rajasthan-royals-2nd-match-1473439/full-scorecard
2025-12-08 19:18:43 - __main__ - INFO - Attempting to download match 1473439 (attempt 1/4)
2025-12-08 19:18:43 - scraping.player_extractor - INFO - PlayerExtractor initialized - Target: raw.match_players
2025-12-08 19:18:43 - scraping.match_scraper - INFO - Initializing WebDriver
2025-12-08 19:18:47 - scraping.match_scraper - INFO - Loading full scorecard - attempt 1
2025-12-08 19:18:58 - scraping.match_scraper - INFO - full scorecard loaded successfully
2025-12-08 19:18:58 - scraping.match_scraper - INFO - Scrolling full scorecard page
2025-12-08 19:18:58 - core.page_navigator - INFO - Scrolling page 5 times
2025-12-08 19:19:19 - core.page_navigator - INFO - Page scrolling completed
2025-12-08 19:19:22 - scraping.match_scraper - INFO - Extracting metadata
2025-12-08 19:19:22 - core.metadata_extractor - INFO - Found 14 metadata rows for match 1473439
2025-12-08 19:19:22 - core.metadata_extractor - INFO - Extracted 15 metadata fields for match 1473439
2025-12-08 19:19:22 - scraping.match_scraper - INFO - Extracting player rosters...
2025-12-08 19:19:23 - scraping.player_extractor - INFO - Extracting players for match 1473439
2025-12-08 19:19:23 - core.metadata_extractor - INFO - Extracting player names for match 1473439
2025-12-08 19:19:23 - core.metadata_extractor - INFO - Found 2 scorecard table(s)
2025-12-08 19:19:23 - core.metadata_extractor - INFO -   innings_1 (Sunrisers Hyderabad): 8 batted, 3 did not bat
2025-12-08 19:19:23 - core.metadata_extractor - INFO -   innings_2 (Rajasthan Royals): 8 batted, 3 did not bat
2025-12-08 19:19:23 - core.metadata_extractor - INFO -   Found 14 impact players/substitutes
2025-12-08 19:19:23 - core.metadata_extractor - INFO - Created DataFrame with 36 player records from 2 innings
2025-12-08 19:19:23 - scraping.player_extractor - INFO - Extracted 32 players for match 1473439
2025-12-08 19:19:23 - scraping.player_extractor - INFO -   Teams: Sunrisers Hyderabad, Rajasthan Royals
2025-12-08 19:19:23 - scraping.player_extractor - INFO -   Batted: 15, Did not bat: 17
2025-12-08 19:19:23 - scraping.match_scraper - INFO - Stored 32 players
2025-12-08 19:19:23 - scraping.match_scraper - INFO -   - Sunrisers Hyderabad
2025-12-08 19:19:23 - scraping.match_scraper - INFO -   - Rajasthan Royals
2025-12-08 19:19:23 - scraping.match_scraper - INFO - Loading commentary page - attempt 1
2025-12-08 19:19:32 - scraping.match_scraper - INFO - commentary page loaded successfully
2025-12-08 19:19:32 - scraping.match_scraper - INFO - Scrolling commentary page
2025-12-08 19:19:32 - core.page_navigator - INFO - Scrolling page 25 times
2025-12-08 19:20:33 - core.page_navigator - INFO - Page scrolling completed
2025-12-08 19:20:36 - scraping.match_scraper - INFO - Extracting first innings data
2025-12-08 19:20:36 - scraping.match_scraper - INFO - Default batting team: RR
2025-12-08 19:20:37 - core.commentary_parser - INFO - Found 129 commentary blocks
2025-12-08 19:20:37 - core.commentary_parser - INFO - Parsed 129 commentary entries
2025-12-08 19:20:38 - core.commentary_parser - INFO - Created DataFrame with 129 rows
2025-12-08 19:20:38 - scraping.match_scraper - INFO - First innings: 129 events
2025-12-08 19:20:38 - core.page_navigator - INFO - Scrolling to top of page
2025-12-08 19:20:44 - scraping.match_scraper - INFO - Switching to second innings
2025-12-08 19:20:44 - core.page_navigator - INFO - Switching innings from: RR
2025-12-08 19:21:18 - core.page_navigator - INFO - Switching to innings: SRH
2025-12-08 19:21:21 - core.page_navigator - INFO - Successfully switched to SRH
2025-12-08 19:21:21 - scraping.match_scraper - INFO - Switched batting team: SRH
2025-12-08 19:21:26 - core.page_navigator - INFO - Scrolling page 25 times
2025-12-08 19:22:16 - core.page_navigator - INFO - Page scrolling completed
2025-12-08 19:22:20 - core.commentary_parser - INFO - Found 133 commentary blocks
2025-12-08 19:22:20 - core.commentary_parser - INFO - Parsed 133 commentary entries
2025-12-08 19:22:20 - core.commentary_parser - INFO - Created DataFrame with 133 rows
2025-12-08 19:22:20 - scraping.match_scraper - INFO - Second innings: 133 events
2025-12-08 19:22:20 - scraping.match_scraper - INFO - Saving commentary to database
2025-12-08 19:22:20 - scraping.match_scraper - INFO - Commentary saved: 262 total events
2025-12-08 19:22:20 - scraping.match_scraper - INFO - Saving metadata to database
2025-12-08 19:22:20 - scraping.match_scraper - INFO - Saving match players to database
2025-12-08 19:22:20 - scraping.match_scraper - INFO - Successfully completed scraping match 1473439
2025-12-08 19:22:20 - scraping.match_scraper - INFO - Closing WebDriver
2025-12-08 19:22:23 - __main__ - INFO - Successfully downloaded match 1473439
2025-12-08 19:22:33 - __main__ - INFO - Processing match 3/74: https://www.espncricinfo.com/series/ipl-2025-1449924/chennai-super-kings-vs-mumbai-indians-3rd-match-1473440/full-scorecard
2025-12-08 19:22:33 - __main__ - INFO - Attempting to download match 1473440 (attempt 1/4)
2025-12-08 19:22:33 - scraping.player_extractor - INFO - PlayerExtractor initialized - Target: raw.match_players
2025-12-08 19:22:33 - scraping.match_scraper - INFO - Initializing WebDriver
2025-12-08 19:22:36 - scraping.match_scraper - INFO - Loading full scorecard - attempt 1
2025-12-08 19:22:50 - scraping.match_scraper - INFO - full scorecard loaded successfully
2025-12-08 19:22:50 - scraping.match_scraper - INFO - Scrolling full scorecard page
2025-12-08 19:22:50 - core.page_navigator - INFO - Scrolling page 5 times
2025-12-08 19:23:24 - core.page_navigator - INFO - Page scrolling completed
2025-12-08 19:23:27 - scraping.match_scraper - INFO - Extracting metadata
2025-12-08 19:23:27 - core.metadata_extractor - INFO - Found 15 metadata rows for match 1473440
2025-12-08 19:23:27 - core.metadata_extractor - INFO - Extracted 16 metadata fields for match 1473440
2025-12-08 19:23:27 - scraping.match_scraper - INFO - Extracting player rosters...
2025-12-08 19:23:28 - scraping.player_extractor - INFO - Extracting players for match 1473440
2025-12-08 19:23:28 - core.metadata_extractor - INFO - Extracting player names for match 1473440
2025-12-08 19:23:28 - core.metadata_extractor - INFO - Found 2 scorecard table(s)
2025-12-08 19:23:28 - core.metadata_extractor - INFO -   innings_1 (Mumbai Indians): 11 batted, 0 did not bat
2025-12-08 19:23:28 - core.metadata_extractor - INFO -   innings_2 (Chennai Super Kings): 8 batted, 3 did not bat
2025-12-08 19:23:28 - core.metadata_extractor - INFO -   Found 14 impact players/substitutes
2025-12-08 19:23:28 - core.metadata_extractor - INFO - Created DataFrame with 36 player records from 2 innings
2025-12-08 19:23:28 - scraping.player_extractor - INFO - Extracted 32 players for match 1473440
2025-12-08 19:23:28 - scraping.player_extractor - INFO -   Teams: Mumbai Indians, Chennai Super Kings
2025-12-08 19:23:28 - scraping.player_extractor - INFO -   Batted: 18, Did not bat: 14
2025-12-08 19:23:28 - scraping.match_scraper - INFO - Stored 32 players
2025-12-08 19:23:28 - scraping.match_scraper - INFO -   - Mumbai Indians
2025-12-08 19:23:28 - scraping.match_scraper - INFO -   - Chennai Super Kings
2025-12-08 19:23:28 - scraping.match_scraper - INFO - Loading commentary page - attempt 1
2025-12-08 19:23:38 - scraping.match_scraper - INFO - commentary page loaded successfully
2025-12-08 19:23:38 - scraping.match_scraper - INFO - Scrolling commentary page
2025-12-08 19:23:38 - core.page_navigator - INFO - Scrolling page 25 times
2025-12-08 19:24:33 - core.page_navigator - INFO - Page scrolling completed
2025-12-08 19:24:36 - scraping.match_scraper - INFO - Extracting first innings data
2025-12-08 19:24:36 - scraping.match_scraper - INFO - Default batting team: CSK
2025-12-08 19:24:37 - core.commentary_parser - INFO - Found 118 commentary blocks
2025-12-08 19:24:37 - core.commentary_parser - INFO - Parsed 118 commentary entries
2025-12-08 19:24:37 - core.commentary_parser - INFO - Created DataFrame with 118 rows
2025-12-08 19:24:37 - scraping.match_scraper - INFO - First innings: 118 events
2025-12-08 19:24:37 - core.page_navigator - INFO - Scrolling to top of page
2025-12-08 19:24:43 - scraping.match_scraper - INFO - Switching to second innings
2025-12-08 19:24:43 - core.page_navigator - INFO - Switching innings from: CSK
2025-12-08 19:25:18 - core.page_navigator - INFO - Switching to innings: MI
2025-12-08 19:25:20 - core.page_navigator - INFO - Successfully switched to MI
2025-12-08 19:25:20 - scraping.match_scraper - INFO - Switched batting team: MI
2025-12-08 19:25:25 - core.page_navigator - INFO - Scrolling page 25 times
2025-12-08 19:26:16 - core.page_navigator - INFO - Page scrolling completed
2025-12-08 19:26:20 - core.commentary_parser - INFO - Found 124 commentary blocks
2025-12-08 19:26:21 - core.commentary_parser - INFO - Parsed 124 commentary entries
2025-12-08 19:26:21 - core.commentary_parser - INFO - Created DataFrame with 124 rows
2025-12-08 19:26:21 - scraping.match_scraper - INFO - Second innings: 124 events
2025-12-08 19:26:21 - scraping.match_scraper - INFO - Saving commentary to database
2025-12-08 19:26:21 - scraping.match_scraper - INFO - Commentary saved: 242 total events
2025-12-08 19:26:21 - scraping.match_scraper - INFO - Saving metadata to database
2025-12-08 19:26:21 - scraping.match_scraper - INFO - Saving match players to database
2025-12-08 19:26:21 - scraping.match_scraper - INFO - Successfully completed scraping match 1473440
2025-12-08 19:26:21 - scraping.match_scraper - INFO - Closing WebDriver
2025-12-08 19:26:25 - __main__ - INFO - Successfully downloaded match 1473440
2025-12-08 19:26:35 - __main__ - INFO - Processing match 4/74: https://www.espncricinfo.com/series/ipl-2025-1449924/delhi-capitals-vs-lucknow-super-giants-4th-match-1473441/full-scorecard
2025-12-08 19:26:35 - __main__ - INFO - Attempting to download match 1473441 (attempt 1/4)
2025-12-08 19:26:35 - scraping.player_extractor - INFO - PlayerExtractor initialized - Target: raw.match_players
2025-12-08 19:26:35 - scraping.match_scraper - INFO - Initializing WebDriver
2025-12-08 19:26:40 - scraping.match_scraper - INFO - Loading full scorecard - attempt 1
2025-12-08 19:26:55 - scraping.match_scraper - INFO - full scorecard loaded successfully
2025-12-08 19:26:55 - scraping.match_scraper - INFO - Scrolling full scorecard page
2025-12-08 19:26:55 - core.page_navigator - INFO - Scrolling page 5 times
2025-12-08 19:27:28 - core.page_navigator - INFO - Page scrolling completed
2025-12-08 19:27:31 - scraping.match_scraper - INFO - Extracting metadata
2025-12-08 19:27:31 - core.metadata_extractor - INFO - Found 14 metadata rows for match 1473441
2025-12-08 19:27:31 - core.metadata_extractor - INFO - Extracted 15 metadata fields for match 1473441
2025-12-08 19:27:31 - scraping.match_scraper - INFO - Extracting player rosters...
2025-12-08 19:27:32 - scraping.player_extractor - INFO - Extracting players for match 1473441
2025-12-08 19:27:32 - core.metadata_extractor - INFO - Extracting player names for match 1473441
2025-12-08 19:27:32 - core.metadata_extractor - INFO - Found 2 scorecard table(s)
2025-12-08 19:27:32 - core.metadata_extractor - INFO -   innings_1 (Lucknow Super Giants): 10 batted, 1 did not bat
2025-12-08 19:27:32 - core.metadata_extractor - INFO -   innings_2 (Delhi Capitals): 11 batted, 0 did not bat
2025-12-08 19:27:32 - core.metadata_extractor - INFO -   Found 14 impact players/substitutes
2025-12-08 19:27:32 - core.metadata_extractor - INFO - Created DataFrame with 36 player records from 2 innings
2025-12-08 19:27:32 - scraping.player_extractor - INFO - Extracted 32 players for match 1473441
2025-12-08 19:27:32 - scraping.player_extractor - INFO -   Teams: Delhi Capitals, Lucknow Super Giants
2025-12-08 19:27:32 - scraping.player_extractor - INFO -   Batted: 19, Did not bat: 13
2025-12-08 19:27:32 - scraping.match_scraper - INFO - Stored 32 players
2025-12-08 19:27:32 - scraping.match_scraper - INFO -   - Delhi Capitals
2025-12-08 19:27:32 - scraping.match_scraper - INFO -   - Lucknow Super Giants
2025-12-08 19:27:32 - scraping.match_scraper - INFO - Loading commentary page - attempt 1
2025-12-08 19:27:45 - scraping.match_scraper - INFO - commentary page loaded successfully
2025-12-08 19:27:45 - scraping.match_scraper - INFO - Scrolling commentary page
2025-12-08 19:27:45 - core.page_navigator - INFO - Scrolling page 25 times
2025-12-08 19:28:39 - core.page_navigator - INFO - Page scrolling completed
2025-12-08 19:28:42 - scraping.match_scraper - INFO - Extracting first innings data
2025-12-08 19:28:42 - scraping.match_scraper - INFO - Default batting team: DC
2025-12-08 19:28:43 - core.commentary_parser - INFO - Found 121 commentary blocks
2025-12-08 19:28:43 - core.commentary_parser - INFO - Parsed 121 commentary entries
2025-12-08 19:28:43 - core.commentary_parser - INFO - Created DataFrame with 121 rows
2025-12-08 19:28:43 - scraping.match_scraper - INFO - First innings: 121 events
2025-12-08 19:28:43 - core.page_navigator - INFO - Scrolling to top of page
2025-12-08 19:28:49 - scraping.match_scraper - INFO - Switching to second innings
2025-12-08 19:28:49 - core.page_navigator - INFO - Switching innings from: DC
2025-12-08 19:29:24 - core.page_navigator - INFO - Switching to innings: LSG
2025-12-08 19:29:27 - core.page_navigator - INFO - Successfully switched to LSG
2025-12-08 19:29:27 - scraping.match_scraper - INFO - Switched batting team: LSG
2025-12-08 19:29:32 - core.page_navigator - INFO - Scrolling page 25 times
2025-12-08 19:30:22 - core.page_navigator - INFO - Page scrolling completed
2025-12-08 19:30:26 - core.commentary_parser - INFO - Found 125 commentary blocks
2025-12-08 19:30:26 - core.commentary_parser - INFO - Parsed 125 commentary entries
2025-12-08 19:30:26 - core.commentary_parser - INFO - Created DataFrame with 125 rows
2025-12-08 19:30:26 - scraping.match_scraper - INFO - Second innings: 125 events
2025-12-08 19:30:26 - scraping.match_scraper - INFO - Saving commentary to database
2025-12-08 19:30:26 - scraping.match_scraper - INFO - Commentary saved: 246 total events
2025-12-08 19:30:26 - scraping.match_scraper - INFO - Saving metadata to database
2025-12-08 19:30:26 - scraping.match_scraper - INFO - Saving match players to database
2025-12-08 19:30:26 - scraping.match_scraper - INFO - Successfully completed scraping match 1473441
2025-12-08 19:30:26 - scraping.match_scraper - INFO - Closing WebDriver
2025-12-08 19:30:29 - __main__ - INFO - Successfully downloaded match 1473441
2025-12-08 19:30:39 - __main__ - INFO - Processing match 5/74: https://www.espncricinfo.com/series/ipl-2025-1449924/gujarat-titans-vs-punjab-kings-5th-match-1473442/full-scorecard
2025-12-08 19:30:39 - __main__ - INFO - Attempting to download match 1473442 (attempt 1/4)
2025-12-08 19:30:39 - scraping.player_extractor - INFO - PlayerExtractor initialized - Target: raw.match_players
2025-12-08 19:30:39 - scraping.match_scraper - INFO - Initializing WebDriver
2025-12-08 19:30:43 - scraping.match_scraper - INFO - Loading full scorecard - attempt 1
2025-12-08 19:30:55 - scraping.match_scraper - INFO - full scorecard loaded successfully
2025-12-08 19:30:55 - scraping.match_scraper - INFO - Scrolling full scorecard page
2025-12-08 19:30:55 - core.page_navigator - INFO - Scrolling page 5 times
2025-12-08 19:31:25 - core.page_navigator - INFO - Page scrolling completed
2025-12-08 19:31:28 - scraping.match_scraper - INFO - Extracting metadata
2025-12-08 19:39:28 - scraping.match_scraper - ERROR - Error scraping match 1473442: HTTPConnectionPool(host='localhost', port=53727): Max retries exceeded with url: /session/02d8a1cd91aede5b1fc79130bc2bb4c6/source (Caused by ReadTimeoutError("HTTPConnectionPool(host='localhost', port=53727): Read timed out. (read timeout=120)"))
Traceback (most recent call last):
  File "C:\Users\prade\PycharmProjects\Cricinfo_scraper\.venv\Lib\site-packages\urllib3\connectionpool.py", line 534, in _make_request
    response = conn.getresponse()
               ^^^^^^^^^^^^^^^^^^
  File "C:\Users\prade\PycharmProjects\Cricinfo_scraper\.venv\Lib\site-packages\urllib3\connection.py", line 516, in getresponse
    httplib_response = super().getresponse()
                       ^^^^^^^^^^^^^^^^^^^^^
  File "C:\Users\prade\AppData\Local\Programs\Python\Python311\Lib\http\client.py", line 1395, in getresponse
    response.begin()
  File "C:\Users\prade\AppData\Local\Programs\Python\Python311\Lib\http\client.py", line 325, in begin
    version, status, reason = self._read_status()
                              ^^^^^^^^^^^^^^^^^^^
  File "C:\Users\prade\AppData\Local\Programs\Python\Python311\Lib\http\client.py", line 286, in _read_status
    line = str(self.fp.readline(_MAXLINE + 1), "iso-8859-1")
               ^^^^^^^^^^^^^^^^^^^^^^^^^^^^^^
  File "C:\Users\prade\AppData\Local\Programs\Python\Python311\Lib\socket.py", line 706, in readinto
    return self._sock.recv_into(b)
           ^^^^^^^^^^^^^^^^^^^^^^^
TimeoutError: timed out

The above exception was the direct cause of the following exception:

Traceback (most recent call last):
  File "C:\Users\prade\PycharmProjects\Cricinfo_scraper\.venv\Lib\site-packages\urllib3\connectionpool.py", line 787, in urlopen
    response = self._make_request(
               ^^^^^^^^^^^^^^^^^^^
  File "C:\Users\prade\PycharmProjects\Cricinfo_scraper\.venv\Lib\site-packages\urllib3\connectionpool.py", line 536, in _make_request
    self._raise_timeout(err=e, url=url, timeout_value=read_timeout)
  File "C:\Users\prade\PycharmProjects\Cricinfo_scraper\.venv\Lib\site-packages\urllib3\connectionpool.py", line 367, in _raise_timeout
    raise ReadTimeoutError(
urllib3.exceptions.ReadTimeoutError: HTTPConnectionPool(host='localhost', port=53727): Read timed out. (read timeout=120)

The above exception was the direct cause of the following exception:

Traceback (most recent call last):
  File "C:\Users\prade\Pycharm\Cricinfo_scraper\scraping\match_scraper.py", line 162, in scrape
    metadata = MetadataExtractor.extract_metadata(driver.page_source, match_id)
                                                  ^^^^^^^^^^^^^^^^^^
  File "C:\Users\prade\PycharmProjects\Cricinfo_scraper\.venv\Lib\site-packages\selenium\webdriver\remote\webdriver.py", line 586, in page_source
    return self.execute(Command.GET_PAGE_SOURCE)["value"]
           ^^^^^^^^^^^^^^^^^^^^^^^^^^^^^^^^^^^^^
  File "C:\Users\prade\PycharmProjects\Cricinfo_scraper\.venv\Lib\site-packages\selenium\webdriver\remote\webdriver.py", line 445, in execute
    response = self.command_executor.execute(driver_command, params)
               ^^^^^^^^^^^^^^^^^^^^^^^^^^^^^^^^^^^^^^^^^^^^^^^^^^^^^
  File "C:\Users\prade\PycharmProjects\Cricinfo_scraper\.venv\Lib\site-packages\selenium\webdriver\remote\remote_connection.py", line 404, in execute
    return self._request(command_info[0], url, body=data)
           ^^^^^^^^^^^^^^^^^^^^^^^^^^^^^^^^^^^^^^^^^^^^^^
  File "C:\Users\prade\PycharmProjects\Cricinfo_scraper\.venv\Lib\site-packages\selenium\webdriver\remote\remote_connection.py", line 428, in _request
    response = self._conn.request(method, url, body=body, headers=headers, timeout=self._client_config.timeout)
               ^^^^^^^^^^^^^^^^^^^^^^^^^^^^^^^^^^^^^^^^^^^^^^^^^^^^^^^^^^^^^^^^^^^^^^^^^^^^^^^^^^^^^^^^^^^^^^^^
  File "C:\Users\prade\PycharmProjects\Cricinfo_scraper\.venv\Lib\site-packages\urllib3\_request_methods.py", line 135, in request
    return self.request_encode_url(
           ^^^^^^^^^^^^^^^^^^^^^^^^
  File "C:\Users\prade\PycharmProjects\Cricinfo_scraper\.venv\Lib\site-packages\urllib3\_request_methods.py", line 182, in request_encode_url
    return self.urlopen(method, url, **extra_kw)
           ^^^^^^^^^^^^^^^^^^^^^^^^^^^^^^^^^^^^^
  File "C:\Users\prade\PycharmProjects\Cricinfo_scraper\.venv\Lib\site-packages\urllib3\poolmanager.py", line 443, in urlopen
    response = conn.urlopen(method, u.request_uri, **kw)
               ^^^^^^^^^^^^^^^^^^^^^^^^^^^^^^^^^^^^^^^^^
  File "C:\Users\prade\PycharmProjects\Cricinfo_scraper\.venv\Lib\site-packages\urllib3\connectionpool.py", line 871, in urlopen
    return self.urlopen(
           ^^^^^^^^^^^^^
  File "C:\Users\prade\PycharmProjects\Cricinfo_scraper\.venv\Lib\site-packages\urllib3\connectionpool.py", line 871, in urlopen
    return self.urlopen(
           ^^^^^^^^^^^^^
  File "C:\Users\prade\PycharmProjects\Cricinfo_scraper\.venv\Lib\site-packages\urllib3\connectionpool.py", line 871, in urlopen
    return self.urlopen(
           ^^^^^^^^^^^^^
  File "C:\Users\prade\PycharmProjects\Cricinfo_scraper\.venv\Lib\site-packages\urllib3\connectionpool.py", line 841, in urlopen
    retries = retries.increment(
              ^^^^^^^^^^^^^^^^^^
  File "C:\Users\prade\PycharmProjects\Cricinfo_scraper\.venv\Lib\site-packages\urllib3\util\retry.py", line 519, in increment
    raise MaxRetryError(_pool, url, reason) from reason  # type: ignore[arg-type]
    ^^^^^^^^^^^^^^^^^^^^^^^^^^^^^^^^^^^^^^^^^^^^^^^^^^^
urllib3.exceptions.MaxRetryError: HTTPConnectionPool(host='localhost', port=53727): Max retries exceeded with url: /session/02d8a1cd91aede5b1fc79130bc2bb4c6/source (Caused by ReadTimeoutError("HTTPConnectionPool(host='localhost', port=53727): Read timed out. (read timeout=120)"))
2025-12-08 19:39:28 - scraping.match_scraper - INFO - Closing WebDriver
2025-12-08 19:47:40 - __main__ - WARNING - Connection error for match 1473442 (attempt 1): HTTPConnectionPool(host='localhost', port=53727): Max retries exceeded with url: /session/02d8a1cd91aede5b1fc79130bc2bb4c6/source (Caused by ReadTimeoutError("HTTPConnectionPool(host='localhost', port
2025-12-08 19:47:40 - __main__ - INFO - Retrying match 1473442 in 30 seconds...
2025-12-08 19:48:10 - __main__ - INFO - Attempting to download match 1473442 (attempt 2/4)
2025-12-08 19:48:10 - scraping.player_extractor - INFO - PlayerExtractor initialized - Target: raw.match_players
2025-12-08 19:48:10 - scraping.match_scraper - INFO - Initializing WebDriver
2025-12-08 19:48:14 - scraping.match_scraper - INFO - Loading full scorecard - attempt 1
2025-12-08 19:48:26 - scraping.match_scraper - INFO - full scorecard loaded successfully
2025-12-08 19:48:26 - scraping.match_scraper - INFO - Scrolling full scorecard page
2025-12-08 19:48:26 - core.page_navigator - INFO - Scrolling page 5 times
2025-12-08 19:48:55 - core.page_navigator - INFO - Page scrolling completed
2025-12-08 19:48:58 - scraping.match_scraper - INFO - Extracting metadata
2025-12-08 19:48:58 - core.metadata_extractor - INFO - Found 14 metadata rows for match 1473442
2025-12-08 19:48:58 - core.metadata_extractor - INFO - Extracted 15 metadata fields for match 1473442
2025-12-08 19:48:58 - scraping.match_scraper - INFO - Extracting player rosters...
2025-12-08 19:48:58 - scraping.player_extractor - INFO - Extracting players for match 1473442
2025-12-08 19:48:58 - core.metadata_extractor - INFO - Extracting player names for match 1473442
2025-12-08 19:48:58 - core.metadata_extractor - INFO - Found 2 scorecard table(s)
2025-12-08 19:48:58 - core.metadata_extractor - INFO -   innings_1 (Punjab Kings): 7 batted, 4 did not bat
2025-12-08 19:48:58 - core.metadata_extractor - INFO -   innings_2 (Gujarat Titans): 7 batted, 4 did not bat
2025-12-08 19:48:58 - core.metadata_extractor - INFO -   Found 12 impact players/substitutes
2025-12-08 19:48:58 - core.metadata_extractor - INFO - Created DataFrame with 34 player records from 2 innings
2025-12-08 19:48:58 - scraping.player_extractor - INFO - Extracted 32 players for match 1473442
2025-12-08 19:48:58 - scraping.player_extractor - INFO -   Teams: Gujarat Titans, Punjab Kings
2025-12-08 19:48:58 - scraping.player_extractor - INFO -   Batted: 13, Did not bat: 19
2025-12-08 19:48:58 - scraping.match_scraper - INFO - Stored 32 players
2025-12-08 19:48:58 - scraping.match_scraper - INFO -   - Gujarat Titans
2025-12-08 19:48:58 - scraping.match_scraper - INFO -   - Punjab Kings
2025-12-08 19:48:58 - scraping.match_scraper - INFO - Loading commentary page - attempt 1
2025-12-08 19:49:15 - scraping.match_scraper - INFO - commentary page loaded successfully
2025-12-08 19:49:15 - scraping.match_scraper - INFO - Scrolling commentary page
2025-12-08 19:49:15 - core.page_navigator - INFO - Scrolling page 25 times
2025-12-08 19:50:10 - core.page_navigator - INFO - Page scrolling completed
2025-12-08 19:50:13 - scraping.match_scraper - INFO - Extracting first innings data
2025-12-08 19:50:13 - scraping.match_scraper - INFO - Default batting team: GT
2025-12-08 19:50:13 - core.commentary_parser - INFO - Found 128 commentary blocks
2025-12-08 19:50:13 - core.commentary_parser - INFO - Parsed 128 commentary entries
2025-12-08 19:50:13 - core.commentary_parser - INFO - Created DataFrame with 128 rows
2025-12-08 19:50:13 - scraping.match_scraper - INFO - First innings: 128 events
2025-12-08 19:50:13 - core.page_navigator - INFO - Scrolling to top of page
2025-12-08 19:50:19 - scraping.match_scraper - INFO - Switching to second innings
2025-12-08 19:50:19 - core.page_navigator - INFO - Switching innings from: GT
2025-12-08 19:50:54 - core.page_navigator - INFO - Switching to innings: PBKS
2025-12-08 19:50:57 - core.page_navigator - INFO - Successfully switched to PBKS
2025-12-08 19:50:57 - scraping.match_scraper - INFO - Switched batting team: PBKS
2025-12-08 19:51:02 - core.page_navigator - INFO - Scrolling page 25 times
2025-12-08 19:51:53 - core.page_navigator - INFO - Page scrolling completed
2025-12-08 19:51:57 - core.commentary_parser - INFO - Found 126 commentary blocks
2025-12-08 19:51:57 - core.commentary_parser - INFO - Parsed 126 commentary entries
2025-12-08 19:51:57 - core.commentary_parser - INFO - Created DataFrame with 126 rows
2025-12-08 19:51:57 - scraping.match_scraper - INFO - Second innings: 126 events
2025-12-08 19:51:57 - scraping.match_scraper - INFO - Saving commentary to database
2025-12-08 19:51:57 - scraping.match_scraper - INFO - Commentary saved: 254 total events
2025-12-08 19:51:57 - scraping.match_scraper - INFO - Saving metadata to database
2025-12-08 19:51:57 - scraping.match_scraper - INFO - Saving match players to database
2025-12-08 19:51:57 - scraping.match_scraper - INFO - Successfully completed scraping match 1473442
2025-12-08 19:51:57 - scraping.match_scraper - INFO - Closing WebDriver
2025-12-08 19:52:00 - __main__ - INFO - Successfully downloaded match 1473442
2025-12-08 19:52:10 - __main__ - INFO - Processing match 6/74: https://www.espncricinfo.com/series/ipl-2025-1449924/rajasthan-royals-vs-kolkata-knight-riders-6th-match-1473443/full-scorecard
2025-12-08 19:52:10 - __main__ - INFO - Attempting to download match 1473443 (attempt 1/4)
2025-12-08 19:52:10 - scraping.player_extractor - INFO - PlayerExtractor initialized - Target: raw.match_players
2025-12-08 19:52:10 - scraping.match_scraper - INFO - Initializing WebDriver
2025-12-08 19:52:14 - scraping.match_scraper - INFO - Loading full scorecard - attempt 1
2025-12-08 19:52:27 - scraping.match_scraper - INFO - full scorecard loaded successfully
2025-12-08 19:52:27 - scraping.match_scraper - INFO - Scrolling full scorecard page
2025-12-08 19:52:27 - core.page_navigator - INFO - Scrolling page 5 times
2025-12-08 19:54:42 - core.page_navigator - ERROR - Error during page scroll: HTTPConnectionPool(host='localhost', port=53032): Read timed out. (read timeout=120)
2025-12-08 19:54:45 - scraping.match_scraper - INFO - Extracting metadata
2025-12-08 20:02:45 - scraping.match_scraper - ERROR - Error scraping match 1473443: HTTPConnectionPool(host='localhost', port=53032): Max retries exceeded with url: /session/7bdc555048d706d4814bc06fb5e9df23/source (Caused by ReadTimeoutError("HTTPConnectionPool(host='localhost', port=53032): Read timed out. (read timeout=120)"))
Traceback (most recent call last):
  File "C:\Users\prade\PycharmProjects\Cricinfo_scraper\.venv\Lib\site-packages\urllib3\connectionpool.py", line 534, in _make_request
    response = conn.getresponse()
               ^^^^^^^^^^^^^^^^^^
  File "C:\Users\prade\PycharmProjects\Cricinfo_scraper\.venv\Lib\site-packages\urllib3\connection.py", line 516, in getresponse
    httplib_response = super().getresponse()
                       ^^^^^^^^^^^^^^^^^^^^^
  File "C:\Users\prade\AppData\Local\Programs\Python\Python311\Lib\http\client.py", line 1395, in getresponse
    response.begin()
  File "C:\Users\prade\AppData\Local\Programs\Python\Python311\Lib\http\client.py", line 325, in begin
    version, status, reason = self._read_status()
                              ^^^^^^^^^^^^^^^^^^^
  File "C:\Users\prade\AppData\Local\Programs\Python\Python311\Lib\http\client.py", line 286, in _read_status
    line = str(self.fp.readline(_MAXLINE + 1), "iso-8859-1")
               ^^^^^^^^^^^^^^^^^^^^^^^^^^^^^^
  File "C:\Users\prade\AppData\Local\Programs\Python\Python311\Lib\socket.py", line 706, in readinto
    return self._sock.recv_into(b)
           ^^^^^^^^^^^^^^^^^^^^^^^
TimeoutError: timed out

The above exception was the direct cause of the following exception:

Traceback (most recent call last):
  File "C:\Users\prade\PycharmProjects\Cricinfo_scraper\.venv\Lib\site-packages\urllib3\connectionpool.py", line 787, in urlopen
    response = self._make_request(
               ^^^^^^^^^^^^^^^^^^^
  File "C:\Users\prade\PycharmProjects\Cricinfo_scraper\.venv\Lib\site-packages\urllib3\connectionpool.py", line 536, in _make_request
    self._raise_timeout(err=e, url=url, timeout_value=read_timeout)
  File "C:\Users\prade\PycharmProjects\Cricinfo_scraper\.venv\Lib\site-packages\urllib3\connectionpool.py", line 367, in _raise_timeout
    raise ReadTimeoutError(
urllib3.exceptions.ReadTimeoutError: HTTPConnectionPool(host='localhost', port=53032): Read timed out. (read timeout=120)

The above exception was the direct cause of the following exception:

Traceback (most recent call last):
  File "C:\Users\prade\Pycharm\Cricinfo_scraper\scraping\match_scraper.py", line 162, in scrape
    metadata = MetadataExtractor.extract_metadata(driver.page_source, match_id)
                                                  ^^^^^^^^^^^^^^^^^^
  File "C:\Users\prade\PycharmProjects\Cricinfo_scraper\.venv\Lib\site-packages\selenium\webdriver\remote\webdriver.py", line 586, in page_source
    return self.execute(Command.GET_PAGE_SOURCE)["value"]
           ^^^^^^^^^^^^^^^^^^^^^^^^^^^^^^^^^^^^^
  File "C:\Users\prade\PycharmProjects\Cricinfo_scraper\.venv\Lib\site-packages\selenium\webdriver\remote\webdriver.py", line 445, in execute
    response = self.command_executor.execute(driver_command, params)
               ^^^^^^^^^^^^^^^^^^^^^^^^^^^^^^^^^^^^^^^^^^^^^^^^^^^^^
  File "C:\Users\prade\PycharmProjects\Cricinfo_scraper\.venv\Lib\site-packages\selenium\webdriver\remote\remote_connection.py", line 404, in execute
    return self._request(command_info[0], url, body=data)
           ^^^^^^^^^^^^^^^^^^^^^^^^^^^^^^^^^^^^^^^^^^^^^^
  File "C:\Users\prade\PycharmProjects\Cricinfo_scraper\.venv\Lib\site-packages\selenium\webdriver\remote\remote_connection.py", line 428, in _request
    response = self._conn.request(method, url, body=body, headers=headers, timeout=self._client_config.timeout)
               ^^^^^^^^^^^^^^^^^^^^^^^^^^^^^^^^^^^^^^^^^^^^^^^^^^^^^^^^^^^^^^^^^^^^^^^^^^^^^^^^^^^^^^^^^^^^^^^^
  File "C:\Users\prade\PycharmProjects\Cricinfo_scraper\.venv\Lib\site-packages\urllib3\_request_methods.py", line 135, in request
    return self.request_encode_url(
           ^^^^^^^^^^^^^^^^^^^^^^^^
  File "C:\Users\prade\PycharmProjects\Cricinfo_scraper\.venv\Lib\site-packages\urllib3\_request_methods.py", line 182, in request_encode_url
    return self.urlopen(method, url, **extra_kw)
           ^^^^^^^^^^^^^^^^^^^^^^^^^^^^^^^^^^^^^
  File "C:\Users\prade\PycharmProjects\Cricinfo_scraper\.venv\Lib\site-packages\urllib3\poolmanager.py", line 443, in urlopen
    response = conn.urlopen(method, u.request_uri, **kw)
               ^^^^^^^^^^^^^^^^^^^^^^^^^^^^^^^^^^^^^^^^^
  File "C:\Users\prade\PycharmProjects\Cricinfo_scraper\.venv\Lib\site-packages\urllib3\connectionpool.py", line 871, in urlopen
    return self.urlopen(
           ^^^^^^^^^^^^^
  File "C:\Users\prade\PycharmProjects\Cricinfo_scraper\.venv\Lib\site-packages\urllib3\connectionpool.py", line 871, in urlopen
    return self.urlopen(
           ^^^^^^^^^^^^^
  File "C:\Users\prade\PycharmProjects\Cricinfo_scraper\.venv\Lib\site-packages\urllib3\connectionpool.py", line 871, in urlopen
    return self.urlopen(
           ^^^^^^^^^^^^^
  File "C:\Users\prade\PycharmProjects\Cricinfo_scraper\.venv\Lib\site-packages\urllib3\connectionpool.py", line 841, in urlopen
    retries = retries.increment(
              ^^^^^^^^^^^^^^^^^^
  File "C:\Users\prade\PycharmProjects\Cricinfo_scraper\.venv\Lib\site-packages\urllib3\util\retry.py", line 519, in increment
    raise MaxRetryError(_pool, url, reason) from reason  # type: ignore[arg-type]
    ^^^^^^^^^^^^^^^^^^^^^^^^^^^^^^^^^^^^^^^^^^^^^^^^^^^
urllib3.exceptions.MaxRetryError: HTTPConnectionPool(host='localhost', port=53032): Max retries exceeded with url: /session/7bdc555048d706d4814bc06fb5e9df23/source (Caused by ReadTimeoutError("HTTPConnectionPool(host='localhost', port=53032): Read timed out. (read timeout=120)"))
2025-12-08 20:02:45 - scraping.match_scraper - INFO - Closing WebDriver
2025-12-08 20:10:57 - __main__ - WARNING - Connection error for match 1473443 (attempt 1): HTTPConnectionPool(host='localhost', port=53032): Max retries exceeded with url: /session/7bdc555048d706d4814bc06fb5e9df23/source (Caused by ReadTimeoutError("HTTPConnectionPool(host='localhost', port
2025-12-08 20:10:57 - __main__ - INFO - Retrying match 1473443 in 30 seconds...
2025-12-08 20:11:27 - __main__ - INFO - Attempting to download match 1473443 (attempt 2/4)
2025-12-08 20:11:27 - scraping.player_extractor - INFO - PlayerExtractor initialized - Target: raw.match_players
2025-12-08 20:11:27 - scraping.match_scraper - INFO - Initializing WebDriver
2025-12-08 20:11:31 - scraping.match_scraper - INFO - Loading full scorecard - attempt 1
2025-12-08 20:11:44 - scraping.match_scraper - INFO - full scorecard loaded successfully
2025-12-08 20:11:44 - scraping.match_scraper - INFO - Scrolling full scorecard page
2025-12-08 20:11:44 - core.page_navigator - INFO - Scrolling page 5 times
2025-12-08 20:12:02 - core.page_navigator - INFO - Page scrolling completed
2025-12-08 20:12:05 - scraping.match_scraper - INFO - Extracting metadata
2025-12-08 20:12:05 - core.metadata_extractor - INFO - Found 14 metadata rows for match 1473443
2025-12-08 20:12:05 - core.metadata_extractor - INFO - Extracted 15 metadata fields for match 1473443
2025-12-08 20:12:05 - scraping.match_scraper - INFO - Extracting player rosters...
2025-12-08 20:12:06 - scraping.player_extractor - INFO - Extracting players for match 1473443
2025-12-08 20:12:06 - core.metadata_extractor - INFO - Extracting player names for match 1473443
2025-12-08 20:12:06 - core.metadata_extractor - INFO - Found 2 scorecard table(s)
2025-12-08 20:12:06 - core.metadata_extractor - INFO -   innings_1 (Rajasthan Royals): 11 batted, 1 did not bat
2025-12-08 20:12:06 - core.metadata_extractor - INFO -   innings_2 (Kolkata Knight Riders): 4 batted, 7 did not bat
2025-12-08 20:12:06 - core.metadata_extractor - INFO -   Found 14 impact players/substitutes
2025-12-08 20:12:06 - core.metadata_extractor - INFO - Created DataFrame with 37 player records from 2 innings
2025-12-08 20:12:06 - scraping.player_extractor - INFO - Extracted 35 players for match 1473443
2025-12-08 20:12:06 - scraping.player_extractor - INFO -   Teams: Kolkata Knight Riders, Rajasthan Royals
2025-12-08 20:12:06 - scraping.player_extractor - INFO -   Batted: 13, Did not bat: 22
2025-12-08 20:12:06 - scraping.match_scraper - INFO - Stored 35 players
2025-12-08 20:12:06 - scraping.match_scraper - INFO -   - Kolkata Knight Riders
2025-12-08 20:12:06 - scraping.match_scraper - INFO -   - Rajasthan Royals
2025-12-08 20:12:06 - scraping.match_scraper - INFO - Loading commentary page - attempt 1
2025-12-08 20:12:19 - scraping.match_scraper - INFO - commentary page loaded successfully
2025-12-08 20:12:19 - scraping.match_scraper - INFO - Scrolling commentary page
2025-12-08 20:12:19 - core.page_navigator - INFO - Scrolling page 25 times
2025-12-08 20:13:15 - core.page_navigator - INFO - Page scrolling completed
2025-12-08 20:13:18 - scraping.match_scraper - INFO - Extracting first innings data
2025-12-08 20:13:18 - scraping.match_scraper - INFO - Default batting team: KKR
2025-12-08 20:13:19 - core.commentary_parser - INFO - Found 110 commentary blocks
2025-12-08 20:13:19 - core.commentary_parser - INFO - Parsed 110 commentary entries
2025-12-08 20:13:19 - core.commentary_parser - INFO - Created DataFrame with 110 rows
2025-12-08 20:13:19 - scraping.match_scraper - INFO - First innings: 110 events
2025-12-08 20:13:19 - core.page_navigator - INFO - Scrolling to top of page
2025-12-08 20:13:25 - scraping.match_scraper - INFO - Switching to second innings
2025-12-08 20:13:25 - core.page_navigator - INFO - Switching innings from: KKR
2025-12-08 20:14:00 - core.page_navigator - INFO - Switching to innings: RR
2025-12-08 20:14:03 - core.page_navigator - INFO - Successfully switched to RR
2025-12-08 20:14:03 - scraping.match_scraper - INFO - Switched batting team: RR
2025-12-08 20:14:08 - core.page_navigator - INFO - Scrolling page 25 times
2025-12-08 20:14:58 - core.page_navigator - INFO - Page scrolling completed
2025-12-08 20:15:02 - core.commentary_parser - INFO - Found 124 commentary blocks
2025-12-08 20:15:02 - core.commentary_parser - INFO - Parsed 124 commentary entries
2025-12-08 20:15:02 - core.commentary_parser - INFO - Created DataFrame with 124 rows
2025-12-08 20:15:02 - scraping.match_scraper - INFO - Second innings: 124 events
2025-12-08 20:15:02 - scraping.match_scraper - INFO - Saving commentary to database
2025-12-08 20:15:02 - scraping.match_scraper - INFO - Commentary saved: 234 total events
2025-12-08 20:15:02 - scraping.match_scraper - INFO - Saving metadata to database
2025-12-08 20:15:02 - scraping.match_scraper - INFO - Saving match players to database
2025-12-08 20:15:02 - scraping.match_scraper - INFO - Successfully completed scraping match 1473443
2025-12-08 20:15:02 - scraping.match_scraper - INFO - Closing WebDriver
2025-12-08 20:15:05 - __main__ - INFO - Successfully downloaded match 1473443
2025-12-08 20:15:15 - __main__ - INFO - Processing match 7/74: https://www.espncricinfo.com/series/ipl-2025-1449924/sunrisers-hyderabad-vs-lucknow-super-giants-7th-match-1473444/full-scorecard
2025-12-08 20:15:15 - __main__ - INFO - Attempting to download match 1473444 (attempt 1/4)
2025-12-08 20:15:15 - scraping.player_extractor - INFO - PlayerExtractor initialized - Target: raw.match_players
2025-12-08 20:15:15 - scraping.match_scraper - INFO - Initializing WebDriver
2025-12-08 20:15:18 - scraping.match_scraper - INFO - Loading full scorecard - attempt 1
2025-12-08 20:15:30 - scraping.match_scraper - INFO - full scorecard loaded successfully
2025-12-08 20:15:30 - scraping.match_scraper - INFO - Scrolling full scorecard page
2025-12-08 20:15:30 - core.page_navigator - INFO - Scrolling page 5 times
2025-12-08 20:15:49 - core.page_navigator - INFO - Page scrolling completed
2025-12-08 20:15:52 - scraping.match_scraper - INFO - Extracting metadata
2025-12-08 20:15:53 - core.metadata_extractor - INFO - Found 14 metadata rows for match 1473444
2025-12-08 20:15:53 - core.metadata_extractor - INFO - Extracted 15 metadata fields for match 1473444
2025-12-08 20:15:53 - scraping.match_scraper - INFO - Extracting player rosters...
2025-12-08 20:15:53 - scraping.player_extractor - INFO - Extracting players for match 1473444
2025-12-08 20:15:53 - core.metadata_extractor - INFO - Extracting player names for match 1473444
2025-12-08 20:15:53 - core.metadata_extractor - INFO - Found 2 scorecard table(s)
2025-12-08 20:15:53 - core.metadata_extractor - INFO -   innings_1 (Sunrisers Hyderabad): 11 batted, 0 did not bat
2025-12-08 20:15:53 - core.metadata_extractor - INFO -   innings_2 (Lucknow Super Giants): 7 batted, 4 did not bat
2025-12-08 20:15:53 - core.metadata_extractor - INFO -   Found 4 impact players/substitutes
2025-12-08 20:15:54 - core.metadata_extractor - INFO - Created DataFrame with 26 player records from 2 innings
2025-12-08 20:15:54 - scraping.player_extractor - INFO - Extracted 26 players for match 1473444
2025-12-08 20:15:54 - scraping.player_extractor - INFO -   Teams: Sunrisers Hyderabad, Lucknow Super Giants
2025-12-08 20:15:54 - scraping.player_extractor - INFO -   Batted: 18, Did not bat: 8
2025-12-08 20:15:54 - scraping.match_scraper - INFO - Stored 26 players
2025-12-08 20:15:54 - scraping.match_scraper - INFO -   - Sunrisers Hyderabad
2025-12-08 20:15:54 - scraping.match_scraper - INFO -   - Lucknow Super Giants
2025-12-08 20:15:54 - scraping.match_scraper - INFO - Loading commentary page - attempt 1
2025-12-08 20:16:05 - scraping.match_scraper - INFO - commentary page loaded successfully
2025-12-08 20:16:05 - scraping.match_scraper - INFO - Scrolling commentary page
2025-12-08 20:16:05 - core.page_navigator - INFO - Scrolling page 25 times
2025-12-08 20:17:01 - core.page_navigator - INFO - Page scrolling completed
2025-12-08 20:17:04 - scraping.match_scraper - INFO - Extracting first innings data
2025-12-08 20:17:04 - scraping.match_scraper - INFO - Default batting team: LSG
2025-12-08 20:17:05 - core.commentary_parser - INFO - Found 106 commentary blocks
2025-12-08 20:17:05 - core.commentary_parser - INFO - Parsed 106 commentary entries
2025-12-08 20:17:05 - core.commentary_parser - INFO - Created DataFrame with 106 rows
2025-12-08 20:17:05 - scraping.match_scraper - INFO - First innings: 106 events
2025-12-08 20:17:05 - core.page_navigator - INFO - Scrolling to top of page
2025-12-08 20:17:11 - scraping.match_scraper - INFO - Switching to second innings
2025-12-08 20:17:11 - core.page_navigator - INFO - Switching innings from: LSG
2025-12-08 20:17:47 - core.page_navigator - INFO - Switching to innings: SRH
2025-12-08 20:17:50 - core.page_navigator - INFO - Successfully switched to SRH
2025-12-08 20:17:50 - scraping.match_scraper - INFO - Switched batting team: SRH
2025-12-08 20:17:55 - core.page_navigator - INFO - Scrolling page 25 times
2025-12-08 20:18:46 - core.page_navigator - INFO - Page scrolling completed
2025-12-08 20:18:49 - core.commentary_parser - INFO - Found 127 commentary blocks
2025-12-08 20:18:49 - core.commentary_parser - INFO - Parsed 127 commentary entries
2025-12-08 20:18:49 - core.commentary_parser - INFO - Created DataFrame with 127 rows
2025-12-08 20:18:49 - scraping.match_scraper - INFO - Second innings: 127 events
2025-12-08 20:18:49 - scraping.match_scraper - INFO - Saving commentary to database
2025-12-08 20:18:50 - scraping.match_scraper - INFO - Commentary saved: 233 total events
2025-12-08 20:18:50 - scraping.match_scraper - INFO - Saving metadata to database
2025-12-08 20:18:50 - scraping.match_scraper - INFO - Saving match players to database
2025-12-08 20:18:50 - scraping.match_scraper - INFO - Successfully completed scraping match 1473444
2025-12-08 20:18:50 - scraping.match_scraper - INFO - Closing WebDriver
2025-12-08 20:18:52 - __main__ - INFO - Successfully downloaded match 1473444
2025-12-08 20:19:02 - __main__ - INFO - Processing match 8/74: https://www.espncricinfo.com/series/ipl-2025-1449924/chennai-super-kings-vs-royal-challengers-bengaluru-8th-match-1473445/full-scorecard
2025-12-08 20:19:02 - __main__ - INFO - Attempting to download match 1473445 (attempt 1/4)
2025-12-08 20:19:02 - scraping.player_extractor - INFO - PlayerExtractor initialized - Target: raw.match_players
2025-12-08 20:19:02 - scraping.match_scraper - INFO - Initializing WebDriver
2025-12-08 20:19:06 - scraping.match_scraper - INFO - Loading full scorecard - attempt 1
2025-12-08 20:19:21 - scraping.match_scraper - INFO - full scorecard loaded successfully
2025-12-08 20:19:21 - scraping.match_scraper - INFO - Scrolling full scorecard page
2025-12-08 20:19:21 - core.page_navigator - INFO - Scrolling page 5 times
2025-12-08 20:19:45 - core.page_navigator - INFO - Page scrolling completed
2025-12-08 20:19:48 - scraping.match_scraper - INFO - Extracting metadata
2025-12-08 20:19:49 - core.metadata_extractor - INFO - Found 14 metadata rows for match 1473445
2025-12-08 20:19:49 - core.metadata_extractor - INFO - Extracted 15 metadata fields for match 1473445
2025-12-08 20:19:49 - scraping.match_scraper - INFO - Extracting player rosters...
2025-12-08 20:19:49 - scraping.player_extractor - INFO - Extracting players for match 1473445
2025-12-08 20:19:49 - core.metadata_extractor - INFO - Extracting player names for match 1473445
2025-12-08 20:19:49 - core.metadata_extractor - INFO - Found 2 scorecard table(s)
2025-12-08 20:19:49 - core.metadata_extractor - INFO -   innings_1 (Royal Challengers Bengaluru): 9 batted, 2 did not bat
2025-12-08 20:19:50 - core.metadata_extractor - INFO -   innings_2 (Chennai Super Kings): 10 batted, 1 did not bat
2025-12-08 20:19:50 - core.metadata_extractor - INFO -   Found 14 impact players/substitutes
2025-12-08 20:19:50 - core.metadata_extractor - INFO - Created DataFrame with 36 player records from 2 innings
2025-12-08 20:19:50 - scraping.player_extractor - INFO - Extracted 32 players for match 1473445
2025-12-08 20:19:50 - scraping.player_extractor - INFO -   Teams: Chennai Super Kings, Royal Challengers Bengaluru
2025-12-08 20:19:50 - scraping.player_extractor - INFO -   Batted: 17, Did not bat: 15
2025-12-08 20:19:50 - scraping.match_scraper - INFO - Stored 32 players
2025-12-08 20:19:50 - scraping.match_scraper - INFO -   - Chennai Super Kings
2025-12-08 20:19:50 - scraping.match_scraper - INFO -   - Royal Challengers Bengaluru
2025-12-08 20:19:50 - scraping.match_scraper - INFO - Loading commentary page - attempt 1
2025-12-08 20:20:02 - scraping.match_scraper - INFO - commentary page loaded successfully
2025-12-08 20:20:02 - scraping.match_scraper - INFO - Scrolling commentary page
2025-12-08 20:20:02 - core.page_navigator - INFO - Scrolling page 25 times
2025-12-08 20:21:09 - core.page_navigator - INFO - Page scrolling completed
2025-12-08 20:21:12 - scraping.match_scraper - INFO - Extracting first innings data
2025-12-08 20:21:12 - scraping.match_scraper - INFO - Default batting team: CSK
2025-12-08 20:21:12 - core.commentary_parser - INFO - Found 122 commentary blocks
2025-12-08 20:21:12 - core.commentary_parser - INFO - Parsed 122 commentary entries
2025-12-08 20:21:12 - core.commentary_parser - INFO - Created DataFrame with 122 rows
2025-12-08 20:21:12 - scraping.match_scraper - INFO - First innings: 122 events
2025-12-08 20:21:12 - core.page_navigator - INFO - Scrolling to top of page
2025-12-08 20:21:18 - scraping.match_scraper - INFO - Switching to second innings
2025-12-08 20:21:18 - core.page_navigator - INFO - Switching innings from: CSK
2025-12-08 20:21:53 - core.page_navigator - INFO - Switching to innings: RCB
2025-12-08 20:21:56 - core.page_navigator - INFO - Successfully switched to RCB
2025-12-08 20:21:56 - scraping.match_scraper - INFO - Switched batting team: RCB
2025-12-08 20:22:01 - core.page_navigator - INFO - Scrolling page 25 times
2025-12-08 20:22:51 - core.page_navigator - INFO - Page scrolling completed
2025-12-08 20:22:55 - core.commentary_parser - INFO - Found 128 commentary blocks
2025-12-08 20:22:55 - core.commentary_parser - INFO - Parsed 128 commentary entries
2025-12-08 20:22:55 - core.commentary_parser - INFO - Created DataFrame with 128 rows
2025-12-08 20:22:55 - scraping.match_scraper - INFO - Second innings: 128 events
2025-12-08 20:22:55 - scraping.match_scraper - INFO - Saving commentary to database
2025-12-08 20:22:55 - scraping.match_scraper - INFO - Commentary saved: 250 total events
2025-12-08 20:22:55 - scraping.match_scraper - INFO - Saving metadata to database
2025-12-08 20:22:55 - scraping.match_scraper - INFO - Saving match players to database
2025-12-08 20:22:55 - scraping.match_scraper - INFO - Successfully completed scraping match 1473445
2025-12-08 20:22:55 - scraping.match_scraper - INFO - Closing WebDriver
2025-12-08 20:22:58 - __main__ - INFO - Successfully downloaded match 1473445
2025-12-08 20:23:08 - __main__ - INFO - Processing match 9/74: https://www.espncricinfo.com/series/ipl-2025-1449924/gujarat-titans-vs-mumbai-indians-9th-match-1473446/full-scorecard
2025-12-08 20:23:08 - __main__ - INFO - Attempting to download match 1473446 (attempt 1/4)
2025-12-08 20:23:08 - scraping.player_extractor - INFO - PlayerExtractor initialized - Target: raw.match_players
2025-12-08 20:23:08 - scraping.match_scraper - INFO - Initializing WebDriver
2025-12-08 20:23:13 - scraping.match_scraper - INFO - Loading full scorecard - attempt 1
2025-12-08 20:23:26 - scraping.match_scraper - INFO - full scorecard loaded successfully
2025-12-08 20:23:26 - scraping.match_scraper - INFO - Scrolling full scorecard page
2025-12-08 20:23:26 - core.page_navigator - INFO - Scrolling page 5 times
2025-12-08 20:23:56 - core.page_navigator - INFO - Page scrolling completed
2025-12-08 20:23:59 - scraping.match_scraper - INFO - Extracting metadata
2025-12-08 20:31:59 - scraping.match_scraper - ERROR - Error scraping match 1473446: HTTPConnectionPool(host='localhost', port=58640): Max retries exceeded with url: /session/3f59bf478cb8b536b9ba6188ad10da19/source (Caused by ReadTimeoutError("HTTPConnectionPool(host='localhost', port=58640): Read timed out. (read timeout=120)"))
Traceback (most recent call last):
  File "C:\Users\prade\PycharmProjects\Cricinfo_scraper\.venv\Lib\site-packages\urllib3\connectionpool.py", line 534, in _make_request
    response = conn.getresponse()
               ^^^^^^^^^^^^^^^^^^
  File "C:\Users\prade\PycharmProjects\Cricinfo_scraper\.venv\Lib\site-packages\urllib3\connection.py", line 516, in getresponse
    httplib_response = super().getresponse()
                       ^^^^^^^^^^^^^^^^^^^^^
  File "C:\Users\prade\AppData\Local\Programs\Python\Python311\Lib\http\client.py", line 1395, in getresponse
    response.begin()
  File "C:\Users\prade\AppData\Local\Programs\Python\Python311\Lib\http\client.py", line 325, in begin
    version, status, reason = self._read_status()
                              ^^^^^^^^^^^^^^^^^^^
  File "C:\Users\prade\AppData\Local\Programs\Python\Python311\Lib\http\client.py", line 286, in _read_status
    line = str(self.fp.readline(_MAXLINE + 1), "iso-8859-1")
               ^^^^^^^^^^^^^^^^^^^^^^^^^^^^^^
  File "C:\Users\prade\AppData\Local\Programs\Python\Python311\Lib\socket.py", line 706, in readinto
    return self._sock.recv_into(b)
           ^^^^^^^^^^^^^^^^^^^^^^^
TimeoutError: timed out

The above exception was the direct cause of the following exception:

Traceback (most recent call last):
  File "C:\Users\prade\PycharmProjects\Cricinfo_scraper\.venv\Lib\site-packages\urllib3\connectionpool.py", line 787, in urlopen
    response = self._make_request(
               ^^^^^^^^^^^^^^^^^^^
  File "C:\Users\prade\PycharmProjects\Cricinfo_scraper\.venv\Lib\site-packages\urllib3\connectionpool.py", line 536, in _make_request
    self._raise_timeout(err=e, url=url, timeout_value=read_timeout)
  File "C:\Users\prade\PycharmProjects\Cricinfo_scraper\.venv\Lib\site-packages\urllib3\connectionpool.py", line 367, in _raise_timeout
    raise ReadTimeoutError(
urllib3.exceptions.ReadTimeoutError: HTTPConnectionPool(host='localhost', port=58640): Read timed out. (read timeout=120)

The above exception was the direct cause of the following exception:

Traceback (most recent call last):
  File "C:\Users\prade\Pycharm\Cricinfo_scraper\scraping\match_scraper.py", line 162, in scrape
    metadata = MetadataExtractor.extract_metadata(driver.page_source, match_id)
                                                  ^^^^^^^^^^^^^^^^^^
  File "C:\Users\prade\PycharmProjects\Cricinfo_scraper\.venv\Lib\site-packages\selenium\webdriver\remote\webdriver.py", line 586, in page_source
    return self.execute(Command.GET_PAGE_SOURCE)["value"]
           ^^^^^^^^^^^^^^^^^^^^^^^^^^^^^^^^^^^^^
  File "C:\Users\prade\PycharmProjects\Cricinfo_scraper\.venv\Lib\site-packages\selenium\webdriver\remote\webdriver.py", line 445, in execute
    response = self.command_executor.execute(driver_command, params)
               ^^^^^^^^^^^^^^^^^^^^^^^^^^^^^^^^^^^^^^^^^^^^^^^^^^^^^
  File "C:\Users\prade\PycharmProjects\Cricinfo_scraper\.venv\Lib\site-packages\selenium\webdriver\remote\remote_connection.py", line 404, in execute
    return self._request(command_info[0], url, body=data)
           ^^^^^^^^^^^^^^^^^^^^^^^^^^^^^^^^^^^^^^^^^^^^^^
  File "C:\Users\prade\PycharmProjects\Cricinfo_scraper\.venv\Lib\site-packages\selenium\webdriver\remote\remote_connection.py", line 428, in _request
    response = self._conn.request(method, url, body=body, headers=headers, timeout=self._client_config.timeout)
               ^^^^^^^^^^^^^^^^^^^^^^^^^^^^^^^^^^^^^^^^^^^^^^^^^^^^^^^^^^^^^^^^^^^^^^^^^^^^^^^^^^^^^^^^^^^^^^^^
  File "C:\Users\prade\PycharmProjects\Cricinfo_scraper\.venv\Lib\site-packages\urllib3\_request_methods.py", line 135, in request
    return self.request_encode_url(
           ^^^^^^^^^^^^^^^^^^^^^^^^
  File "C:\Users\prade\PycharmProjects\Cricinfo_scraper\.venv\Lib\site-packages\urllib3\_request_methods.py", line 182, in request_encode_url
    return self.urlopen(method, url, **extra_kw)
           ^^^^^^^^^^^^^^^^^^^^^^^^^^^^^^^^^^^^^
  File "C:\Users\prade\PycharmProjects\Cricinfo_scraper\.venv\Lib\site-packages\urllib3\poolmanager.py", line 443, in urlopen
    response = conn.urlopen(method, u.request_uri, **kw)
               ^^^^^^^^^^^^^^^^^^^^^^^^^^^^^^^^^^^^^^^^^
  File "C:\Users\prade\PycharmProjects\Cricinfo_scraper\.venv\Lib\site-packages\urllib3\connectionpool.py", line 871, in urlopen
    return self.urlopen(
           ^^^^^^^^^^^^^
  File "C:\Users\prade\PycharmProjects\Cricinfo_scraper\.venv\Lib\site-packages\urllib3\connectionpool.py", line 871, in urlopen
    return self.urlopen(
           ^^^^^^^^^^^^^
  File "C:\Users\prade\PycharmProjects\Cricinfo_scraper\.venv\Lib\site-packages\urllib3\connectionpool.py", line 871, in urlopen
    return self.urlopen(
           ^^^^^^^^^^^^^
  File "C:\Users\prade\PycharmProjects\Cricinfo_scraper\.venv\Lib\site-packages\urllib3\connectionpool.py", line 841, in urlopen
    retries = retries.increment(
              ^^^^^^^^^^^^^^^^^^
  File "C:\Users\prade\PycharmProjects\Cricinfo_scraper\.venv\Lib\site-packages\urllib3\util\retry.py", line 519, in increment
    raise MaxRetryError(_pool, url, reason) from reason  # type: ignore[arg-type]
    ^^^^^^^^^^^^^^^^^^^^^^^^^^^^^^^^^^^^^^^^^^^^^^^^^^^
urllib3.exceptions.MaxRetryError: HTTPConnectionPool(host='localhost', port=58640): Max retries exceeded with url: /session/3f59bf478cb8b536b9ba6188ad10da19/source (Caused by ReadTimeoutError("HTTPConnectionPool(host='localhost', port=58640): Read timed out. (read timeout=120)"))
2025-12-08 20:31:59 - scraping.match_scraper - INFO - Closing WebDriver
2025-12-08 20:40:11 - __main__ - WARNING - Connection error for match 1473446 (attempt 1): HTTPConnectionPool(host='localhost', port=58640): Max retries exceeded with url: /session/3f59bf478cb8b536b9ba6188ad10da19/source (Caused by ReadTimeoutError("HTTPConnectionPool(host='localhost', port
2025-12-08 20:40:11 - __main__ - INFO - Retrying match 1473446 in 30 seconds...
2025-12-08 20:40:41 - __main__ - INFO - Attempting to download match 1473446 (attempt 2/4)
2025-12-08 20:40:41 - scraping.player_extractor - INFO - PlayerExtractor initialized - Target: raw.match_players
2025-12-08 20:40:41 - scraping.match_scraper - INFO - Initializing WebDriver
2025-12-08 20:40:49 - scraping.match_scraper - INFO - Loading full scorecard - attempt 1
2025-12-08 20:41:04 - scraping.match_scraper - INFO - full scorecard loaded successfully
2025-12-08 20:41:04 - scraping.match_scraper - INFO - Scrolling full scorecard page
2025-12-08 20:41:04 - core.page_navigator - INFO - Scrolling page 5 times
2025-12-08 20:41:25 - core.page_navigator - INFO - Page scrolling completed
2025-12-08 20:41:28 - scraping.match_scraper - INFO - Extracting metadata
2025-12-08 20:41:31 - core.metadata_extractor - INFO - Found 14 metadata rows for match 1473446
2025-12-08 20:41:31 - core.metadata_extractor - INFO - Extracted 15 metadata fields for match 1473446
2025-12-08 20:41:31 - scraping.match_scraper - INFO - Extracting player rosters...
2025-12-08 20:41:31 - scraping.player_extractor - INFO - Extracting players for match 1473446
2025-12-08 20:41:31 - core.metadata_extractor - INFO - Extracting player names for match 1473446
2025-12-08 20:41:31 - core.metadata_extractor - INFO - Found 2 scorecard table(s)
2025-12-08 20:41:31 - core.metadata_extractor - INFO -   innings_1 (Gujarat Titans): 9 batted, 2 did not bat
2025-12-08 20:41:31 - core.metadata_extractor - INFO -   innings_2 (Mumbai Indians): 8 batted, 3 did not bat
2025-12-08 20:41:32 - core.metadata_extractor - INFO -   Found 14 impact players/substitutes
2025-12-08 20:41:32 - core.metadata_extractor - INFO - Created DataFrame with 36 player records from 2 innings
2025-12-08 20:41:32 - scraping.player_extractor - INFO - Extracted 35 players for match 1473446
2025-12-08 20:41:32 - scraping.player_extractor - INFO -   Teams: Mumbai Indians, Gujarat Titans
2025-12-08 20:41:32 - scraping.player_extractor - INFO -   Batted: 16, Did not bat: 19
2025-12-08 20:41:32 - scraping.match_scraper - INFO - Stored 35 players
2025-12-08 20:41:32 - scraping.match_scraper - INFO -   - Mumbai Indians
2025-12-08 20:41:32 - scraping.match_scraper - INFO -   - Gujarat Titans
2025-12-08 20:41:32 - scraping.match_scraper - INFO - Loading commentary page - attempt 1
2025-12-08 20:42:14 - scraping.match_scraper - INFO - commentary page loaded successfully
2025-12-08 20:42:14 - scraping.match_scraper - INFO - Scrolling commentary page
2025-12-08 20:42:14 - core.page_navigator - INFO - Scrolling page 25 times
2025-12-08 20:44:14 - core.page_navigator - ERROR - Error during page scroll: HTTPConnectionPool(host='localhost', port=58614): Read timed out. (read timeout=120)
2025-12-08 20:44:17 - scraping.match_scraper - INFO - Extracting first innings data
2025-12-08 20:44:59 - scraping.match_scraper - INFO - Default batting team: MI
2025-12-08 20:45:00 - core.commentary_parser - INFO - Found 20 commentary blocks
2025-12-08 20:45:00 - core.commentary_parser - INFO - Parsed 20 commentary entries
2025-12-08 20:45:00 - core.commentary_parser - WARNING - Insufficient columns in parsed data: 6 < 7
2025-12-08 20:45:00 - scraping.match_scraper - INFO - First innings: 0 events
2025-12-08 20:45:00 - core.page_navigator - INFO - Scrolling to top of page
2025-12-08 20:45:11 - scraping.match_scraper - INFO - Switching to second innings
2025-12-08 20:45:11 - core.page_navigator - INFO - Switching innings from: MI
2025-12-08 20:45:46 - core.page_navigator - INFO - Switching to innings: GT
2025-12-08 20:45:49 - core.page_navigator - INFO - Successfully switched to GT
2025-12-08 20:45:49 - scraping.match_scraper - INFO - Switched batting team: GT
2025-12-08 20:45:54 - core.page_navigator - INFO - Scrolling page 25 times
2025-12-08 20:46:46 - core.page_navigator - INFO - Page scrolling completed
2025-12-08 20:46:50 - core.commentary_parser - INFO - Found 130 commentary blocks
2025-12-08 20:46:50 - core.commentary_parser - INFO - Parsed 130 commentary entries
2025-12-08 20:46:50 - core.commentary_parser - INFO - Created DataFrame with 130 rows
2025-12-08 20:46:50 - scraping.match_scraper - INFO - Second innings: 130 events
2025-12-08 20:46:50 - scraping.match_scraper - INFO - Saving commentary to database
2025-12-08 20:46:50 - scraping.match_scraper - INFO - Commentary saved: 130 total events
2025-12-08 20:46:50 - scraping.match_scraper - INFO - Saving metadata to database
2025-12-08 20:46:50 - scraping.match_scraper - INFO - Saving match players to database
2025-12-08 20:46:51 - scraping.match_scraper - INFO - Successfully completed scraping match 1473446
2025-12-08 20:46:51 - scraping.match_scraper - INFO - Closing WebDriver
2025-12-08 20:46:53 - __main__ - INFO - Successfully downloaded match 1473446
2025-12-08 20:47:03 - __main__ - INFO - Processing match 10/74: https://www.espncricinfo.com/series/ipl-2025-1449924/delhi-capitals-vs-sunrisers-hyderabad-10th-match-1473447/full-scorecard
2025-12-08 20:47:03 - __main__ - INFO - Attempting to download match 1473447 (attempt 1/4)
2025-12-08 20:47:03 - scraping.player_extractor - INFO - PlayerExtractor initialized - Target: raw.match_players
2025-12-08 20:47:03 - scraping.match_scraper - INFO - Initializing WebDriver
2025-12-08 20:47:10 - scraping.match_scraper - INFO - Loading full scorecard - attempt 1
2025-12-08 20:47:24 - scraping.match_scraper - INFO - full scorecard loaded successfully
2025-12-08 20:47:24 - scraping.match_scraper - INFO - Scrolling full scorecard page
2025-12-08 20:47:24 - core.page_navigator - INFO - Scrolling page 5 times
2025-12-08 20:50:14 - core.page_navigator - ERROR - Error during page scroll: HTTPConnectionPool(host='localhost', port=57326): Read timed out. (read timeout=120)
2025-12-08 20:50:17 - scraping.match_scraper - INFO - Extracting metadata
2025-12-08 20:58:17 - scraping.match_scraper - ERROR - Error scraping match 1473447: HTTPConnectionPool(host='localhost', port=57326): Max retries exceeded with url: /session/6daf74cc8c007235994783d5206a51fe/source (Caused by ReadTimeoutError("HTTPConnectionPool(host='localhost', port=57326): Read timed out. (read timeout=120)"))
Traceback (most recent call last):
  File "C:\Users\prade\PycharmProjects\Cricinfo_scraper\.venv\Lib\site-packages\urllib3\connectionpool.py", line 534, in _make_request
    response = conn.getresponse()
               ^^^^^^^^^^^^^^^^^^
  File "C:\Users\prade\PycharmProjects\Cricinfo_scraper\.venv\Lib\site-packages\urllib3\connection.py", line 516, in getresponse
    httplib_response = super().getresponse()
                       ^^^^^^^^^^^^^^^^^^^^^
  File "C:\Users\prade\AppData\Local\Programs\Python\Python311\Lib\http\client.py", line 1395, in getresponse
    response.begin()
  File "C:\Users\prade\AppData\Local\Programs\Python\Python311\Lib\http\client.py", line 325, in begin
    version, status, reason = self._read_status()
                              ^^^^^^^^^^^^^^^^^^^
  File "C:\Users\prade\AppData\Local\Programs\Python\Python311\Lib\http\client.py", line 286, in _read_status
    line = str(self.fp.readline(_MAXLINE + 1), "iso-8859-1")
               ^^^^^^^^^^^^^^^^^^^^^^^^^^^^^^
  File "C:\Users\prade\AppData\Local\Programs\Python\Python311\Lib\socket.py", line 706, in readinto
    return self._sock.recv_into(b)
           ^^^^^^^^^^^^^^^^^^^^^^^
TimeoutError: timed out

The above exception was the direct cause of the following exception:

Traceback (most recent call last):
  File "C:\Users\prade\PycharmProjects\Cricinfo_scraper\.venv\Lib\site-packages\urllib3\connectionpool.py", line 787, in urlopen
    response = self._make_request(
               ^^^^^^^^^^^^^^^^^^^
  File "C:\Users\prade\PycharmProjects\Cricinfo_scraper\.venv\Lib\site-packages\urllib3\connectionpool.py", line 536, in _make_request
    self._raise_timeout(err=e, url=url, timeout_value=read_timeout)
  File "C:\Users\prade\PycharmProjects\Cricinfo_scraper\.venv\Lib\site-packages\urllib3\connectionpool.py", line 367, in _raise_timeout
    raise ReadTimeoutError(
urllib3.exceptions.ReadTimeoutError: HTTPConnectionPool(host='localhost', port=57326): Read timed out. (read timeout=120)

The above exception was the direct cause of the following exception:

Traceback (most recent call last):
  File "C:\Users\prade\Pycharm\Cricinfo_scraper\scraping\match_scraper.py", line 162, in scrape
    metadata = MetadataExtractor.extract_metadata(driver.page_source, match_id)
                                                  ^^^^^^^^^^^^^^^^^^
  File "C:\Users\prade\PycharmProjects\Cricinfo_scraper\.venv\Lib\site-packages\selenium\webdriver\remote\webdriver.py", line 586, in page_source
    return self.execute(Command.GET_PAGE_SOURCE)["value"]
           ^^^^^^^^^^^^^^^^^^^^^^^^^^^^^^^^^^^^^
  File "C:\Users\prade\PycharmProjects\Cricinfo_scraper\.venv\Lib\site-packages\selenium\webdriver\remote\webdriver.py", line 445, in execute
    response = self.command_executor.execute(driver_command, params)
               ^^^^^^^^^^^^^^^^^^^^^^^^^^^^^^^^^^^^^^^^^^^^^^^^^^^^^
  File "C:\Users\prade\PycharmProjects\Cricinfo_scraper\.venv\Lib\site-packages\selenium\webdriver\remote\remote_connection.py", line 404, in execute
    return self._request(command_info[0], url, body=data)
           ^^^^^^^^^^^^^^^^^^^^^^^^^^^^^^^^^^^^^^^^^^^^^^
  File "C:\Users\prade\PycharmProjects\Cricinfo_scraper\.venv\Lib\site-packages\selenium\webdriver\remote\remote_connection.py", line 428, in _request
    response = self._conn.request(method, url, body=body, headers=headers, timeout=self._client_config.timeout)
               ^^^^^^^^^^^^^^^^^^^^^^^^^^^^^^^^^^^^^^^^^^^^^^^^^^^^^^^^^^^^^^^^^^^^^^^^^^^^^^^^^^^^^^^^^^^^^^^^
  File "C:\Users\prade\PycharmProjects\Cricinfo_scraper\.venv\Lib\site-packages\urllib3\_request_methods.py", line 135, in request
    return self.request_encode_url(
           ^^^^^^^^^^^^^^^^^^^^^^^^
  File "C:\Users\prade\PycharmProjects\Cricinfo_scraper\.venv\Lib\site-packages\urllib3\_request_methods.py", line 182, in request_encode_url
    return self.urlopen(method, url, **extra_kw)
           ^^^^^^^^^^^^^^^^^^^^^^^^^^^^^^^^^^^^^
  File "C:\Users\prade\PycharmProjects\Cricinfo_scraper\.venv\Lib\site-packages\urllib3\poolmanager.py", line 443, in urlopen
    response = conn.urlopen(method, u.request_uri, **kw)
               ^^^^^^^^^^^^^^^^^^^^^^^^^^^^^^^^^^^^^^^^^
  File "C:\Users\prade\PycharmProjects\Cricinfo_scraper\.venv\Lib\site-packages\urllib3\connectionpool.py", line 871, in urlopen
    return self.urlopen(
           ^^^^^^^^^^^^^
  File "C:\Users\prade\PycharmProjects\Cricinfo_scraper\.venv\Lib\site-packages\urllib3\connectionpool.py", line 871, in urlopen
    return self.urlopen(
           ^^^^^^^^^^^^^
  File "C:\Users\prade\PycharmProjects\Cricinfo_scraper\.venv\Lib\site-packages\urllib3\connectionpool.py", line 871, in urlopen
    return self.urlopen(
           ^^^^^^^^^^^^^
  File "C:\Users\prade\PycharmProjects\Cricinfo_scraper\.venv\Lib\site-packages\urllib3\connectionpool.py", line 841, in urlopen
    retries = retries.increment(
              ^^^^^^^^^^^^^^^^^^
  File "C:\Users\prade\PycharmProjects\Cricinfo_scraper\.venv\Lib\site-packages\urllib3\util\retry.py", line 519, in increment
    raise MaxRetryError(_pool, url, reason) from reason  # type: ignore[arg-type]
    ^^^^^^^^^^^^^^^^^^^^^^^^^^^^^^^^^^^^^^^^^^^^^^^^^^^
urllib3.exceptions.MaxRetryError: HTTPConnectionPool(host='localhost', port=57326): Max retries exceeded with url: /session/6daf74cc8c007235994783d5206a51fe/source (Caused by ReadTimeoutError("HTTPConnectionPool(host='localhost', port=57326): Read timed out. (read timeout=120)"))
2025-12-08 20:58:17 - scraping.match_scraper - INFO - Closing WebDriver
2025-12-08 21:07:13 - __main__ - INFO - Cricket Data Pipeline Started
2025-12-08 21:07:13 - __main__ - INFO - STEP 1: Initializing database and schemas
2025-12-08 21:07:14 - configs.db_config - INFO - Initializing Medallion Architecture schemas...
2025-12-08 21:07:14 - configs.db_config - INFO - Medallion schemas (Bronze, Silver, Gold) initialized
2025-12-08 21:07:14 - __main__ - INFO - Database initialization complete
2025-12-08 21:07:14 - __main__ - INFO - STEP 2: Loading configuration
2025-12-08 21:07:14 - __main__ - INFO - Configuration loaded successfully
2025-12-08 21:07:14 - __main__ - INFO - STEP 3: Scraping data from Cricinfo
2025-12-08 21:07:14 - __main__ - INFO - Initializing match tracker
2025-12-08 21:07:14 - __main__ - INFO - Current Status: 0 matches already downloaded
2025-12-08 21:07:14 - __main__ - INFO - Fetching match schedule from Cricinfo
2025-12-08 21:07:14 - scraping.schedule_scraper - INFO - Initializing WebDriver for schedule scraping
2025-12-08 21:07:18 - scraping.schedule_scraper - INFO - Loading schedule page - attempt 1
2025-12-08 21:07:32 - scraping.schedule_scraper - INFO - Schedule page loaded successfully
2025-12-08 21:07:32 - scraping.schedule_scraper - INFO - Parsing schedule page with BeautifulSoup
2025-12-08 21:07:36 - scraping.schedule_scraper - INFO - Extracting match links from schedule
2025-12-08 21:07:36 - scraping.schedule_scraper - INFO - Successfully extracted 105 match links
2025-12-08 21:07:36 - scraping.schedule_scraper - INFO - Closing WebDriver
2025-12-08 21:07:38 - __main__ - INFO - Found 105 total links
2025-12-08 21:07:38 - __main__ - INFO - Found 74 match scorecards
2025-12-08 21:07:38 - __main__ - INFO - Loading match cache
2025-12-08 21:07:39 - __main__ - INFO - Starting match scraping process with retry logic
2025-12-08 21:07:39 - __main__ - INFO - Processing match 1/74: https://www.espncricinfo.com/series/ipl-2025-1449924/kolkata-knight-riders-vs-royal-challengers-bengaluru-1st-match-1473438/full-scorecard
2025-12-08 21:07:39 - __main__ - INFO - Attempting to download match 1473438 (attempt 1/4)
2025-12-08 21:07:39 - scraping.player_extractor - INFO - PlayerExtractor initialized - Target: raw.match_players
2025-12-08 21:07:39 - scraping.match_scraper - INFO - Initializing WebDriver
2025-12-08 21:07:43 - scraping.match_scraper - INFO - Loading full scorecard - attempt 1
2025-12-08 21:07:57 - scraping.match_scraper - INFO - full scorecard loaded successfully
2025-12-08 21:07:57 - scraping.match_scraper - INFO - Scrolling full scorecard page
2025-12-08 21:07:57 - core.page_navigator - INFO - Scrolling page 5 times
2025-12-08 21:08:18 - core.page_navigator - INFO - Page scrolling completed
2025-12-08 21:08:21 - scraping.match_scraper - INFO - Extracting metadata
2025-12-08 21:08:21 - core.metadata_extractor - INFO - Found 14 metadata rows for match 1473438
2025-12-08 21:08:21 - core.metadata_extractor - INFO - Extracted 15 metadata fields for match 1473438
2025-12-08 21:08:21 - scraping.match_scraper - INFO - Extracting player rosters...
2025-12-08 21:08:22 - scraping.player_extractor - INFO - Extracting players for match 1473438
2025-12-08 21:08:22 - core.metadata_extractor - INFO - Extracting player names for match 1473438
2025-12-08 21:08:22 - core.metadata_extractor - INFO - Found 2 scorecard table(s)
2025-12-08 21:08:22 - core.metadata_extractor - INFO -   innings_1 (Kolkata Knight Riders): 10 batted, 1 did not bat
2025-12-08 21:08:22 - core.metadata_extractor - INFO -   innings_2 (Royal Challengers Bengaluru): 5 batted, 6 did not bat
2025-12-08 21:08:22 - core.metadata_extractor - INFO -   Found 12 impact players/substitutes
2025-12-08 21:08:22 - core.metadata_extractor - INFO - Created DataFrame with 34 player records from 2 innings
2025-12-08 21:08:22 - scraping.player_extractor - INFO - Extracted 31 players for match 1473438
2025-12-08 21:08:22 - scraping.player_extractor - INFO -   Teams: Kolkata Knight Riders, Royal Challengers Bengaluru
2025-12-08 21:08:22 - scraping.player_extractor - INFO -   Batted: 14, Did not bat: 17
2025-12-08 21:08:22 - scraping.match_scraper - INFO - Stored 31 players
2025-12-08 21:08:22 - scraping.match_scraper - INFO -   - Kolkata Knight Riders
2025-12-08 21:08:22 - scraping.match_scraper - INFO -   - Royal Challengers Bengaluru
2025-12-08 21:08:22 - scraping.match_scraper - INFO - Loading commentary page - attempt 1
2025-12-08 21:08:31 - scraping.match_scraper - INFO - commentary page loaded successfully
2025-12-08 21:08:31 - scraping.match_scraper - INFO - Scrolling commentary page
2025-12-08 21:08:31 - core.page_navigator - INFO - Scrolling page 25 times
2025-12-08 21:09:31 - core.page_navigator - INFO - Page scrolling completed
2025-12-08 21:09:34 - scraping.match_scraper - INFO - Extracting first innings data
2025-12-08 21:09:34 - scraping.match_scraper - INFO - Default batting team: RCB
2025-12-08 21:09:35 - core.commentary_parser - INFO - Found 99 commentary blocks
2025-12-08 21:09:35 - core.commentary_parser - INFO - Parsed 99 commentary entries
2025-12-08 21:09:35 - core.commentary_parser - INFO - Created DataFrame with 99 rows
2025-12-08 21:09:35 - scraping.match_scraper - INFO - First innings: 99 events
2025-12-08 21:09:35 - core.page_navigator - INFO - Scrolling to top of page
2025-12-08 21:09:41 - scraping.match_scraper - INFO - Switching to second innings
2025-12-08 21:09:41 - core.page_navigator - INFO - Switching innings from: RCB
2025-12-08 21:10:15 - core.page_navigator - INFO - Switching to innings: KKR
2025-12-08 21:10:18 - core.page_navigator - INFO - Successfully switched to KKR
2025-12-08 21:10:18 - scraping.match_scraper - INFO - Switched batting team: KKR
2025-12-08 21:10:23 - core.page_navigator - INFO - Scrolling page 25 times
2025-12-08 21:11:14 - core.page_navigator - INFO - Page scrolling completed
2025-12-08 21:11:18 - core.commentary_parser - INFO - Found 124 commentary blocks
2025-12-08 21:11:18 - core.commentary_parser - INFO - Parsed 124 commentary entries
2025-12-08 21:11:18 - core.commentary_parser - INFO - Created DataFrame with 124 rows
2025-12-08 21:11:18 - scraping.match_scraper - INFO - Second innings: 124 events
2025-12-08 21:11:18 - scraping.match_scraper - INFO - Saving commentary to database
2025-12-08 21:11:18 - scraping.match_scraper - INFO - Commentary saved: 223 total events
2025-12-08 21:11:18 - scraping.match_scraper - INFO - Saving metadata to database
2025-12-08 21:11:18 - scraping.match_scraper - INFO - Saving match players to database
2025-12-08 21:11:18 - scraping.match_scraper - INFO - Successfully completed scraping match 1473438
2025-12-08 21:11:18 - scraping.match_scraper - INFO - Closing WebDriver
2025-12-08 21:11:21 - __main__ - INFO - Successfully downloaded match 1473438
2025-12-08 21:11:31 - __main__ - INFO - Processing match 2/74: https://www.espncricinfo.com/series/ipl-2025-1449924/sunrisers-hyderabad-vs-rajasthan-royals-2nd-match-1473439/full-scorecard
2025-12-08 21:11:31 - __main__ - INFO - Attempting to download match 1473439 (attempt 1/4)
2025-12-08 21:11:31 - scraping.player_extractor - INFO - PlayerExtractor initialized - Target: raw.match_players
2025-12-08 21:11:31 - scraping.match_scraper - INFO - Initializing WebDriver
2025-12-08 21:11:34 - scraping.match_scraper - INFO - Loading full scorecard - attempt 1
2025-12-08 21:11:51 - scraping.match_scraper - INFO - full scorecard loaded successfully
2025-12-08 21:11:51 - scraping.match_scraper - INFO - Scrolling full scorecard page
2025-12-08 21:11:51 - core.page_navigator - INFO - Scrolling page 5 times
2025-12-08 21:12:22 - core.page_navigator - INFO - Page scrolling completed
2025-12-08 21:12:25 - scraping.match_scraper - INFO - Extracting metadata
2025-12-08 21:12:25 - core.metadata_extractor - INFO - Found 14 metadata rows for match 1473439
2025-12-08 21:12:25 - core.metadata_extractor - INFO - Extracted 15 metadata fields for match 1473439
2025-12-08 21:12:25 - scraping.match_scraper - INFO - Extracting player rosters...
2025-12-08 21:12:25 - scraping.player_extractor - INFO - Extracting players for match 1473439
2025-12-08 21:12:25 - core.metadata_extractor - INFO - Extracting player names for match 1473439
2025-12-08 21:12:25 - core.metadata_extractor - INFO - Found 2 scorecard table(s)
2025-12-08 21:12:25 - core.metadata_extractor - INFO -   innings_1 (Sunrisers Hyderabad): 8 batted, 3 did not bat
2025-12-08 21:12:25 - core.metadata_extractor - INFO -   innings_2 (Rajasthan Royals): 8 batted, 3 did not bat
2025-12-08 21:12:25 - core.metadata_extractor - INFO -   Found 12 impact players/substitutes
2025-12-08 21:12:25 - core.metadata_extractor - INFO - Created DataFrame with 34 player records from 2 innings
2025-12-08 21:12:25 - scraping.player_extractor - INFO - Extracted 31 players for match 1473439
2025-12-08 21:12:25 - scraping.player_extractor - INFO -   Teams: Sunrisers Hyderabad, Rajasthan Royals
2025-12-08 21:12:25 - scraping.player_extractor - INFO -   Batted: 15, Did not bat: 16
2025-12-08 21:12:25 - scraping.match_scraper - INFO - Stored 31 players
2025-12-08 21:12:25 - scraping.match_scraper - INFO -   - Sunrisers Hyderabad
2025-12-08 21:12:25 - scraping.match_scraper - INFO -   - Rajasthan Royals
2025-12-08 21:12:25 - scraping.match_scraper - INFO - Loading commentary page - attempt 1
2025-12-08 21:12:37 - scraping.match_scraper - INFO - commentary page loaded successfully
2025-12-08 21:12:37 - scraping.match_scraper - INFO - Scrolling commentary page
2025-12-08 21:12:37 - core.page_navigator - INFO - Scrolling page 25 times
2025-12-08 21:13:35 - core.page_navigator - INFO - Page scrolling completed
2025-12-08 21:13:38 - scraping.match_scraper - INFO - Extracting first innings data
2025-12-08 21:13:38 - scraping.match_scraper - INFO - Default batting team: RR
2025-12-08 21:13:38 - core.commentary_parser - INFO - Found 129 commentary blocks
2025-12-08 21:13:38 - core.commentary_parser - INFO - Parsed 129 commentary entries
2025-12-08 21:13:38 - core.commentary_parser - INFO - Created DataFrame with 129 rows
2025-12-08 21:13:38 - scraping.match_scraper - INFO - First innings: 129 events
2025-12-08 21:13:38 - core.page_navigator - INFO - Scrolling to top of page
2025-12-08 21:13:44 - scraping.match_scraper - INFO - Switching to second innings
2025-12-08 21:13:44 - core.page_navigator - INFO - Switching innings from: RR
2025-12-08 21:14:19 - core.page_navigator - INFO - Switching to innings: SRH
2025-12-08 21:14:22 - core.page_navigator - INFO - Successfully switched to SRH
2025-12-08 21:14:22 - scraping.match_scraper - INFO - Switched batting team: SRH
2025-12-08 21:14:27 - core.page_navigator - INFO - Scrolling page 25 times
2025-12-08 21:15:18 - core.page_navigator - INFO - Page scrolling completed
2025-12-08 21:15:21 - core.commentary_parser - INFO - Found 133 commentary blocks
2025-12-08 21:15:21 - core.commentary_parser - INFO - Parsed 133 commentary entries
2025-12-08 21:15:21 - core.commentary_parser - INFO - Created DataFrame with 133 rows
2025-12-08 21:15:21 - scraping.match_scraper - INFO - Second innings: 133 events
2025-12-08 21:15:21 - scraping.match_scraper - INFO - Saving commentary to database
2025-12-08 21:15:21 - scraping.match_scraper - INFO - Commentary saved: 262 total events
2025-12-08 21:15:21 - scraping.match_scraper - INFO - Saving metadata to database
2025-12-08 21:15:22 - scraping.match_scraper - INFO - Saving match players to database
2025-12-08 21:15:22 - scraping.match_scraper - INFO - Successfully completed scraping match 1473439
2025-12-08 21:15:22 - scraping.match_scraper - INFO - Closing WebDriver
2025-12-08 21:15:24 - __main__ - INFO - Successfully downloaded match 1473439
2025-12-08 21:15:34 - __main__ - INFO - Processing match 3/74: https://www.espncricinfo.com/series/ipl-2025-1449924/chennai-super-kings-vs-mumbai-indians-3rd-match-1473440/full-scorecard
2025-12-08 21:15:34 - __main__ - INFO - Attempting to download match 1473440 (attempt 1/4)
2025-12-08 21:15:34 - scraping.player_extractor - INFO - PlayerExtractor initialized - Target: raw.match_players
2025-12-08 21:15:34 - scraping.match_scraper - INFO - Initializing WebDriver
2025-12-08 21:15:39 - scraping.match_scraper - INFO - Loading full scorecard - attempt 1
2025-12-08 21:15:52 - scraping.match_scraper - INFO - full scorecard loaded successfully
2025-12-08 21:15:52 - scraping.match_scraper - INFO - Scrolling full scorecard page
2025-12-08 21:15:52 - core.page_navigator - INFO - Scrolling page 5 times
2025-12-08 21:16:21 - core.page_navigator - INFO - Page scrolling completed
2025-12-08 21:16:24 - scraping.match_scraper - INFO - Extracting metadata
2025-12-08 21:16:24 - core.metadata_extractor - INFO - Found 15 metadata rows for match 1473440
2025-12-08 21:16:24 - core.metadata_extractor - INFO - Extracted 16 metadata fields for match 1473440
2025-12-08 21:16:24 - scraping.match_scraper - INFO - Extracting player rosters...
2025-12-08 21:16:25 - scraping.player_extractor - INFO - Extracting players for match 1473440
2025-12-08 21:16:25 - core.metadata_extractor - INFO - Extracting player names for match 1473440
2025-12-08 21:16:25 - core.metadata_extractor - INFO - Found 2 scorecard table(s)
2025-12-08 21:16:25 - core.metadata_extractor - INFO -   innings_1 (Mumbai Indians): 11 batted, 0 did not bat
2025-12-08 21:16:25 - core.metadata_extractor - INFO -   innings_2 (Chennai Super Kings): 8 batted, 3 did not bat
2025-12-08 21:16:25 - core.metadata_extractor - INFO -   Found 12 impact players/substitutes
2025-12-08 21:16:25 - core.metadata_extractor - INFO - Created DataFrame with 34 player records from 2 innings
2025-12-08 21:16:25 - scraping.player_extractor - INFO - Extracted 31 players for match 1473440
2025-12-08 21:16:25 - scraping.player_extractor - INFO -   Teams: Mumbai Indians, Chennai Super Kings
2025-12-08 21:16:25 - scraping.player_extractor - INFO -   Batted: 18, Did not bat: 13
2025-12-08 21:16:25 - scraping.match_scraper - INFO - Stored 31 players
2025-12-08 21:16:25 - scraping.match_scraper - INFO -   - Mumbai Indians
2025-12-08 21:16:25 - scraping.match_scraper - INFO -   - Chennai Super Kings
2025-12-08 21:16:25 - scraping.match_scraper - INFO - Loading commentary page - attempt 1
2025-12-08 21:16:36 - scraping.match_scraper - INFO - commentary page loaded successfully
2025-12-08 21:16:36 - scraping.match_scraper - INFO - Scrolling commentary page
2025-12-08 21:16:36 - core.page_navigator - INFO - Scrolling page 25 times
2025-12-08 21:17:29 - core.page_navigator - INFO - Page scrolling completed
2025-12-08 21:17:32 - scraping.match_scraper - INFO - Extracting first innings data
2025-12-08 21:17:32 - scraping.match_scraper - INFO - Default batting team: CSK
2025-12-08 21:17:33 - core.commentary_parser - INFO - Found 118 commentary blocks
2025-12-08 21:17:33 - core.commentary_parser - INFO - Parsed 118 commentary entries
2025-12-08 21:17:33 - core.commentary_parser - INFO - Created DataFrame with 118 rows
2025-12-08 21:17:33 - scraping.match_scraper - INFO - First innings: 118 events
2025-12-08 21:17:33 - core.page_navigator - INFO - Scrolling to top of page
2025-12-08 21:17:39 - scraping.match_scraper - INFO - Switching to second innings
2025-12-08 21:17:39 - core.page_navigator - INFO - Switching innings from: CSK
2025-12-08 21:18:13 - core.page_navigator - INFO - Switching to innings: MI
2025-12-08 21:18:16 - core.page_navigator - INFO - Successfully switched to MI
2025-12-08 21:18:16 - scraping.match_scraper - INFO - Switched batting team: MI
2025-12-08 21:18:21 - core.page_navigator - INFO - Scrolling page 25 times
2025-12-08 21:19:12 - core.page_navigator - INFO - Page scrolling completed
2025-12-08 21:19:15 - core.commentary_parser - INFO - Found 124 commentary blocks
2025-12-08 21:19:15 - core.commentary_parser - INFO - Parsed 124 commentary entries
2025-12-08 21:19:15 - core.commentary_parser - INFO - Created DataFrame with 124 rows
2025-12-08 21:19:15 - scraping.match_scraper - INFO - Second innings: 124 events
2025-12-08 21:19:15 - scraping.match_scraper - INFO - Saving commentary to database
2025-12-08 21:19:15 - scraping.match_scraper - INFO - Commentary saved: 242 total events
2025-12-08 21:19:15 - scraping.match_scraper - INFO - Saving metadata to database
2025-12-08 21:19:15 - scraping.match_scraper - INFO - Saving match players to database
2025-12-08 21:19:15 - scraping.match_scraper - INFO - Successfully completed scraping match 1473440
2025-12-08 21:19:15 - scraping.match_scraper - INFO - Closing WebDriver
2025-12-08 21:19:18 - __main__ - INFO - Successfully downloaded match 1473440
2025-12-08 21:19:28 - __main__ - INFO - Processing match 4/74: https://www.espncricinfo.com/series/ipl-2025-1449924/delhi-capitals-vs-lucknow-super-giants-4th-match-1473441/full-scorecard
2025-12-08 21:19:28 - __main__ - INFO - Attempting to download match 1473441 (attempt 1/4)
2025-12-08 21:19:28 - scraping.player_extractor - INFO - PlayerExtractor initialized - Target: raw.match_players
2025-12-08 21:19:28 - scraping.match_scraper - INFO - Initializing WebDriver
2025-12-08 21:19:31 - scraping.match_scraper - INFO - Loading full scorecard - attempt 1
2025-12-08 21:19:41 - scraping.match_scraper - INFO - full scorecard loaded successfully
2025-12-08 21:19:41 - scraping.match_scraper - INFO - Scrolling full scorecard page
2025-12-08 21:19:41 - core.page_navigator - INFO - Scrolling page 5 times
2025-12-08 21:20:21 - core.page_navigator - INFO - Page scrolling completed
2025-12-08 21:20:24 - scraping.match_scraper - INFO - Extracting metadata
2025-12-08 21:20:25 - core.metadata_extractor - INFO - Found 14 metadata rows for match 1473441
2025-12-08 21:20:25 - core.metadata_extractor - INFO - Extracted 15 metadata fields for match 1473441
2025-12-08 21:20:25 - scraping.match_scraper - INFO - Extracting player rosters...
2025-12-08 21:20:25 - scraping.player_extractor - INFO - Extracting players for match 1473441
2025-12-08 21:20:25 - core.metadata_extractor - INFO - Extracting player names for match 1473441
2025-12-08 21:20:25 - core.metadata_extractor - INFO - Found 2 scorecard table(s)
2025-12-08 21:20:25 - core.metadata_extractor - INFO -   innings_1 (Lucknow Super Giants): 10 batted, 1 did not bat
2025-12-08 21:20:25 - core.metadata_extractor - INFO -   innings_2 (Delhi Capitals): 11 batted, 0 did not bat
2025-12-08 21:20:25 - core.metadata_extractor - INFO -   Found 12 impact players/substitutes
2025-12-08 21:20:25 - core.metadata_extractor - INFO - Created DataFrame with 34 player records from 2 innings
2025-12-08 21:20:25 - scraping.player_extractor - INFO - Extracted 31 players for match 1473441
2025-12-08 21:20:25 - scraping.player_extractor - INFO -   Teams: Delhi Capitals, Lucknow Super Giants
2025-12-08 21:20:25 - scraping.player_extractor - INFO -   Batted: 20, Did not bat: 11
2025-12-08 21:20:25 - scraping.match_scraper - INFO - Stored 31 players
2025-12-08 21:20:25 - scraping.match_scraper - INFO -   - Delhi Capitals
2025-12-08 21:20:25 - scraping.match_scraper - INFO -   - Lucknow Super Giants
2025-12-08 21:20:25 - scraping.match_scraper - INFO - Loading commentary page - attempt 1
2025-12-08 21:20:37 - scraping.match_scraper - INFO - commentary page loaded successfully
2025-12-08 21:20:37 - scraping.match_scraper - INFO - Scrolling commentary page
2025-12-08 21:20:37 - core.page_navigator - INFO - Scrolling page 25 times
2025-12-08 21:21:37 - core.page_navigator - INFO - Page scrolling completed
2025-12-08 21:21:40 - scraping.match_scraper - INFO - Extracting first innings data
2025-12-08 21:21:40 - scraping.match_scraper - INFO - Default batting team: DC
2025-12-08 21:21:41 - core.commentary_parser - INFO - Found 121 commentary blocks
2025-12-08 21:21:41 - core.commentary_parser - INFO - Parsed 121 commentary entries
2025-12-08 21:21:41 - core.commentary_parser - INFO - Created DataFrame with 121 rows
2025-12-08 21:21:41 - scraping.match_scraper - INFO - First innings: 121 events
2025-12-08 21:21:41 - core.page_navigator - INFO - Scrolling to top of page
2025-12-08 21:21:47 - scraping.match_scraper - INFO - Switching to second innings
2025-12-08 21:21:47 - core.page_navigator - INFO - Switching innings from: DC
2025-12-08 21:22:22 - core.page_navigator - INFO - Switching to innings: LSG
2025-12-08 21:22:25 - core.page_navigator - INFO - Successfully switched to LSG
2025-12-08 21:22:25 - scraping.match_scraper - INFO - Switched batting team: LSG
2025-12-08 21:22:30 - core.page_navigator - INFO - Scrolling page 25 times
2025-12-08 21:23:21 - core.page_navigator - INFO - Page scrolling completed
2025-12-08 21:23:24 - core.commentary_parser - INFO - Found 125 commentary blocks
2025-12-08 21:23:24 - core.commentary_parser - INFO - Parsed 125 commentary entries
2025-12-08 21:23:24 - core.commentary_parser - INFO - Created DataFrame with 125 rows
2025-12-08 21:23:24 - scraping.match_scraper - INFO - Second innings: 125 events
2025-12-08 21:23:24 - scraping.match_scraper - INFO - Saving commentary to database
2025-12-08 21:23:24 - scraping.match_scraper - INFO - Commentary saved: 246 total events
2025-12-08 21:23:24 - scraping.match_scraper - INFO - Saving metadata to database
2025-12-08 21:23:24 - scraping.match_scraper - INFO - Saving match players to database
2025-12-08 21:23:24 - scraping.match_scraper - INFO - Successfully completed scraping match 1473441
2025-12-08 21:23:24 - scraping.match_scraper - INFO - Closing WebDriver
2025-12-08 21:23:27 - __main__ - INFO - Successfully downloaded match 1473441
2025-12-08 21:23:37 - __main__ - INFO - Processing match 5/74: https://www.espncricinfo.com/series/ipl-2025-1449924/gujarat-titans-vs-punjab-kings-5th-match-1473442/full-scorecard
2025-12-08 21:23:37 - __main__ - INFO - Attempting to download match 1473442 (attempt 1/4)
2025-12-08 21:23:37 - scraping.player_extractor - INFO - PlayerExtractor initialized - Target: raw.match_players
2025-12-08 21:23:37 - scraping.match_scraper - INFO - Initializing WebDriver
2025-12-08 21:23:41 - scraping.match_scraper - INFO - Loading full scorecard - attempt 1
2025-12-08 21:23:52 - scraping.match_scraper - INFO - full scorecard loaded successfully
2025-12-08 21:23:52 - scraping.match_scraper - INFO - Scrolling full scorecard page
2025-12-08 21:23:52 - core.page_navigator - INFO - Scrolling page 5 times
2025-12-08 21:24:08 - core.page_navigator - INFO - Page scrolling completed
2025-12-08 21:24:11 - scraping.match_scraper - INFO - Extracting metadata
2025-12-08 21:24:12 - core.metadata_extractor - INFO - Found 14 metadata rows for match 1473442
2025-12-08 21:24:12 - core.metadata_extractor - INFO - Extracted 15 metadata fields for match 1473442
2025-12-08 21:24:12 - scraping.match_scraper - INFO - Extracting player rosters...
2025-12-08 21:24:12 - scraping.player_extractor - INFO - Extracting players for match 1473442
2025-12-08 21:24:13 - core.metadata_extractor - INFO - Extracting player names for match 1473442
2025-12-08 21:24:13 - core.metadata_extractor - INFO - Found 2 scorecard table(s)
2025-12-08 21:24:13 - core.metadata_extractor - INFO -   innings_1 (Punjab Kings): 7 batted, 4 did not bat
2025-12-08 21:24:13 - core.metadata_extractor - INFO -   innings_2 (Gujarat Titans): 7 batted, 4 did not bat
2025-12-08 21:24:13 - core.metadata_extractor - INFO -   Found 11 impact players/substitutes
2025-12-08 21:24:13 - core.metadata_extractor - INFO - Created DataFrame with 33 player records from 2 innings
2025-12-08 21:24:13 - scraping.player_extractor - INFO - Extracted 31 players for match 1473442
2025-12-08 21:24:13 - scraping.player_extractor - INFO -   Teams: Gujarat Titans, Punjab Kings
2025-12-08 21:24:13 - scraping.player_extractor - INFO -   Batted: 13, Did not bat: 18
2025-12-08 21:24:13 - scraping.match_scraper - INFO - Stored 31 players
2025-12-08 21:24:13 - scraping.match_scraper - INFO -   - Gujarat Titans
2025-12-08 21:24:13 - scraping.match_scraper - INFO -   - Punjab Kings
2025-12-08 21:24:13 - scraping.match_scraper - INFO - Loading commentary page - attempt 1
2025-12-08 21:24:23 - scraping.match_scraper - INFO - commentary page loaded successfully
2025-12-08 21:24:23 - scraping.match_scraper - INFO - Scrolling commentary page
2025-12-08 21:24:23 - core.page_navigator - INFO - Scrolling page 25 times
2025-12-08 21:25:15 - core.page_navigator - INFO - Page scrolling completed
2025-12-08 21:25:18 - scraping.match_scraper - INFO - Extracting first innings data
2025-12-08 21:25:18 - scraping.match_scraper - INFO - Default batting team: GT
2025-12-08 21:25:19 - core.commentary_parser - INFO - Found 128 commentary blocks
2025-12-08 21:25:19 - core.commentary_parser - INFO - Parsed 128 commentary entries
2025-12-08 21:25:19 - core.commentary_parser - INFO - Created DataFrame with 128 rows
2025-12-08 21:25:19 - scraping.match_scraper - INFO - First innings: 128 events
2025-12-08 21:25:19 - core.page_navigator - INFO - Scrolling to top of page
2025-12-08 21:25:25 - scraping.match_scraper - INFO - Switching to second innings
2025-12-08 21:25:25 - core.page_navigator - INFO - Switching innings from: GT
2025-12-08 21:25:59 - core.page_navigator - INFO - Switching to innings: PBKS
2025-12-08 21:26:02 - core.page_navigator - INFO - Successfully switched to PBKS
2025-12-08 21:26:02 - scraping.match_scraper - INFO - Switched batting team: PBKS
2025-12-08 21:26:07 - core.page_navigator - INFO - Scrolling page 25 times
2025-12-08 21:26:58 - core.page_navigator - INFO - Page scrolling completed
2025-12-08 21:27:02 - core.commentary_parser - INFO - Found 126 commentary blocks
2025-12-08 21:27:02 - core.commentary_parser - INFO - Parsed 126 commentary entries
2025-12-08 21:27:02 - core.commentary_parser - INFO - Created DataFrame with 126 rows
2025-12-08 21:27:02 - scraping.match_scraper - INFO - Second innings: 126 events
2025-12-08 21:27:02 - scraping.match_scraper - INFO - Saving commentary to database
2025-12-08 21:27:02 - scraping.match_scraper - INFO - Commentary saved: 254 total events
2025-12-08 21:27:02 - scraping.match_scraper - INFO - Saving metadata to database
2025-12-08 21:27:02 - scraping.match_scraper - INFO - Saving match players to database
2025-12-08 21:27:02 - scraping.match_scraper - INFO - Successfully completed scraping match 1473442
2025-12-08 21:27:02 - scraping.match_scraper - INFO - Closing WebDriver
2025-12-08 21:27:05 - __main__ - INFO - Successfully downloaded match 1473442
2025-12-08 21:27:15 - __main__ - INFO - Processing match 6/74: https://www.espncricinfo.com/series/ipl-2025-1449924/rajasthan-royals-vs-kolkata-knight-riders-6th-match-1473443/full-scorecard
2025-12-08 21:27:15 - __main__ - INFO - Attempting to download match 1473443 (attempt 1/4)
2025-12-08 21:27:15 - scraping.player_extractor - INFO - PlayerExtractor initialized - Target: raw.match_players
2025-12-08 21:27:15 - scraping.match_scraper - INFO - Initializing WebDriver
2025-12-08 21:27:20 - scraping.match_scraper - INFO - Loading full scorecard - attempt 1
2025-12-08 21:27:32 - scraping.match_scraper - INFO - full scorecard loaded successfully
2025-12-08 21:27:32 - scraping.match_scraper - INFO - Scrolling full scorecard page
2025-12-08 21:27:32 - core.page_navigator - INFO - Scrolling page 5 times
2025-12-08 21:27:43 - core.page_navigator - INFO - Page scrolling completed
2025-12-08 21:27:46 - scraping.match_scraper - INFO - Extracting metadata
2025-12-08 21:27:47 - core.metadata_extractor - INFO - Found 14 metadata rows for match 1473443
2025-12-08 21:27:47 - core.metadata_extractor - INFO - Extracted 15 metadata fields for match 1473443
2025-12-08 21:27:47 - scraping.match_scraper - INFO - Extracting player rosters...
2025-12-08 21:27:47 - scraping.player_extractor - INFO - Extracting players for match 1473443
2025-12-08 21:27:47 - core.metadata_extractor - INFO - Extracting player names for match 1473443
2025-12-08 21:27:47 - core.metadata_extractor - INFO - Found 2 scorecard table(s)
2025-12-08 21:27:47 - core.metadata_extractor - INFO -   innings_1 (Rajasthan Royals): 11 batted, 1 did not bat
2025-12-08 21:27:47 - core.metadata_extractor - INFO -   innings_2 (Kolkata Knight Riders): 4 batted, 7 did not bat
2025-12-08 21:27:47 - core.metadata_extractor - INFO -   Found 14 impact players/substitutes
2025-12-08 21:27:47 - core.metadata_extractor - INFO - Created DataFrame with 37 player records from 2 innings
2025-12-08 21:27:47 - scraping.player_extractor - INFO - Extracted 35 players for match 1473443
2025-12-08 21:27:47 - scraping.player_extractor - INFO -   Teams: Kolkata Knight Riders, Rajasthan Royals
2025-12-08 21:27:47 - scraping.player_extractor - INFO -   Batted: 13, Did not bat: 22
2025-12-08 21:27:47 - scraping.match_scraper - INFO - Stored 35 players
2025-12-08 21:27:47 - scraping.match_scraper - INFO -   - Kolkata Knight Riders
2025-12-08 21:27:47 - scraping.match_scraper - INFO -   - Rajasthan Royals
2025-12-08 21:27:47 - scraping.match_scraper - INFO - Loading commentary page - attempt 1
2025-12-08 21:27:58 - scraping.match_scraper - INFO - commentary page loaded successfully
2025-12-08 21:27:58 - scraping.match_scraper - INFO - Scrolling commentary page
2025-12-08 21:27:58 - core.page_navigator - INFO - Scrolling page 25 times
2025-12-08 21:28:54 - core.page_navigator - INFO - Page scrolling completed
2025-12-08 21:28:57 - scraping.match_scraper - INFO - Extracting first innings data
2025-12-08 21:28:57 - scraping.match_scraper - INFO - Default batting team: KKR
2025-12-08 21:28:57 - core.commentary_parser - INFO - Found 110 commentary blocks
2025-12-08 21:28:57 - core.commentary_parser - INFO - Parsed 110 commentary entries
2025-12-08 21:28:57 - core.commentary_parser - INFO - Created DataFrame with 110 rows
2025-12-08 21:28:57 - scraping.match_scraper - INFO - First innings: 110 events
2025-12-08 21:28:57 - core.page_navigator - INFO - Scrolling to top of page
2025-12-08 21:29:03 - scraping.match_scraper - INFO - Switching to second innings
2025-12-08 21:29:03 - core.page_navigator - INFO - Switching innings from: KKR
2025-12-08 21:29:38 - core.page_navigator - INFO - Switching to innings: RR
2025-12-08 21:29:41 - core.page_navigator - INFO - Successfully switched to RR
2025-12-08 21:29:41 - scraping.match_scraper - INFO - Switched batting team: RR
2025-12-08 21:29:46 - core.page_navigator - INFO - Scrolling page 25 times
2025-12-08 21:30:37 - core.page_navigator - INFO - Page scrolling completed
2025-12-08 21:30:41 - core.commentary_parser - INFO - Found 124 commentary blocks
2025-12-08 21:30:41 - core.commentary_parser - INFO - Parsed 124 commentary entries
2025-12-08 21:30:41 - core.commentary_parser - INFO - Created DataFrame with 124 rows
2025-12-08 21:30:41 - scraping.match_scraper - INFO - Second innings: 124 events
2025-12-08 21:30:41 - scraping.match_scraper - INFO - Saving commentary to database
2025-12-08 21:30:41 - scraping.match_scraper - INFO - Commentary saved: 234 total events
2025-12-08 21:30:41 - scraping.match_scraper - INFO - Saving metadata to database
2025-12-08 21:30:41 - scraping.match_scraper - INFO - Saving match players to database
2025-12-08 21:30:41 - scraping.match_scraper - INFO - Successfully completed scraping match 1473443
2025-12-08 21:30:41 - scraping.match_scraper - INFO - Closing WebDriver
2025-12-08 21:30:44 - __main__ - INFO - Successfully downloaded match 1473443
2025-12-08 21:30:54 - __main__ - INFO - Processing match 7/74: https://www.espncricinfo.com/series/ipl-2025-1449924/sunrisers-hyderabad-vs-lucknow-super-giants-7th-match-1473444/full-scorecard
2025-12-08 21:30:54 - __main__ - INFO - Attempting to download match 1473444 (attempt 1/4)
2025-12-08 21:30:54 - scraping.player_extractor - INFO - PlayerExtractor initialized - Target: raw.match_players
2025-12-08 21:30:54 - scraping.match_scraper - INFO - Initializing WebDriver
2025-12-08 21:30:58 - scraping.match_scraper - INFO - Loading full scorecard - attempt 1
2025-12-08 21:31:15 - scraping.match_scraper - INFO - full scorecard loaded successfully
2025-12-08 21:31:15 - scraping.match_scraper - INFO - Scrolling full scorecard page
2025-12-08 21:31:15 - core.page_navigator - INFO - Scrolling page 5 times
2025-12-08 21:31:33 - core.page_navigator - INFO - Page scrolling completed
2025-12-08 21:31:36 - scraping.match_scraper - INFO - Extracting metadata
2025-12-08 21:36:10 - scraping.match_scraper - INFO - Closing WebDriver
2025-12-08 21:40:05 - __main__ - INFO - Cricket Data Pipeline Started
2025-12-08 21:40:05 - __main__ - INFO - STEP 1: Initializing database and schemas
2025-12-08 21:40:06 - configs.db_config - INFO - Initializing Medallion Architecture schemas...
2025-12-08 21:40:06 - configs.db_config - INFO - Medallion schemas (Bronze, Silver, Gold) initialized
2025-12-08 21:40:06 - __main__ - INFO - Database initialization complete
2025-12-08 21:40:06 - __main__ - INFO - STEP 2: Loading configuration
2025-12-08 21:40:06 - __main__ - INFO - Configuration loaded successfully
2025-12-08 21:40:06 - __main__ - INFO - STEP 3: Scraping data from Cricinfo
2025-12-08 21:40:06 - __main__ - INFO - Initializing match tracker
2025-12-08 21:40:06 - __main__ - INFO - Current Status: 0 matches already downloaded
2025-12-08 21:40:06 - __main__ - INFO - Fetching match schedule from Cricinfo
2025-12-08 21:40:06 - scraping.schedule_scraper - INFO - Initializing WebDriver for schedule scraping
2025-12-08 21:40:09 - scraping.schedule_scraper - INFO - Loading schedule page - attempt 1
2025-12-08 21:40:23 - scraping.schedule_scraper - INFO - Schedule page loaded successfully
2025-12-08 21:40:23 - scraping.schedule_scraper - INFO - Parsing schedule page with BeautifulSoup
2025-12-08 21:40:24 - scraping.schedule_scraper - INFO - Extracting match links from schedule
2025-12-08 21:40:24 - scraping.schedule_scraper - INFO - Successfully extracted 105 match links
2025-12-08 21:40:24 - scraping.schedule_scraper - INFO - Closing WebDriver
2025-12-08 21:40:26 - __main__ - INFO - Found 105 total links
2025-12-08 21:40:26 - __main__ - INFO - Found 1 match scorecards
2025-12-08 21:40:26 - __main__ - INFO - Starting match scraping process with retry logic
2025-12-08 21:40:26 - __main__ - INFO - Processing match 1/1: https://www.espncricinfo.com/series/ipl-2025-1449924/rajasthan-royals-vs-kolkata-knight-riders-6th-match-1473443/full-scorecard
2025-12-08 21:40:26 - __main__ - INFO - Attempting to download match 1473443 (attempt 1/4)
2025-12-08 21:40:26 - scraping.player_extractor - INFO - PlayerExtractor initialized - Target: raw.match_players
2025-12-08 21:40:26 - scraping.match_scraper - INFO - Initializing WebDriver
2025-12-08 21:40:31 - scraping.match_scraper - INFO - Loading full scorecard - attempt 1
2025-12-08 21:40:42 - scraping.match_scraper - INFO - full scorecard loaded successfully
2025-12-08 21:40:42 - scraping.match_scraper - INFO - Scrolling full scorecard page
2025-12-08 21:40:42 - core.page_navigator - INFO - Scrolling page 5 times
2025-12-08 21:40:57 - core.page_navigator - INFO - Page scrolling completed
2025-12-08 21:41:00 - scraping.match_scraper - INFO - Extracting metadata
2025-12-08 21:41:00 - core.metadata_extractor - INFO - Found 14 metadata rows for match 1473443
2025-12-08 21:41:00 - core.metadata_extractor - INFO - Extracted 15 metadata fields for match 1473443
2025-12-08 21:41:00 - scraping.match_scraper - INFO - Extracting player rosters...
2025-12-08 21:41:01 - scraping.player_extractor - INFO - Extracting players for match 1473443
2025-12-08 21:41:01 - core.metadata_extractor - INFO - Extracting player names for match 1473443
2025-12-08 21:41:01 - core.metadata_extractor - INFO - Found 2 scorecard table(s)
2025-12-08 21:41:01 - core.metadata_extractor - INFO -   innings_1 (Rajasthan Royals): 11 batted, 1 did not bat
2025-12-08 21:41:01 - core.metadata_extractor - INFO -   innings_2 (Kolkata Knight Riders): 4 batted, 7 did not bat
2025-12-08 21:41:01 - core.metadata_extractor - INFO -   Found 14 impact players/substitutes
2025-12-08 21:41:01 - core.metadata_extractor - INFO - Created DataFrame with 37 player records from 2 innings
2025-12-08 21:41:01 - scraping.player_extractor - INFO - Extracted 35 players for match 1473443
2025-12-08 21:41:01 - scraping.player_extractor - INFO -   Teams: Kolkata Knight Riders, Rajasthan Royals
2025-12-08 21:41:01 - scraping.player_extractor - INFO -   Batted: 13, Did not bat: 22
2025-12-08 21:41:01 - scraping.match_scraper - INFO - Stored 35 players
2025-12-08 21:41:01 - scraping.match_scraper - INFO -   - Kolkata Knight Riders
2025-12-08 21:41:01 - scraping.match_scraper - INFO -   - Rajasthan Royals
2025-12-08 21:41:01 - scraping.match_scraper - INFO - Loading commentary page - attempt 1
2025-12-08 21:41:11 - scraping.match_scraper - INFO - commentary page loaded successfully
2025-12-08 21:41:11 - scraping.match_scraper - INFO - Scrolling commentary page
2025-12-08 21:41:11 - core.page_navigator - INFO - Scrolling page 25 times
2025-12-08 21:42:10 - core.page_navigator - INFO - Page scrolling completed
2025-12-08 21:42:13 - scraping.match_scraper - INFO - Extracting first innings data
2025-12-08 21:42:13 - scraping.match_scraper - INFO - Default batting team: KKR
2025-12-08 21:42:14 - core.commentary_parser - INFO - Found 110 commentary blocks
2025-12-08 21:42:14 - core.commentary_parser - INFO - Parsed 110 commentary entries
2025-12-08 21:42:14 - core.commentary_parser - INFO - Created DataFrame with 110 rows
2025-12-08 21:42:14 - scraping.match_scraper - INFO - First innings: 110 events
2025-12-08 21:42:14 - core.page_navigator - INFO - Scrolling to top of page
2025-12-08 21:42:20 - scraping.match_scraper - INFO - Switching to second innings
2025-12-08 21:42:20 - core.page_navigator - INFO - Switching innings from: KKR
2025-12-08 21:42:54 - core.page_navigator - INFO - Switching to innings: RR
2025-12-08 21:42:57 - core.page_navigator - INFO - Successfully switched to RR
2025-12-08 21:42:57 - scraping.match_scraper - INFO - Switched batting team: RR
2025-12-08 21:43:02 - core.page_navigator - INFO - Scrolling page 25 times
2025-12-08 21:43:52 - core.page_navigator - INFO - Page scrolling completed
2025-12-08 21:43:56 - core.commentary_parser - INFO - Found 124 commentary blocks
2025-12-08 21:43:56 - core.commentary_parser - INFO - Parsed 124 commentary entries
2025-12-08 21:43:56 - core.commentary_parser - INFO - Created DataFrame with 124 rows
2025-12-08 21:43:56 - scraping.match_scraper - INFO - Second innings: 124 events
2025-12-08 21:43:56 - scraping.match_scraper - INFO - Saving commentary to database
2025-12-08 21:43:56 - scraping.match_scraper - INFO - Commentary saved: 234 total events
2025-12-08 21:43:56 - scraping.match_scraper - INFO - Saving metadata to database
2025-12-08 21:43:56 - scraping.match_scraper - INFO - Saving match players to database
2025-12-08 21:43:56 - scraping.match_scraper - INFO - Successfully completed scraping match 1473443
2025-12-08 21:43:56 - scraping.match_scraper - INFO - Closing WebDriver
2025-12-08 21:43:59 - __main__ - INFO - Successfully downloaded match 1473443
2025-12-08 21:43:59 - __main__ - INFO - Scraping complete - Found: 1, Downloaded: 1, Skipped: 0, Failed: 0
2025-12-08 21:43:59 - __main__ - INFO - STEP 4: Processing through Medallion Architecture
2025-12-08 21:43:59 - __main__ - INFO - Starting Medallion Architecture pipeline
2025-12-08 21:43:59 - pipeline.orchestrator - INFO - Pipeline Orchestrator initialized
2025-12-08 21:43:59 - pipeline.orchestrator - INFO - 
================================================================================
2025-12-08 21:43:59 - pipeline.orchestrator - INFO - MEDALLION ARCHITECTURE PIPELINE - STARTING
2025-12-08 21:43:59 - pipeline.orchestrator - INFO - ================================================================================
2025-12-08 21:43:59 - pipeline.orchestrator - INFO - Start Time: 2025-12-08 21:43:59.241620
2025-12-08 21:43:59 - pipeline.orchestrator - INFO - Layers to execute: bronze, silver, gold
2025-12-08 21:43:59 - pipeline.orchestrator - INFO - ================================================================================
2025-12-08 21:43:59 - medallionlayer.bronze_layer - INFO - Bronze Layer initialized - Run ID: 3b663176-1835-4c04-9425-4c578e0f1eba
2025-12-08 21:43:59 - medallionlayer.bronze_layer - INFO - ======================================================================
2025-12-08 21:43:59 - medallionlayer.bronze_layer - INFO - BRONZE LAYER - Starting
2025-12-08 21:43:59 - medallionlayer.bronze_layer - INFO - ======================================================================
2025-12-08 21:43:59 - medallionlayer.bronze_layer - INFO - 
Processing table: match_metadata
2025-12-08 21:43:59 - medallionlayer.bronze_layer - INFO - Read 1 rows from raw.match_metadata
2025-12-08 21:43:59 - medallionlayer.bronze_layer - INFO -   No duplicates found based on ['matchid']
2025-12-08 21:43:59 - medallionlayer.bronze_layer - INFO - After quality checks: 1 rows (removed 0)
2025-12-08 21:43:59 - medallionlayer.bronze_layer - INFO - match_metadata: 1 rows ingested
2025-12-08 21:43:59 - medallionlayer.bronze_layer - INFO - 
Processing table: match_events
2025-12-08 21:43:59 - medallionlayer.bronze_layer - INFO - Read 234 rows from raw.match_events
2025-12-08 21:43:59 - medallionlayer.bronze_layer - INFO -   No duplicates found based on ['matchid', 'ball', 'innings', 'commentary']
2025-12-08 21:43:59 - medallionlayer.bronze_layer - INFO - After quality checks: 234 rows (removed 0)
2025-12-08 21:44:00 - medallionlayer.bronze_layer - INFO - match_events: 234 rows ingested
2025-12-08 21:44:00 - medallionlayer.bronze_layer - INFO - 
Processing table: match_players
2025-12-08 21:44:00 - medallionlayer.bronze_layer - INFO - Read 35 rows from raw.match_players
2025-12-08 21:44:00 - medallionlayer.bronze_layer - INFO -   No duplicates found based on ['matchid', 'innings', 'player_name']
2025-12-08 21:44:00 - medallionlayer.bronze_layer - INFO - After quality checks: 35 rows (removed 0)
2025-12-08 21:44:00 - medallionlayer.bronze_layer - INFO - match_players: 35 rows ingested
2025-12-08 21:44:00 - medallionlayer.bronze_layer - INFO - 
Validating innings data...
2025-12-08 21:44:00 - medallionlayer.bronze_layer - INFO - All matches have complete innings data
2025-12-08 21:44:00 - medallionlayer.bronze_layer - INFO - 
======================================================================
2025-12-08 21:44:00 - medallionlayer.bronze_layer - INFO - DATA QUALITY REPORT
2025-12-08 21:44:00 - medallionlayer.bronze_layer - INFO - ======================================================================
2025-12-08 21:44:00 - medallionlayer.bronze_layer - INFO - 
DUPLICATES REMOVED:
2025-12-08 21:44:00 - medallionlayer.bronze_layer - INFO -   match_metadata: No duplicates found
2025-12-08 21:44:00 - medallionlayer.bronze_layer - INFO -   match_events: No duplicates found
2025-12-08 21:44:00 - medallionlayer.bronze_layer - INFO -   match_players: No duplicates found
2025-12-08 21:44:00 - medallionlayer.bronze_layer - INFO - 
NULL VALUES FOUND:
2025-12-08 21:44:00 - medallionlayer.bronze_layer - INFO -   match_metadata: No null values in required columns
2025-12-08 21:44:00 - medallionlayer.bronze_layer - INFO -   match_events: No null values in required columns
2025-12-08 21:44:00 - medallionlayer.bronze_layer - INFO -   match_players: No null values in required columns
2025-12-08 21:44:00 - medallionlayer.bronze_layer - INFO - 
INNINGS VALIDATION:
2025-12-08 21:44:00 - medallionlayer.bronze_layer - INFO - All matches have complete innings data
2025-12-08 21:44:00 - medallionlayer.bronze_layer - INFO - ======================================================================

2025-12-08 21:44:00 - medallionlayer.bronze_layer - INFO - 
======================================================================
2025-12-08 21:44:00 - medallionlayer.bronze_layer - INFO - BRONZE LAYER - Complete
2025-12-08 21:44:00 - medallionlayer.bronze_layer - INFO - Tables Processed: 3/3
2025-12-08 21:44:00 - medallionlayer.bronze_layer - INFO - Total Rows: 270
2025-12-08 21:44:00 - medallionlayer.bronze_layer - INFO - ======================================================================
2025-12-08 21:44:00 - medallionlayer.silver_layer - INFO - Silver Layer initialized
2025-12-08 21:44:00 - medallionlayer.silver_layer - INFO - ======================================================================
2025-12-08 21:44:00 - medallionlayer.silver_layer - INFO - SILVER LAYER - Starting
2025-12-08 21:44:00 - medallionlayer.silver_layer - INFO - ======================================================================
2025-12-08 21:44:00 - medallionlayer.silver_layer - INFO - 
Processing table: match_metadata
2025-12-08 21:44:00 - medallionlayer.silver_layer - INFO - Read 1 rows from bronze.match_metadata
2025-12-08 21:44:00 - medallionlayer.silver_layer - INFO -   Cleaned columns: ['venue', 'series', 'toss', 'player_of_the_match']
2025-12-08 21:44:00 - medallionlayer.silver_layer - INFO - After transformations: 1 rows (removed 0)
2025-12-08 21:44:00 - medallionlayer.silver_layer - INFO -   Removed Bronze audit columns: ['ingestion_timestamp', 'source_system', 'pipeline_run_id', 'is_active']
2025-12-08 21:44:00 - medallionlayer.silver_layer - INFO - match_metadata: 1 rows processed
2025-12-08 21:44:00 - medallionlayer.silver_layer - INFO - 
Processing table: match_events
2025-12-08 21:44:00 - medallionlayer.silver_layer - INFO - Read 234 rows from bronze.match_events
2025-12-08 21:44:00 - medallionlayer.silver_layer - INFO -   Cleaned columns: ['bowler', 'batsman', 'commentary', 'innings']
2025-12-08 21:44:00 - medallionlayer.silver_layer - INFO -   Converting 'score' column to numeric...
2025-12-08 21:44:00 - medallionlayer.silver_layer - INFO -   Score conversion: 224 converted, 10 not converted (set to 0)
2025-12-08 21:44:00 - medallionlayer.silver_layer - INFO -   Extracting dismissal information...
2025-12-08 21:44:00 - medallionlayer.silver_layer - INFO -   Extracted dismissal info for 5 wickets
2025-12-08 21:44:00 - medallionlayer.silver_layer - INFO -   Enriching player names for columns: ['batsman', 'bowler', 'fielder_name']
2025-12-08 21:44:00 - medallionlayer.silver_layer - INFO -   Loaded 35 player records for enrichment
2025-12-08 21:44:00 - medallionlayer.silver_layer - INFO -   Enriching column: batsman
2025-12-08 21:44:00 - medallionlayer.silver_layer - INFO -   Enriching column: bowler
2025-12-08 21:44:01 - medallionlayer.silver_layer - INFO -   Enriching column: fielder_name
2025-12-08 21:44:01 - medallionlayer.silver_layer - INFO -   Enrichment results:
2025-12-08 21:44:01 - medallionlayer.silver_layer - INFO -     batsman: 225 enriched, 9 not found, 0 null
2025-12-08 21:44:01 - medallionlayer.silver_layer - INFO -     bowler: 228 enriched, 6 not found, 0 null
2025-12-08 21:44:01 - medallionlayer.silver_layer - INFO -     fielder_name: 3 enriched, 1 not found, 230 null
2025-12-08 21:44:01 - medallionlayer.silver_layer - INFO - Enriching innings with team names from bronze.match_players...
2025-12-08 21:44:01 - medallionlayer.silver_layer - INFO - Unique innings values in match_events: ['KKR' 'RR']
2025-12-08 21:44:01 - medallionlayer.silver_layer - INFO - Loaded 2 team-innings mappings from bronze.match_players
2025-12-08 21:44:01 - medallionlayer.silver_layer - INFO - Team-innings mappings from bronze:
2025-12-08 21:44:01 - medallionlayer.silver_layer - INFO -   Match 1473443, innings='innings_1' -> team='Rajasthan Royals'
2025-12-08 21:44:01 - medallionlayer.silver_layer - INFO -   Match 1473443, innings='innings_2' -> team='Kolkata Knight Riders'
2025-12-08 21:44:01 - medallionlayer.silver_layer - INFO - Created 2 direct mappings
2025-12-08 21:44:01 - medallionlayer.silver_layer - INFO - Created 4 abbreviation mappings
2025-12-08 21:44:01 - medallionlayer.silver_layer - INFO - Created 2 match-team mappings
2025-12-08 21:44:01 - medallionlayer.silver_layer - INFO - Enriched 234 records with team names from bronze.match_players
2025-12-08 21:44:01 - medallionlayer.silver_layer - INFO - Sample enriched records:
   matchid  ball                innings          batsman
0  1473443  17.3  Kolkata Knight Riders  Quinton de Kock
1  1473443  17.3  Kolkata Knight Riders  Quinton de Kock
2  1473443  17.3  Kolkata Knight Riders  Quinton de Kock
3  1473443  17.2  Kolkata Knight Riders  Quinton de Kock
4  1473443  17.1  Kolkata Knight Riders  Quinton de Kock
2025-12-08 21:44:01 - medallionlayer.silver_layer - INFO - Before/After comparison:
2025-12-08 21:44:01 - medallionlayer.silver_layer - INFO -   'KKR' -> 'Kolkata Knight Riders'
2025-12-08 21:44:01 - medallionlayer.silver_layer - INFO -   'KKR' -> 'Kolkata Knight Riders'
2025-12-08 21:44:01 - medallionlayer.silver_layer - INFO -   'KKR' -> 'Kolkata Knight Riders'
2025-12-08 21:44:01 - medallionlayer.silver_layer - INFO - Final innings distribution:
   matchid                innings  ball_count
0  1473443  Kolkata Knight Riders         110
1  1473443       Rajasthan Royals         124
2025-12-08 21:44:01 - medallionlayer.silver_layer - INFO - After transformations: 234 rows (removed 0)
2025-12-08 21:44:01 - medallionlayer.silver_layer - INFO -   Removed Bronze audit columns: ['ingestion_timestamp', 'source_system', 'pipeline_run_id', 'is_active']
2025-12-08 21:44:01 - medallionlayer.silver_layer - INFO - match_events: 234 rows processed
2025-12-08 21:44:01 - medallionlayer.silver_layer - INFO - 
Processing table: match_players
2025-12-08 21:44:01 - medallionlayer.silver_layer - INFO - Read 35 rows from bronze.match_players
2025-12-08 21:44:01 - medallionlayer.silver_layer - INFO -   Cleaned columns: ['player_name', 'team']
2025-12-08 21:44:01 - medallionlayer.silver_layer - INFO - After transformations: 35 rows (removed 0)
2025-12-08 21:44:01 - medallionlayer.silver_layer - INFO -   Removed Bronze audit columns: ['ingestion_timestamp', 'source_system', 'pipeline_run_id', 'is_active']
2025-12-08 21:44:01 - medallionlayer.silver_layer - INFO - match_players: 35 rows processed
2025-12-08 21:44:01 - medallionlayer.silver_layer - INFO - 
======================================================================
2025-12-08 21:44:01 - medallionlayer.silver_layer - INFO - SILVER LAYER - Complete
2025-12-08 21:44:01 - medallionlayer.silver_layer - INFO - Tables Processed: 3
2025-12-08 21:44:01 - medallionlayer.silver_layer - INFO - Total Rows: 270
2025-12-08 21:44:01 - medallionlayer.silver_layer - INFO - ======================================================================
2025-12-08 21:44:01 - medallionlayer.gold_layer - INFO - Gold Layer initialized
2025-12-08 21:44:01 - medallionlayer.gold_layer - INFO - ======================================================================
2025-12-08 21:44:01 - medallionlayer.gold_layer - INFO - GOLD LAYER - Starting
2025-12-08 21:44:01 - medallionlayer.gold_layer - INFO - ======================================================================
2025-12-08 21:44:01 - medallionlayer.gold_layer - INFO - 
Processing aggregation: match_summary
2025-12-08 21:44:01 - medallionlayer.gold_layer - INFO - Processing enhanced match summary...
2025-12-08 21:44:01 - medallionlayer.gold_layer - INFO - Successfully created 1 rows for match_summary
2025-12-08 21:44:01 - medallionlayer.gold_layer - INFO - 
Processing aggregation: series_summary
2025-12-08 21:44:01 - medallionlayer.gold_layer - INFO - Processing enhanced series summary...
2025-12-08 21:44:01 - medallionlayer.gold_layer - INFO - Successfully created 1 rows for series_summary
2025-12-08 21:44:01 - medallionlayer.gold_layer - INFO - 
Processing aggregation: venue_statistics
2025-12-08 21:44:01 - medallionlayer.gold_layer - INFO - Read 1 rows from silver.match_metadata
2025-12-08 21:44:01 - medallionlayer.gold_layer - INFO -   Aggregated to 1 rows
2025-12-08 21:44:01 - medallionlayer.gold_layer - INFO - Final DataFrame columns: ['venue', 'season', 'total_matches', 'created_at', 'updated_at']
2025-12-08 21:44:02 - medallionlayer.gold_layer - INFO - Successfully wrote 1 rows to gold.venue_statistics
2025-12-08 21:44:02 - medallionlayer.gold_layer - INFO - Successfully created 1 rows for venue_statistics
2025-12-08 21:44:02 - medallionlayer.gold_layer - INFO - 
Processing aggregation: match_ball_statistics
2025-12-08 21:44:02 - medallionlayer.gold_layer - INFO - Processing match ball statistics with wickets...
2025-12-08 21:44:02 - medallionlayer.gold_layer - INFO - Successfully created 2 rows for match_ball_statistics
2025-12-08 21:44:02 - medallionlayer.gold_layer - INFO - 
Processing aggregation: match_batsman_statistics
2025-12-08 21:44:02 - medallionlayer.gold_layer - INFO - Processing match batsman statistics with run distribution...
2025-12-08 21:44:02 - medallionlayer.gold_layer - INFO - Successfully created 15 rows for match_batsman_statistics
2025-12-08 21:44:02 - medallionlayer.gold_layer - INFO - 
Processing aggregation: match_bowler_statistics
2025-12-08 21:44:02 - medallionlayer.gold_layer - INFO - Processing match bowler statistics with wickets and extras...
2025-12-08 21:44:02 - medallionlayer.gold_layer - INFO - Successfully created 12 rows for match_bowler_statistics
2025-12-08 21:44:02 - medallionlayer.gold_layer - INFO - 
Processing aggregation: batsman_statistics
2025-12-08 21:44:02 - medallionlayer.gold_layer - INFO - Processing career batting statistics...
2025-12-08 21:44:02 - medallionlayer.gold_layer - INFO - Successfully created 15 rows for batsman_statistics
2025-12-08 21:44:02 - medallionlayer.gold_layer - INFO - 
Processing aggregation: bowler_statistics
2025-12-08 21:44:02 - medallionlayer.gold_layer - INFO - Processing career bowling statistics...
2025-12-08 21:44:03 - medallionlayer.gold_layer - INFO - Successfully created 12 rows for bowler_statistics
2025-12-08 21:44:03 - medallionlayer.gold_layer - INFO - 
Processing aggregation: player_team_history
2025-12-08 21:44:03 - medallionlayer.gold_layer - INFO - Processing SCD Type 2 (SQL MERGE) for player_team_history
2025-12-08 21:44:03 - medallionlayer.gold_layer - INFO - Read 35 rows from silver.match_players
2025-12-08 21:44:03 - medallionlayer.gold_layer - INFO - Season not in match_players, fetching from match_metadata
2025-12-08 21:44:03 - medallionlayer.gold_layer - INFO - Enriched with season data: 35 records
2025-12-08 21:44:03 - medallionlayer.gold_layer - INFO - Series not in match_players, fetching from match_metadata
2025-12-08 21:44:03 - medallionlayer.gold_layer - INFO - Enriched with series data: 35/35 records have series
2025-12-08 21:44:03 - medallionlayer.gold_layer - INFO - Built dimension with 35 player-team-season combinations
2025-12-08 21:44:03 - medallionlayer.gold_layer - INFO - Series column populated for 35/35 records
2025-12-08 21:44:03 - medallionlayer.gold_layer - INFO - Built 35 dimension records
2025-12-08 21:44:03 - medallionlayer.gold_layer - INFO - Creating staging table...
2025-12-08 21:44:03 - medallionlayer.gold_layer - INFO - Staging table created successfully
2025-12-08 21:44:03 - medallionlayer.gold_layer - INFO - Loading data into staging table...
2025-12-08 21:44:03 - medallionlayer.gold_layer - INFO - Loaded 35 records into staging
2025-12-08 21:44:03 - medallionlayer.gold_layer - INFO - Step 1/3: Expiring old records where player changed teams...
2025-12-08 21:44:03 - medallionlayer.gold_layer - INFO - Step 2/3: Updating existing current records...
2025-12-08 21:44:04 - medallionlayer.gold_layer - INFO - Step 3/3: Inserting new records...
2025-12-08 21:44:04 - medallionlayer.gold_layer - INFO - Inserted 35 new records
2025-12-08 21:44:04 - medallionlayer.gold_layer - INFO - ======================================================================
2025-12-08 21:44:04 - medallionlayer.gold_layer - INFO - SCD TYPE 2 MERGE COMPLETE
2025-12-08 21:44:04 - medallionlayer.gold_layer - INFO -   Expired: 0 records (player changed teams)
2025-12-08 21:44:04 - medallionlayer.gold_layer - INFO -   Updated: 0 records (accumulated stats)
2025-12-08 21:44:04 - medallionlayer.gold_layer - INFO -   Inserted: 35 records (new combinations)
2025-12-08 21:44:04 - medallionlayer.gold_layer - INFO -   Total: 35 records processed
2025-12-08 21:44:04 - medallionlayer.gold_layer - INFO - ======================================================================
2025-12-08 21:44:04 - medallionlayer.gold_layer - INFO - Successfully created 35 rows for player_team_history
2025-12-08 21:44:04 - medallionlayer.gold_layer - INFO - 
======================================================================
2025-12-08 21:44:04 - medallionlayer.gold_layer - INFO - GOLD LAYER - Complete
2025-12-08 21:44:04 - medallionlayer.gold_layer - INFO - Aggregations Processed: 9
2025-12-08 21:44:04 - medallionlayer.gold_layer - INFO - Total Rows: 94
2025-12-08 21:44:04 - medallionlayer.gold_layer - INFO - ======================================================================
2025-12-08 21:44:04 - pipeline.orchestrator - INFO - 
================================================================================
2025-12-08 21:44:04 - pipeline.orchestrator - INFO - PIPELINE EXECUTION SUMMARY
2025-12-08 21:44:04 - pipeline.orchestrator - INFO - ================================================================================
2025-12-08 21:44:04 - pipeline.orchestrator - INFO - Status: SUCCESS
2025-12-08 21:44:04 - pipeline.orchestrator - INFO - Duration: 4.77 seconds
2025-12-08 21:44:04 - pipeline.orchestrator - INFO - 
BRONZE Layer:
2025-12-08 21:44:04 - pipeline.orchestrator - INFO -   Status: success
2025-12-08 21:44:04 - pipeline.orchestrator - INFO -   Tables Processed: 3
2025-12-08 21:44:04 - pipeline.orchestrator - INFO -   Total Rows: 270
2025-12-08 21:44:04 - pipeline.orchestrator - INFO - 
SILVER Layer:
2025-12-08 21:44:04 - pipeline.orchestrator - INFO -   Status: success
2025-12-08 21:44:04 - pipeline.orchestrator - INFO -   Tables Processed: 3
2025-12-08 21:44:04 - pipeline.orchestrator - INFO -   Total Rows: 270
2025-12-08 21:44:04 - pipeline.orchestrator - INFO - 
GOLD Layer:
2025-12-08 21:44:04 - pipeline.orchestrator - INFO -   Status: success
2025-12-08 21:44:04 - pipeline.orchestrator - INFO -   Aggregations: 9
2025-12-08 21:44:04 - pipeline.orchestrator - INFO -   Total Rows: 94
2025-12-08 21:44:04 - pipeline.orchestrator - INFO - ================================================================================

2025-12-08 21:44:04 - __main__ - INFO - Pipeline completed - Status: success, Duration: 4.77s
2025-12-08 21:44:04 - __main__ - INFO - Pipeline completed successfully
2025-12-08 21:46:52 - __main__ - INFO - Cricket Data Pipeline Started
2025-12-08 21:46:52 - __main__ - INFO - STEP 1: Initializing database and schemas
2025-12-08 21:46:53 - configs.db_config - INFO - Initializing Medallion Architecture schemas...
2025-12-08 21:46:53 - configs.db_config - INFO - Medallion schemas (Bronze, Silver, Gold) initialized
2025-12-08 21:46:53 - __main__ - INFO - Database initialization complete
2025-12-08 21:46:53 - __main__ - INFO - STEP 2: Loading configuration
2025-12-08 21:46:53 - __main__ - INFO - Configuration loaded successfully
2025-12-08 21:46:53 - __main__ - INFO - STEP 3: Scraping data from Cricinfo
2025-12-08 21:46:53 - __main__ - INFO - Initializing match tracker
2025-12-08 21:46:53 - __main__ - INFO - Current Status: 0 matches already downloaded
2025-12-08 21:46:53 - __main__ - INFO - Fetching match schedule from Cricinfo
2025-12-08 21:46:53 - scraping.schedule_scraper - INFO - Initializing WebDriver for schedule scraping
2025-12-08 21:46:56 - scraping.schedule_scraper - INFO - Loading schedule page - attempt 1
2025-12-08 21:47:07 - scraping.schedule_scraper - INFO - Schedule page loaded successfully
2025-12-08 21:47:07 - scraping.schedule_scraper - INFO - Parsing schedule page with BeautifulSoup
2025-12-08 21:47:10 - scraping.schedule_scraper - INFO - Extracting match links from schedule
2025-12-08 21:47:10 - scraping.schedule_scraper - INFO - Successfully extracted 105 match links
2025-12-08 21:47:10 - scraping.schedule_scraper - INFO - Closing WebDriver
2025-12-08 21:47:13 - __main__ - INFO - Found 105 total links
2025-12-08 21:47:13 - __main__ - INFO - Found 1 match scorecards
2025-12-08 21:47:13 - __main__ - INFO - Starting match scraping process with retry logic
2025-12-08 21:47:13 - __main__ - INFO - Processing match 1/1: https://www.espncricinfo.com/series/ipl-2025-1449924/rajasthan-royals-vs-kolkata-knight-riders-6th-match-1473443/full-scorecard
2025-12-08 21:47:13 - __main__ - INFO - Attempting to download match 1473443 (attempt 1/4)
2025-12-08 21:47:13 - scraping.player_extractor - INFO - PlayerExtractor initialized - Target: raw.match_players
2025-12-08 21:47:13 - scraping.match_scraper - INFO - Initializing WebDriver
2025-12-08 21:47:16 - scraping.match_scraper - INFO - Loading full scorecard - attempt 1
2025-12-08 21:47:28 - scraping.match_scraper - INFO - full scorecard loaded successfully
2025-12-08 21:47:28 - scraping.match_scraper - INFO - Scrolling full scorecard page
2025-12-08 21:47:28 - core.page_navigator - INFO - Scrolling page 5 times
2025-12-08 21:47:41 - core.page_navigator - INFO - Page scrolling completed
2025-12-08 21:47:44 - scraping.match_scraper - INFO - Extracting metadata
2025-12-08 21:47:44 - core.metadata_extractor - INFO - Found 14 metadata rows for match 1473443
2025-12-08 21:47:44 - core.metadata_extractor - INFO - Extracted 15 metadata fields for match 1473443
2025-12-08 21:47:44 - scraping.match_scraper - INFO - Extracting player rosters...
2025-12-08 21:47:44 - scraping.player_extractor - INFO - Extracting players for match 1473443
2025-12-08 21:47:45 - core.metadata_extractor - INFO - Extracting player names for match 1473443
2025-12-08 21:47:45 - core.metadata_extractor - INFO - Found 2 scorecard table(s)
2025-12-08 21:47:45 - core.metadata_extractor - INFO -   innings_1 (Rajasthan Royals): 11 batted, 1 did not bat
2025-12-08 21:47:45 - core.metadata_extractor - INFO -   innings_2 (Kolkata Knight Riders): 4 batted, 7 did not bat
2025-12-08 21:47:45 - core.metadata_extractor - INFO -   Found 14 impact players/substitutes
2025-12-08 21:47:45 - core.metadata_extractor - INFO - Created DataFrame with 37 player records from 2 innings
2025-12-08 21:47:45 - scraping.player_extractor - INFO - Extracted 35 players for match 1473443
2025-12-08 21:47:45 - scraping.player_extractor - INFO -   Teams: Kolkata Knight Riders, Rajasthan Royals
2025-12-08 21:47:45 - scraping.player_extractor - INFO -   Batted: 13, Did not bat: 22
2025-12-08 21:47:45 - scraping.match_scraper - INFO - Stored 35 players
2025-12-08 21:47:45 - scraping.match_scraper - INFO -   - Kolkata Knight Riders
2025-12-08 21:47:45 - scraping.match_scraper - INFO -   - Rajasthan Royals
2025-12-08 21:47:45 - scraping.match_scraper - INFO - Loading commentary page - attempt 1
2025-12-08 21:47:54 - scraping.match_scraper - INFO - commentary page loaded successfully
2025-12-08 21:47:54 - scraping.match_scraper - INFO - Scrolling commentary page
2025-12-08 21:47:54 - core.page_navigator - INFO - Scrolling page 25 times
2025-12-08 21:48:45 - core.page_navigator - INFO - Page scrolling completed
2025-12-08 21:48:48 - scraping.match_scraper - INFO - Extracting first innings data
2025-12-08 21:48:48 - scraping.match_scraper - INFO - Default batting team: KKR
2025-12-08 21:48:49 - core.commentary_parser - INFO - Found 110 commentary blocks
2025-12-08 21:48:49 - core.commentary_parser - INFO - Parsed 110 commentary entries
2025-12-08 21:48:49 - core.commentary_parser - INFO - Created DataFrame with 110 rows
2025-12-08 21:48:49 - scraping.match_scraper - INFO - First innings: 110 events
2025-12-08 21:48:49 - core.page_navigator - INFO - Scrolling to top of page
2025-12-08 21:48:55 - scraping.match_scraper - INFO - Switching to second innings
2025-12-08 21:48:55 - core.page_navigator - INFO - Switching innings from: KKR
2025-12-08 21:49:29 - core.page_navigator - INFO - Switching to innings: RR
2025-12-08 21:49:32 - core.page_navigator - INFO - Successfully switched to RR
2025-12-08 21:49:32 - scraping.match_scraper - INFO - Switched batting team: RR
2025-12-08 21:49:37 - core.page_navigator - INFO - Scrolling page 25 times
2025-12-08 21:50:27 - core.page_navigator - INFO - Page scrolling completed
2025-12-08 21:50:31 - core.commentary_parser - INFO - Found 124 commentary blocks
2025-12-08 21:50:31 - core.commentary_parser - INFO - Parsed 124 commentary entries
2025-12-08 21:50:31 - core.commentary_parser - INFO - Created DataFrame with 124 rows
2025-12-08 21:50:31 - scraping.match_scraper - INFO - Second innings: 124 events
2025-12-08 21:50:31 - scraping.match_scraper - INFO - Saving commentary to database
2025-12-08 21:50:31 - scraping.match_scraper - INFO - Commentary saved: 234 total events
2025-12-08 21:50:31 - scraping.match_scraper - INFO - Saving metadata to database
2025-12-08 21:50:31 - scraping.match_scraper - INFO - Saving match players to database
2025-12-08 21:50:31 - scraping.match_scraper - INFO - Successfully completed scraping match 1473443
2025-12-08 21:50:31 - scraping.match_scraper - INFO - Closing WebDriver
2025-12-08 21:50:33 - __main__ - INFO - Successfully downloaded match 1473443
2025-12-08 21:50:33 - __main__ - INFO - Scraping complete - Found: 1, Downloaded: 1, Skipped: 0, Failed: 0
2025-12-08 21:50:33 - __main__ - INFO - STEP 4: Processing through Medallion Architecture
2025-12-08 21:50:33 - __main__ - INFO - Starting Medallion Architecture pipeline
2025-12-08 21:50:33 - pipeline.orchestrator - INFO - Pipeline Orchestrator initialized
2025-12-08 21:50:33 - pipeline.orchestrator - INFO - 
================================================================================
2025-12-08 21:50:33 - pipeline.orchestrator - INFO - MEDALLION ARCHITECTURE PIPELINE - STARTING
2025-12-08 21:50:33 - pipeline.orchestrator - INFO - ================================================================================
2025-12-08 21:50:33 - pipeline.orchestrator - INFO - Start Time: 2025-12-08 21:50:33.861000
2025-12-08 21:50:33 - pipeline.orchestrator - INFO - Layers to execute: bronze, silver, gold
2025-12-08 21:50:33 - pipeline.orchestrator - INFO - ================================================================================
2025-12-08 21:50:33 - medallionlayer.bronze_layer - INFO - Bronze Layer initialized - Run ID: e795629d-8e55-40fd-85d0-cb175fb22870
2025-12-08 21:50:33 - medallionlayer.bronze_layer - INFO - ======================================================================
2025-12-08 21:50:33 - medallionlayer.bronze_layer - INFO - BRONZE LAYER - Starting
2025-12-08 21:50:33 - medallionlayer.bronze_layer - INFO - ======================================================================
2025-12-08 21:50:33 - medallionlayer.bronze_layer - INFO - 
Processing table: match_metadata
2025-12-08 21:50:34 - medallionlayer.bronze_layer - INFO - Read 1 rows from raw.match_metadata
2025-12-08 21:50:34 - medallionlayer.bronze_layer - INFO -   No duplicates found based on ['matchid']
2025-12-08 21:50:34 - medallionlayer.bronze_layer - INFO - After quality checks: 1 rows (removed 0)
2025-12-08 21:50:34 - medallionlayer.bronze_layer - INFO - match_metadata: 1 rows ingested
2025-12-08 21:50:34 - medallionlayer.bronze_layer - INFO - 
Processing table: match_events
2025-12-08 21:50:34 - medallionlayer.bronze_layer - INFO - Read 234 rows from raw.match_events
2025-12-08 21:50:34 - medallionlayer.bronze_layer - INFO -   No duplicates found based on ['matchid', 'ball', 'innings', 'commentary']
2025-12-08 21:50:34 - medallionlayer.bronze_layer - INFO - After quality checks: 234 rows (removed 0)
2025-12-08 21:50:34 - medallionlayer.bronze_layer - INFO - match_events: 234 rows ingested
2025-12-08 21:50:34 - medallionlayer.bronze_layer - INFO - 
Processing table: match_players
2025-12-08 21:50:34 - medallionlayer.bronze_layer - INFO - Read 35 rows from raw.match_players
2025-12-08 21:50:34 - medallionlayer.bronze_layer - INFO -   No duplicates found based on ['matchid', 'innings', 'player_name']
2025-12-08 21:50:34 - medallionlayer.bronze_layer - INFO - After quality checks: 35 rows (removed 0)
2025-12-08 21:50:34 - medallionlayer.bronze_layer - INFO - match_players: 35 rows ingested
2025-12-08 21:50:34 - medallionlayer.bronze_layer - INFO - 
Validating innings data...
2025-12-08 21:50:34 - medallionlayer.bronze_layer - INFO - All matches have complete innings data
2025-12-08 21:50:34 - medallionlayer.bronze_layer - INFO - 
======================================================================
2025-12-08 21:50:34 - medallionlayer.bronze_layer - INFO - DATA QUALITY REPORT
2025-12-08 21:50:34 - medallionlayer.bronze_layer - INFO - ======================================================================
2025-12-08 21:50:34 - medallionlayer.bronze_layer - INFO - 
DUPLICATES REMOVED:
2025-12-08 21:50:34 - medallionlayer.bronze_layer - INFO -   match_metadata: No duplicates found
2025-12-08 21:50:34 - medallionlayer.bronze_layer - INFO -   match_events: No duplicates found
2025-12-08 21:50:34 - medallionlayer.bronze_layer - INFO -   match_players: No duplicates found
2025-12-08 21:50:34 - medallionlayer.bronze_layer - INFO - 
NULL VALUES FOUND:
2025-12-08 21:50:34 - medallionlayer.bronze_layer - INFO -   match_metadata: No null values in required columns
2025-12-08 21:50:34 - medallionlayer.bronze_layer - INFO -   match_events: No null values in required columns
2025-12-08 21:50:34 - medallionlayer.bronze_layer - INFO -   match_players: No null values in required columns
2025-12-08 21:50:34 - medallionlayer.bronze_layer - INFO - 
INNINGS VALIDATION:
2025-12-08 21:50:34 - medallionlayer.bronze_layer - INFO - All matches have complete innings data
2025-12-08 21:50:34 - medallionlayer.bronze_layer - INFO - ======================================================================

2025-12-08 21:50:34 - medallionlayer.bronze_layer - INFO - 
======================================================================
2025-12-08 21:50:34 - medallionlayer.bronze_layer - INFO - BRONZE LAYER - Complete
2025-12-08 21:50:34 - medallionlayer.bronze_layer - INFO - Tables Processed: 3/3
2025-12-08 21:50:34 - medallionlayer.bronze_layer - INFO - Total Rows: 270
2025-12-08 21:50:34 - medallionlayer.bronze_layer - INFO - ======================================================================
2025-12-08 21:50:34 - medallionlayer.silver_layer - INFO - Silver Layer initialized
2025-12-08 21:50:34 - medallionlayer.silver_layer - INFO - ======================================================================
2025-12-08 21:50:34 - medallionlayer.silver_layer - INFO - SILVER LAYER - Starting
2025-12-08 21:50:34 - medallionlayer.silver_layer - INFO - ======================================================================
2025-12-08 21:50:34 - medallionlayer.silver_layer - INFO - 
Processing table: match_metadata
2025-12-08 21:50:34 - medallionlayer.silver_layer - INFO - Read 1 rows from bronze.match_metadata
2025-12-08 21:50:34 - medallionlayer.silver_layer - INFO -   Cleaned columns: ['venue', 'series', 'toss', 'player_of_the_match']
2025-12-08 21:50:34 - medallionlayer.silver_layer - INFO - After transformations: 1 rows (removed 0)
2025-12-08 21:50:34 - medallionlayer.silver_layer - INFO -   Removed Bronze audit columns: ['ingestion_timestamp', 'source_system', 'pipeline_run_id', 'is_active']
2025-12-08 21:50:34 - medallionlayer.silver_layer - INFO - match_metadata: 1 rows processed
2025-12-08 21:50:34 - medallionlayer.silver_layer - INFO - 
Processing table: match_events
2025-12-08 21:50:34 - medallionlayer.silver_layer - INFO - Read 234 rows from bronze.match_events
2025-12-08 21:50:34 - medallionlayer.silver_layer - INFO -   Cleaned columns: ['bowler', 'batsman', 'commentary', 'innings']
2025-12-08 21:50:34 - medallionlayer.silver_layer - INFO -   Converting 'score' column to numeric...
2025-12-08 21:50:34 - medallionlayer.silver_layer - INFO -   Score conversion: 224 converted, 10 not converted (set to 0)
2025-12-08 21:50:34 - medallionlayer.silver_layer - INFO -   Extracting dismissal information...
2025-12-08 21:50:34 - medallionlayer.silver_layer - INFO -   Extracted dismissal info for 5 wickets
2025-12-08 21:50:34 - medallionlayer.silver_layer - INFO -   Enriching player names for columns: ['batsman', 'bowler', 'fielder_name']
2025-12-08 21:50:35 - medallionlayer.silver_layer - INFO -   Loaded 35 player records for enrichment
2025-12-08 21:50:35 - medallionlayer.silver_layer - INFO -   Enriching column: batsman
2025-12-08 21:50:35 - medallionlayer.silver_layer - INFO -   Enriching column: bowler
2025-12-08 21:50:36 - medallionlayer.silver_layer - INFO -   Enriching column: fielder_name
2025-12-08 21:50:36 - medallionlayer.silver_layer - INFO -   Enrichment results:
2025-12-08 21:50:36 - medallionlayer.silver_layer - INFO -     batsman: 225 enriched, 9 not found, 0 null
2025-12-08 21:50:36 - medallionlayer.silver_layer - INFO -     bowler: 228 enriched, 6 not found, 0 null
2025-12-08 21:50:36 - medallionlayer.silver_layer - INFO -     fielder_name: 3 enriched, 1 not found, 230 null
2025-12-08 21:50:36 - medallionlayer.silver_layer - INFO - Enriching innings with team names from bronze.match_players...
2025-12-08 21:50:36 - medallionlayer.silver_layer - INFO - Unique innings values in match_events: ['KKR' 'RR']
2025-12-08 21:50:36 - medallionlayer.silver_layer - INFO - Loaded 2 team-innings mappings from bronze.match_players
2025-12-08 21:50:36 - medallionlayer.silver_layer - INFO - Team-innings mappings from bronze:
2025-12-08 21:50:36 - medallionlayer.silver_layer - INFO -   Match 1473443, innings='innings_1' -> team='Rajasthan Royals'
2025-12-08 21:50:36 - medallionlayer.silver_layer - INFO -   Match 1473443, innings='innings_2' -> team='Kolkata Knight Riders'
2025-12-08 21:50:36 - medallionlayer.silver_layer - INFO - Created 2 direct mappings
2025-12-08 21:50:36 - medallionlayer.silver_layer - INFO - Created 4 abbreviation mappings
2025-12-08 21:50:36 - medallionlayer.silver_layer - INFO - Created 2 match-team mappings
2025-12-08 21:50:36 - medallionlayer.silver_layer - INFO - Enriched 234 records with team names from bronze.match_players
2025-12-08 21:50:36 - medallionlayer.silver_layer - INFO - Sample enriched records:
   matchid  ball                innings          batsman
0  1473443  17.3  Kolkata Knight Riders  Quinton de Kock
1  1473443  17.3  Kolkata Knight Riders  Quinton de Kock
2  1473443  17.3  Kolkata Knight Riders  Quinton de Kock
3  1473443  17.2  Kolkata Knight Riders  Quinton de Kock
4  1473443  17.1  Kolkata Knight Riders  Quinton de Kock
2025-12-08 21:50:36 - medallionlayer.silver_layer - INFO - Before/After comparison:
2025-12-08 21:50:36 - medallionlayer.silver_layer - INFO -   'KKR' -> 'Kolkata Knight Riders'
2025-12-08 21:50:36 - medallionlayer.silver_layer - INFO -   'KKR' -> 'Kolkata Knight Riders'
2025-12-08 21:50:36 - medallionlayer.silver_layer - INFO -   'KKR' -> 'Kolkata Knight Riders'
2025-12-08 21:50:36 - medallionlayer.silver_layer - INFO - Final innings distribution:
   matchid                innings  ball_count
0  1473443  Kolkata Knight Riders         110
1  1473443       Rajasthan Royals         124
2025-12-08 21:50:36 - medallionlayer.silver_layer - INFO - After transformations: 234 rows (removed 0)
2025-12-08 21:50:36 - medallionlayer.silver_layer - INFO -   Removed Bronze audit columns: ['ingestion_timestamp', 'source_system', 'pipeline_run_id', 'is_active']
2025-12-08 21:50:36 - medallionlayer.silver_layer - INFO - match_events: 234 rows processed
2025-12-08 21:50:36 - medallionlayer.silver_layer - INFO - 
Processing table: match_players
2025-12-08 21:50:36 - medallionlayer.silver_layer - INFO - Read 35 rows from bronze.match_players
2025-12-08 21:50:36 - medallionlayer.silver_layer - INFO -   Cleaned columns: ['player_name', 'team']
2025-12-08 21:50:36 - medallionlayer.silver_layer - INFO - After transformations: 35 rows (removed 0)
2025-12-08 21:50:36 - medallionlayer.silver_layer - INFO -   Removed Bronze audit columns: ['ingestion_timestamp', 'source_system', 'pipeline_run_id', 'is_active']
2025-12-08 21:50:36 - medallionlayer.silver_layer - INFO - match_players: 35 rows processed
2025-12-08 21:50:36 - medallionlayer.silver_layer - INFO - 
======================================================================
2025-12-08 21:50:36 - medallionlayer.silver_layer - INFO - SILVER LAYER - Complete
2025-12-08 21:50:36 - medallionlayer.silver_layer - INFO - Tables Processed: 3
2025-12-08 21:50:36 - medallionlayer.silver_layer - INFO - Total Rows: 270
2025-12-08 21:50:36 - medallionlayer.silver_layer - INFO - ======================================================================
2025-12-08 21:50:36 - medallionlayer.gold_layer - INFO - Gold Layer initialized
2025-12-08 21:50:36 - medallionlayer.gold_layer - INFO - ======================================================================
2025-12-08 21:50:36 - medallionlayer.gold_layer - INFO - GOLD LAYER - Starting
2025-12-08 21:50:36 - medallionlayer.gold_layer - INFO - ======================================================================
2025-12-08 21:50:36 - medallionlayer.gold_layer - INFO - 
Processing aggregation: match_summary
2025-12-08 21:50:36 - medallionlayer.gold_layer - INFO - Processing enhanced match summary...
2025-12-08 21:50:37 - medallionlayer.gold_layer - INFO - Successfully created 1 rows for match_summary
2025-12-08 21:50:37 - medallionlayer.gold_layer - INFO - 
Processing aggregation: series_summary
2025-12-08 21:50:37 - medallionlayer.gold_layer - INFO - Processing enhanced series summary...
2025-12-08 21:50:37 - medallionlayer.gold_layer - INFO - Successfully created 1 rows for series_summary
2025-12-08 21:50:37 - medallionlayer.gold_layer - INFO - 
Processing aggregation: venue_statistics
2025-12-08 21:50:37 - medallionlayer.gold_layer - INFO - Read 1 rows from silver.match_metadata
2025-12-08 21:50:37 - medallionlayer.gold_layer - INFO -   Aggregated to 1 rows
2025-12-08 21:50:37 - medallionlayer.gold_layer - INFO - Final DataFrame columns: ['venue', 'season', 'total_matches', 'created_at', 'updated_at']
2025-12-08 21:50:37 - medallionlayer.gold_layer - INFO - Successfully wrote 1 rows to gold.venue_statistics
2025-12-08 21:50:37 - medallionlayer.gold_layer - INFO - Successfully created 1 rows for venue_statistics
2025-12-08 21:50:37 - medallionlayer.gold_layer - INFO - 
Processing aggregation: match_ball_statistics
2025-12-08 21:50:37 - medallionlayer.gold_layer - INFO - Processing match ball statistics with wickets...
2025-12-08 21:50:37 - medallionlayer.gold_layer - INFO - Successfully created 2 rows for match_ball_statistics
2025-12-08 21:50:37 - medallionlayer.gold_layer - INFO - 
Processing aggregation: match_batsman_statistics
2025-12-08 21:50:37 - medallionlayer.gold_layer - INFO - Processing match batsman statistics with run distribution...
2025-12-08 21:50:38 - medallionlayer.gold_layer - INFO - Successfully created 15 rows for match_batsman_statistics
2025-12-08 21:50:38 - medallionlayer.gold_layer - INFO - 
Processing aggregation: match_bowler_statistics
2025-12-08 21:50:38 - medallionlayer.gold_layer - INFO - Processing match bowler statistics with wickets and extras...
2025-12-08 21:50:38 - medallionlayer.gold_layer - INFO - Successfully created 12 rows for match_bowler_statistics
2025-12-08 21:50:38 - medallionlayer.gold_layer - INFO - 
Processing aggregation: batsman_statistics
2025-12-08 21:50:38 - medallionlayer.gold_layer - INFO - Processing career batting statistics...
2025-12-08 21:50:38 - medallionlayer.gold_layer - INFO - Successfully created 15 rows for batsman_statistics
2025-12-08 21:50:38 - medallionlayer.gold_layer - INFO - 
Processing aggregation: bowler_statistics
2025-12-08 21:50:38 - medallionlayer.gold_layer - INFO - Processing career bowling statistics...
2025-12-08 21:50:38 - medallionlayer.gold_layer - INFO - Successfully created 12 rows for bowler_statistics
2025-12-08 21:50:38 - medallionlayer.gold_layer - INFO - 
Processing aggregation: player_team_history
2025-12-08 21:50:38 - medallionlayer.gold_layer - INFO - Processing SCD Type 2 (SQL MERGE) for player_team_history
2025-12-08 21:50:39 - medallionlayer.gold_layer - INFO - Read 35 rows from silver.match_players
2025-12-08 21:50:39 - medallionlayer.gold_layer - INFO - Season not in match_players, fetching from match_metadata
2025-12-08 21:50:39 - medallionlayer.gold_layer - INFO - Enriched with season data: 35 records
2025-12-08 21:50:39 - medallionlayer.gold_layer - INFO - Series not in match_players, fetching from match_metadata
2025-12-08 21:50:39 - medallionlayer.gold_layer - INFO - Enriched with series data: 35/35 records have series
2025-12-08 21:50:39 - medallionlayer.gold_layer - INFO - Built dimension with 35 player-team-season combinations
2025-12-08 21:50:39 - medallionlayer.gold_layer - INFO - Series column populated for 35/35 records
2025-12-08 21:50:39 - medallionlayer.gold_layer - INFO - Built 35 dimension records
2025-12-08 21:50:39 - medallionlayer.gold_layer - INFO - Creating staging table...
2025-12-08 21:50:39 - medallionlayer.gold_layer - INFO - Staging table created successfully
2025-12-08 21:50:39 - medallionlayer.gold_layer - INFO - Loading data into staging table...
2025-12-08 21:50:39 - medallionlayer.gold_layer - INFO - Loaded 35 records into staging
2025-12-08 21:50:39 - medallionlayer.gold_layer - INFO - Step 1/3: Expiring old records where player changed teams...
2025-12-08 21:50:39 - medallionlayer.gold_layer - INFO - Step 2/3: Updating existing current records...
2025-12-08 21:50:39 - medallionlayer.gold_layer - INFO - Step 3/3: Inserting new records...
2025-12-08 21:50:39 - medallionlayer.gold_layer - INFO - Inserted 35 new records
2025-12-08 21:50:39 - medallionlayer.gold_layer - INFO - ======================================================================
2025-12-08 21:50:39 - medallionlayer.gold_layer - INFO - SCD TYPE 2 MERGE COMPLETE
2025-12-08 21:50:39 - medallionlayer.gold_layer - INFO -   Expired: 0 records (player changed teams)
2025-12-08 21:50:39 - medallionlayer.gold_layer - INFO -   Updated: 0 records (accumulated stats)
2025-12-08 21:50:39 - medallionlayer.gold_layer - INFO -   Inserted: 35 records (new combinations)
2025-12-08 21:50:39 - medallionlayer.gold_layer - INFO -   Total: 35 records processed
2025-12-08 21:50:39 - medallionlayer.gold_layer - INFO - ======================================================================
2025-12-08 21:50:39 - medallionlayer.gold_layer - INFO - Successfully created 35 rows for player_team_history
2025-12-08 21:50:39 - medallionlayer.gold_layer - INFO - 
======================================================================
2025-12-08 21:50:39 - medallionlayer.gold_layer - INFO - GOLD LAYER - Complete
2025-12-08 21:50:39 - medallionlayer.gold_layer - INFO - Aggregations Processed: 9
2025-12-08 21:50:39 - medallionlayer.gold_layer - INFO - Total Rows: 94
2025-12-08 21:50:39 - medallionlayer.gold_layer - INFO - ======================================================================
2025-12-08 21:50:39 - pipeline.orchestrator - INFO - 
================================================================================
2025-12-08 21:50:39 - pipeline.orchestrator - INFO - PIPELINE EXECUTION SUMMARY
2025-12-08 21:50:39 - pipeline.orchestrator - INFO - ================================================================================
2025-12-08 21:50:39 - pipeline.orchestrator - INFO - Status: SUCCESS
2025-12-08 21:50:39 - pipeline.orchestrator - INFO - Duration: 5.62 seconds
2025-12-08 21:50:39 - pipeline.orchestrator - INFO - 
BRONZE Layer:
2025-12-08 21:50:39 - pipeline.orchestrator - INFO -   Status: success
2025-12-08 21:50:39 - pipeline.orchestrator - INFO -   Tables Processed: 3
2025-12-08 21:50:39 - pipeline.orchestrator - INFO -   Total Rows: 270
2025-12-08 21:50:39 - pipeline.orchestrator - INFO - 
SILVER Layer:
2025-12-08 21:50:39 - pipeline.orchestrator - INFO -   Status: success
2025-12-08 21:50:39 - pipeline.orchestrator - INFO -   Tables Processed: 3
2025-12-08 21:50:39 - pipeline.orchestrator - INFO -   Total Rows: 270
2025-12-08 21:50:39 - pipeline.orchestrator - INFO - 
GOLD Layer:
2025-12-08 21:50:39 - pipeline.orchestrator - INFO -   Status: success
2025-12-08 21:50:39 - pipeline.orchestrator - INFO -   Aggregations: 9
2025-12-08 21:50:39 - pipeline.orchestrator - INFO -   Total Rows: 94
2025-12-08 21:50:39 - pipeline.orchestrator - INFO - ================================================================================

2025-12-08 21:50:39 - __main__ - INFO - Pipeline completed - Status: success, Duration: 5.62s
2025-12-08 21:50:39 - __main__ - INFO - Pipeline completed successfully
2025-12-08 21:52:56 - __main__ - INFO - Cricket Data Pipeline Started
2025-12-08 21:52:56 - __main__ - INFO - STEP 1: Initializing database and schemas
2025-12-08 21:52:57 - configs.db_config - INFO - Initializing Medallion Architecture schemas...
2025-12-08 21:52:57 - configs.db_config - INFO - Medallion schemas (Bronze, Silver, Gold) initialized
2025-12-08 21:52:57 - __main__ - INFO - Database initialization complete
2025-12-08 21:52:57 - __main__ - INFO - STEP 2: Loading configuration
2025-12-08 21:52:57 - __main__ - INFO - Configuration loaded successfully
2025-12-08 21:52:57 - __main__ - INFO - STEP 3: Scraping data from Cricinfo
2025-12-08 21:52:57 - __main__ - INFO - Initializing match tracker
2025-12-08 21:52:57 - __main__ - INFO - Current Status: 0 matches already downloaded
2025-12-08 21:52:57 - __main__ - INFO - Fetching match schedule from Cricinfo
2025-12-08 21:52:57 - scraping.schedule_scraper - INFO - Initializing WebDriver for schedule scraping
2025-12-08 21:53:00 - scraping.schedule_scraper - INFO - Loading schedule page - attempt 1
2025-12-08 21:53:11 - scraping.schedule_scraper - INFO - Schedule page loaded successfully
2025-12-08 21:53:11 - scraping.schedule_scraper - INFO - Parsing schedule page with BeautifulSoup
2025-12-08 21:53:20 - scraping.schedule_scraper - INFO - Extracting match links from schedule
2025-12-08 21:53:20 - scraping.schedule_scraper - INFO - Successfully extracted 105 match links
2025-12-08 21:53:20 - scraping.schedule_scraper - INFO - Closing WebDriver
2025-12-08 21:53:22 - __main__ - INFO - Found 105 total links
2025-12-08 21:53:22 - __main__ - INFO - Found 1 match scorecards
2025-12-08 21:53:22 - __main__ - INFO - Starting match scraping process with retry logic
2025-12-08 21:53:22 - __main__ - INFO - Processing match 1/1: https://www.espncricinfo.com/series/ipl-2025-1449924/rajasthan-royals-vs-kolkata-knight-riders-6th-match-1473443/full-scorecard
2025-12-08 21:53:23 - __main__ - INFO - Attempting to download match 1473443 (attempt 1/4)
2025-12-08 21:53:23 - scraping.player_extractor - INFO - PlayerExtractor initialized - Target: raw.match_players
2025-12-08 21:53:23 - scraping.match_scraper - INFO - Initializing WebDriver
2025-12-08 21:53:27 - scraping.match_scraper - INFO - Loading full scorecard - attempt 1
2025-12-08 21:53:40 - scraping.match_scraper - INFO - full scorecard loaded successfully
2025-12-08 21:53:40 - scraping.match_scraper - INFO - Scrolling full scorecard page
2025-12-08 21:53:40 - core.page_navigator - INFO - Scrolling page 5 times
2025-12-08 21:53:57 - core.page_navigator - INFO - Page scrolling completed
2025-12-08 21:54:00 - scraping.match_scraper - INFO - Extracting metadata
2025-12-08 21:54:01 - core.metadata_extractor - INFO - Found 14 metadata rows for match 1473443
2025-12-08 21:54:01 - core.metadata_extractor - INFO - Extracted 15 metadata fields for match 1473443
2025-12-08 21:54:01 - scraping.match_scraper - INFO - Extracting player rosters...
2025-12-08 21:54:01 - scraping.player_extractor - INFO - Extracting players for match 1473443
2025-12-08 21:54:02 - core.metadata_extractor - INFO - Extracting player names for match 1473443
2025-12-08 21:54:02 - core.metadata_extractor - INFO - Found 2 scorecard table(s)
2025-12-08 21:54:02 - core.metadata_extractor - INFO -   innings_1 (Rajasthan Royals): 11 batted, 1 did not bat
2025-12-08 21:54:02 - core.metadata_extractor - INFO -   innings_2 (Kolkata Knight Riders): 4 batted, 7 did not bat
2025-12-08 21:54:02 - core.metadata_extractor - INFO -   Found 14 impact players/substitutes
2025-12-08 21:54:02 - core.metadata_extractor - INFO - Created DataFrame with 37 player records from 2 innings
2025-12-08 21:54:02 - scraping.player_extractor - INFO - Extracted 35 players for match 1473443
2025-12-08 21:54:02 - scraping.player_extractor - INFO -   Teams: Kolkata Knight Riders, Rajasthan Royals
2025-12-08 21:54:02 - scraping.player_extractor - INFO -   Batted: 13, Did not bat: 22
2025-12-08 21:54:02 - scraping.match_scraper - INFO - Stored 35 players
2025-12-08 21:54:02 - scraping.match_scraper - INFO -   - Kolkata Knight Riders
2025-12-08 21:54:02 - scraping.match_scraper - INFO -   - Rajasthan Royals
2025-12-08 21:54:02 - scraping.match_scraper - INFO - Loading commentary page - attempt 1
2025-12-08 21:54:11 - scraping.match_scraper - INFO - commentary page loaded successfully
2025-12-08 21:54:11 - scraping.match_scraper - INFO - Scrolling commentary page
2025-12-08 21:54:11 - core.page_navigator - INFO - Scrolling page 25 times
2025-12-08 21:55:02 - core.page_navigator - INFO - Page scrolling completed
2025-12-08 21:55:05 - scraping.match_scraper - INFO - Extracting first innings data
2025-12-08 21:55:05 - scraping.match_scraper - INFO - Default batting team: KKR
2025-12-08 21:55:06 - core.commentary_parser - INFO - Found 36 commentary blocks
2025-12-08 21:55:06 - core.commentary_parser - INFO - Parsed 36 commentary entries
2025-12-08 21:55:06 - core.commentary_parser - INFO - Created DataFrame with 36 rows
2025-12-08 21:55:06 - scraping.match_scraper - INFO - First innings: 36 events
2025-12-08 21:55:06 - core.page_navigator - INFO - Scrolling to top of page
2025-12-08 21:55:12 - scraping.match_scraper - INFO - Switching to second innings
2025-12-08 21:55:12 - core.page_navigator - INFO - Switching innings from: KKR
2025-12-08 21:55:46 - core.page_navigator - INFO - Switching to innings: RR
2025-12-08 21:55:49 - core.page_navigator - INFO - Successfully switched to RR
2025-12-08 21:55:49 - scraping.match_scraper - INFO - Switched batting team: RR
2025-12-08 21:55:54 - core.page_navigator - INFO - Scrolling page 25 times
2025-12-08 21:56:44 - core.page_navigator - INFO - Page scrolling completed
2025-12-08 21:56:48 - core.commentary_parser - INFO - Found 124 commentary blocks
2025-12-08 21:56:48 - core.commentary_parser - INFO - Parsed 124 commentary entries
2025-12-08 21:56:48 - core.commentary_parser - INFO - Created DataFrame with 124 rows
2025-12-08 21:56:48 - scraping.match_scraper - INFO - Second innings: 124 events
2025-12-08 21:56:48 - scraping.match_scraper - INFO - Saving commentary to database
2025-12-08 21:56:49 - scraping.match_scraper - INFO - Commentary saved: 160 total events
2025-12-08 21:56:49 - scraping.match_scraper - INFO - Saving metadata to database
2025-12-08 21:56:49 - scraping.match_scraper - INFO - Saving match players to database
2025-12-08 21:56:49 - scraping.match_scraper - INFO - Successfully completed scraping match 1473443
2025-12-08 21:56:49 - scraping.match_scraper - INFO - Closing WebDriver
2025-12-08 21:56:53 - __main__ - INFO - Successfully downloaded match 1473443
2025-12-08 21:56:53 - __main__ - INFO - Scraping complete - Found: 1, Downloaded: 1, Skipped: 0, Failed: 0
2025-12-08 21:56:53 - __main__ - INFO - STEP 4: Processing through Medallion Architecture
2025-12-08 21:56:53 - __main__ - INFO - Starting Medallion Architecture pipeline
2025-12-08 21:56:53 - pipeline.orchestrator - INFO - Pipeline Orchestrator initialized
2025-12-08 21:56:53 - pipeline.orchestrator - INFO - 
================================================================================
2025-12-08 21:56:53 - pipeline.orchestrator - INFO - MEDALLION ARCHITECTURE PIPELINE - STARTING
2025-12-08 21:56:53 - pipeline.orchestrator - INFO - ================================================================================
2025-12-08 21:56:53 - pipeline.orchestrator - INFO - Start Time: 2025-12-08 21:56:53.394013
2025-12-08 21:56:53 - pipeline.orchestrator - INFO - Layers to execute: bronze, silver, gold
2025-12-08 21:56:53 - pipeline.orchestrator - INFO - ================================================================================
2025-12-08 21:56:53 - medallionlayer.bronze_layer - INFO - Bronze Layer initialized - Run ID: d2da68a7-f396-412c-a85d-dd3bc598f521
2025-12-08 21:56:53 - medallionlayer.bronze_layer - INFO - ======================================================================
2025-12-08 21:56:53 - medallionlayer.bronze_layer - INFO - BRONZE LAYER - Starting
2025-12-08 21:56:53 - medallionlayer.bronze_layer - INFO - ======================================================================
2025-12-08 21:56:53 - medallionlayer.bronze_layer - INFO - 
Processing table: match_metadata
2025-12-08 21:56:53 - medallionlayer.bronze_layer - INFO - Read 1 rows from raw.match_metadata
2025-12-08 21:56:53 - medallionlayer.bronze_layer - INFO -   No duplicates found based on ['matchid']
2025-12-08 21:56:53 - medallionlayer.bronze_layer - INFO - After quality checks: 1 rows (removed 0)
2025-12-08 21:56:54 - medallionlayer.bronze_layer - INFO - match_metadata: 1 rows ingested
2025-12-08 21:56:54 - medallionlayer.bronze_layer - INFO - 
Processing table: match_events
2025-12-08 21:56:54 - medallionlayer.bronze_layer - INFO - Read 160 rows from raw.match_events
2025-12-08 21:56:54 - medallionlayer.bronze_layer - INFO -   No duplicates found based on ['matchid', 'ball', 'innings', 'commentary']
2025-12-08 21:56:54 - medallionlayer.bronze_layer - INFO - After quality checks: 160 rows (removed 0)
2025-12-08 21:56:54 - medallionlayer.bronze_layer - INFO - match_events: 160 rows ingested
2025-12-08 21:56:54 - medallionlayer.bronze_layer - INFO - 
Processing table: match_players
2025-12-08 21:56:54 - medallionlayer.bronze_layer - INFO - Read 35 rows from raw.match_players
2025-12-08 21:56:54 - medallionlayer.bronze_layer - INFO -   No duplicates found based on ['matchid', 'innings', 'player_name']
2025-12-08 21:56:54 - medallionlayer.bronze_layer - INFO - After quality checks: 35 rows (removed 0)
2025-12-08 21:56:54 - medallionlayer.bronze_layer - INFO - match_players: 35 rows ingested
2025-12-08 21:56:54 - medallionlayer.bronze_layer - INFO - 
Validating innings data...
2025-12-08 21:56:54 - medallionlayer.bronze_layer - INFO - All matches have complete innings data
2025-12-08 21:56:54 - medallionlayer.bronze_layer - INFO - 
======================================================================
2025-12-08 21:56:54 - medallionlayer.bronze_layer - INFO - DATA QUALITY REPORT
2025-12-08 21:56:54 - medallionlayer.bronze_layer - INFO - ======================================================================
2025-12-08 21:56:54 - medallionlayer.bronze_layer - INFO - 
DUPLICATES REMOVED:
2025-12-08 21:56:54 - medallionlayer.bronze_layer - INFO -   match_metadata: No duplicates found
2025-12-08 21:56:54 - medallionlayer.bronze_layer - INFO -   match_events: No duplicates found
2025-12-08 21:56:54 - medallionlayer.bronze_layer - INFO -   match_players: No duplicates found
2025-12-08 21:56:54 - medallionlayer.bronze_layer - INFO - 
NULL VALUES FOUND:
2025-12-08 21:56:54 - medallionlayer.bronze_layer - INFO -   match_metadata: No null values in required columns
2025-12-08 21:56:54 - medallionlayer.bronze_layer - INFO -   match_events: No null values in required columns
2025-12-08 21:56:54 - medallionlayer.bronze_layer - INFO -   match_players: No null values in required columns
2025-12-08 21:56:54 - medallionlayer.bronze_layer - INFO - 
INNINGS VALIDATION:
2025-12-08 21:56:54 - medallionlayer.bronze_layer - INFO - All matches have complete innings data
2025-12-08 21:56:54 - medallionlayer.bronze_layer - INFO - ======================================================================

2025-12-08 21:56:54 - medallionlayer.bronze_layer - INFO - 
======================================================================
2025-12-08 21:56:54 - medallionlayer.bronze_layer - INFO - BRONZE LAYER - Complete
2025-12-08 21:56:54 - medallionlayer.bronze_layer - INFO - Tables Processed: 3/3
2025-12-08 21:56:54 - medallionlayer.bronze_layer - INFO - Total Rows: 196
2025-12-08 21:56:54 - medallionlayer.bronze_layer - INFO - ======================================================================
2025-12-08 21:56:54 - medallionlayer.silver_layer - INFO - Silver Layer initialized
2025-12-08 21:56:54 - medallionlayer.silver_layer - INFO - ======================================================================
2025-12-08 21:56:54 - medallionlayer.silver_layer - INFO - SILVER LAYER - Starting
2025-12-08 21:56:54 - medallionlayer.silver_layer - INFO - ======================================================================
2025-12-08 21:56:54 - medallionlayer.silver_layer - INFO - 
Processing table: match_metadata
2025-12-08 21:56:54 - medallionlayer.silver_layer - INFO - Read 1 rows from bronze.match_metadata
2025-12-08 21:56:54 - medallionlayer.silver_layer - INFO -   Cleaned columns: ['venue', 'series', 'toss', 'player_of_the_match']
2025-12-08 21:56:54 - medallionlayer.silver_layer - INFO - After transformations: 1 rows (removed 0)
2025-12-08 21:56:54 - medallionlayer.silver_layer - INFO -   Removed Bronze audit columns: ['ingestion_timestamp', 'source_system', 'pipeline_run_id', 'is_active']
2025-12-08 21:56:55 - medallionlayer.silver_layer - INFO - match_metadata: 1 rows processed
2025-12-08 21:56:55 - medallionlayer.silver_layer - INFO - 
Processing table: match_events
2025-12-08 21:56:55 - medallionlayer.silver_layer - INFO - Read 160 rows from bronze.match_events
2025-12-08 21:56:55 - medallionlayer.silver_layer - INFO -   Cleaned columns: ['bowler', 'batsman', 'commentary', 'innings']
2025-12-08 21:56:55 - medallionlayer.silver_layer - INFO -   Converting 'score' column to numeric...
2025-12-08 21:56:55 - medallionlayer.silver_layer - INFO -   Score conversion: 151 converted, 9 not converted (set to 0)
2025-12-08 21:56:55 - medallionlayer.silver_layer - INFO -   Extracting dismissal information...
2025-12-08 21:56:55 - medallionlayer.silver_layer - INFO -   Extracted dismissal info for 4 wickets
2025-12-08 21:56:55 - medallionlayer.silver_layer - INFO -   Enriching player names for columns: ['batsman', 'bowler', 'fielder_name']
2025-12-08 21:56:55 - medallionlayer.silver_layer - INFO -   Loaded 35 player records for enrichment
2025-12-08 21:56:55 - medallionlayer.silver_layer - INFO -   Enriching column: batsman
2025-12-08 21:56:56 - medallionlayer.silver_layer - INFO -   Enriching column: bowler
2025-12-08 21:56:56 - medallionlayer.silver_layer - INFO -   Enriching column: fielder_name
2025-12-08 21:56:56 - medallionlayer.silver_layer - INFO -   Enrichment results:
2025-12-08 21:56:56 - medallionlayer.silver_layer - INFO -     batsman: 151 enriched, 9 not found, 0 null
2025-12-08 21:56:56 - medallionlayer.silver_layer - INFO -     bowler: 154 enriched, 6 not found, 0 null
2025-12-08 21:56:56 - medallionlayer.silver_layer - INFO -     fielder_name: 3 enriched, 0 not found, 157 null
2025-12-08 21:56:56 - medallionlayer.silver_layer - INFO - Enriching innings with team names from bronze.match_players...
2025-12-08 21:56:56 - medallionlayer.silver_layer - INFO - Unique innings values in match_events: ['KKR' 'RR']
2025-12-08 21:56:56 - medallionlayer.silver_layer - INFO - Loaded 2 team-innings mappings from bronze.match_players
2025-12-08 21:56:56 - medallionlayer.silver_layer - INFO - Team-innings mappings from bronze:
2025-12-08 21:56:56 - medallionlayer.silver_layer - INFO -   Match 1473443, innings='innings_1' -> team='Rajasthan Royals'
2025-12-08 21:56:56 - medallionlayer.silver_layer - INFO -   Match 1473443, innings='innings_2' -> team='Kolkata Knight Riders'
2025-12-08 21:56:56 - medallionlayer.silver_layer - INFO - Created 2 direct mappings
2025-12-08 21:56:56 - medallionlayer.silver_layer - INFO - Created 4 abbreviation mappings
2025-12-08 21:56:56 - medallionlayer.silver_layer - INFO - Created 2 match-team mappings
2025-12-08 21:56:56 - medallionlayer.silver_layer - INFO - Enriched 160 records with team names from bronze.match_players
2025-12-08 21:56:56 - medallionlayer.silver_layer - INFO - Sample enriched records:
   matchid  ball                innings          batsman
0  1473443  17.3  Kolkata Knight Riders  Quinton de Kock
1  1473443  17.3  Kolkata Knight Riders  Quinton de Kock
2  1473443  17.3  Kolkata Knight Riders  Quinton de Kock
3  1473443  17.2  Kolkata Knight Riders  Quinton de Kock
4  1473443  17.1  Kolkata Knight Riders  Quinton de Kock
2025-12-08 21:56:56 - medallionlayer.silver_layer - INFO - Before/After comparison:
2025-12-08 21:56:56 - medallionlayer.silver_layer - INFO -   'KKR' -> 'Kolkata Knight Riders'
2025-12-08 21:56:56 - medallionlayer.silver_layer - INFO -   'KKR' -> 'Kolkata Knight Riders'
2025-12-08 21:56:56 - medallionlayer.silver_layer - INFO -   'KKR' -> 'Kolkata Knight Riders'
2025-12-08 21:56:56 - medallionlayer.silver_layer - INFO - Final innings distribution:
   matchid                innings  ball_count
0  1473443  Kolkata Knight Riders          36
1  1473443       Rajasthan Royals         124
2025-12-08 21:56:56 - medallionlayer.silver_layer - INFO - After transformations: 160 rows (removed 0)
2025-12-08 21:56:56 - medallionlayer.silver_layer - INFO -   Removed Bronze audit columns: ['ingestion_timestamp', 'source_system', 'pipeline_run_id', 'is_active']
2025-12-08 21:56:56 - medallionlayer.silver_layer - INFO - match_events: 160 rows processed
2025-12-08 21:56:56 - medallionlayer.silver_layer - INFO - 
Processing table: match_players
2025-12-08 21:56:56 - medallionlayer.silver_layer - INFO - Read 35 rows from bronze.match_players
2025-12-08 21:56:56 - medallionlayer.silver_layer - INFO -   Cleaned columns: ['player_name', 'team']
2025-12-08 21:56:57 - medallionlayer.silver_layer - INFO - After transformations: 35 rows (removed 0)
2025-12-08 21:56:57 - medallionlayer.silver_layer - INFO -   Removed Bronze audit columns: ['ingestion_timestamp', 'source_system', 'pipeline_run_id', 'is_active']
2025-12-08 21:56:57 - medallionlayer.silver_layer - INFO - match_players: 35 rows processed
2025-12-08 21:56:57 - medallionlayer.silver_layer - INFO - 
======================================================================
2025-12-08 21:56:57 - medallionlayer.silver_layer - INFO - SILVER LAYER - Complete
2025-12-08 21:56:57 - medallionlayer.silver_layer - INFO - Tables Processed: 3
2025-12-08 21:56:57 - medallionlayer.silver_layer - INFO - Total Rows: 196
2025-12-08 21:56:57 - medallionlayer.silver_layer - INFO - ======================================================================
2025-12-08 21:56:57 - medallionlayer.gold_layer - INFO - Gold Layer initialized
2025-12-08 21:56:57 - medallionlayer.gold_layer - INFO - ======================================================================
2025-12-08 21:56:57 - medallionlayer.gold_layer - INFO - GOLD LAYER - Starting
2025-12-08 21:56:57 - medallionlayer.gold_layer - INFO - ======================================================================
2025-12-08 21:56:57 - medallionlayer.gold_layer - INFO - 
Processing aggregation: match_summary
2025-12-08 21:56:57 - medallionlayer.gold_layer - INFO - Processing enhanced match summary...
2025-12-08 21:56:57 - medallionlayer.gold_layer - INFO - Successfully created 1 rows for match_summary
2025-12-08 21:56:57 - medallionlayer.gold_layer - INFO - 
Processing aggregation: series_summary
2025-12-08 21:56:57 - medallionlayer.gold_layer - INFO - Processing enhanced series summary...
2025-12-08 21:56:57 - medallionlayer.gold_layer - INFO - Successfully created 1 rows for series_summary
2025-12-08 21:56:57 - medallionlayer.gold_layer - INFO - 
Processing aggregation: venue_statistics
2025-12-08 21:56:57 - medallionlayer.gold_layer - INFO - Read 1 rows from silver.match_metadata
2025-12-08 21:56:57 - medallionlayer.gold_layer - INFO -   Aggregated to 1 rows
2025-12-08 21:56:57 - medallionlayer.gold_layer - INFO - Final DataFrame columns: ['venue', 'season', 'total_matches', 'created_at', 'updated_at']
2025-12-08 21:56:57 - medallionlayer.gold_layer - INFO - Successfully wrote 1 rows to gold.venue_statistics
2025-12-08 21:56:57 - medallionlayer.gold_layer - INFO - Successfully created 1 rows for venue_statistics
2025-12-08 21:56:57 - medallionlayer.gold_layer - INFO - 
Processing aggregation: match_ball_statistics
2025-12-08 21:56:57 - medallionlayer.gold_layer - INFO - Processing match ball statistics with wickets...
2025-12-08 21:56:58 - medallionlayer.gold_layer - INFO - Successfully created 2 rows for match_ball_statistics
2025-12-08 21:56:58 - medallionlayer.gold_layer - INFO - 
Processing aggregation: match_batsman_statistics
2025-12-08 21:56:58 - medallionlayer.gold_layer - INFO - Processing match batsman statistics with run distribution...
2025-12-08 21:56:58 - medallionlayer.gold_layer - INFO - Successfully created 13 rows for match_batsman_statistics
2025-12-08 21:56:58 - medallionlayer.gold_layer - INFO - 
Processing aggregation: match_bowler_statistics
2025-12-08 21:56:58 - medallionlayer.gold_layer - INFO - Processing match bowler statistics with wickets and extras...
2025-12-08 21:56:58 - medallionlayer.gold_layer - INFO - Successfully created 11 rows for match_bowler_statistics
2025-12-08 21:56:58 - medallionlayer.gold_layer - INFO - 
Processing aggregation: batsman_statistics
2025-12-08 21:56:58 - medallionlayer.gold_layer - INFO - Processing career batting statistics...
2025-12-08 21:56:58 - medallionlayer.gold_layer - INFO - Successfully created 13 rows for batsman_statistics
2025-12-08 21:56:58 - medallionlayer.gold_layer - INFO - 
Processing aggregation: bowler_statistics
2025-12-08 21:56:58 - medallionlayer.gold_layer - INFO - Processing career bowling statistics...
2025-12-08 21:56:59 - medallionlayer.gold_layer - INFO - Successfully created 11 rows for bowler_statistics
2025-12-08 21:56:59 - medallionlayer.gold_layer - INFO - 
Processing aggregation: player_team_history
2025-12-08 21:56:59 - medallionlayer.gold_layer - INFO - Processing SCD Type 2 (SQL MERGE) for player_team_history
2025-12-08 21:56:59 - medallionlayer.gold_layer - INFO - Read 35 rows from silver.match_players
2025-12-08 21:56:59 - medallionlayer.gold_layer - INFO - Season not in match_players, fetching from match_metadata
2025-12-08 21:56:59 - medallionlayer.gold_layer - INFO - Enriched with season data: 35 records
2025-12-08 21:56:59 - medallionlayer.gold_layer - INFO - Series not in match_players, fetching from match_metadata
2025-12-08 21:56:59 - medallionlayer.gold_layer - INFO - Enriched with series data: 35/35 records have series
2025-12-08 21:56:59 - medallionlayer.gold_layer - INFO - Built dimension with 35 player-team-season combinations
2025-12-08 21:56:59 - medallionlayer.gold_layer - INFO - Series column populated for 35/35 records
2025-12-08 21:56:59 - medallionlayer.gold_layer - INFO - Built 35 dimension records
2025-12-08 21:56:59 - medallionlayer.gold_layer - INFO - Creating staging table...
2025-12-08 21:56:59 - medallionlayer.gold_layer - INFO - Staging table created successfully
2025-12-08 21:56:59 - medallionlayer.gold_layer - INFO - Loading data into staging table...
2025-12-08 21:56:59 - medallionlayer.gold_layer - INFO - Loaded 35 records into staging
2025-12-08 21:56:59 - medallionlayer.gold_layer - INFO - Step 1/3: Expiring old records where player changed teams...
2025-12-08 21:57:00 - medallionlayer.gold_layer - INFO - Step 2/3: Updating existing current records...
2025-12-08 21:57:00 - medallionlayer.gold_layer - INFO - Step 3/3: Inserting new records...
2025-12-08 21:57:00 - medallionlayer.gold_layer - INFO - Inserted 35 new records
2025-12-08 21:57:00 - medallionlayer.gold_layer - INFO - ======================================================================
2025-12-08 21:57:00 - medallionlayer.gold_layer - INFO - SCD TYPE 2 MERGE COMPLETE
2025-12-08 21:57:00 - medallionlayer.gold_layer - INFO -   Expired: 0 records (player changed teams)
2025-12-08 21:57:00 - medallionlayer.gold_layer - INFO -   Updated: 0 records (accumulated stats)
2025-12-08 21:57:00 - medallionlayer.gold_layer - INFO -   Inserted: 35 records (new combinations)
2025-12-08 21:57:00 - medallionlayer.gold_layer - INFO -   Total: 35 records processed
2025-12-08 21:57:00 - medallionlayer.gold_layer - INFO - ======================================================================
2025-12-08 21:57:00 - medallionlayer.gold_layer - INFO - Successfully created 35 rows for player_team_history
2025-12-08 21:57:00 - medallionlayer.gold_layer - INFO - 
======================================================================
2025-12-08 21:57:00 - medallionlayer.gold_layer - INFO - GOLD LAYER - Complete
2025-12-08 21:57:00 - medallionlayer.gold_layer - INFO - Aggregations Processed: 9
2025-12-08 21:57:00 - medallionlayer.gold_layer - INFO - Total Rows: 88
2025-12-08 21:57:00 - medallionlayer.gold_layer - INFO - ======================================================================
2025-12-08 21:57:00 - pipeline.orchestrator - INFO - 
================================================================================
2025-12-08 21:57:00 - pipeline.orchestrator - INFO - PIPELINE EXECUTION SUMMARY
2025-12-08 21:57:00 - pipeline.orchestrator - INFO - ================================================================================
2025-12-08 21:57:00 - pipeline.orchestrator - INFO - Status: SUCCESS
2025-12-08 21:57:00 - pipeline.orchestrator - INFO - Duration: 6.63 seconds
2025-12-08 21:57:00 - pipeline.orchestrator - INFO - 
BRONZE Layer:
2025-12-08 21:57:00 - pipeline.orchestrator - INFO -   Status: success
2025-12-08 21:57:00 - pipeline.orchestrator - INFO -   Tables Processed: 3
2025-12-08 21:57:00 - pipeline.orchestrator - INFO -   Total Rows: 196
2025-12-08 21:57:00 - pipeline.orchestrator - INFO - 
SILVER Layer:
2025-12-08 21:57:00 - pipeline.orchestrator - INFO -   Status: success
2025-12-08 21:57:00 - pipeline.orchestrator - INFO -   Tables Processed: 3
2025-12-08 21:57:00 - pipeline.orchestrator - INFO -   Total Rows: 196
2025-12-08 21:57:00 - pipeline.orchestrator - INFO - 
GOLD Layer:
2025-12-08 21:57:00 - pipeline.orchestrator - INFO -   Status: success
2025-12-08 21:57:00 - pipeline.orchestrator - INFO -   Aggregations: 9
2025-12-08 21:57:00 - pipeline.orchestrator - INFO -   Total Rows: 88
2025-12-08 21:57:00 - pipeline.orchestrator - INFO - ================================================================================

2025-12-08 21:57:00 - __main__ - INFO - Pipeline completed - Status: success, Duration: 6.63s
2025-12-08 21:57:00 - __main__ - INFO - Pipeline completed successfully
2025-12-08 22:02:58 - __main__ - INFO - Cricket Data Pipeline Started
2025-12-08 22:02:58 - __main__ - INFO - STEP 1: Initializing database and schemas
2025-12-08 22:02:59 - configs.db_config - INFO - Initializing Medallion Architecture schemas...
2025-12-08 22:03:00 - configs.db_config - INFO - Medallion schemas (Bronze, Silver, Gold) initialized
2025-12-08 22:03:00 - __main__ - INFO - Database initialization complete
2025-12-08 22:03:00 - __main__ - INFO - STEP 2: Loading configuration
2025-12-08 22:03:00 - __main__ - INFO - Configuration loaded successfully
2025-12-08 22:03:00 - __main__ - INFO - STEP 3: Scraping data from Cricinfo
2025-12-08 22:03:00 - __main__ - INFO - Initializing match tracker
2025-12-08 22:03:00 - __main__ - INFO - Current Status: 0 matches already downloaded
2025-12-08 22:03:00 - __main__ - INFO - Fetching match schedule from Cricinfo
2025-12-08 22:03:00 - scraping.schedule_scraper - INFO - Initializing WebDriver for schedule scraping
2025-12-08 22:03:03 - scraping.schedule_scraper - INFO - Loading schedule page - attempt 1
2025-12-08 22:03:14 - scraping.schedule_scraper - INFO - Schedule page loaded successfully
2025-12-08 22:03:14 - scraping.schedule_scraper - INFO - Parsing schedule page with BeautifulSoup
2025-12-08 22:03:17 - scraping.schedule_scraper - INFO - Extracting match links from schedule
2025-12-08 22:03:17 - scraping.schedule_scraper - INFO - Successfully extracted 105 match links
2025-12-08 22:03:17 - scraping.schedule_scraper - INFO - Closing WebDriver
2025-12-08 22:03:20 - __main__ - INFO - Found 105 total links
2025-12-08 22:03:20 - __main__ - INFO - Found 2 match scorecards
2025-12-08 22:03:20 - __main__ - INFO - Starting match scraping process with retry logic
2025-12-08 22:03:20 - __main__ - INFO - Processing match 1/2: https://www.espncricinfo.com/series/ipl-2025-1449924/rajasthan-royals-vs-kolkata-knight-riders-6th-match-1473443/full-scorecard
2025-12-08 22:03:20 - __main__ - INFO - Attempting to download match 1473443 (attempt 1/4)
2025-12-08 22:03:20 - scraping.player_extractor - INFO - PlayerExtractor initialized - Target: raw.match_players
2025-12-08 22:03:20 - scraping.match_scraper - INFO - Initializing WebDriver
2025-12-08 22:03:23 - scraping.match_scraper - INFO - Loading full scorecard - attempt 1
2025-12-08 22:03:34 - scraping.match_scraper - INFO - full scorecard loaded successfully
2025-12-08 22:03:34 - scraping.match_scraper - INFO - Scrolling full scorecard page
2025-12-08 22:03:34 - core.page_navigator - INFO - Scrolling page 5 times
2025-12-08 22:04:25 - scraping.match_scraper - INFO - Closing WebDriver
2025-12-08 22:04:37 - __main__ - INFO - Cricket Data Pipeline Started
2025-12-08 22:04:37 - __main__ - INFO - STEP 1: Initializing database and schemas
2025-12-08 22:04:38 - configs.db_config - INFO - Initializing Medallion Architecture schemas...
2025-12-08 22:04:39 - configs.db_config - INFO - Medallion schemas (Bronze, Silver, Gold) initialized
2025-12-08 22:04:39 - __main__ - INFO - Database initialization complete
2025-12-08 22:04:39 - __main__ - INFO - STEP 2: Loading configuration
2025-12-08 22:04:39 - __main__ - INFO - Configuration loaded successfully
2025-12-08 22:04:39 - __main__ - INFO - STEP 3: Scraping data from Cricinfo
2025-12-08 22:04:39 - __main__ - INFO - Initializing match tracker
2025-12-08 22:04:39 - __main__ - INFO - Current Status: 0 matches already downloaded
2025-12-08 22:04:39 - __main__ - INFO - Fetching match schedule from Cricinfo
2025-12-08 22:04:39 - scraping.schedule_scraper - INFO - Initializing WebDriver for schedule scraping
2025-12-08 22:04:42 - scraping.schedule_scraper - INFO - Loading schedule page - attempt 1
2025-12-08 22:04:56 - scraping.schedule_scraper - INFO - Schedule page loaded successfully
2025-12-08 22:04:56 - scraping.schedule_scraper - INFO - Parsing schedule page with BeautifulSoup
2025-12-08 22:05:05 - scraping.schedule_scraper - INFO - Extracting match links from schedule
2025-12-08 22:05:05 - scraping.schedule_scraper - INFO - Successfully extracted 105 match links
2025-12-08 22:05:05 - scraping.schedule_scraper - INFO - Closing WebDriver
2025-12-08 22:05:08 - __main__ - INFO - Found 105 total links
2025-12-08 22:05:08 - __main__ - INFO - Found 2 match scorecards
2025-12-08 22:05:08 - __main__ - INFO - Starting match scraping process with retry logic
2025-12-08 22:05:08 - __main__ - INFO - Processing match 1/2: https://www.espncricinfo.com/series/ipl-2025-1449924/rajasthan-royals-vs-kolkata-knight-riders-6th-match-1473443/full-scorecard
2025-12-08 22:05:08 - __main__ - INFO - Attempting to download match 1473443 (attempt 1/4)
2025-12-08 22:05:08 - scraping.player_extractor - INFO - PlayerExtractor initialized - Target: raw.match_players
2025-12-08 22:05:08 - scraping.match_scraper - INFO - Initializing WebDriver
2025-12-08 22:05:11 - scraping.match_scraper - INFO - Loading full scorecard - attempt 1
2025-12-08 22:05:25 - scraping.match_scraper - INFO - full scorecard loaded successfully
2025-12-08 22:05:25 - scraping.match_scraper - INFO - Scrolling full scorecard page
2025-12-08 22:05:25 - core.page_navigator - INFO - Scrolling page 5 times
2025-12-08 22:05:48 - core.page_navigator - INFO - Page scrolling completed
2025-12-08 22:05:51 - scraping.match_scraper - INFO - Extracting metadata
2025-12-08 22:05:51 - core.metadata_extractor - INFO - Found 14 metadata rows for match 1473443
2025-12-08 22:05:51 - core.metadata_extractor - INFO - Extracted 15 metadata fields for match 1473443
2025-12-08 22:05:51 - scraping.match_scraper - INFO - Extracting player rosters...
2025-12-08 22:05:51 - scraping.player_extractor - INFO - Extracting players for match 1473443
2025-12-08 22:05:51 - core.metadata_extractor - INFO - Extracting player names for match 1473443
2025-12-08 22:05:51 - core.metadata_extractor - INFO - Found 2 scorecard table(s)
2025-12-08 22:05:51 - core.metadata_extractor - INFO -   innings_1 (Rajasthan Royals): 11 batted, 1 did not bat
2025-12-08 22:05:51 - core.metadata_extractor - INFO -   innings_2 (Kolkata Knight Riders): 4 batted, 7 did not bat
2025-12-08 22:05:51 - core.metadata_extractor - INFO -   Found 14 impact players/substitutes
2025-12-08 22:05:51 - core.metadata_extractor - INFO - Created DataFrame with 37 player records from 2 innings
2025-12-08 22:05:51 - scraping.player_extractor - INFO - Extracted 32 players for match 1473443
2025-12-08 22:05:51 - scraping.player_extractor - INFO -   Teams: Kolkata Knight Riders, Rajasthan Royals
2025-12-08 22:05:51 - scraping.player_extractor - INFO -   Batted: 12, Did not bat: 20
2025-12-08 22:05:51 - scraping.match_scraper - INFO - Stored 32 players
2025-12-08 22:05:51 - scraping.match_scraper - INFO -   - Kolkata Knight Riders
2025-12-08 22:05:51 - scraping.match_scraper - INFO -   - Rajasthan Royals
2025-12-08 22:05:51 - scraping.match_scraper - INFO - Loading commentary page - attempt 1
2025-12-08 22:06:04 - scraping.match_scraper - INFO - commentary page loaded successfully
2025-12-08 22:06:04 - scraping.match_scraper - INFO - Scrolling commentary page
2025-12-08 22:06:04 - core.page_navigator - INFO - Scrolling page 25 times
2025-12-08 22:07:02 - core.page_navigator - INFO - Page scrolling completed
2025-12-08 22:07:05 - scraping.match_scraper - INFO - Extracting first innings data
2025-12-08 22:07:05 - scraping.match_scraper - INFO - Default batting team: KKR
2025-12-08 22:07:06 - core.commentary_parser - INFO - Found 110 commentary blocks
2025-12-08 22:07:06 - core.commentary_parser - INFO - Parsed 110 commentary entries
2025-12-08 22:07:06 - core.commentary_parser - INFO - Created DataFrame with 110 rows
2025-12-08 22:07:06 - scraping.match_scraper - INFO - First innings: 110 events
2025-12-08 22:07:06 - core.page_navigator - INFO - Scrolling to top of page
2025-12-08 22:07:12 - scraping.match_scraper - INFO - Switching to second innings
2025-12-08 22:07:12 - core.page_navigator - INFO - Switching innings from: KKR
2025-12-08 22:07:46 - core.page_navigator - INFO - Switching to innings: RR
2025-12-08 22:07:49 - core.page_navigator - INFO - Successfully switched to RR
2025-12-08 22:07:49 - scraping.match_scraper - INFO - Switched batting team: RR
2025-12-08 22:07:54 - core.page_navigator - INFO - Scrolling page 25 times
2025-12-08 22:08:44 - core.page_navigator - INFO - Page scrolling completed
2025-12-08 22:08:48 - core.commentary_parser - INFO - Found 124 commentary blocks
2025-12-08 22:08:48 - core.commentary_parser - INFO - Parsed 124 commentary entries
2025-12-08 22:08:48 - core.commentary_parser - INFO - Created DataFrame with 124 rows
2025-12-08 22:08:48 - scraping.match_scraper - INFO - Second innings: 124 events
2025-12-08 22:08:48 - scraping.match_scraper - INFO - Saving commentary to database
2025-12-08 22:08:48 - scraping.match_scraper - INFO - Commentary saved: 234 total events
2025-12-08 22:08:48 - scraping.match_scraper - INFO - Saving metadata to database
2025-12-08 22:08:48 - scraping.match_scraper - INFO - Saving match players to database
2025-12-08 22:08:48 - scraping.match_scraper - INFO - Successfully completed scraping match 1473443
2025-12-08 22:08:48 - scraping.match_scraper - INFO - Closing WebDriver
2025-12-08 22:08:51 - __main__ - INFO - Successfully downloaded match 1473443
2025-12-08 22:09:01 - __main__ - INFO - Processing match 2/2: https://www.espncricinfo.com/series/ipl-2025-1449924/kolkata-knight-riders-vs-royal-challengers-bengaluru-1st-match-1473438/full-scorecard                                               
2025-12-08 22:09:01 - __main__ - INFO - Attempting to download match 1473438 (attempt 1/4)
2025-12-08 22:09:01 - scraping.player_extractor - INFO - PlayerExtractor initialized - Target: raw.match_players
2025-12-08 22:09:01 - scraping.match_scraper - INFO - Initializing WebDriver
2025-12-08 22:09:05 - scraping.match_scraper - INFO - Loading full scorecard - attempt 1
2025-12-08 22:09:18 - scraping.match_scraper - INFO - full scorecard loaded successfully
2025-12-08 22:09:18 - scraping.match_scraper - INFO - Scrolling full scorecard page
2025-12-08 22:09:18 - core.page_navigator - INFO - Scrolling page 5 times
2025-12-08 22:09:41 - core.page_navigator - INFO - Page scrolling completed
2025-12-08 22:09:44 - scraping.match_scraper - INFO - Extracting metadata
2025-12-08 22:09:44 - core.metadata_extractor - INFO - Found 14 metadata rows for match 1473438
2025-12-08 22:09:44 - core.metadata_extractor - INFO - Extracted 15 metadata fields for match 1473438
2025-12-08 22:09:44 - scraping.match_scraper - INFO - Extracting player rosters...
2025-12-08 22:09:44 - scraping.player_extractor - INFO - Extracting players for match 1473438
2025-12-08 22:09:44 - core.metadata_extractor - INFO - Extracting player names for match 1473438
2025-12-08 22:09:44 - core.metadata_extractor - INFO - Found 2 scorecard table(s)
2025-12-08 22:09:44 - core.metadata_extractor - INFO -   innings_1 (Kolkata Knight Riders): 10 batted, 1 did not bat
2025-12-08 22:09:44 - core.metadata_extractor - INFO -   innings_2 (Royal Challengers Bengaluru): 5 batted, 6 did not bat
2025-12-08 22:09:44 - core.metadata_extractor - INFO -   Found 14 impact players/substitutes
2025-12-08 22:09:44 - core.metadata_extractor - INFO - Created DataFrame with 36 player records from 2 innings
2025-12-08 22:09:44 - scraping.player_extractor - INFO - Extracted 32 players for match 1473438
2025-12-08 22:09:44 - scraping.player_extractor - INFO -   Teams: Kolkata Knight Riders, Royal Challengers Bengaluru
2025-12-08 22:09:44 - scraping.player_extractor - INFO -   Batted: 14, Did not bat: 18
2025-12-08 22:09:44 - scraping.match_scraper - INFO - Stored 32 players
2025-12-08 22:09:44 - scraping.match_scraper - INFO -   - Kolkata Knight Riders
2025-12-08 22:09:44 - scraping.match_scraper - INFO -   - Royal Challengers Bengaluru
2025-12-08 22:09:44 - scraping.match_scraper - INFO - Loading commentary page - attempt 1
2025-12-08 22:09:55 - scraping.match_scraper - INFO - commentary page loaded successfully
2025-12-08 22:09:55 - scraping.match_scraper - INFO - Scrolling commentary page
2025-12-08 22:09:55 - core.page_navigator - INFO - Scrolling page 25 times
2025-12-08 22:10:46 - core.page_navigator - INFO - Page scrolling completed
2025-12-08 22:10:49 - scraping.match_scraper - INFO - Extracting first innings data
2025-12-08 22:10:49 - scraping.match_scraper - INFO - Default batting team: RCB
2025-12-08 22:10:50 - core.commentary_parser - INFO - Found 99 commentary blocks
2025-12-08 22:10:50 - core.commentary_parser - INFO - Parsed 99 commentary entries
2025-12-08 22:10:50 - core.commentary_parser - INFO - Created DataFrame with 99 rows
2025-12-08 22:10:50 - scraping.match_scraper - INFO - First innings: 99 events
2025-12-08 22:10:50 - core.page_navigator - INFO - Scrolling to top of page
2025-12-08 22:10:56 - scraping.match_scraper - INFO - Switching to second innings
2025-12-08 22:10:56 - core.page_navigator - INFO - Switching innings from: RCB
2025-12-08 22:11:31 - core.page_navigator - INFO - Switching to innings: KKR
2025-12-08 22:11:34 - core.page_navigator - INFO - Successfully switched to KKR
2025-12-08 22:11:34 - scraping.match_scraper - INFO - Switched batting team: KKR
2025-12-08 22:11:39 - core.page_navigator - INFO - Scrolling page 25 times
2025-12-08 22:12:29 - core.page_navigator - INFO - Page scrolling completed
2025-12-08 22:12:33 - core.commentary_parser - INFO - Found 124 commentary blocks
2025-12-08 22:12:33 - core.commentary_parser - INFO - Parsed 124 commentary entries
2025-12-08 22:12:33 - core.commentary_parser - INFO - Created DataFrame with 124 rows
2025-12-08 22:12:33 - scraping.match_scraper - INFO - Second innings: 124 events
2025-12-08 22:12:33 - scraping.match_scraper - INFO - Saving commentary to database
2025-12-08 22:12:33 - scraping.match_scraper - INFO - Commentary saved: 223 total events
2025-12-08 22:12:33 - scraping.match_scraper - INFO - Saving metadata to database
2025-12-08 22:12:33 - scraping.match_scraper - INFO - Saving match players to database
2025-12-08 22:12:33 - scraping.match_scraper - INFO - Successfully completed scraping match 1473438
2025-12-08 22:12:33 - scraping.match_scraper - INFO - Closing WebDriver
2025-12-08 22:12:38 - __main__ - INFO - Successfully downloaded match 1473438
2025-12-08 22:12:38 - __main__ - INFO - Scraping complete - Found: 2, Downloaded: 2, Skipped: 0, Failed: 0
2025-12-08 22:12:38 - __main__ - INFO - STEP 4: Processing through Medallion Architecture
2025-12-08 22:12:38 - __main__ - INFO - Starting Medallion Architecture pipeline
2025-12-08 22:12:38 - pipeline.orchestrator - INFO - Pipeline Orchestrator initialized
2025-12-08 22:12:38 - pipeline.orchestrator - INFO - 
================================================================================
2025-12-08 22:12:38 - pipeline.orchestrator - INFO - MEDALLION ARCHITECTURE PIPELINE - STARTING
2025-12-08 22:12:38 - pipeline.orchestrator - INFO - ================================================================================
2025-12-08 22:12:38 - pipeline.orchestrator - INFO - Start Time: 2025-12-08 22:12:38.164745
2025-12-08 22:12:38 - pipeline.orchestrator - INFO - Layers to execute: bronze, silver, gold
2025-12-08 22:12:38 - pipeline.orchestrator - INFO - ================================================================================
2025-12-08 22:12:38 - medallionlayer.bronze_layer - INFO - Bronze Layer initialized - Run ID: a194f8c5-f084-4e3e-8d48-1e40a96576db
2025-12-08 22:12:38 - medallionlayer.bronze_layer - INFO - ======================================================================
2025-12-08 22:12:38 - medallionlayer.bronze_layer - INFO - BRONZE LAYER - Starting
2025-12-08 22:12:38 - medallionlayer.bronze_layer - INFO - ======================================================================
2025-12-08 22:12:38 - medallionlayer.bronze_layer - INFO - 
Processing table: match_metadata
2025-12-08 22:12:38 - medallionlayer.bronze_layer - INFO - Read 2 rows from raw.match_metadata
2025-12-08 22:12:38 - medallionlayer.bronze_layer - INFO -   No duplicates found based on ['matchid']
2025-12-08 22:12:38 - medallionlayer.bronze_layer - INFO - After quality checks: 2 rows (removed 0)
2025-12-08 22:12:38 - medallionlayer.bronze_layer - INFO - match_metadata: 2 rows ingested
2025-12-08 22:12:38 - medallionlayer.bronze_layer - INFO - 
Processing table: match_events
2025-12-08 22:12:38 - medallionlayer.bronze_layer - INFO - Read 457 rows from raw.match_events
2025-12-08 22:12:38 - medallionlayer.bronze_layer - INFO -   No duplicates found based on ['matchid', 'ball', 'innings', 'commentary']
2025-12-08 22:12:38 - medallionlayer.bronze_layer - INFO - After quality checks: 457 rows (removed 0)
2025-12-08 22:12:38 - medallionlayer.bronze_layer - INFO - match_events: 457 rows ingested
2025-12-08 22:12:38 - medallionlayer.bronze_layer - INFO - 
Processing table: match_players
2025-12-08 22:12:38 - medallionlayer.bronze_layer - INFO - Read 64 rows from raw.match_players
2025-12-08 22:12:38 - medallionlayer.bronze_layer - INFO -   No duplicates found based on ['matchid', 'innings', 'player_name']
2025-12-08 22:12:38 - medallionlayer.bronze_layer - INFO - After quality checks: 64 rows (removed 0)
2025-12-08 22:12:38 - medallionlayer.bronze_layer - INFO - match_players: 64 rows ingested
2025-12-08 22:12:38 - medallionlayer.bronze_layer - INFO - 
Validating innings data...
2025-12-08 22:12:39 - medallionlayer.bronze_layer - INFO - All matches have complete innings data
2025-12-08 22:12:39 - medallionlayer.bronze_layer - INFO - 
======================================================================
2025-12-08 22:12:39 - medallionlayer.bronze_layer - INFO - DATA QUALITY REPORT
2025-12-08 22:12:39 - medallionlayer.bronze_layer - INFO - ======================================================================
2025-12-08 22:12:39 - medallionlayer.bronze_layer - INFO - 
DUPLICATES REMOVED:
2025-12-08 22:12:39 - medallionlayer.bronze_layer - INFO -   match_metadata: No duplicates found
2025-12-08 22:12:39 - medallionlayer.bronze_layer - INFO -   match_events: No duplicates found
2025-12-08 22:12:39 - medallionlayer.bronze_layer - INFO -   match_players: No duplicates found
2025-12-08 22:12:39 - medallionlayer.bronze_layer - INFO - 
NULL VALUES FOUND:
2025-12-08 22:12:39 - medallionlayer.bronze_layer - INFO -   match_metadata: No null values in required columns
2025-12-08 22:12:39 - medallionlayer.bronze_layer - INFO -   match_events: No null values in required columns
2025-12-08 22:12:39 - medallionlayer.bronze_layer - INFO -   match_players: No null values in required columns
2025-12-08 22:12:39 - medallionlayer.bronze_layer - INFO - 
INNINGS VALIDATION:
2025-12-08 22:12:39 - medallionlayer.bronze_layer - INFO - All matches have complete innings data
2025-12-08 22:12:39 - medallionlayer.bronze_layer - INFO - ======================================================================

2025-12-08 22:12:39 - medallionlayer.bronze_layer - INFO - 
======================================================================
2025-12-08 22:12:39 - medallionlayer.bronze_layer - INFO - BRONZE LAYER - Complete
2025-12-08 22:12:39 - medallionlayer.bronze_layer - INFO - Tables Processed: 3/3
2025-12-08 22:12:39 - medallionlayer.bronze_layer - INFO - Total Rows: 523
2025-12-08 22:12:39 - medallionlayer.bronze_layer - INFO - ======================================================================
2025-12-08 22:12:39 - medallionlayer.silver_layer - INFO - Silver Layer initialized
2025-12-08 22:12:39 - medallionlayer.silver_layer - INFO - ======================================================================
2025-12-08 22:12:39 - medallionlayer.silver_layer - INFO - SILVER LAYER - Starting
2025-12-08 22:12:39 - medallionlayer.silver_layer - INFO - ======================================================================
2025-12-08 22:12:39 - medallionlayer.silver_layer - INFO - 
Processing table: match_metadata
2025-12-08 22:12:39 - medallionlayer.silver_layer - INFO - Read 2 rows from bronze.match_metadata
2025-12-08 22:12:39 - medallionlayer.silver_layer - INFO -   Cleaned columns: ['venue', 'series', 'toss', 'player_of_the_match']
2025-12-08 22:12:39 - medallionlayer.silver_layer - INFO - After transformations: 2 rows (removed 0)
2025-12-08 22:12:39 - medallionlayer.silver_layer - INFO -   Removed Bronze audit columns: ['ingestion_timestamp', 'source_system', 'pipeline_run_id', 'is_active']
2025-12-08 22:12:39 - medallionlayer.silver_layer - INFO - match_metadata: 2 rows processed
2025-12-08 22:12:39 - medallionlayer.silver_layer - INFO - 
Processing table: match_events
2025-12-08 22:12:39 - medallionlayer.silver_layer - INFO - Read 457 rows from bronze.match_events
2025-12-08 22:12:39 - medallionlayer.silver_layer - INFO -   Cleaned columns: ['bowler', 'batsman', 'commentary', 'innings']
2025-12-08 22:12:39 - medallionlayer.silver_layer - INFO -   Converting 'score' column to numeric...
2025-12-08 22:12:39 - medallionlayer.silver_layer - INFO -   Score conversion: 436 converted, 21 not converted (set to 0)
2025-12-08 22:12:39 - medallionlayer.silver_layer - INFO -   Extracting dismissal information...
2025-12-08 22:12:39 - medallionlayer.silver_layer - INFO -   Extracted dismissal info for 12 wickets
2025-12-08 22:12:39 - medallionlayer.silver_layer - INFO -   Enriching player names for columns: ['batsman', 'bowler', 'fielder_name']
2025-12-08 22:12:39 - medallionlayer.silver_layer - INFO -   Loaded 64 player records for enrichment
2025-12-08 22:12:39 - medallionlayer.silver_layer - INFO -   Enriching column: batsman
2025-12-08 22:12:39 - medallionlayer.silver_layer - INFO -   Enriching column: bowler
2025-12-08 22:12:40 - medallionlayer.silver_layer - INFO -   Enriching column: fielder_name
2025-12-08 22:12:40 - medallionlayer.silver_layer - INFO -   Enrichment results:
2025-12-08 22:12:40 - medallionlayer.silver_layer - INFO -     batsman: 448 enriched, 9 not found, 0 null
2025-12-08 22:12:40 - medallionlayer.silver_layer - INFO -     bowler: 451 enriched, 6 not found, 0 null
2025-12-08 22:12:40 - medallionlayer.silver_layer - INFO -     fielder_name: 5 enriched, 5 not found, 447 null
2025-12-08 22:12:40 - medallionlayer.silver_layer - INFO - Enriching innings with team names from bronze.match_players...
2025-12-08 22:12:40 - medallionlayer.silver_layer - INFO - Unique innings values in match_events: ['KKR' 'RCB' 'RR']
2025-12-08 22:12:40 - medallionlayer.silver_layer - INFO - Loaded 4 team-innings mappings from bronze.match_players
2025-12-08 22:12:40 - medallionlayer.silver_layer - INFO - Team-innings mappings from bronze:
2025-12-08 22:12:40 - medallionlayer.silver_layer - INFO -   Match 1473438, innings='innings_1' -> team='Kolkata Knight Riders'
2025-12-08 22:12:40 - medallionlayer.silver_layer - INFO -   Match 1473438, innings='innings_2' -> team='Royal Challengers Bengaluru'
2025-12-08 22:12:40 - medallionlayer.silver_layer - INFO -   Match 1473443, innings='innings_1' -> team='Rajasthan Royals'
2025-12-08 22:12:40 - medallionlayer.silver_layer - INFO -   Match 1473443, innings='innings_2' -> team='Kolkata Knight Riders'
2025-12-08 22:12:40 - medallionlayer.silver_layer - INFO - Created 4 direct mappings
2025-12-08 22:12:40 - medallionlayer.silver_layer - INFO - Created 8 abbreviation mappings
2025-12-08 22:12:40 - medallionlayer.silver_layer - INFO - Created 4 match-team mappings
2025-12-08 22:12:40 - medallionlayer.silver_layer - INFO - Enriched 457 records with team names from bronze.match_players
2025-12-08 22:12:40 - medallionlayer.silver_layer - INFO - Sample enriched records:
   matchid  ball                innings          batsman
0  1473443  17.3  Kolkata Knight Riders  Quinton de Kock
1  1473443  17.3  Kolkata Knight Riders  Quinton de Kock
2  1473443  17.3  Kolkata Knight Riders  Quinton de Kock
3  1473443  17.2  Kolkata Knight Riders  Quinton de Kock
4  1473443  17.1  Kolkata Knight Riders  Quinton de Kock
2025-12-08 22:12:40 - medallionlayer.silver_layer - INFO - Before/After comparison:
2025-12-08 22:12:40 - medallionlayer.silver_layer - INFO -   'KKR' -> 'Kolkata Knight Riders'
2025-12-08 22:12:40 - medallionlayer.silver_layer - INFO -   'KKR' -> 'Kolkata Knight Riders'
2025-12-08 22:12:40 - medallionlayer.silver_layer - INFO -   'KKR' -> 'Kolkata Knight Riders'
2025-12-08 22:12:40 - medallionlayer.silver_layer - INFO - Final innings distribution:
   matchid                      innings  ball_count
0  1473438        Kolkata Knight Riders         124
1  1473438  Royal Challengers Bengaluru          99
2  1473443        Kolkata Knight Riders         110
3  1473443             Rajasthan Royals         124
2025-12-08 22:12:40 - medallionlayer.silver_layer - INFO - After transformations: 457 rows (removed 0)
2025-12-08 22:12:40 - medallionlayer.silver_layer - INFO -   Removed Bronze audit columns: ['ingestion_timestamp', 'source_system', 'pipeline_run_id', 'is_active']
2025-12-08 22:12:40 - medallionlayer.silver_layer - INFO - match_events: 457 rows processed
2025-12-08 22:12:40 - medallionlayer.silver_layer - INFO - 
Processing table: match_players
2025-12-08 22:12:40 - medallionlayer.silver_layer - INFO - Read 64 rows from bronze.match_players
2025-12-08 22:12:40 - medallionlayer.silver_layer - INFO -   Cleaned columns: ['player_name', 'team']
2025-12-08 22:12:40 - medallionlayer.silver_layer - INFO - After transformations: 64 rows (removed 0)
2025-12-08 22:12:40 - medallionlayer.silver_layer - INFO -   Removed Bronze audit columns: ['ingestion_timestamp', 'source_system', 'pipeline_run_id', 'is_active']
2025-12-08 22:12:40 - medallionlayer.silver_layer - INFO - match_players: 64 rows processed
2025-12-08 22:12:40 - medallionlayer.silver_layer - INFO - 
======================================================================
2025-12-08 22:12:40 - medallionlayer.silver_layer - INFO - SILVER LAYER - Complete
2025-12-08 22:12:40 - medallionlayer.silver_layer - INFO - Tables Processed: 3
2025-12-08 22:12:40 - medallionlayer.silver_layer - INFO - Total Rows: 523
2025-12-08 22:12:40 - medallionlayer.silver_layer - INFO - ======================================================================
2025-12-08 22:12:40 - medallionlayer.gold_layer - INFO - Gold Layer initialized
2025-12-08 22:12:40 - medallionlayer.gold_layer - INFO - ======================================================================
2025-12-08 22:12:40 - medallionlayer.gold_layer - INFO - GOLD LAYER - Starting
2025-12-08 22:12:40 - medallionlayer.gold_layer - INFO - ======================================================================
2025-12-08 22:12:40 - medallionlayer.gold_layer - INFO - 
Processing aggregation: match_summary
2025-12-08 22:12:40 - medallionlayer.gold_layer - INFO - Processing enhanced match summary...
2025-12-08 22:12:40 - medallionlayer.gold_layer - ERROR - Error processing match_summary: Length mismatch: Expected axis has 4 elements, new values have 3 elements
2025-12-08 22:12:40 - medallionlayer.gold_layer - ERROR - Full error details:
Traceback (most recent call last):
  File "C:\Users\prade\Pycharm\Cricinfo_scraper\medallionlayer\gold_layer.py", line 46, in run
    rows_created = self._process_aggregation(agg_name, agg_config)
                   ^^^^^^^^^^^^^^^^^^^^^^^^^^^^^^^^^^^^^^^^^^^^^^^
  File "C:\Users\prade\Pycharm\Cricinfo_scraper\medallionlayer\gold_layer.py", line 77, in _process_aggregation
    return self._process_match_summary()
           ^^^^^^^^^^^^^^^^^^^^^^^^^^^^^
  File "C:\Users\prade\Pycharm\Cricinfo_scraper\medallionlayer\gold_layer.py", line 143, in _process_match_summary
    df_scores_pivot.columns = ['matchid', 'first_innings_score', 'second_innings_score']
    ^^^^^^^^^^^^^^^^^^^^^^^
  File "C:\Users\prade\PycharmProjects\Cricinfo_scraper\.venv\Lib\site-packages\pandas\core\generic.py", line 6218, in __setattr__
    return object.__setattr__(self, name, value)
           ^^^^^^^^^^^^^^^^^^^^^^^^^^^^^^^^^^^^^
  File "properties.pyx", line 69, in pandas._libs.properties.AxisProperty.__set__
  File "C:\Users\prade\PycharmProjects\Cricinfo_scraper\.venv\Lib\site-packages\pandas\core\generic.py", line 767, in _set_axis
    self._mgr.set_axis(axis, labels)
  File "C:\Users\prade\PycharmProjects\Cricinfo_scraper\.venv\Lib\site-packages\pandas\core\internals\managers.py", line 227, in set_axis
    self._validate_set_axis(axis, new_labels)
  File "C:\Users\prade\PycharmProjects\Cricinfo_scraper\.venv\Lib\site-packages\pandas\core\internals\base.py", line 85, in _validate_set_axis
    raise ValueError(
ValueError: Length mismatch: Expected axis has 4 elements, new values have 3 elements
2025-12-08 22:12:40 - medallionlayer.gold_layer - INFO - 
Processing aggregation: series_summary
2025-12-08 22:12:40 - medallionlayer.gold_layer - INFO - Processing enhanced series summary...
2025-12-08 22:12:40 - medallionlayer.gold_layer - INFO - Successfully created 1 rows for series_summary
2025-12-08 22:12:40 - medallionlayer.gold_layer - INFO - 
Processing aggregation: venue_statistics
2025-12-08 22:12:41 - medallionlayer.gold_layer - INFO - Read 2 rows from silver.match_metadata
2025-12-08 22:12:41 - medallionlayer.gold_layer - INFO -   Aggregated to 2 rows
2025-12-08 22:12:41 - medallionlayer.gold_layer - INFO - Final DataFrame columns: ['venue', 'season', 'total_matches', 'created_at', 'updated_at']
2025-12-08 22:12:41 - medallionlayer.gold_layer - INFO - Successfully wrote 2 rows to gold.venue_statistics
2025-12-08 22:12:41 - medallionlayer.gold_layer - INFO - Successfully created 2 rows for venue_statistics
2025-12-08 22:12:41 - medallionlayer.gold_layer - INFO - 
Processing aggregation: match_ball_statistics
2025-12-08 22:12:41 - medallionlayer.gold_layer - INFO - Processing match ball statistics with wickets...
2025-12-08 22:12:41 - medallionlayer.gold_layer - INFO - Successfully created 4 rows for match_ball_statistics
2025-12-08 22:12:41 - medallionlayer.gold_layer - INFO - 
Processing aggregation: match_batsman_statistics
2025-12-08 22:12:41 - medallionlayer.gold_layer - INFO - Processing match batsman statistics with run distribution...
2025-12-08 22:12:41 - medallionlayer.gold_layer - INFO - Successfully created 30 rows for match_batsman_statistics
2025-12-08 22:12:41 - medallionlayer.gold_layer - INFO - 
Processing aggregation: match_bowler_statistics
2025-12-08 22:12:41 - medallionlayer.gold_layer - INFO - Processing match bowler statistics with wickets and extras...
2025-12-08 22:12:41 - medallionlayer.gold_layer - INFO - Successfully created 23 rows for match_bowler_statistics
2025-12-08 22:12:41 - medallionlayer.gold_layer - INFO - 
Processing aggregation: batsman_statistics
2025-12-08 22:12:41 - medallionlayer.gold_layer - INFO - Processing career batting statistics...
2025-12-08 22:12:41 - medallionlayer.gold_layer - INFO - Successfully created 27 rows for batsman_statistics
2025-12-08 22:12:41 - medallionlayer.gold_layer - INFO - 
Processing aggregation: bowler_statistics
2025-12-08 22:12:41 - medallionlayer.gold_layer - INFO - Processing career bowling statistics...
2025-12-08 22:12:42 - medallionlayer.gold_layer - INFO - Successfully created 19 rows for bowler_statistics
2025-12-08 22:12:42 - medallionlayer.gold_layer - INFO - 
Processing aggregation: player_team_history
2025-12-08 22:12:42 - medallionlayer.gold_layer - INFO - Processing SCD Type 2 (SQL MERGE) for player_team_history
2025-12-08 22:12:42 - medallionlayer.gold_layer - INFO - Read 64 rows from silver.match_players
2025-12-08 22:12:42 - medallionlayer.gold_layer - INFO - Season not in match_players, fetching from match_metadata
2025-12-08 22:12:42 - medallionlayer.gold_layer - INFO - Enriched with season data: 64 records
2025-12-08 22:12:42 - medallionlayer.gold_layer - INFO - Series not in match_players, fetching from match_metadata
2025-12-08 22:12:42 - medallionlayer.gold_layer - INFO - Enriched with series data: 64/64 records have series
2025-12-08 22:12:42 - medallionlayer.gold_layer - INFO - Built dimension with 49 player-team-season combinations
2025-12-08 22:12:42 - medallionlayer.gold_layer - INFO - Series column populated for 49/49 records
2025-12-08 22:12:42 - medallionlayer.gold_layer - INFO - Built 49 dimension records
2025-12-08 22:12:42 - medallionlayer.gold_layer - INFO - Creating staging table...
2025-12-08 22:12:42 - medallionlayer.gold_layer - INFO - Staging table created successfully
2025-12-08 22:12:42 - medallionlayer.gold_layer - INFO - Loading data into staging table...
2025-12-08 22:12:42 - medallionlayer.gold_layer - INFO - Loaded 49 records into staging
2025-12-08 22:12:42 - medallionlayer.gold_layer - INFO - Step 1/3: Expiring old records where player changed teams...
2025-12-08 22:12:42 - medallionlayer.gold_layer - INFO - Step 2/3: Updating existing current records...
2025-12-08 22:12:42 - medallionlayer.gold_layer - INFO - Step 3/3: Inserting new records...
2025-12-08 22:12:42 - medallionlayer.gold_layer - INFO - Inserted 49 new records
2025-12-08 22:12:42 - medallionlayer.gold_layer - INFO - ======================================================================
2025-12-08 22:12:42 - medallionlayer.gold_layer - INFO - SCD TYPE 2 MERGE COMPLETE
2025-12-08 22:12:42 - medallionlayer.gold_layer - INFO -   Expired: 0 records (player changed teams)
2025-12-08 22:12:42 - medallionlayer.gold_layer - INFO -   Updated: 0 records (accumulated stats)
2025-12-08 22:12:42 - medallionlayer.gold_layer - INFO -   Inserted: 49 records (new combinations)
2025-12-08 22:12:42 - medallionlayer.gold_layer - INFO -   Total: 49 records processed
2025-12-08 22:12:42 - medallionlayer.gold_layer - INFO - ======================================================================
2025-12-08 22:12:42 - medallionlayer.gold_layer - INFO - Successfully created 49 rows for player_team_history
2025-12-08 22:12:42 - medallionlayer.gold_layer - INFO - 
======================================================================
2025-12-08 22:12:42 - medallionlayer.gold_layer - INFO - GOLD LAYER - Complete
2025-12-08 22:12:42 - medallionlayer.gold_layer - INFO - Aggregations Processed: 8
2025-12-08 22:12:42 - medallionlayer.gold_layer - INFO - Total Rows: 155
2025-12-08 22:12:42 - medallionlayer.gold_layer - INFO - ======================================================================
2025-12-08 22:12:42 - pipeline.orchestrator - INFO - 
================================================================================
2025-12-08 22:12:42 - pipeline.orchestrator - INFO - PIPELINE EXECUTION SUMMARY
2025-12-08 22:12:42 - pipeline.orchestrator - INFO - ================================================================================
2025-12-08 22:12:42 - pipeline.orchestrator - INFO - Status: PARTIAL_SUCCESS
2025-12-08 22:12:42 - pipeline.orchestrator - INFO - Duration: 4.19 seconds
2025-12-08 22:12:42 - pipeline.orchestrator - INFO - 
BRONZE Layer:
2025-12-08 22:12:42 - pipeline.orchestrator - INFO -   Status: success
2025-12-08 22:12:42 - pipeline.orchestrator - INFO -   Tables Processed: 3
2025-12-08 22:12:42 - pipeline.orchestrator - INFO -   Total Rows: 523
2025-12-08 22:12:42 - pipeline.orchestrator - INFO - 
SILVER Layer:
2025-12-08 22:12:42 - pipeline.orchestrator - INFO -   Status: success
2025-12-08 22:12:42 - pipeline.orchestrator - INFO -   Tables Processed: 3
2025-12-08 22:12:42 - pipeline.orchestrator - INFO -   Total Rows: 523
2025-12-08 22:12:42 - pipeline.orchestrator - INFO - 
GOLD Layer:
2025-12-08 22:12:42 - pipeline.orchestrator - INFO -   Status: failed
2025-12-08 22:12:42 - pipeline.orchestrator - INFO -   Aggregations: 8
2025-12-08 22:12:42 - pipeline.orchestrator - INFO -   Total Rows: 155
2025-12-08 22:12:42 - pipeline.orchestrator - INFO -   Errors: 1
2025-12-08 22:12:42 - pipeline.orchestrator - ERROR -     - Error processing match_summary: Length mismatch: Expected axis has 4 elements, new values have 3 elements
2025-12-08 22:12:42 - pipeline.orchestrator - INFO - ================================================================================

2025-12-08 22:12:42 - __main__ - INFO - Pipeline completed - Status: partial_success, Duration: 4.19s
2025-12-08 22:12:42 - __main__ - WARNING - Pipeline completed with some errors
