2025-12-06 21:53:10 - __main__ - INFO - Cricket Data Pipeline Started
2025-12-06 21:53:10 - __main__ - INFO - STEP 1: Initializing database and schemas
2025-12-06 21:53:12 - configs.db_config - INFO - Initializing Medallion Architecture schemas...
2025-12-06 21:53:12 - configs.db_config - INFO - Medallion schemas (Bronze, Silver, Gold) initialized
2025-12-06 21:53:12 - __main__ - INFO - Database initialization complete
2025-12-06 21:53:12 - __main__ - INFO - STEP 2: Loading configuration
2025-12-06 21:53:12 - __main__ - INFO - Configuration loaded successfully
2025-12-06 21:53:12 - __main__ - INFO - STEP 3: Scraping data from Cricinfo
2025-12-06 21:53:12 - __main__ - INFO - Initializing match tracker
2025-12-06 21:53:12 - __main__ - INFO - Current Status: 0 matches already downloaded
2025-12-06 21:53:12 - __main__ - INFO - Fetching match schedule from Cricinfo
2025-12-06 21:53:12 - scraping.schedule_scraper - INFO - Initializing WebDriver for schedule scraping
2025-12-06 21:53:17 - scraping.schedule_scraper - INFO - Loading schedule page - attempt 1
2025-12-06 21:53:28 - scraping.schedule_scraper - INFO - Schedule page loaded successfully
2025-12-06 21:53:28 - scraping.schedule_scraper - INFO - Parsing schedule page with BeautifulSoup
2025-12-06 21:53:29 - scraping.schedule_scraper - INFO - Extracting match links from schedule
2025-12-06 21:53:29 - scraping.schedule_scraper - INFO - Successfully extracted 110 match links
2025-12-06 21:53:29 - scraping.schedule_scraper - INFO - Closing WebDriver
2025-12-06 21:53:31 - __main__ - INFO - Found 110 total links
2025-12-06 21:53:31 - __main__ - INFO - Found 1 match scorecards
2025-12-06 21:53:31 - __main__ - INFO - Starting match scraping process
2025-12-06 21:53:31 - __main__ - INFO - Processing match 1/1: https://www.espncricinfo.com/series/ipl-2025-1449924/kolkata-knight-riders-vs-royal-challengers-bengaluru-1st-match-1473438/full-scorecard
2025-12-06 21:53:32 - __main__ - INFO - Downloading match 1473438
2025-12-06 21:53:32 - scraping.player_extractor - INFO - PlayerExtractor initialized - Target: raw.match_players
2025-12-06 21:53:32 - scraping.match_scraper - INFO - Initializing WebDriver
2025-12-06 21:53:35 - scraping.match_scraper - INFO - Loading full scorecard - attempt 1
2025-12-06 21:53:47 - scraping.match_scraper - INFO - full scorecard loaded successfully
2025-12-06 21:53:47 - scraping.match_scraper - INFO - Scrolling full scorecard page
2025-12-06 21:53:47 - core.page_navigator - INFO - Scrolling page 5 times
2025-12-06 21:54:00 - core.page_navigator - INFO - Page scrolling completed
2025-12-06 21:54:03 - scraping.match_scraper - INFO - Extracting metadata
2025-12-06 21:54:03 - core.metadata_extractor - INFO - Found 14 metadata rows for match 1473438
2025-12-06 21:54:03 - core.metadata_extractor - INFO - Extracted 15 metadata fields for match 1473438
2025-12-06 21:54:03 - scraping.match_scraper - INFO - Extracting player rosters...
2025-12-06 21:54:04 - scraping.player_extractor - INFO - Extracting players for match 1473438
2025-12-06 21:54:04 - core.metadata_extractor - INFO - Extracting player names for match 1473438
2025-12-06 21:54:04 - core.metadata_extractor - INFO - Found 2 scorecard table(s)
2025-12-06 21:54:04 - core.metadata_extractor - INFO -   innings_1 (Kolkata Knight Riders): 10 batted, 1 did not bat
2025-12-06 21:54:04 - core.metadata_extractor - INFO -   innings_2 (Royal Challengers Bengaluru): 5 batted, 6 did not bat
2025-12-06 21:54:04 - core.metadata_extractor - INFO -   Found 12 impact players/substitutes
2025-12-06 21:54:04 - core.metadata_extractor - INFO - Created DataFrame with 34 player records from 2 innings
2025-12-06 21:54:04 - scraping.player_extractor - ERROR - Error extracting players for match 1473438: column "is_impact_player" of relation "match_players" does not exist
LINE 2: ...ayer_name, batted, batting_position, player_type, is_impact_...
                                                             ^
Traceback (most recent call last):
  File "C:\Users\prade\Pycharm\Cricinfo_scraper\scraping\player_extractor.py", line 56, in extract_and_store
    save_to_db(self.schema, self.table_name, players_df)
  File "C:\Users\prade\Pycharm\Cricinfo_scraper\configs\db_config.py", line 112, in save_to_db
    execute_values(cur, insert_query, values)
  File "C:\Users\prade\PycharmProjects\Cricinfo_scraper\.venv\Lib\site-packages\psycopg2\extras.py", line 1299, in execute_values
    cur.execute(b''.join(parts))
psycopg2.errors.UndefinedColumn: column "is_impact_player" of relation "match_players" does not exist
LINE 2: ...ayer_name, batted, batting_position, player_type, is_impact_...
                                                             ^

2025-12-06 21:54:04 - scraping.match_scraper - WARNING - Player extraction failed
2025-12-06 21:54:04 - scraping.match_scraper - INFO - Loading commentary page - attempt 1
2025-12-06 21:54:15 - scraping.match_scraper - INFO - commentary page loaded successfully
2025-12-06 21:54:15 - scraping.match_scraper - INFO - Scrolling commentary page
2025-12-06 21:54:15 - core.page_navigator - INFO - Scrolling page 25 times
2025-12-06 21:55:05 - core.page_navigator - INFO - Page scrolling completed
2025-12-06 21:55:08 - scraping.match_scraper - INFO - Extracting first innings data
2025-12-06 21:55:08 - scraping.match_scraper - INFO - Default batting team: RCB
2025-12-06 21:55:09 - core.commentary_parser - INFO - Found 99 commentary blocks
2025-12-06 21:55:09 - core.commentary_parser - INFO - Parsed 99 commentary entries
2025-12-06 21:55:09 - core.commentary_parser - INFO - Created DataFrame with 99 rows
2025-12-06 21:55:09 - scraping.match_scraper - INFO - First innings: 99 events
2025-12-06 21:55:09 - core.page_navigator - INFO - Scrolling to top of page
2025-12-06 21:55:15 - scraping.match_scraper - INFO - Switching to second innings
2025-12-06 21:55:15 - core.page_navigator - INFO - Switching innings from: RCB
2025-12-06 21:55:36 - scraping.match_scraper - INFO - Closing WebDriver
2025-12-06 21:56:52 - __main__ - INFO - Cricket Data Pipeline Started
2025-12-06 21:56:52 - __main__ - INFO - STEP 1: Initializing database and schemas
2025-12-06 21:56:53 - configs.db_config - INFO - Initializing Medallion Architecture schemas...
2025-12-06 21:56:53 - configs.db_config - INFO - Medallion schemas (Bronze, Silver, Gold) initialized
2025-12-06 21:56:53 - __main__ - INFO - Database initialization complete
2025-12-06 21:56:53 - __main__ - INFO - STEP 2: Loading configuration
2025-12-06 21:56:53 - __main__ - INFO - Configuration loaded successfully
2025-12-06 21:56:53 - __main__ - INFO - STEP 3: Scraping data from Cricinfo
2025-12-06 21:56:53 - __main__ - INFO - Initializing match tracker
2025-12-06 21:56:54 - __main__ - INFO - Current Status: 0 matches already downloaded
2025-12-06 21:56:54 - __main__ - INFO - Fetching match schedule from Cricinfo
2025-12-06 21:56:54 - scraping.schedule_scraper - INFO - Initializing WebDriver for schedule scraping
2025-12-06 21:56:56 - scraping.schedule_scraper - INFO - Loading schedule page - attempt 1
2025-12-06 21:57:07 - scraping.schedule_scraper - INFO - Schedule page loaded successfully
2025-12-06 21:57:07 - scraping.schedule_scraper - INFO - Parsing schedule page with BeautifulSoup
2025-12-06 21:57:08 - scraping.schedule_scraper - INFO - Extracting match links from schedule
2025-12-06 21:57:08 - scraping.schedule_scraper - INFO - Successfully extracted 110 match links
2025-12-06 21:57:08 - scraping.schedule_scraper - INFO - Closing WebDriver
2025-12-06 21:57:10 - __main__ - INFO - Found 110 total links
2025-12-06 21:57:10 - __main__ - INFO - Found 1 match scorecards
2025-12-06 21:57:10 - __main__ - INFO - Starting match scraping process
2025-12-06 21:57:10 - __main__ - INFO - Processing match 1/1: https://www.espncricinfo.com/series/ipl-2025-1449924/kolkata-knight-riders-vs-royal-challengers-bengaluru-1st-match-1473438/full-scorecard
2025-12-06 21:57:11 - __main__ - INFO - Downloading match 1473438
2025-12-06 21:57:11 - scraping.player_extractor - INFO - PlayerExtractor initialized - Target: raw.match_players
2025-12-06 21:57:11 - scraping.match_scraper - INFO - Initializing WebDriver
2025-12-06 21:57:14 - scraping.match_scraper - INFO - Loading full scorecard - attempt 1
2025-12-06 21:57:24 - scraping.match_scraper - INFO - full scorecard loaded successfully
2025-12-06 21:57:24 - scraping.match_scraper - INFO - Scrolling full scorecard page
2025-12-06 21:57:24 - core.page_navigator - INFO - Scrolling page 5 times
2025-12-06 21:57:39 - core.page_navigator - INFO - Page scrolling completed
2025-12-06 21:57:42 - scraping.match_scraper - INFO - Extracting metadata
2025-12-06 21:57:42 - core.metadata_extractor - INFO - Found 14 metadata rows for match 1473438
2025-12-06 21:57:42 - core.metadata_extractor - INFO - Extracted 15 metadata fields for match 1473438
2025-12-06 21:57:42 - scraping.match_scraper - INFO - Extracting player rosters...
2025-12-06 21:57:43 - scraping.player_extractor - INFO - Extracting players for match 1473438
2025-12-06 21:57:43 - core.metadata_extractor - INFO - Extracting player names for match 1473438
2025-12-06 21:57:43 - core.metadata_extractor - INFO - Found 2 scorecard table(s)
2025-12-06 21:57:43 - core.metadata_extractor - INFO -   innings_1 (Kolkata Knight Riders): 10 batted, 1 did not bat
2025-12-06 21:57:43 - core.metadata_extractor - INFO -   innings_2 (Royal Challengers Bengaluru): 5 batted, 6 did not bat
2025-12-06 21:57:43 - core.metadata_extractor - INFO -   Found 12 impact players/substitutes
2025-12-06 21:57:43 - core.metadata_extractor - INFO - Created DataFrame with 34 player records from 2 innings
2025-12-06 21:57:43 - scraping.player_extractor - ERROR - Error extracting players for match 1473438: new row for relation "match_players" violates check constraint "match_players_player_type_check"
DETAIL:  Failing row contains (23, 1473438, null, Kolkata Knight Riders, Manish Pandey, f, null, Sub, 2025-12-06 21:57:43.513763).
Traceback (most recent call last):
  File "C:\Users\prade\Pycharm\Cricinfo_scraper\scraping\player_extractor.py", line 56, in extract_and_store
    save_to_db(self.schema, self.table_name, players_df)
  File "C:\Users\prade\Pycharm\Cricinfo_scraper\configs\db_config.py", line 112, in save_to_db
    execute_values(cur, insert_query, values)
  File "C:\Users\prade\PycharmProjects\Cricinfo_scraper\.venv\Lib\site-packages\psycopg2\extras.py", line 1299, in execute_values
    cur.execute(b''.join(parts))
psycopg2.errors.CheckViolation: new row for relation "match_players" violates check constraint "match_players_player_type_check"
DETAIL:  Failing row contains (23, 1473438, null, Kolkata Knight Riders, Manish Pandey, f, null, Sub, 2025-12-06 21:57:43.513763).

2025-12-06 21:57:43 - scraping.match_scraper - WARNING - Player extraction failed
2025-12-06 21:57:43 - scraping.match_scraper - INFO - Loading commentary page - attempt 1
2025-12-06 21:57:52 - scraping.match_scraper - INFO - commentary page loaded successfully
2025-12-06 21:57:52 - scraping.match_scraper - INFO - Scrolling commentary page
2025-12-06 21:57:52 - core.page_navigator - INFO - Scrolling page 25 times
2025-12-06 21:57:58 - scraping.match_scraper - INFO - Closing WebDriver
2025-12-06 22:01:23 - __main__ - INFO - Cricket Data Pipeline Started
2025-12-06 22:01:23 - __main__ - INFO - STEP 1: Initializing database and schemas
2025-12-06 22:01:24 - configs.db_config - INFO - Initializing Medallion Architecture schemas...
2025-12-06 22:01:24 - configs.db_config - INFO - Medallion schemas (Bronze, Silver, Gold) initialized
2025-12-06 22:01:24 - __main__ - INFO - Database initialization complete
2025-12-06 22:01:24 - __main__ - INFO - STEP 2: Loading configuration
2025-12-06 22:01:24 - __main__ - INFO - Configuration loaded successfully
2025-12-06 22:01:24 - __main__ - INFO - STEP 3: Scraping data from Cricinfo
2025-12-06 22:01:24 - __main__ - INFO - Initializing match tracker
2025-12-06 22:01:24 - __main__ - INFO - Current Status: 0 matches already downloaded
2025-12-06 22:01:24 - __main__ - INFO - Fetching match schedule from Cricinfo
2025-12-06 22:01:24 - scraping.schedule_scraper - INFO - Initializing WebDriver for schedule scraping
2025-12-06 22:01:27 - scraping.schedule_scraper - INFO - Loading schedule page - attempt 1
2025-12-06 22:01:37 - scraping.schedule_scraper - INFO - Schedule page loaded successfully
2025-12-06 22:01:37 - scraping.schedule_scraper - INFO - Parsing schedule page with BeautifulSoup
2025-12-06 22:01:41 - scraping.schedule_scraper - INFO - Extracting match links from schedule
2025-12-06 22:01:41 - scraping.schedule_scraper - INFO - Successfully extracted 110 match links
2025-12-06 22:01:41 - scraping.schedule_scraper - INFO - Closing WebDriver
2025-12-06 22:01:44 - __main__ - INFO - Found 110 total links
2025-12-06 22:01:44 - __main__ - INFO - Found 1 match scorecards
2025-12-06 22:01:44 - __main__ - INFO - Starting match scraping process
2025-12-06 22:01:44 - __main__ - INFO - Processing match 1/1: https://www.espncricinfo.com/series/ipl-2025-1449924/kolkata-knight-riders-vs-royal-challengers-bengaluru-1st-match-1473438/full-scorecard
2025-12-06 22:01:44 - __main__ - INFO - Downloading match 1473438
2025-12-06 22:01:44 - scraping.player_extractor - INFO - PlayerExtractor initialized - Target: raw.match_players
2025-12-06 22:01:44 - scraping.match_scraper - INFO - Initializing WebDriver
2025-12-06 22:01:48 - scraping.match_scraper - INFO - Loading full scorecard - attempt 1
2025-12-06 22:01:58 - scraping.match_scraper - INFO - full scorecard loaded successfully
2025-12-06 22:01:58 - scraping.match_scraper - INFO - Scrolling full scorecard page
2025-12-06 22:01:58 - core.page_navigator - INFO - Scrolling page 5 times
2025-12-06 22:02:19 - core.page_navigator - INFO - Page scrolling completed
2025-12-06 22:02:22 - scraping.match_scraper - INFO - Extracting metadata
2025-12-06 22:02:22 - core.metadata_extractor - INFO - Found 14 metadata rows for match 1473438
2025-12-06 22:02:22 - core.metadata_extractor - INFO - Extracted 15 metadata fields for match 1473438
2025-12-06 22:02:22 - scraping.match_scraper - INFO - Extracting player rosters...
2025-12-06 22:02:22 - scraping.player_extractor - INFO - Extracting players for match 1473438
2025-12-06 22:02:22 - core.metadata_extractor - INFO - Extracting player names for match 1473438
2025-12-06 22:02:22 - core.metadata_extractor - INFO - Found 2 scorecard table(s)
2025-12-06 22:02:22 - core.metadata_extractor - INFO -   innings_1 (Kolkata Knight Riders): 10 batted, 1 did not bat
2025-12-06 22:02:22 - core.metadata_extractor - INFO -   innings_2 (Royal Challengers Bengaluru): 5 batted, 6 did not bat
2025-12-06 22:02:22 - core.metadata_extractor - INFO -   Found 12 impact players/substitutes
2025-12-06 22:02:22 - core.metadata_extractor - INFO - Created DataFrame with 34 player records from 2 innings
2025-12-06 22:02:22 - scraping.player_extractor - ERROR - Error extracting players for match 1473438: new row for relation "match_players" violates check constraint "match_players_player_type_check"
DETAIL:  Failing row contains (33, 1473438, null, Royal Challengers Bengaluru, Devdutt Padikkal, f, null, Impact, 2025-12-06 22:02:22.949723).
Traceback (most recent call last):
  File "C:\Users\prade\Pycharm\Cricinfo_scraper\scraping\player_extractor.py", line 56, in extract_and_store
    save_to_db(self.schema, self.table_name, players_df)
  File "C:\Users\prade\Pycharm\Cricinfo_scraper\configs\db_config.py", line 112, in save_to_db
    execute_values(cur, insert_query, values)
  File "C:\Users\prade\PycharmProjects\Cricinfo_scraper\.venv\Lib\site-packages\psycopg2\extras.py", line 1299, in execute_values
    cur.execute(b''.join(parts))
psycopg2.errors.CheckViolation: new row for relation "match_players" violates check constraint "match_players_player_type_check"
DETAIL:  Failing row contains (33, 1473438, null, Royal Challengers Bengaluru, Devdutt Padikkal, f, null, Impact, 2025-12-06 22:02:22.949723).

2025-12-06 22:02:22 - scraping.match_scraper - WARNING - Player extraction failed
2025-12-06 22:02:22 - scraping.match_scraper - INFO - Loading commentary page - attempt 1
2025-12-06 22:02:32 - scraping.match_scraper - INFO - commentary page loaded successfully
2025-12-06 22:02:32 - scraping.match_scraper - INFO - Scrolling commentary page
2025-12-06 22:02:32 - core.page_navigator - INFO - Scrolling page 25 times
2025-12-06 22:02:57 - scraping.match_scraper - INFO - Closing WebDriver
2025-12-06 22:03:10 - __main__ - INFO - Cricket Data Pipeline Started
2025-12-06 22:03:10 - __main__ - INFO - STEP 1: Initializing database and schemas
2025-12-06 22:03:11 - configs.db_config - INFO - Initializing Medallion Architecture schemas...
2025-12-06 22:03:11 - configs.db_config - INFO - Medallion schemas (Bronze, Silver, Gold) initialized
2025-12-06 22:03:11 - __main__ - INFO - Database initialization complete
2025-12-06 22:03:11 - __main__ - INFO - STEP 2: Loading configuration
2025-12-06 22:03:11 - __main__ - INFO - Configuration loaded successfully
2025-12-06 22:03:11 - __main__ - INFO - STEP 3: Scraping data from Cricinfo
2025-12-06 22:03:11 - __main__ - INFO - Initializing match tracker
2025-12-06 22:03:11 - __main__ - INFO - Current Status: 0 matches already downloaded
2025-12-06 22:03:11 - __main__ - INFO - Fetching match schedule from Cricinfo
2025-12-06 22:03:11 - scraping.schedule_scraper - INFO - Initializing WebDriver for schedule scraping
2025-12-06 22:03:14 - scraping.schedule_scraper - INFO - Loading schedule page - attempt 1
2025-12-06 22:03:24 - scraping.schedule_scraper - INFO - Schedule page loaded successfully
2025-12-06 22:03:24 - scraping.schedule_scraper - INFO - Parsing schedule page with BeautifulSoup
2025-12-06 22:03:32 - scraping.schedule_scraper - INFO - Extracting match links from schedule
2025-12-06 22:03:32 - scraping.schedule_scraper - INFO - Successfully extracted 110 match links
2025-12-06 22:03:32 - scraping.schedule_scraper - INFO - Closing WebDriver
2025-12-06 22:03:34 - __main__ - INFO - Found 110 total links
2025-12-06 22:03:34 - __main__ - INFO - Found 1 match scorecards
2025-12-06 22:03:34 - __main__ - INFO - Starting match scraping process
2025-12-06 22:03:34 - __main__ - INFO - Processing match 1/1: https://www.espncricinfo.com/series/ipl-2025-1449924/kolkata-knight-riders-vs-royal-challengers-bengaluru-1st-match-1473438/full-scorecard
2025-12-06 22:03:34 - __main__ - INFO - Downloading match 1473438
2025-12-06 22:03:34 - scraping.player_extractor - INFO - PlayerExtractor initialized - Target: raw.match_players
2025-12-06 22:03:34 - scraping.match_scraper - INFO - Initializing WebDriver
2025-12-06 22:03:38 - scraping.match_scraper - INFO - Loading full scorecard - attempt 1
2025-12-06 22:03:49 - scraping.match_scraper - INFO - full scorecard loaded successfully
2025-12-06 22:03:49 - scraping.match_scraper - INFO - Scrolling full scorecard page
2025-12-06 22:03:49 - core.page_navigator - INFO - Scrolling page 5 times
2025-12-06 22:04:12 - core.page_navigator - INFO - Page scrolling completed
2025-12-06 22:04:15 - scraping.match_scraper - INFO - Extracting metadata
2025-12-06 22:04:19 - core.metadata_extractor - INFO - Found 14 metadata rows for match 1473438
2025-12-06 22:04:19 - core.metadata_extractor - INFO - Extracted 15 metadata fields for match 1473438
2025-12-06 22:04:19 - scraping.match_scraper - INFO - Extracting player rosters...
2025-12-06 22:04:19 - scraping.player_extractor - INFO - Extracting players for match 1473438
2025-12-06 22:04:19 - core.metadata_extractor - INFO - Extracting player names for match 1473438
2025-12-06 22:04:19 - core.metadata_extractor - INFO - Found 2 scorecard table(s)
2025-12-06 22:04:19 - core.metadata_extractor - INFO -   innings_1 (Kolkata Knight Riders): 10 batted, 1 did not bat
2025-12-06 22:04:19 - core.metadata_extractor - INFO -   innings_2 (Royal Challengers Bengaluru): 5 batted, 6 did not bat
2025-12-06 22:04:19 - core.metadata_extractor - INFO -   Found 12 impact players/substitutes
2025-12-06 22:04:19 - core.metadata_extractor - INFO - Created DataFrame with 34 player records from 2 innings
2025-12-06 22:04:19 - scraping.player_extractor - INFO - Stored 34 players for match 1473438
2025-12-06 22:04:19 - scraping.player_extractor - INFO -   Teams: Kolkata Knight Riders, Royal Challengers Bengaluru
2025-12-06 22:04:19 - scraping.player_extractor - INFO -   Batted: 15, Did not bat: 19
2025-12-06 22:04:19 - scraping.match_scraper - INFO - Stored 34 players
2025-12-06 22:04:19 - scraping.match_scraper - INFO -   - Kolkata Knight Riders
2025-12-06 22:04:19 - scraping.match_scraper - INFO -   - Royal Challengers Bengaluru
2025-12-06 22:04:19 - scraping.match_scraper - INFO - Loading commentary page - attempt 1
2025-12-06 22:04:29 - scraping.match_scraper - INFO - commentary page loaded successfully
2025-12-06 22:04:29 - scraping.match_scraper - INFO - Scrolling commentary page
2025-12-06 22:04:29 - core.page_navigator - INFO - Scrolling page 25 times
2025-12-06 22:05:25 - core.page_navigator - INFO - Page scrolling completed
2025-12-06 22:05:28 - scraping.match_scraper - INFO - Extracting first innings data
2025-12-06 22:05:28 - scraping.match_scraper - INFO - Default batting team: RCB
2025-12-06 22:05:28 - core.commentary_parser - INFO - Found 99 commentary blocks
2025-12-06 22:05:28 - core.commentary_parser - INFO - Parsed 99 commentary entries
2025-12-06 22:05:29 - core.commentary_parser - INFO - Created DataFrame with 99 rows
2025-12-06 22:05:29 - scraping.match_scraper - INFO - First innings: 99 events
2025-12-06 22:05:29 - core.page_navigator - INFO - Scrolling to top of page
2025-12-06 22:05:35 - scraping.match_scraper - INFO - Switching to second innings
2025-12-06 22:05:35 - core.page_navigator - INFO - Switching innings from: RCB
2025-12-06 22:06:09 - core.page_navigator - INFO - Switching to innings: KKR
2025-12-06 22:06:12 - core.page_navigator - INFO - Successfully switched to KKR
2025-12-06 22:06:12 - scraping.match_scraper - INFO - Switched batting team: KKR
2025-12-06 22:06:12 - scraping.match_scraper - INFO - Saving metadata to database
2025-12-06 22:06:17 - core.page_navigator - INFO - Scrolling page 25 times
2025-12-06 22:07:08 - core.page_navigator - INFO - Page scrolling completed
2025-12-06 22:07:11 - core.commentary_parser - INFO - Found 124 commentary blocks
2025-12-06 22:07:11 - core.commentary_parser - INFO - Parsed 124 commentary entries
2025-12-06 22:07:11 - core.commentary_parser - INFO - Created DataFrame with 124 rows
2025-12-06 22:07:11 - scraping.match_scraper - INFO - Second innings: 124 events
2025-12-06 22:07:11 - scraping.match_scraper - INFO - Saving commentary to database
2025-12-06 22:07:11 - scraping.match_scraper - INFO - Commentary saved: 223 total events
2025-12-06 22:07:11 - scraping.match_scraper - INFO - Successfully completed scraping match 1473438
2025-12-06 22:07:11 - scraping.match_scraper - INFO - Closing WebDriver
2025-12-06 22:07:14 - __main__ - INFO - Successfully downloaded match 1473438
2025-12-06 22:07:14 - __main__ - INFO - Scraping complete - Found: 1, Downloaded: 1, Skipped: 0, Failed: 0
2025-12-06 22:07:14 - __main__ - INFO - STEP 4: Processing through Medallion Architecture
2025-12-06 22:07:14 - __main__ - INFO - Starting Medallion Architecture pipeline
2025-12-06 22:07:14 - pipeline.orchestrator - INFO - Pipeline Orchestrator initialized
2025-12-06 22:07:14 - pipeline.orchestrator - INFO - 
================================================================================
2025-12-06 22:07:14 - pipeline.orchestrator - INFO - MEDALLION ARCHITECTURE PIPELINE - STARTING
2025-12-06 22:07:14 - pipeline.orchestrator - INFO - ================================================================================
2025-12-06 22:07:14 - pipeline.orchestrator - INFO - Start Time: 2025-12-06 22:07:14.240799
2025-12-06 22:07:14 - pipeline.orchestrator - INFO - Layers to execute: bronze, silver, gold
2025-12-06 22:07:14 - pipeline.orchestrator - INFO - ================================================================================
2025-12-06 22:07:14 - medallionlayer.bronze_layer - INFO - Bronze Layer initialized - Run ID: 614c98f1-8f45-4d3c-ad38-d7e10999ff7e
2025-12-06 22:07:14 - medallionlayer.bronze_layer - INFO - ======================================================================
2025-12-06 22:07:14 - medallionlayer.bronze_layer - INFO - BRONZE LAYER - Starting
2025-12-06 22:07:14 - medallionlayer.bronze_layer - INFO - ======================================================================
2025-12-06 22:07:14 - medallionlayer.bronze_layer - INFO - 
Processing table: match_metadata
2025-12-06 22:07:14 - medallionlayer.bronze_layer - INFO - Read 1 rows from raw.match_metadata
2025-12-06 22:07:14 - medallionlayer.bronze_layer - INFO -   No duplicates found based on ['matchid']
2025-12-06 22:07:14 - medallionlayer.bronze_layer - INFO - After quality checks: 1 rows (removed 0)
2025-12-06 22:07:14 - medallionlayer.bronze_layer - INFO - match_metadata: 1 rows ingested
2025-12-06 22:07:14 - medallionlayer.bronze_layer - INFO - 
Processing table: match_events
2025-12-06 22:07:14 - medallionlayer.bronze_layer - INFO - Read 223 rows from raw.match_events
2025-12-06 22:07:14 - medallionlayer.bronze_layer - INFO -   No duplicates found based on ['matchid', 'ball', 'innings', 'commentary']
2025-12-06 22:07:14 - medallionlayer.bronze_layer - INFO - After quality checks: 223 rows (removed 0)
2025-12-06 22:07:14 - medallionlayer.bronze_layer - INFO - match_events: 223 rows ingested
2025-12-06 22:07:14 - medallionlayer.bronze_layer - INFO - 
Processing table: match_players
2025-12-06 22:07:15 - medallionlayer.bronze_layer - INFO - Read 32 rows from raw.match_players
2025-12-06 22:07:15 - medallionlayer.bronze_layer - INFO -   No duplicates found based on ['matchid', 'innings', 'player_name']
2025-12-06 22:07:15 - medallionlayer.bronze_layer - INFO - After quality checks: 32 rows (removed 0)
2025-12-06 22:07:15 - medallionlayer.bronze_layer - INFO - match_players: 32 rows ingested
2025-12-06 22:07:15 - medallionlayer.bronze_layer - INFO - 
Validating innings data...
2025-12-06 22:07:15 - medallionlayer.bronze_layer - INFO - All matches have complete innings data
2025-12-06 22:07:15 - medallionlayer.bronze_layer - INFO - 
======================================================================
2025-12-06 22:07:15 - medallionlayer.bronze_layer - INFO - DATA QUALITY REPORT
2025-12-06 22:07:15 - medallionlayer.bronze_layer - INFO - ======================================================================
2025-12-06 22:07:15 - medallionlayer.bronze_layer - INFO - 
DUPLICATES REMOVED:
2025-12-06 22:07:15 - medallionlayer.bronze_layer - INFO -   match_metadata: No duplicates found
2025-12-06 22:07:15 - medallionlayer.bronze_layer - INFO -   match_events: No duplicates found
2025-12-06 22:07:15 - medallionlayer.bronze_layer - INFO -   match_players: No duplicates found
2025-12-06 22:07:15 - medallionlayer.bronze_layer - INFO - 
NULL VALUES FOUND:
2025-12-06 22:07:15 - medallionlayer.bronze_layer - INFO -   match_metadata: No null values in required columns
2025-12-06 22:07:15 - medallionlayer.bronze_layer - INFO -   match_events: No null values in required columns
2025-12-06 22:07:15 - medallionlayer.bronze_layer - INFO -   match_players: No null values in required columns
2025-12-06 22:07:15 - medallionlayer.bronze_layer - INFO - 
INNINGS VALIDATION:
2025-12-06 22:07:15 - medallionlayer.bronze_layer - INFO - All matches have complete innings data
2025-12-06 22:07:15 - medallionlayer.bronze_layer - INFO - ======================================================================

2025-12-06 22:07:15 - medallionlayer.bronze_layer - INFO - 
======================================================================
2025-12-06 22:07:15 - medallionlayer.bronze_layer - INFO - BRONZE LAYER - Complete
2025-12-06 22:07:15 - medallionlayer.bronze_layer - INFO - Tables Processed: 3/3
2025-12-06 22:07:15 - medallionlayer.bronze_layer - INFO - Total Rows: 256
2025-12-06 22:07:15 - medallionlayer.bronze_layer - INFO - ======================================================================
2025-12-06 22:07:15 - medallionlayer.silver_layer - INFO - Silver Layer initialized
2025-12-06 22:07:15 - medallionlayer.silver_layer - INFO - ======================================================================
2025-12-06 22:07:15 - medallionlayer.silver_layer - INFO - SILVER LAYER - Starting
2025-12-06 22:07:15 - medallionlayer.silver_layer - INFO - ======================================================================
2025-12-06 22:07:15 - medallionlayer.silver_layer - INFO - 
Processing table: match_metadata
2025-12-06 22:07:15 - medallionlayer.silver_layer - INFO - Read 1 rows from bronze.match_metadata
2025-12-06 22:07:15 - medallionlayer.silver_layer - INFO -   Cleaned columns: ['venue', 'series', 'toss', 'player_of_the_match']
2025-12-06 22:07:15 - medallionlayer.silver_layer - INFO - After transformations: 1 rows (removed 0)
2025-12-06 22:07:15 - medallionlayer.silver_layer - INFO -   Removed Bronze audit columns: ['ingestion_timestamp', 'source_system', 'pipeline_run_id', 'is_active']
2025-12-06 22:07:15 - medallionlayer.silver_layer - INFO - match_metadata: 1 rows processed
2025-12-06 22:07:15 - medallionlayer.silver_layer - INFO - 
Processing table: match_events
2025-12-06 22:07:15 - medallionlayer.silver_layer - INFO - Read 223 rows from bronze.match_events
2025-12-06 22:07:15 - medallionlayer.silver_layer - INFO -   Cleaned columns: ['bowler', 'batsman', 'commentary', 'innings']
2025-12-06 22:07:15 - medallionlayer.silver_layer - INFO -   Converting 'score' column to numeric...
2025-12-06 22:07:15 - medallionlayer.silver_layer - INFO -   Score conversion: 212 converted, 11 not converted (set to 0)
2025-12-06 22:07:15 - medallionlayer.silver_layer - INFO -   Extracting dismissal information...
2025-12-06 22:07:15 - medallionlayer.silver_layer - INFO -   Extracted dismissal info for 7 wickets
2025-12-06 22:07:15 - medallionlayer.silver_layer - INFO -   Enriching player names for columns: ['batsman', 'bowler', 'fielder_name']
2025-12-06 22:07:15 - medallionlayer.silver_layer - INFO -   Loaded 32 player records for enrichment
2025-12-06 22:07:15 - medallionlayer.silver_layer - INFO -   Enriching column: batsman
2025-12-06 22:07:15 - medallionlayer.silver_layer - INFO -   Enriching column: bowler
2025-12-06 22:07:15 - medallionlayer.silver_layer - INFO -   Enriching column: fielder_name
2025-12-06 22:07:15 - medallionlayer.silver_layer - INFO -   Enrichment results:
2025-12-06 22:07:15 - medallionlayer.silver_layer - INFO -     batsman: 213 enriched, 10 not found, 0 null
2025-12-06 22:07:15 - medallionlayer.silver_layer - INFO -     bowler: 223 enriched, 0 not found, 0 null
2025-12-06 22:07:15 - medallionlayer.silver_layer - INFO -     fielder_name: 5 enriched, 1 not found, 217 null
2025-12-06 22:07:15 - medallionlayer.silver_layer - INFO - After transformations: 223 rows (removed 0)
2025-12-06 22:07:15 - medallionlayer.silver_layer - INFO -   Removed Bronze audit columns: ['ingestion_timestamp', 'source_system', 'pipeline_run_id', 'is_active']
2025-12-06 22:07:15 - medallionlayer.silver_layer - INFO - match_events: 223 rows processed
2025-12-06 22:07:15 - medallionlayer.silver_layer - INFO - 
Processing table: match_players
2025-12-06 22:07:16 - medallionlayer.silver_layer - INFO - Read 32 rows from bronze.match_players
2025-12-06 22:07:16 - medallionlayer.silver_layer - INFO -   Cleaned columns: ['player_name', 'team']
2025-12-06 22:07:16 - medallionlayer.silver_layer - INFO - After transformations: 32 rows (removed 0)
2025-12-06 22:07:16 - medallionlayer.silver_layer - INFO -   Removed Bronze audit columns: ['ingestion_timestamp', 'source_system', 'pipeline_run_id', 'is_active']
2025-12-06 22:07:16 - medallionlayer.silver_layer - INFO - match_players: 32 rows processed
2025-12-06 22:07:16 - medallionlayer.silver_layer - INFO - 
======================================================================
2025-12-06 22:07:16 - medallionlayer.silver_layer - INFO - SILVER LAYER - Complete
2025-12-06 22:07:16 - medallionlayer.silver_layer - INFO - Tables Processed: 3
2025-12-06 22:07:16 - medallionlayer.silver_layer - INFO - Total Rows: 256
2025-12-06 22:07:16 - medallionlayer.silver_layer - INFO - ======================================================================
2025-12-06 22:07:16 - medallionlayer.gold_layer - INFO - Gold Layer initialized
2025-12-06 22:07:16 - medallionlayer.gold_layer - INFO - ======================================================================
2025-12-06 22:07:16 - medallionlayer.gold_layer - INFO - GOLD LAYER - Starting
2025-12-06 22:07:16 - medallionlayer.gold_layer - INFO - ======================================================================
2025-12-06 22:07:16 - medallionlayer.gold_layer - INFO - 
Processing aggregation: match_summary
2025-12-06 22:07:16 - medallionlayer.gold_layer - INFO - Read 1 rows from silver.match_metadata
2025-12-06 22:07:16 - medallionlayer.gold_layer - INFO -   Selected 1 distinct rows (no aggregation)
2025-12-06 22:07:16 - medallionlayer.gold_layer - INFO -   Selected 7 columns for Gold: ['matchid', 'venue', 'series', 'season', 'player_of_the_match', 'first_innings', 'second_innings']
2025-12-06 22:07:16 - medallionlayer.gold_layer - INFO - Final DataFrame columns: ['matchid', 'venue', 'series', 'season', 'player_of_the_match', 'first_innings', 'second_innings', 'created_at', 'updated_at']
2025-12-06 22:07:16 - medallionlayer.gold_layer - INFO - Successfully wrote 1 rows to gold.match_summary
2025-12-06 22:07:16 - medallionlayer.gold_layer - INFO - Successfully created 1 rows for match_summary
2025-12-06 22:07:16 - medallionlayer.gold_layer - INFO - 
Processing aggregation: series_summary
2025-12-06 22:07:16 - medallionlayer.gold_layer - INFO - Read 1 rows from silver.match_metadata
2025-12-06 22:07:16 - medallionlayer.gold_layer - INFO -   Aggregated to 1 rows
2025-12-06 22:07:16 - medallionlayer.gold_layer - INFO -   Selected 3 columns for Gold: ['series', 'season', 'total_matches']
2025-12-06 22:07:16 - medallionlayer.gold_layer - INFO - Final DataFrame columns: ['series', 'season', 'total_matches', 'created_at', 'updated_at']
2025-12-06 22:07:16 - medallionlayer.gold_layer - INFO - Successfully wrote 1 rows to gold.series_summary
2025-12-06 22:07:16 - medallionlayer.gold_layer - INFO - Successfully created 1 rows for series_summary
2025-12-06 22:07:16 - medallionlayer.gold_layer - INFO - 
Processing aggregation: venue_statistics
2025-12-06 22:07:16 - medallionlayer.gold_layer - INFO - Read 1 rows from silver.match_metadata
2025-12-06 22:07:16 - medallionlayer.gold_layer - INFO -   Aggregated to 1 rows
2025-12-06 22:07:16 - medallionlayer.gold_layer - INFO -   Selected 3 columns for Gold: ['venue', 'season', 'total_matches']
2025-12-06 22:07:16 - medallionlayer.gold_layer - INFO - Final DataFrame columns: ['venue', 'season', 'total_matches', 'created_at', 'updated_at']
2025-12-06 22:07:16 - medallionlayer.gold_layer - INFO - Successfully wrote 1 rows to gold.venue_statistics
2025-12-06 22:07:16 - medallionlayer.gold_layer - INFO - Successfully created 1 rows for venue_statistics
2025-12-06 22:07:16 - medallionlayer.gold_layer - INFO - 
Processing aggregation: match_ball_statistics
2025-12-06 22:07:16 - medallionlayer.gold_layer - INFO - Read 218 rows from silver.match_events
2025-12-06 22:07:16 - medallionlayer.gold_layer - INFO -   Aggregated to 2 rows
2025-12-06 22:07:16 - medallionlayer.gold_layer - INFO - Final DataFrame columns: ['matchid', 'innings', 'total_balls', 'total_runs', 'created_at', 'updated_at']
2025-12-06 22:07:16 - medallionlayer.gold_layer - INFO - Successfully wrote 2 rows to gold.match_ball_statistics
2025-12-06 22:07:16 - medallionlayer.gold_layer - INFO - Successfully created 2 rows for match_ball_statistics
2025-12-06 22:07:16 - medallionlayer.gold_layer - INFO - 
Processing aggregation: batsman_statistics
2025-12-06 22:07:16 - medallionlayer.gold_layer - INFO - Read 218 rows from silver.match_events
2025-12-06 22:07:16 - medallionlayer.gold_layer - INFO -   Excluded 4 extras from aggregation
2025-12-06 22:07:16 - medallionlayer.gold_layer - INFO -   Filtered extras: 218 -> 214 rows (4 extras removed)
2025-12-06 22:07:16 - medallionlayer.gold_layer - INFO -   Aggregated to 15 rows
2025-12-06 22:07:16 - medallionlayer.gold_layer - INFO -   Selected 5 columns for Gold: ['matchid', 'batsman', 'innings', 'total_runs', 'balls_faced']
2025-12-06 22:07:16 - medallionlayer.gold_layer - INFO - Final DataFrame columns: ['matchid', 'batsman', 'innings', 'total_runs', 'balls_faced', 'created_at', 'updated_at']
2025-12-06 22:07:16 - medallionlayer.gold_layer - INFO - Successfully wrote 15 rows to gold.batsman_statistics
2025-12-06 22:07:16 - medallionlayer.gold_layer - INFO - Successfully created 15 rows for batsman_statistics
2025-12-06 22:07:16 - medallionlayer.gold_layer - INFO - 
Processing aggregation: bowler_statistics
2025-12-06 22:07:17 - medallionlayer.gold_layer - INFO - Read 218 rows from silver.match_events
2025-12-06 22:07:17 - medallionlayer.gold_layer - INFO -   Aggregated to 11 rows
2025-12-06 22:07:17 - medallionlayer.gold_layer - INFO - Final DataFrame columns: ['matchid', 'bowler', 'innings', 'balls_bowled', 'runs_conceded', 'created_at', 'updated_at']
2025-12-06 22:07:17 - medallionlayer.gold_layer - INFO - Successfully wrote 11 rows to gold.bowler_statistics
2025-12-06 22:07:17 - medallionlayer.gold_layer - INFO - Successfully created 11 rows for bowler_statistics
2025-12-06 22:07:17 - medallionlayer.gold_layer - INFO - 
======================================================================
2025-12-06 22:07:17 - medallionlayer.gold_layer - INFO - GOLD LAYER - Complete
2025-12-06 22:07:17 - medallionlayer.gold_layer - INFO - Aggregations Processed: 6
2025-12-06 22:07:17 - medallionlayer.gold_layer - INFO - Total Rows: 31
2025-12-06 22:07:17 - medallionlayer.gold_layer - INFO - ======================================================================
2025-12-06 22:07:17 - pipeline.orchestrator - INFO - 
================================================================================
2025-12-06 22:07:17 - pipeline.orchestrator - INFO - PIPELINE EXECUTION SUMMARY
2025-12-06 22:07:17 - pipeline.orchestrator - INFO - ================================================================================
2025-12-06 22:07:17 - pipeline.orchestrator - INFO - Status: SUCCESS
2025-12-06 22:07:17 - pipeline.orchestrator - INFO - Duration: 2.89 seconds
2025-12-06 22:07:17 - pipeline.orchestrator - INFO - 
BRONZE Layer:
2025-12-06 22:07:17 - pipeline.orchestrator - INFO -   Status: success
2025-12-06 22:07:17 - pipeline.orchestrator - INFO -   Tables Processed: 3
2025-12-06 22:07:17 - pipeline.orchestrator - INFO -   Total Rows: 256
2025-12-06 22:07:17 - pipeline.orchestrator - INFO - 
SILVER Layer:
2025-12-06 22:07:17 - pipeline.orchestrator - INFO -   Status: success
2025-12-06 22:07:17 - pipeline.orchestrator - INFO -   Tables Processed: 3
2025-12-06 22:07:17 - pipeline.orchestrator - INFO -   Total Rows: 256
2025-12-06 22:07:17 - pipeline.orchestrator - INFO - 
GOLD Layer:
2025-12-06 22:07:17 - pipeline.orchestrator - INFO -   Status: success
2025-12-06 22:07:17 - pipeline.orchestrator - INFO -   Aggregations: 6
2025-12-06 22:07:17 - pipeline.orchestrator - INFO -   Total Rows: 31
2025-12-06 22:07:17 - pipeline.orchestrator - INFO - ================================================================================

2025-12-06 22:07:17 - __main__ - INFO - Pipeline completed - Status: success, Duration: 2.89s
2025-12-06 22:07:17 - __main__ - INFO - Pipeline completed successfully
2025-12-06 22:13:53 - __main__ - INFO - Cricket Data Pipeline Started
2025-12-06 22:13:53 - __main__ - INFO - STEP 1: Initializing database and schemas
2025-12-06 22:13:54 - configs.db_config - INFO - Initializing Medallion Architecture schemas...
2025-12-06 22:13:54 - configs.db_config - INFO - Medallion schemas (Bronze, Silver, Gold) initialized
2025-12-06 22:13:54 - __main__ - INFO - Database initialization complete
2025-12-06 22:13:54 - __main__ - INFO - STEP 2: Loading configuration
2025-12-06 22:13:54 - __main__ - INFO - Configuration loaded successfully
2025-12-06 22:13:54 - __main__ - INFO - STEP 3: Scraping data from Cricinfo
2025-12-06 22:13:54 - __main__ - INFO - Initializing match tracker
2025-12-06 22:13:54 - __main__ - INFO - Current Status: 0 matches already downloaded
2025-12-06 22:13:54 - __main__ - INFO - Fetching match schedule from Cricinfo
2025-12-06 22:13:54 - scraping.schedule_scraper - INFO - Initializing WebDriver for schedule scraping
2025-12-06 22:13:57 - scraping.schedule_scraper - INFO - Loading schedule page - attempt 1
2025-12-06 22:14:08 - scraping.schedule_scraper - INFO - Schedule page loaded successfully
2025-12-06 22:14:08 - scraping.schedule_scraper - INFO - Parsing schedule page with BeautifulSoup
2025-12-06 22:14:09 - scraping.schedule_scraper - INFO - Extracting match links from schedule
2025-12-06 22:14:09 - scraping.schedule_scraper - INFO - Successfully extracted 110 match links
2025-12-06 22:14:09 - scraping.schedule_scraper - INFO - Closing WebDriver
2025-12-06 22:14:11 - __main__ - INFO - Found 110 total links
2025-12-06 22:14:11 - __main__ - INFO - Found 1 match scorecards
2025-12-06 22:14:11 - __main__ - INFO - Starting match scraping process
2025-12-06 22:14:11 - __main__ - INFO - Processing match 1/1: https://www.espncricinfo.com/series/ipl-2025-1449924/kolkata-knight-riders-vs-royal-challengers-bengaluru-1st-match-1473438/full-scorecard
2025-12-06 22:14:12 - __main__ - INFO - Downloading match 1473438
2025-12-06 22:14:12 - scraping.player_extractor - INFO - PlayerExtractor initialized - Target: raw.match_players
2025-12-06 22:14:12 - scraping.match_scraper - INFO - Initializing WebDriver
2025-12-06 22:14:15 - scraping.match_scraper - INFO - Loading full scorecard - attempt 1
2025-12-06 22:14:27 - scraping.match_scraper - INFO - full scorecard loaded successfully
2025-12-06 22:14:27 - scraping.match_scraper - INFO - Scrolling full scorecard page
2025-12-06 22:14:27 - core.page_navigator - INFO - Scrolling page 5 times
2025-12-06 22:16:29 - core.page_navigator - ERROR - Error during page scroll: HTTPConnectionPool(host='localhost', port=58112): Read timed out. (read timeout=120)
2025-12-06 22:16:32 - scraping.match_scraper - INFO - Extracting metadata
2025-12-06 22:17:20 - scraping.match_scraper - ERROR - WebDriver error scraping match 1473438: Message: invalid session id: session deleted as the browser has closed the connection
from disconnected: not connected to DevTools
  (Session info: chrome=142.0.7444.176)
Stacktrace:
Symbols not available. Dumping unresolved backtrace:
	0x714103
	0x714144
	0x51e71d
	0x50d910
	0x52c714
	0x593475
	0x5ae749
	0x58c706
	0x55da30
	0x55ed54
	0x9857b4
	0x98098a
	0x73c392
	0x72c4c8
	0x73324d
	0x71c478
	0x71c63c
	0x7067ca
	0x759f5d49
	0x7728d6db
	0x7728d661

2025-12-06 22:17:20 - scraping.match_scraper - INFO - Closing WebDriver
2025-12-06 22:17:22 - __main__ - ERROR - Error scraping match 1473438: WebDriver error: Message: invalid session id: session deleted as the browser has closed the connection
from disconnected: not connected to DevTools
  (Session info: chrome=142.0.7444.176)
Stacktrace:
Symbols not avail
2025-12-06 22:17:22 - __main__ - INFO - Scraping complete - Found: 1, Downloaded: 0, Skipped: 0, Failed: 1
2025-12-06 22:17:22 - __main__ - WARNING - 1 matches failed to download
2025-12-06 22:17:35 - __main__ - INFO - Cricket Data Pipeline Started
2025-12-06 22:17:35 - __main__ - INFO - STEP 1: Initializing database and schemas
2025-12-06 22:17:36 - configs.db_config - INFO - Initializing Medallion Architecture schemas...
2025-12-06 22:17:36 - configs.db_config - INFO - Medallion schemas (Bronze, Silver, Gold) initialized
2025-12-06 22:17:36 - __main__ - INFO - Database initialization complete
2025-12-06 22:17:36 - __main__ - INFO - STEP 2: Loading configuration
2025-12-06 22:17:36 - __main__ - INFO - Configuration loaded successfully
2025-12-06 22:17:36 - __main__ - INFO - STEP 3: Scraping data from Cricinfo
2025-12-06 22:17:36 - __main__ - INFO - Initializing match tracker
2025-12-06 22:17:37 - __main__ - INFO - Current Status: 0 matches already downloaded
2025-12-06 22:17:37 - __main__ - INFO - Fetching match schedule from Cricinfo
2025-12-06 22:17:37 - scraping.schedule_scraper - INFO - Initializing WebDriver for schedule scraping
2025-12-06 22:17:40 - scraping.schedule_scraper - INFO - Loading schedule page - attempt 1
2025-12-06 22:17:51 - scraping.schedule_scraper - INFO - Schedule page loaded successfully
2025-12-06 22:17:51 - scraping.schedule_scraper - INFO - Parsing schedule page with BeautifulSoup
2025-12-06 22:17:56 - scraping.schedule_scraper - INFO - Extracting match links from schedule
2025-12-06 22:17:56 - scraping.schedule_scraper - INFO - Successfully extracted 110 match links
2025-12-06 22:17:56 - scraping.schedule_scraper - INFO - Closing WebDriver
2025-12-06 22:17:58 - __main__ - INFO - Found 110 total links
2025-12-06 22:17:58 - __main__ - INFO - Found 1 match scorecards
2025-12-06 22:17:58 - __main__ - INFO - Starting match scraping process
2025-12-06 22:17:58 - __main__ - INFO - Processing match 1/1: https://www.espncricinfo.com/series/ipl-2025-1449924/kolkata-knight-riders-vs-royal-challengers-bengaluru-1st-match-1473438/full-scorecard
2025-12-06 22:17:58 - __main__ - INFO - Downloading match 1473438
2025-12-06 22:17:58 - scraping.player_extractor - INFO - PlayerExtractor initialized - Target: raw.match_players
2025-12-06 22:17:58 - scraping.match_scraper - INFO - Initializing WebDriver
2025-12-06 22:18:02 - scraping.match_scraper - INFO - Loading full scorecard - attempt 1
2025-12-06 22:18:14 - scraping.match_scraper - INFO - full scorecard loaded successfully
2025-12-06 22:18:14 - scraping.match_scraper - INFO - Scrolling full scorecard page
2025-12-06 22:18:14 - core.page_navigator - INFO - Scrolling page 5 times
2025-12-06 22:18:30 - core.page_navigator - INFO - Page scrolling completed
2025-12-06 22:18:33 - scraping.match_scraper - INFO - Extracting metadata
2025-12-06 22:18:33 - core.metadata_extractor - INFO - Found 14 metadata rows for match 1473438
2025-12-06 22:18:33 - core.metadata_extractor - INFO - Extracted 15 metadata fields for match 1473438
2025-12-06 22:18:33 - scraping.match_scraper - INFO - Extracting player rosters...
2025-12-06 22:18:33 - scraping.player_extractor - INFO - Extracting players for match 1473438
2025-12-06 22:18:34 - core.metadata_extractor - INFO - Extracting player names for match 1473438
2025-12-06 22:18:34 - core.metadata_extractor - INFO - Found 2 scorecard table(s)
2025-12-06 22:18:34 - core.metadata_extractor - INFO -   innings_1 (Kolkata Knight Riders): 10 batted, 1 did not bat
2025-12-06 22:18:34 - core.metadata_extractor - INFO -   innings_2 (Royal Challengers Bengaluru): 5 batted, 6 did not bat
2025-12-06 22:18:34 - core.metadata_extractor - INFO -   Found 12 impact players/substitutes
2025-12-06 22:18:34 - core.metadata_extractor - INFO - Created DataFrame with 34 player records from 2 innings
2025-12-06 22:18:34 - scraping.player_extractor - INFO - Stored 34 players for match 1473438
2025-12-06 22:18:34 - scraping.player_extractor - INFO -   Teams: Kolkata Knight Riders, Royal Challengers Bengaluru
2025-12-06 22:18:34 - scraping.player_extractor - INFO -   Batted: 15, Did not bat: 19
2025-12-06 22:18:34 - scraping.match_scraper - INFO - Stored 34 players
2025-12-06 22:18:34 - scraping.match_scraper - INFO -   - Kolkata Knight Riders
2025-12-06 22:18:34 - scraping.match_scraper - INFO -   - Royal Challengers Bengaluru
2025-12-06 22:18:34 - scraping.match_scraper - INFO - Loading commentary page - attempt 1
2025-12-06 22:18:44 - scraping.match_scraper - INFO - commentary page loaded successfully
2025-12-06 22:18:44 - scraping.match_scraper - INFO - Scrolling commentary page
2025-12-06 22:18:44 - core.page_navigator - INFO - Scrolling page 25 times
2025-12-06 22:19:34 - core.page_navigator - INFO - Page scrolling completed
2025-12-06 22:19:37 - scraping.match_scraper - INFO - Extracting first innings data
2025-12-06 22:19:37 - scraping.match_scraper - INFO - Default batting team: RCB
2025-12-06 22:19:38 - core.commentary_parser - INFO - Found 99 commentary blocks
2025-12-06 22:19:38 - core.commentary_parser - INFO - Parsed 99 commentary entries
2025-12-06 22:19:38 - core.commentary_parser - INFO - Created DataFrame with 99 rows
2025-12-06 22:19:38 - scraping.match_scraper - INFO - First innings: 99 events
2025-12-06 22:19:38 - core.page_navigator - INFO - Scrolling to top of page
2025-12-06 22:19:44 - scraping.match_scraper - INFO - Switching to second innings
2025-12-06 22:19:44 - core.page_navigator - INFO - Switching innings from: RCB
2025-12-06 22:20:19 - core.page_navigator - INFO - Switching to innings: KKR
2025-12-06 22:20:22 - core.page_navigator - INFO - Successfully switched to KKR
2025-12-06 22:20:22 - scraping.match_scraper - INFO - Switched batting team: KKR
2025-12-06 22:20:22 - scraping.match_scraper - INFO - Saving metadata to database
2025-12-06 22:20:27 - core.page_navigator - INFO - Scrolling page 25 times
2025-12-06 22:21:18 - core.page_navigator - INFO - Page scrolling completed
2025-12-06 22:21:21 - core.commentary_parser - INFO - Found 124 commentary blocks
2025-12-06 22:21:21 - core.commentary_parser - INFO - Parsed 124 commentary entries
2025-12-06 22:21:21 - core.commentary_parser - INFO - Created DataFrame with 124 rows
2025-12-06 22:21:21 - scraping.match_scraper - INFO - Second innings: 124 events
2025-12-06 22:21:21 - scraping.match_scraper - INFO - Saving commentary to database
2025-12-06 22:21:21 - scraping.match_scraper - INFO - Commentary saved: 223 total events
2025-12-06 22:21:21 - scraping.match_scraper - INFO - Successfully completed scraping match 1473438
2025-12-06 22:21:21 - scraping.match_scraper - INFO - Closing WebDriver
2025-12-06 22:21:24 - __main__ - INFO - Successfully downloaded match 1473438
2025-12-06 22:21:24 - __main__ - INFO - Scraping complete - Found: 1, Downloaded: 1, Skipped: 0, Failed: 0
2025-12-06 22:21:24 - __main__ - INFO - STEP 4: Processing through Medallion Architecture
2025-12-06 22:21:24 - __main__ - INFO - Starting Medallion Architecture pipeline
2025-12-06 22:21:24 - pipeline.orchestrator - INFO - Pipeline Orchestrator initialized
2025-12-06 22:21:24 - pipeline.orchestrator - INFO - 
================================================================================
2025-12-06 22:21:24 - pipeline.orchestrator - INFO - MEDALLION ARCHITECTURE PIPELINE - STARTING
2025-12-06 22:21:24 - pipeline.orchestrator - INFO - ================================================================================
2025-12-06 22:21:24 - pipeline.orchestrator - INFO - Start Time: 2025-12-06 22:21:24.682173
2025-12-06 22:21:24 - pipeline.orchestrator - INFO - Layers to execute: bronze, silver, gold
2025-12-06 22:21:24 - pipeline.orchestrator - INFO - ================================================================================
2025-12-06 22:21:24 - medallionlayer.bronze_layer - INFO - Bronze Layer initialized - Run ID: 957d7c78-1ab8-44e0-be7a-cf2f1176e1e6
2025-12-06 22:21:24 - medallionlayer.bronze_layer - INFO - ======================================================================
2025-12-06 22:21:24 - medallionlayer.bronze_layer - INFO - BRONZE LAYER - Starting
2025-12-06 22:21:24 - medallionlayer.bronze_layer - INFO - ======================================================================
2025-12-06 22:21:24 - medallionlayer.bronze_layer - INFO - 
Processing table: match_metadata
2025-12-06 22:21:24 - medallionlayer.bronze_layer - INFO - Read 1 rows from raw.match_metadata
2025-12-06 22:21:24 - medallionlayer.bronze_layer - INFO -   No duplicates found based on ['matchid']
2025-12-06 22:21:24 - medallionlayer.bronze_layer - INFO - After quality checks: 1 rows (removed 0)
2025-12-06 22:21:24 - medallionlayer.bronze_layer - INFO - match_metadata: 1 rows ingested
2025-12-06 22:21:24 - medallionlayer.bronze_layer - INFO - 
Processing table: match_events
2025-12-06 22:21:24 - medallionlayer.bronze_layer - INFO - Read 223 rows from raw.match_events
2025-12-06 22:21:24 - medallionlayer.bronze_layer - INFO -   No duplicates found based on ['matchid', 'ball', 'innings', 'commentary']
2025-12-06 22:21:24 - medallionlayer.bronze_layer - INFO - After quality checks: 223 rows (removed 0)
2025-12-06 22:21:25 - medallionlayer.bronze_layer - INFO - match_events: 223 rows ingested
2025-12-06 22:21:25 - medallionlayer.bronze_layer - INFO - 
Processing table: match_players
2025-12-06 22:21:25 - medallionlayer.bronze_layer - INFO - Read 32 rows from raw.match_players
2025-12-06 22:21:25 - medallionlayer.bronze_layer - INFO -   No duplicates found based on ['matchid', 'innings', 'player_name']
2025-12-06 22:21:25 - medallionlayer.bronze_layer - INFO - After quality checks: 32 rows (removed 0)
2025-12-06 22:21:25 - medallionlayer.bronze_layer - INFO - match_players: 32 rows ingested
2025-12-06 22:21:25 - medallionlayer.bronze_layer - INFO - 
Validating innings data...
2025-12-06 22:21:25 - medallionlayer.bronze_layer - INFO - All matches have complete innings data
2025-12-06 22:21:25 - medallionlayer.bronze_layer - INFO - 
======================================================================
2025-12-06 22:21:25 - medallionlayer.bronze_layer - INFO - DATA QUALITY REPORT
2025-12-06 22:21:25 - medallionlayer.bronze_layer - INFO - ======================================================================
2025-12-06 22:21:25 - medallionlayer.bronze_layer - INFO - 
DUPLICATES REMOVED:
2025-12-06 22:21:25 - medallionlayer.bronze_layer - INFO -   match_metadata: No duplicates found
2025-12-06 22:21:25 - medallionlayer.bronze_layer - INFO -   match_events: No duplicates found
2025-12-06 22:21:25 - medallionlayer.bronze_layer - INFO -   match_players: No duplicates found
2025-12-06 22:21:25 - medallionlayer.bronze_layer - INFO - 
NULL VALUES FOUND:
2025-12-06 22:21:25 - medallionlayer.bronze_layer - INFO -   match_metadata: No null values in required columns
2025-12-06 22:21:25 - medallionlayer.bronze_layer - INFO -   match_events: No null values in required columns
2025-12-06 22:21:25 - medallionlayer.bronze_layer - INFO -   match_players: No null values in required columns
2025-12-06 22:21:25 - medallionlayer.bronze_layer - INFO - 
INNINGS VALIDATION:
2025-12-06 22:21:25 - medallionlayer.bronze_layer - INFO - All matches have complete innings data
2025-12-06 22:21:25 - medallionlayer.bronze_layer - INFO - ======================================================================

2025-12-06 22:21:25 - medallionlayer.bronze_layer - INFO - 
======================================================================
2025-12-06 22:21:25 - medallionlayer.bronze_layer - INFO - BRONZE LAYER - Complete
2025-12-06 22:21:25 - medallionlayer.bronze_layer - INFO - Tables Processed: 3/3
2025-12-06 22:21:25 - medallionlayer.bronze_layer - INFO - Total Rows: 256
2025-12-06 22:21:25 - medallionlayer.bronze_layer - INFO - ======================================================================
2025-12-06 22:21:25 - medallionlayer.silver_layer - INFO - Silver Layer initialized
2025-12-06 22:21:25 - medallionlayer.silver_layer - INFO - ======================================================================
2025-12-06 22:21:25 - medallionlayer.silver_layer - INFO - SILVER LAYER - Starting
2025-12-06 22:21:25 - medallionlayer.silver_layer - INFO - ======================================================================
2025-12-06 22:21:25 - medallionlayer.silver_layer - INFO - 
Processing table: match_metadata
2025-12-06 22:21:25 - medallionlayer.silver_layer - INFO - Read 1 rows from bronze.match_metadata
2025-12-06 22:21:25 - medallionlayer.silver_layer - INFO -   Cleaned columns: ['venue', 'series', 'toss', 'player_of_the_match']
2025-12-06 22:21:25 - medallionlayer.silver_layer - INFO - After transformations: 1 rows (removed 0)
2025-12-06 22:21:25 - medallionlayer.silver_layer - INFO -   Removed Bronze audit columns: ['ingestion_timestamp', 'source_system', 'pipeline_run_id', 'is_active']
2025-12-06 22:21:25 - medallionlayer.silver_layer - INFO - match_metadata: 1 rows processed
2025-12-06 22:21:25 - medallionlayer.silver_layer - INFO - 
Processing table: match_events
2025-12-06 22:21:25 - medallionlayer.silver_layer - INFO - Read 223 rows from bronze.match_events
2025-12-06 22:21:25 - medallionlayer.silver_layer - INFO -   Cleaned columns: ['bowler', 'batsman', 'commentary', 'innings']
2025-12-06 22:21:25 - medallionlayer.silver_layer - INFO -   Converting 'score' column to numeric...
2025-12-06 22:21:25 - medallionlayer.silver_layer - INFO -   Score conversion: 212 converted, 11 not converted (set to 0)
2025-12-06 22:21:25 - medallionlayer.silver_layer - INFO -   Extracting dismissal information...
2025-12-06 22:21:25 - medallionlayer.silver_layer - INFO -   Extracted dismissal info for 7 wickets
2025-12-06 22:21:25 - medallionlayer.silver_layer - INFO -   Enriching player names for columns: ['batsman', 'bowler', 'fielder_name']
2025-12-06 22:21:25 - medallionlayer.silver_layer - INFO -   Loaded 32 player records for enrichment
2025-12-06 22:21:25 - medallionlayer.silver_layer - INFO -   Enriching column: batsman
2025-12-06 22:21:25 - medallionlayer.silver_layer - INFO -   Enriching column: bowler
2025-12-06 22:21:26 - medallionlayer.silver_layer - INFO -   Enriching column: fielder_name
2025-12-06 22:21:26 - medallionlayer.silver_layer - INFO -   Enrichment results:
2025-12-06 22:21:26 - medallionlayer.silver_layer - INFO -     batsman: 213 enriched, 10 not found, 0 null
2025-12-06 22:21:26 - medallionlayer.silver_layer - INFO -     bowler: 223 enriched, 0 not found, 0 null
2025-12-06 22:21:26 - medallionlayer.silver_layer - INFO -     fielder_name: 5 enriched, 1 not found, 217 null
2025-12-06 22:21:26 - medallionlayer.silver_layer - INFO - After transformations: 223 rows (removed 0)
2025-12-06 22:21:26 - medallionlayer.silver_layer - INFO -   Removed Bronze audit columns: ['ingestion_timestamp', 'source_system', 'pipeline_run_id', 'is_active']
2025-12-06 22:21:26 - medallionlayer.silver_layer - INFO - match_events: 223 rows processed
2025-12-06 22:21:26 - medallionlayer.silver_layer - INFO - 
Processing table: match_players
2025-12-06 22:21:26 - medallionlayer.silver_layer - INFO - Read 32 rows from bronze.match_players
2025-12-06 22:21:26 - medallionlayer.silver_layer - INFO -   Cleaned columns: ['player_name', 'team']
2025-12-06 22:21:26 - medallionlayer.silver_layer - INFO - After transformations: 32 rows (removed 0)
2025-12-06 22:21:26 - medallionlayer.silver_layer - INFO -   Removed Bronze audit columns: ['ingestion_timestamp', 'source_system', 'pipeline_run_id', 'is_active']
2025-12-06 22:21:26 - medallionlayer.silver_layer - INFO - match_players: 32 rows processed
2025-12-06 22:21:26 - medallionlayer.silver_layer - INFO - 
======================================================================
2025-12-06 22:21:26 - medallionlayer.silver_layer - INFO - SILVER LAYER - Complete
2025-12-06 22:21:26 - medallionlayer.silver_layer - INFO - Tables Processed: 3
2025-12-06 22:21:26 - medallionlayer.silver_layer - INFO - Total Rows: 256
2025-12-06 22:21:26 - medallionlayer.silver_layer - INFO - ======================================================================
2025-12-06 22:21:26 - medallionlayer.gold_layer - INFO - Gold Layer initialized
2025-12-06 22:21:26 - medallionlayer.gold_layer - INFO - ======================================================================
2025-12-06 22:21:26 - medallionlayer.gold_layer - INFO - GOLD LAYER - Starting
2025-12-06 22:21:26 - medallionlayer.gold_layer - INFO - ======================================================================
2025-12-06 22:21:26 - medallionlayer.gold_layer - INFO - 
Processing aggregation: match_summary
2025-12-06 22:21:26 - medallionlayer.gold_layer - INFO - Read 1 rows from silver.match_metadata
2025-12-06 22:21:26 - medallionlayer.gold_layer - INFO -   Selected 1 distinct rows (no aggregation)
2025-12-06 22:21:26 - medallionlayer.gold_layer - INFO -   Selected 7 columns for Gold: ['matchid', 'venue', 'series', 'season', 'player_of_the_match', 'first_innings', 'second_innings']
2025-12-06 22:21:26 - medallionlayer.gold_layer - INFO - Final DataFrame columns: ['matchid', 'venue', 'series', 'season', 'player_of_the_match', 'first_innings', 'second_innings', 'created_at', 'updated_at']
2025-12-06 22:21:26 - medallionlayer.gold_layer - INFO - Successfully wrote 1 rows to gold.match_summary
2025-12-06 22:21:26 - medallionlayer.gold_layer - INFO - Successfully created 1 rows for match_summary
2025-12-06 22:21:26 - medallionlayer.gold_layer - INFO - 
Processing aggregation: series_summary
2025-12-06 22:21:26 - medallionlayer.gold_layer - INFO - Read 1 rows from silver.match_metadata
2025-12-06 22:21:26 - medallionlayer.gold_layer - INFO -   Aggregated to 1 rows
2025-12-06 22:21:26 - medallionlayer.gold_layer - INFO -   Selected 3 columns for Gold: ['series', 'season', 'total_matches']
2025-12-06 22:21:26 - medallionlayer.gold_layer - INFO - Final DataFrame columns: ['series', 'season', 'total_matches', 'created_at', 'updated_at']
2025-12-06 22:21:26 - medallionlayer.gold_layer - INFO - Successfully wrote 1 rows to gold.series_summary
2025-12-06 22:21:26 - medallionlayer.gold_layer - INFO - Successfully created 1 rows for series_summary
2025-12-06 22:21:26 - medallionlayer.gold_layer - INFO - 
Processing aggregation: venue_statistics
2025-12-06 22:21:26 - medallionlayer.gold_layer - INFO - Read 1 rows from silver.match_metadata
2025-12-06 22:21:26 - medallionlayer.gold_layer - INFO -   Aggregated to 1 rows
2025-12-06 22:21:26 - medallionlayer.gold_layer - INFO -   Selected 3 columns for Gold: ['venue', 'season', 'total_matches']
2025-12-06 22:21:26 - medallionlayer.gold_layer - INFO - Final DataFrame columns: ['venue', 'season', 'total_matches', 'created_at', 'updated_at']
2025-12-06 22:21:26 - medallionlayer.gold_layer - INFO - Successfully wrote 1 rows to gold.venue_statistics
2025-12-06 22:21:26 - medallionlayer.gold_layer - INFO - Successfully created 1 rows for venue_statistics
2025-12-06 22:21:26 - medallionlayer.gold_layer - INFO - 
Processing aggregation: match_ball_statistics
2025-12-06 22:21:26 - medallionlayer.gold_layer - INFO - Read 218 rows from silver.match_events
2025-12-06 22:21:26 - medallionlayer.gold_layer - INFO -   Aggregated to 2 rows
2025-12-06 22:21:26 - medallionlayer.gold_layer - INFO - Final DataFrame columns: ['matchid', 'innings', 'total_balls', 'total_runs', 'created_at', 'updated_at']
2025-12-06 22:21:27 - medallionlayer.gold_layer - INFO - Successfully wrote 2 rows to gold.match_ball_statistics
2025-12-06 22:21:27 - medallionlayer.gold_layer - INFO - Successfully created 2 rows for match_ball_statistics
2025-12-06 22:21:27 - medallionlayer.gold_layer - INFO - 
Processing aggregation: batsman_statistics
2025-12-06 22:21:27 - medallionlayer.gold_layer - INFO - Read 218 rows from silver.match_events
2025-12-06 22:21:27 - medallionlayer.gold_layer - INFO -   Excluded 4 extras from aggregation
2025-12-06 22:21:27 - medallionlayer.gold_layer - INFO -   Filtered extras: 218 -> 214 rows (4 extras removed)
2025-12-06 22:21:27 - medallionlayer.gold_layer - INFO -   Aggregated to 15 rows
2025-12-06 22:21:27 - medallionlayer.gold_layer - INFO -   Selected 5 columns for Gold: ['matchid', 'batsman', 'innings', 'total_runs', 'balls_faced']
2025-12-06 22:21:27 - medallionlayer.gold_layer - INFO - Final DataFrame columns: ['matchid', 'batsman', 'innings', 'total_runs', 'balls_faced', 'created_at', 'updated_at']
2025-12-06 22:21:27 - medallionlayer.gold_layer - INFO - Successfully wrote 15 rows to gold.batsman_statistics
2025-12-06 22:21:27 - medallionlayer.gold_layer - INFO - Successfully created 15 rows for batsman_statistics
2025-12-06 22:21:27 - medallionlayer.gold_layer - INFO - 
Processing aggregation: bowler_statistics
2025-12-06 22:21:27 - medallionlayer.gold_layer - INFO - Read 218 rows from silver.match_events
2025-12-06 22:21:27 - medallionlayer.gold_layer - INFO -   Aggregated to 11 rows
2025-12-06 22:21:27 - medallionlayer.gold_layer - INFO - Final DataFrame columns: ['matchid', 'bowler', 'innings', 'balls_bowled', 'runs_conceded', 'created_at', 'updated_at']
2025-12-06 22:21:27 - medallionlayer.gold_layer - INFO - Successfully wrote 11 rows to gold.bowler_statistics
2025-12-06 22:21:27 - medallionlayer.gold_layer - INFO - Successfully created 11 rows for bowler_statistics
2025-12-06 22:21:27 - medallionlayer.gold_layer - INFO - 
======================================================================
2025-12-06 22:21:27 - medallionlayer.gold_layer - INFO - GOLD LAYER - Complete
2025-12-06 22:21:27 - medallionlayer.gold_layer - INFO - Aggregations Processed: 6
2025-12-06 22:21:27 - medallionlayer.gold_layer - INFO - Total Rows: 31
2025-12-06 22:21:27 - medallionlayer.gold_layer - INFO - ======================================================================
2025-12-06 22:21:27 - pipeline.orchestrator - INFO - 
================================================================================
2025-12-06 22:21:27 - pipeline.orchestrator - INFO - PIPELINE EXECUTION SUMMARY
2025-12-06 22:21:27 - pipeline.orchestrator - INFO - ================================================================================
2025-12-06 22:21:27 - pipeline.orchestrator - INFO - Status: SUCCESS
2025-12-06 22:21:27 - pipeline.orchestrator - INFO - Duration: 2.69 seconds
2025-12-06 22:21:27 - pipeline.orchestrator - INFO - 
BRONZE Layer:
2025-12-06 22:21:27 - pipeline.orchestrator - INFO -   Status: success
2025-12-06 22:21:27 - pipeline.orchestrator - INFO -   Tables Processed: 3
2025-12-06 22:21:27 - pipeline.orchestrator - INFO -   Total Rows: 256
2025-12-06 22:21:27 - pipeline.orchestrator - INFO - 
SILVER Layer:
2025-12-06 22:21:27 - pipeline.orchestrator - INFO -   Status: success
2025-12-06 22:21:27 - pipeline.orchestrator - INFO -   Tables Processed: 3
2025-12-06 22:21:27 - pipeline.orchestrator - INFO -   Total Rows: 256
2025-12-06 22:21:27 - pipeline.orchestrator - INFO - 
GOLD Layer:
2025-12-06 22:21:27 - pipeline.orchestrator - INFO -   Status: success
2025-12-06 22:21:27 - pipeline.orchestrator - INFO -   Aggregations: 6
2025-12-06 22:21:27 - pipeline.orchestrator - INFO -   Total Rows: 31
2025-12-06 22:21:27 - pipeline.orchestrator - INFO - ================================================================================

2025-12-06 22:21:27 - __main__ - INFO - Pipeline completed - Status: success, Duration: 2.69s
2025-12-06 22:21:27 - __main__ - INFO - Pipeline completed successfully
2025-12-06 22:26:42 - __main__ - INFO - Cricket Data Pipeline Started
2025-12-06 22:26:42 - __main__ - INFO - STEP 1: Initializing database and schemas
2025-12-06 22:26:42 - configs.db_config - INFO - Initializing Medallion Architecture schemas...
2025-12-06 22:26:43 - configs.db_config - INFO - Medallion schemas (Bronze, Silver, Gold) initialized
2025-12-06 22:26:43 - __main__ - INFO - Database initialization complete
2025-12-06 22:26:43 - __main__ - INFO - STEP 2: Loading configuration
2025-12-06 22:26:43 - __main__ - INFO - Configuration loaded successfully
2025-12-06 22:26:43 - __main__ - INFO - STEP 3: Scraping data from Cricinfo
2025-12-06 22:26:43 - __main__ - INFO - Initializing match tracker
2025-12-06 22:26:43 - __main__ - INFO - Current Status: 0 matches already downloaded
2025-12-06 22:26:43 - __main__ - INFO - Fetching match schedule from Cricinfo
2025-12-06 22:26:43 - scraping.schedule_scraper - INFO - Initializing WebDriver for schedule scraping
2025-12-06 22:26:46 - scraping.schedule_scraper - INFO - Loading schedule page - attempt 1
2025-12-06 22:26:56 - scraping.schedule_scraper - INFO - Schedule page loaded successfully
2025-12-06 22:26:56 - scraping.schedule_scraper - INFO - Parsing schedule page with BeautifulSoup
2025-12-06 22:26:58 - scraping.schedule_scraper - INFO - Extracting match links from schedule
2025-12-06 22:26:58 - scraping.schedule_scraper - INFO - Successfully extracted 110 match links
2025-12-06 22:26:58 - scraping.schedule_scraper - INFO - Closing WebDriver
2025-12-06 22:27:00 - __main__ - INFO - Found 110 total links
2025-12-06 22:27:00 - __main__ - INFO - Found 1 match scorecards
2025-12-06 22:27:00 - __main__ - INFO - Starting match scraping process
2025-12-06 22:27:00 - __main__ - INFO - Processing match 1/1: https://www.espncricinfo.com/series/ipl-2025-1449924/kolkata-knight-riders-vs-royal-challengers-bengaluru-1st-match-1473438/full-scorecard
2025-12-06 22:27:00 - __main__ - INFO - Downloading match 1473438
2025-12-06 22:27:00 - scraping.player_extractor - INFO - PlayerExtractor initialized - Target: raw.match_players
2025-12-06 22:27:00 - scraping.match_scraper - INFO - Initializing WebDriver
2025-12-06 22:27:04 - scraping.match_scraper - INFO - Loading full scorecard - attempt 1
2025-12-06 22:27:15 - scraping.match_scraper - INFO - full scorecard loaded successfully
2025-12-06 22:27:15 - scraping.match_scraper - INFO - Scrolling full scorecard page
2025-12-06 22:27:15 - core.page_navigator - INFO - Scrolling page 5 times
2025-12-06 22:27:25 - core.page_navigator - INFO - Page scrolling completed
2025-12-06 22:27:28 - scraping.match_scraper - INFO - Extracting metadata
2025-12-06 22:27:28 - core.metadata_extractor - INFO - Found 14 metadata rows for match 1473438
2025-12-06 22:27:28 - core.metadata_extractor - INFO - Extracted 15 metadata fields for match 1473438
2025-12-06 22:27:28 - scraping.match_scraper - INFO - Extracting player rosters...
2025-12-06 22:27:28 - scraping.player_extractor - INFO - Extracting players for match 1473438
2025-12-06 22:27:29 - core.metadata_extractor - INFO - Extracting player names for match 1473438
2025-12-06 22:27:29 - core.metadata_extractor - INFO - Found 2 scorecard table(s)
2025-12-06 22:27:29 - core.metadata_extractor - INFO -   innings_1 (Kolkata Knight Riders): 10 batted, 1 did not bat
2025-12-06 22:27:29 - core.metadata_extractor - INFO -   innings_2 (Royal Challengers Bengaluru): 5 batted, 6 did not bat
2025-12-06 22:27:29 - core.metadata_extractor - INFO -   Found 12 impact players/substitutes
2025-12-06 22:27:29 - core.metadata_extractor - INFO - Created DataFrame with 34 player records from 2 innings
2025-12-06 22:27:29 - scraping.player_extractor - INFO - Stored 34 players for match 1473438
2025-12-06 22:27:29 - scraping.player_extractor - INFO -   Teams: Kolkata Knight Riders, Royal Challengers Bengaluru
2025-12-06 22:27:29 - scraping.player_extractor - INFO -   Batted: 15, Did not bat: 19
2025-12-06 22:27:29 - scraping.match_scraper - INFO - Stored 34 players
2025-12-06 22:27:29 - scraping.match_scraper - INFO -   - Kolkata Knight Riders
2025-12-06 22:27:29 - scraping.match_scraper - INFO -   - Royal Challengers Bengaluru
2025-12-06 22:27:29 - scraping.match_scraper - INFO - Loading commentary page - attempt 1
2025-12-06 22:27:38 - scraping.match_scraper - INFO - commentary page loaded successfully
2025-12-06 22:27:38 - scraping.match_scraper - INFO - Scrolling commentary page
2025-12-06 22:27:38 - core.page_navigator - INFO - Scrolling page 25 times
2025-12-06 22:30:03 - core.page_navigator - ERROR - Error during page scroll: HTTPConnectionPool(host='localhost', port=49693): Read timed out. (read timeout=120)
2025-12-06 22:30:06 - scraping.match_scraper - INFO - Extracting first innings data
2025-12-06 22:41:51 - scraping.match_scraper - ERROR - WebDriver error scraping match 1473438: Message: invalid session id
Stacktrace:
Symbols not available. Dumping unresolved backtrace:
	0x714103
	0x714144
	0x51e56b
	0x55d799
	0x55ed54
	0x9857b4
	0x98098a
	0x73c392
	0x72c4c8
	0x73324d
	0x71c478
	0x71c63c
	0x7067ca
	0x759f5d49
	0x7728d6db
	0x7728d661

2025-12-06 22:41:51 - scraping.match_scraper - INFO - Closing WebDriver
2025-12-06 22:41:53 - __main__ - ERROR - Error scraping match 1473438: WebDriver error: Message: invalid session id
Stacktrace:
Symbols not available. Dumping unresolved backtrace:
	0x714103
	0x714144
	0x51e56b
	0x55d799
	0x55ed54
	0x9857b4
	0x98098a
	0x73c392
	0x72c4c8
	0x73324d
	0x71c4
2025-12-06 22:41:53 - __main__ - INFO - Scraping complete - Found: 1, Downloaded: 0, Skipped: 0, Failed: 1
2025-12-06 22:41:53 - __main__ - WARNING - 1 matches failed to download
2025-12-06 22:41:53 - __main__ - ERROR - Failed match 1473438: Error: WebDriver error: Message: invalid session id
Stacktrace:
Symbols not available. Dumping unresolved backtrace:
	0x714103
	0x714144
	0x51e56b
	0x55d799
	0x55ed54
	0x9857b4
	0x98098a
	0x73c392
	0x72c4c8

2025-12-06 22:41:53 - __main__ - WARNING - No data available to process
2025-12-06 22:45:15 - __main__ - INFO - Cricket Data Pipeline Started
2025-12-06 22:45:15 - __main__ - INFO - STEP 1: Initializing database and schemas
2025-12-06 22:45:15 - configs.db_config - INFO - Initializing Medallion Architecture schemas...
2025-12-06 22:45:16 - configs.db_config - INFO - Medallion schemas (Bronze, Silver, Gold) initialized
2025-12-06 22:45:16 - __main__ - INFO - Database initialization complete
2025-12-06 22:45:16 - __main__ - INFO - STEP 2: Loading configuration
2025-12-06 22:45:16 - __main__ - INFO - Configuration loaded successfully
2025-12-06 22:45:16 - __main__ - INFO - STEP 3: Scraping data from Cricinfo
2025-12-06 22:45:16 - __main__ - INFO - Initializing match tracker
2025-12-06 22:45:16 - __main__ - INFO - Current Status: 0 matches already downloaded
2025-12-06 22:45:16 - __main__ - INFO - Fetching match schedule from Cricinfo
2025-12-06 22:45:16 - scraping.schedule_scraper - INFO - Initializing WebDriver for schedule scraping
2025-12-06 22:45:18 - scraping.schedule_scraper - INFO - Loading schedule page - attempt 1
2025-12-06 22:45:29 - scraping.schedule_scraper - INFO - Schedule page loaded successfully
2025-12-06 22:45:29 - scraping.schedule_scraper - INFO - Parsing schedule page with BeautifulSoup
2025-12-06 22:45:32 - scraping.schedule_scraper - INFO - Extracting match links from schedule
2025-12-06 22:45:32 - scraping.schedule_scraper - INFO - Successfully extracted 110 match links
2025-12-06 22:45:32 - scraping.schedule_scraper - INFO - Closing WebDriver
2025-12-06 22:45:36 - __main__ - INFO - Found 110 total links
2025-12-06 22:45:36 - __main__ - INFO - Found 1 match scorecards
2025-12-06 22:45:36 - __main__ - INFO - Starting match scraping process
2025-12-06 22:45:36 - __main__ - INFO - Processing match 1/1: https://www.espncricinfo.com/series/ipl-2025-1449924/kolkata-knight-riders-vs-royal-challengers-bengaluru-1st-match-1473438/full-scorecard
2025-12-06 22:45:36 - __main__ - INFO - Downloading match 1473438
2025-12-06 22:45:36 - scraping.player_extractor - INFO - PlayerExtractor initialized - Target: raw.match_players
2025-12-06 22:45:36 - scraping.match_scraper - INFO - Initializing WebDriver
2025-12-06 22:45:39 - scraping.match_scraper - INFO - Loading full scorecard - attempt 1
2025-12-06 22:45:50 - scraping.match_scraper - INFO - full scorecard loaded successfully
2025-12-06 22:45:50 - scraping.match_scraper - INFO - Scrolling full scorecard page
2025-12-06 22:45:50 - core.page_navigator - INFO - Scrolling page 5 times
2025-12-06 22:46:02 - core.page_navigator - INFO - Page scrolling completed
2025-12-06 22:46:05 - scraping.match_scraper - INFO - Extracting metadata
2025-12-06 22:46:06 - core.metadata_extractor - INFO - Found 14 metadata rows for match 1473438
2025-12-06 22:46:06 - core.metadata_extractor - INFO - Extracted 15 metadata fields for match 1473438
2025-12-06 22:46:06 - scraping.match_scraper - INFO - Extracting player rosters...
2025-12-06 22:46:06 - scraping.player_extractor - INFO - Extracting players for match 1473438
2025-12-06 22:46:06 - core.metadata_extractor - INFO - Extracting player names for match 1473438
2025-12-06 22:46:06 - core.metadata_extractor - INFO - Found 2 scorecard table(s)
2025-12-06 22:46:06 - core.metadata_extractor - INFO -   innings_1 (Kolkata Knight Riders): 10 batted, 1 did not bat
2025-12-06 22:46:06 - core.metadata_extractor - INFO -   innings_2 (Royal Challengers Bengaluru): 5 batted, 6 did not bat
2025-12-06 22:46:06 - core.metadata_extractor - INFO -   Found 12 impact players/substitutes
2025-12-06 22:46:06 - core.metadata_extractor - INFO - Created DataFrame with 34 player records from 2 innings
2025-12-06 22:46:06 - scraping.player_extractor - INFO - Stored 34 players for match 1473438
2025-12-06 22:46:06 - scraping.player_extractor - INFO -   Teams: Kolkata Knight Riders, Royal Challengers Bengaluru
2025-12-06 22:46:06 - scraping.player_extractor - INFO -   Batted: 15, Did not bat: 19
2025-12-06 22:46:06 - scraping.match_scraper - INFO - Stored 34 players
2025-12-06 22:46:06 - scraping.match_scraper - INFO -   - Kolkata Knight Riders
2025-12-06 22:46:06 - scraping.match_scraper - INFO -   - Royal Challengers Bengaluru
2025-12-06 22:46:06 - scraping.match_scraper - INFO - Loading commentary page - attempt 1
2025-12-06 22:46:16 - scraping.match_scraper - INFO - commentary page loaded successfully
2025-12-06 22:46:16 - scraping.match_scraper - INFO - Scrolling commentary page
2025-12-06 22:46:16 - core.page_navigator - INFO - Scrolling page 25 times
2025-12-06 22:47:07 - core.page_navigator - INFO - Page scrolling completed
2025-12-06 22:47:10 - scraping.match_scraper - INFO - Extracting first innings data
2025-12-06 22:47:10 - scraping.match_scraper - INFO - Default batting team: RCB
2025-12-06 22:47:10 - core.commentary_parser - INFO - Found 99 commentary blocks
2025-12-06 22:47:10 - core.commentary_parser - INFO - Parsed 99 commentary entries
2025-12-06 22:47:10 - core.commentary_parser - INFO - Created DataFrame with 99 rows
2025-12-06 22:47:10 - scraping.match_scraper - INFO - First innings: 99 events
2025-12-06 22:47:10 - core.page_navigator - INFO - Scrolling to top of page
2025-12-06 22:47:16 - scraping.match_scraper - INFO - Switching to second innings
2025-12-06 22:47:16 - core.page_navigator - INFO - Switching innings from: RCB
2025-12-06 22:47:25 - scraping.match_scraper - INFO - Closing WebDriver
2025-12-06 22:47:38 - __main__ - INFO - Cricket Data Pipeline Started
2025-12-06 22:47:38 - __main__ - INFO - STEP 1: Initializing database and schemas
2025-12-06 22:47:39 - configs.db_config - INFO - Initializing Medallion Architecture schemas...
2025-12-06 22:47:39 - configs.db_config - INFO - Medallion schemas (Bronze, Silver, Gold) initialized
2025-12-06 22:47:39 - __main__ - INFO - Database initialization complete
2025-12-06 22:47:39 - __main__ - INFO - STEP 2: Loading configuration
2025-12-06 22:47:39 - __main__ - INFO - Configuration loaded successfully
2025-12-06 22:47:39 - __main__ - INFO - STEP 3: Scraping data from Cricinfo
2025-12-06 22:47:39 - __main__ - INFO - Initializing match tracker
2025-12-06 22:47:39 - __main__ - INFO - Current Status: 0 matches already downloaded
2025-12-06 22:47:39 - __main__ - INFO - Fetching match schedule from Cricinfo
2025-12-06 22:47:39 - scraping.schedule_scraper - INFO - Initializing WebDriver for schedule scraping
2025-12-06 22:47:42 - scraping.schedule_scraper - INFO - Loading schedule page - attempt 1
2025-12-06 22:47:52 - scraping.schedule_scraper - INFO - Schedule page loaded successfully
2025-12-06 22:47:52 - scraping.schedule_scraper - INFO - Parsing schedule page with BeautifulSoup
2025-12-06 22:47:55 - scraping.schedule_scraper - INFO - Extracting match links from schedule
2025-12-06 22:47:55 - scraping.schedule_scraper - INFO - Successfully extracted 110 match links
2025-12-06 22:47:55 - scraping.schedule_scraper - INFO - Closing WebDriver
2025-12-06 22:47:57 - __main__ - INFO - Found 110 total links
2025-12-06 22:47:57 - __main__ - INFO - Found 1 match scorecards
2025-12-06 22:47:57 - __main__ - INFO - Starting match scraping process
2025-12-06 22:47:57 - __main__ - INFO - Processing match 1/1: https://www.espncricinfo.com/series/ipl-2025-1449924/kolkata-knight-riders-vs-royal-challengers-bengaluru-1st-match-1473438/full-scorecard
2025-12-06 22:47:57 - __main__ - INFO - Downloading match 1473438
2025-12-06 22:47:57 - scraping.player_extractor - INFO - PlayerExtractor initialized - Target: raw.match_players
2025-12-06 22:47:57 - scraping.match_scraper - INFO - Initializing WebDriver
2025-12-06 22:48:00 - scraping.match_scraper - INFO - Loading full scorecard - attempt 1
2025-12-06 22:48:10 - scraping.match_scraper - INFO - full scorecard loaded successfully
2025-12-06 22:48:10 - scraping.match_scraper - INFO - Scrolling full scorecard page
2025-12-06 22:48:10 - core.page_navigator - INFO - Scrolling page 5 times
2025-12-06 22:48:23 - core.page_navigator - INFO - Page scrolling completed
2025-12-06 22:48:26 - scraping.match_scraper - INFO - Extracting metadata
2025-12-06 22:48:27 - core.metadata_extractor - INFO - Found 14 metadata rows for match 1473438
2025-12-06 22:48:27 - core.metadata_extractor - INFO - Extracted 15 metadata fields for match 1473438
2025-12-06 22:48:27 - scraping.match_scraper - INFO - Extracting player rosters...
2025-12-06 22:48:27 - scraping.player_extractor - INFO - Extracting players for match 1473438
2025-12-06 22:48:27 - core.metadata_extractor - INFO - Extracting player names for match 1473438
2025-12-06 22:48:27 - core.metadata_extractor - INFO - Found 2 scorecard table(s)
2025-12-06 22:48:27 - core.metadata_extractor - INFO -   innings_1 (Kolkata Knight Riders): 10 batted, 1 did not bat
2025-12-06 22:48:27 - core.metadata_extractor - INFO -   innings_2 (Royal Challengers Bengaluru): 5 batted, 6 did not bat
2025-12-06 22:48:27 - core.metadata_extractor - INFO -   Found 12 impact players/substitutes
2025-12-06 22:48:27 - core.metadata_extractor - INFO - Created DataFrame with 34 player records from 2 innings
2025-12-06 22:48:27 - scraping.player_extractor - INFO - Stored 34 players for match 1473438
2025-12-06 22:48:27 - scraping.player_extractor - INFO -   Teams: Kolkata Knight Riders, Royal Challengers Bengaluru
2025-12-06 22:48:27 - scraping.player_extractor - INFO -   Batted: 15, Did not bat: 19
2025-12-06 22:48:27 - scraping.match_scraper - INFO - Stored 34 players
2025-12-06 22:48:27 - scraping.match_scraper - INFO -   - Kolkata Knight Riders
2025-12-06 22:48:27 - scraping.match_scraper - INFO -   - Royal Challengers Bengaluru
2025-12-06 22:48:27 - scraping.match_scraper - INFO - Loading commentary page - attempt 1
2025-12-06 22:48:37 - scraping.match_scraper - INFO - commentary page loaded successfully
2025-12-06 22:48:37 - scraping.match_scraper - INFO - Scrolling commentary page
2025-12-06 22:48:37 - core.page_navigator - INFO - Scrolling page 25 times
2025-12-06 22:49:27 - core.page_navigator - INFO - Page scrolling completed
2025-12-06 22:49:30 - scraping.match_scraper - INFO - Extracting first innings data
2025-12-06 22:49:30 - scraping.match_scraper - INFO - Default batting team: RCB
2025-12-06 22:49:31 - core.commentary_parser - INFO - Found 99 commentary blocks
2025-12-06 22:49:31 - core.commentary_parser - INFO - Parsed 99 commentary entries
2025-12-06 22:49:31 - core.commentary_parser - INFO - Created DataFrame with 99 rows
2025-12-06 22:49:31 - scraping.match_scraper - INFO - First innings: 99 events
2025-12-06 22:49:31 - core.page_navigator - INFO - Scrolling to top of page
2025-12-06 22:49:37 - scraping.match_scraper - INFO - Switching to second innings
2025-12-06 22:49:37 - core.page_navigator - INFO - Switching innings from: RCB
2025-12-06 22:50:11 - core.page_navigator - INFO - Switching to innings: KKR
2025-12-06 22:50:14 - core.page_navigator - INFO - Successfully switched to KKR
2025-12-06 22:50:14 - scraping.match_scraper - INFO - Switched batting team: KKR
2025-12-06 22:50:14 - scraping.match_scraper - INFO - Saving metadata to database
2025-12-06 22:50:19 - core.page_navigator - INFO - Scrolling page 25 times
2025-12-06 22:50:45 - scraping.match_scraper - INFO - Closing WebDriver
2025-12-06 22:50:55 - __main__ - INFO - Cricket Data Pipeline Started
2025-12-06 22:50:55 - __main__ - INFO - STEP 1: Initializing database and schemas
2025-12-06 22:50:55 - configs.db_config - INFO - Initializing Medallion Architecture schemas...
2025-12-06 22:50:55 - configs.db_config - INFO - Medallion schemas (Bronze, Silver, Gold) initialized
2025-12-06 22:50:55 - __main__ - INFO - Database initialization complete
2025-12-06 22:50:55 - __main__ - INFO - STEP 2: Loading configuration
2025-12-06 22:50:55 - __main__ - INFO - Configuration loaded successfully
2025-12-06 22:50:55 - __main__ - INFO - STEP 3: Scraping data from Cricinfo
2025-12-06 22:50:55 - __main__ - INFO - Initializing match tracker
2025-12-06 22:50:55 - __main__ - INFO - Current Status: 0 matches already downloaded
2025-12-06 22:50:55 - __main__ - INFO - Fetching match schedule from Cricinfo
2025-12-06 22:50:55 - scraping.schedule_scraper - INFO - Initializing WebDriver for schedule scraping
2025-12-06 22:50:58 - scraping.schedule_scraper - INFO - Loading schedule page - attempt 1
2025-12-06 22:51:09 - scraping.schedule_scraper - INFO - Schedule page loaded successfully
2025-12-06 22:51:09 - scraping.schedule_scraper - INFO - Parsing schedule page with BeautifulSoup
2025-12-06 22:51:11 - scraping.schedule_scraper - INFO - Extracting match links from schedule
2025-12-06 22:51:11 - scraping.schedule_scraper - INFO - Successfully extracted 110 match links
2025-12-06 22:51:11 - scraping.schedule_scraper - INFO - Closing WebDriver
2025-12-06 22:51:13 - __main__ - INFO - Found 110 total links
2025-12-06 22:51:13 - __main__ - INFO - Found 1 match scorecards
2025-12-06 22:51:13 - __main__ - INFO - Starting match scraping process
2025-12-06 22:51:13 - __main__ - INFO - Processing match 1/1: https://www.espncricinfo.com/series/ipl-2025-1449924/kolkata-knight-riders-vs-royal-challengers-bengaluru-1st-match-1473438/full-scorecard
2025-12-06 22:51:13 - __main__ - INFO - Downloading match 1473438
2025-12-06 22:51:13 - scraping.player_extractor - INFO - PlayerExtractor initialized - Target: raw.match_players
2025-12-06 22:51:13 - scraping.match_scraper - INFO - Initializing WebDriver
2025-12-06 22:51:16 - scraping.match_scraper - INFO - Loading full scorecard - attempt 1
2025-12-06 22:51:27 - scraping.match_scraper - INFO - full scorecard loaded successfully
2025-12-06 22:51:27 - scraping.match_scraper - INFO - Scrolling full scorecard page
2025-12-06 22:51:27 - core.page_navigator - INFO - Scrolling page 5 times
2025-12-06 22:51:43 - core.page_navigator - INFO - Page scrolling completed
2025-12-06 22:51:46 - scraping.match_scraper - INFO - Extracting metadata
2025-12-06 22:51:46 - core.metadata_extractor - INFO - Found 14 metadata rows for match 1473438
2025-12-06 22:51:46 - core.metadata_extractor - INFO - Extracted 15 metadata fields for match 1473438
2025-12-06 22:51:46 - scraping.match_scraper - INFO - Extracting player rosters...
2025-12-06 22:51:46 - scraping.player_extractor - INFO - Extracting players for match 1473438
2025-12-06 22:51:46 - core.metadata_extractor - INFO - Extracting player names for match 1473438
2025-12-06 22:51:46 - core.metadata_extractor - INFO - Found 2 scorecard table(s)
2025-12-06 22:51:46 - core.metadata_extractor - INFO -   innings_1 (Kolkata Knight Riders): 10 batted, 1 did not bat
2025-12-06 22:51:46 - core.metadata_extractor - INFO -   innings_2 (Royal Challengers Bengaluru): 5 batted, 6 did not bat
2025-12-06 22:51:46 - core.metadata_extractor - INFO -   Found 12 impact players/substitutes
2025-12-06 22:51:46 - core.metadata_extractor - INFO - Created DataFrame with 34 player records from 2 innings
2025-12-06 22:51:47 - scraping.player_extractor - INFO - Stored 34 players for match 1473438
2025-12-06 22:51:47 - scraping.player_extractor - INFO -   Teams: Kolkata Knight Riders, Royal Challengers Bengaluru
2025-12-06 22:51:47 - scraping.player_extractor - INFO -   Batted: 15, Did not bat: 19
2025-12-06 22:51:47 - scraping.match_scraper - INFO - Stored 34 players
2025-12-06 22:51:47 - scraping.match_scraper - INFO -   - Kolkata Knight Riders
2025-12-06 22:51:47 - scraping.match_scraper - INFO -   - Royal Challengers Bengaluru
2025-12-06 22:51:47 - scraping.match_scraper - INFO - Loading commentary page - attempt 1
2025-12-06 22:51:56 - scraping.match_scraper - INFO - commentary page loaded successfully
2025-12-06 22:51:56 - scraping.match_scraper - INFO - Scrolling commentary page
2025-12-06 22:51:56 - core.page_navigator - INFO - Scrolling page 25 times
2025-12-06 22:52:17 - scraping.match_scraper - INFO - Closing WebDriver
2025-12-06 22:53:47 - __main__ - INFO - Cricket Data Pipeline Started
2025-12-06 22:53:47 - __main__ - INFO - STEP 1: Initializing database and schemas
2025-12-06 22:53:48 - configs.db_config - INFO - Initializing Medallion Architecture schemas...
2025-12-06 22:53:48 - configs.db_config - INFO - Medallion schemas (Bronze, Silver, Gold) initialized
2025-12-06 22:53:48 - __main__ - INFO - Database initialization complete
2025-12-06 22:53:48 - __main__ - INFO - STEP 2: Loading configuration
2025-12-06 22:53:48 - __main__ - INFO - Configuration loaded successfully
2025-12-06 22:53:48 - __main__ - INFO - STEP 3: Scraping data from Cricinfo
2025-12-06 22:53:48 - __main__ - INFO - Initializing match tracker
2025-12-06 22:53:48 - __main__ - INFO - Current Status: 0 matches already downloaded
2025-12-06 22:53:48 - __main__ - INFO - Fetching match schedule from Cricinfo
2025-12-06 22:53:48 - scraping.schedule_scraper - INFO - Initializing WebDriver for schedule scraping
2025-12-06 22:53:51 - scraping.schedule_scraper - INFO - Loading schedule page - attempt 1
2025-12-06 22:54:00 - scraping.schedule_scraper - INFO - Schedule page loaded successfully
2025-12-06 22:54:00 - scraping.schedule_scraper - INFO - Parsing schedule page with BeautifulSoup
2025-12-06 22:54:08 - scraping.schedule_scraper - INFO - Extracting match links from schedule
2025-12-06 22:54:08 - scraping.schedule_scraper - INFO - Successfully extracted 110 match links
2025-12-06 22:54:08 - scraping.schedule_scraper - INFO - Closing WebDriver
2025-12-06 22:54:10 - __main__ - INFO - Found 110 total links
2025-12-06 22:54:10 - __main__ - INFO - Found 1 match scorecards
2025-12-06 22:54:10 - __main__ - INFO - Starting match scraping process
2025-12-06 22:54:10 - __main__ - INFO - Processing match 1/1: https://www.espncricinfo.com/series/ipl-2025-1449924/kolkata-knight-riders-vs-royal-challengers-bengaluru-1st-match-1473438/full-scorecard
2025-12-06 22:54:10 - __main__ - INFO - Downloading match 1473438
2025-12-06 22:54:10 - scraping.player_extractor - INFO - PlayerExtractor initialized - Target: raw.match_players
2025-12-06 22:54:10 - scraping.match_scraper - INFO - Initializing WebDriver
2025-12-06 22:54:13 - scraping.match_scraper - INFO - Loading full scorecard - attempt 1
2025-12-06 22:54:24 - scraping.match_scraper - INFO - full scorecard loaded successfully
2025-12-06 22:54:24 - scraping.match_scraper - INFO - Scrolling full scorecard page
2025-12-06 22:54:24 - core.page_navigator - INFO - Scrolling page 5 times
2025-12-06 22:54:37 - core.page_navigator - INFO - Page scrolling completed
2025-12-06 22:54:40 - scraping.match_scraper - INFO - Extracting metadata
2025-12-06 22:54:40 - core.metadata_extractor - INFO - Found 14 metadata rows for match 1473438
2025-12-06 22:54:40 - core.metadata_extractor - INFO - Extracted 15 metadata fields for match 1473438
2025-12-06 22:54:40 - scraping.match_scraper - INFO - Extracting player rosters...
2025-12-06 22:54:41 - scraping.player_extractor - INFO - Extracting players for match 1473438
2025-12-06 22:54:41 - core.metadata_extractor - INFO - Extracting player names for match 1473438
2025-12-06 22:54:41 - core.metadata_extractor - INFO - Found 2 scorecard table(s)
2025-12-06 22:54:41 - core.metadata_extractor - INFO -   innings_1 (Kolkata Knight Riders): 10 batted, 1 did not bat
2025-12-06 22:54:41 - core.metadata_extractor - INFO -   innings_2 (Royal Challengers Bengaluru): 5 batted, 6 did not bat
2025-12-06 22:54:41 - core.metadata_extractor - INFO -   Found 12 impact players/substitutes
2025-12-06 22:54:41 - core.metadata_extractor - INFO - Created DataFrame with 34 player records from 2 innings
2025-12-06 22:54:41 - scraping.player_extractor - INFO - Stored 34 players for match 1473438
2025-12-06 22:54:41 - scraping.player_extractor - INFO -   Teams: Kolkata Knight Riders, Royal Challengers Bengaluru
2025-12-06 22:54:41 - scraping.player_extractor - INFO -   Batted: 15, Did not bat: 19
2025-12-06 22:54:41 - scraping.match_scraper - INFO - Stored 34 players
2025-12-06 22:54:41 - scraping.match_scraper - INFO -   - Kolkata Knight Riders
2025-12-06 22:54:41 - scraping.match_scraper - INFO -   - Royal Challengers Bengaluru
2025-12-06 22:54:41 - scraping.match_scraper - INFO - Loading commentary page - attempt 1
2025-12-06 22:54:50 - scraping.match_scraper - INFO - commentary page loaded successfully
2025-12-06 22:54:50 - scraping.match_scraper - INFO - Scrolling commentary page
2025-12-06 22:54:50 - core.page_navigator - INFO - Scrolling page 25 times
2025-12-06 22:56:41 - scraping.match_scraper - INFO - Closing WebDriver
2025-12-06 22:59:49 - __main__ - INFO - Cricket Data Pipeline Started
2025-12-06 22:59:49 - __main__ - INFO - STEP 1: Initializing database and schemas
2025-12-06 22:59:50 - configs.db_config - INFO - Initializing Medallion Architecture schemas...
2025-12-06 22:59:51 - configs.db_config - INFO - Medallion schemas (Bronze, Silver, Gold) initialized
2025-12-06 22:59:51 - __main__ - INFO - Database initialization complete
2025-12-06 22:59:51 - __main__ - INFO - STEP 2: Loading configuration
2025-12-06 22:59:51 - __main__ - INFO - Configuration loaded successfully
2025-12-06 22:59:51 - __main__ - INFO - STEP 3: Scraping data from Cricinfo
2025-12-06 22:59:51 - __main__ - INFO - Initializing match tracker
2025-12-06 22:59:51 - __main__ - INFO - Current Status: 0 matches already downloaded
2025-12-06 22:59:51 - __main__ - INFO - Fetching match schedule from Cricinfo
2025-12-06 22:59:51 - scraping.schedule_scraper - INFO - Initializing WebDriver for schedule scraping
2025-12-06 22:59:54 - scraping.schedule_scraper - INFO - Loading schedule page - attempt 1
2025-12-06 23:00:04 - scraping.schedule_scraper - INFO - Schedule page loaded successfully
2025-12-06 23:00:04 - scraping.schedule_scraper - INFO - Parsing schedule page with BeautifulSoup
2025-12-06 23:00:04 - scraping.schedule_scraper - INFO - Extracting match links from schedule
2025-12-06 23:00:04 - scraping.schedule_scraper - INFO - Successfully extracted 110 match links
2025-12-06 23:00:04 - scraping.schedule_scraper - INFO - Closing WebDriver
2025-12-06 23:00:07 - __main__ - INFO - Found 110 total links
2025-12-06 23:00:07 - __main__ - INFO - Found 1 match scorecards
2025-12-06 23:00:07 - __main__ - INFO - Starting match scraping process
2025-12-06 23:00:07 - __main__ - INFO - Processing match 1/1: https://www.espncricinfo.com/series/ipl-2025-1449924/kolkata-knight-riders-vs-royal-challengers-bengaluru-1st-match-1473438/full-scorecard
2025-12-06 23:00:07 - __main__ - INFO - Downloading match 1473438
2025-12-06 23:00:07 - scraping.player_extractor - INFO - PlayerExtractor initialized - Target: raw.match_players
2025-12-06 23:00:07 - scraping.match_scraper - INFO - Initializing WebDriver
2025-12-06 23:00:11 - scraping.match_scraper - INFO - Loading full scorecard - attempt 1
2025-12-06 23:00:21 - scraping.match_scraper - INFO - full scorecard loaded successfully
2025-12-06 23:00:21 - scraping.match_scraper - INFO - Scrolling full scorecard page
2025-12-06 23:00:21 - core.page_navigator - INFO - Scrolling page 5 times
2025-12-06 23:00:39 - core.page_navigator - INFO - Page scrolling completed
2025-12-06 23:00:42 - scraping.match_scraper - INFO - Extracting metadata
2025-12-06 23:00:42 - core.metadata_extractor - INFO - Found 14 metadata rows for match 1473438
2025-12-06 23:00:42 - core.metadata_extractor - INFO - Extracted 15 metadata fields for match 1473438
2025-12-06 23:00:42 - scraping.match_scraper - INFO - Extracting player rosters...
2025-12-06 23:00:42 - scraping.player_extractor - INFO - Extracting players for match 1473438
2025-12-06 23:00:42 - core.metadata_extractor - INFO - Extracting player names for match 1473438
2025-12-06 23:00:42 - core.metadata_extractor - INFO - Found 2 scorecard table(s)
2025-12-06 23:00:42 - core.metadata_extractor - INFO -   innings_1 (Kolkata Knight Riders): 10 batted, 1 did not bat
2025-12-06 23:00:42 - core.metadata_extractor - INFO -   innings_2 (Royal Challengers Bengaluru): 5 batted, 6 did not bat
2025-12-06 23:00:42 - core.metadata_extractor - INFO -   Found 12 impact players/substitutes
2025-12-06 23:00:42 - core.metadata_extractor - INFO - Created DataFrame with 34 player records from 2 innings
2025-12-06 23:00:43 - scraping.player_extractor - INFO - Stored 34 players for match 1473438
2025-12-06 23:00:43 - scraping.player_extractor - INFO -   Teams: Kolkata Knight Riders, Royal Challengers Bengaluru
2025-12-06 23:00:43 - scraping.player_extractor - INFO -   Batted: 15, Did not bat: 19
2025-12-06 23:00:43 - scraping.match_scraper - INFO - Stored 34 players
2025-12-06 23:00:43 - scraping.match_scraper - INFO -   - Kolkata Knight Riders
2025-12-06 23:00:43 - scraping.match_scraper - INFO -   - Royal Challengers Bengaluru
2025-12-06 23:00:43 - scraping.match_scraper - INFO - Loading commentary page - attempt 1
2025-12-06 23:00:52 - scraping.match_scraper - INFO - commentary page loaded successfully
2025-12-06 23:00:52 - scraping.match_scraper - INFO - Scrolling commentary page
2025-12-06 23:00:52 - core.page_navigator - INFO - Scrolling page 25 times
2025-12-06 23:01:44 - core.page_navigator - INFO - Page scrolling completed
2025-12-06 23:01:47 - scraping.match_scraper - INFO - Extracting first innings data
2025-12-06 23:01:48 - scraping.match_scraper - INFO - Default batting team: RCB
2025-12-06 23:01:48 - core.commentary_parser - INFO - Found 99 commentary blocks
2025-12-06 23:01:48 - core.commentary_parser - INFO - Parsed 99 commentary entries
2025-12-06 23:01:48 - core.commentary_parser - INFO - Created DataFrame with 99 rows
2025-12-06 23:01:48 - scraping.match_scraper - INFO - First innings: 99 events
2025-12-06 23:01:48 - core.page_navigator - INFO - Scrolling to top of page
2025-12-06 23:01:54 - scraping.match_scraper - INFO - Switching to second innings
2025-12-06 23:01:54 - core.page_navigator - INFO - Switching innings from: RCB
2025-12-06 23:02:29 - core.page_navigator - INFO - Switching to innings: KKR
2025-12-06 23:02:32 - core.page_navigator - INFO - Successfully switched to KKR
2025-12-06 23:02:32 - scraping.match_scraper - INFO - Switched batting team: KKR
2025-12-06 23:02:32 - scraping.match_scraper - INFO - Saving metadata to database
2025-12-06 23:02:37 - core.page_navigator - INFO - Scrolling page 25 times
2025-12-06 23:03:28 - core.page_navigator - INFO - Page scrolling completed
2025-12-06 23:03:31 - core.commentary_parser - INFO - Found 124 commentary blocks
2025-12-06 23:03:31 - core.commentary_parser - INFO - Parsed 124 commentary entries
2025-12-06 23:03:31 - core.commentary_parser - INFO - Created DataFrame with 124 rows
2025-12-06 23:03:31 - scraping.match_scraper - INFO - Second innings: 124 events
2025-12-06 23:03:31 - scraping.match_scraper - INFO - Saving commentary to database
2025-12-06 23:03:31 - scraping.match_scraper - INFO - Commentary saved: 223 total events
2025-12-06 23:03:31 - scraping.match_scraper - INFO - Successfully completed scraping match 1473438
2025-12-06 23:03:31 - scraping.match_scraper - INFO - Closing WebDriver
2025-12-06 23:03:34 - __main__ - INFO - Successfully downloaded match 1473438
2025-12-06 23:03:34 - __main__ - INFO - Scraping complete - Found: 1, Downloaded: 1, Skipped: 0, Failed: 0
2025-12-06 23:03:34 - __main__ - INFO - STEP 4: Processing through Medallion Architecture
2025-12-06 23:03:34 - __main__ - INFO - Starting Medallion Architecture pipeline
2025-12-06 23:03:34 - pipeline.orchestrator - INFO - Pipeline Orchestrator initialized
2025-12-06 23:03:34 - pipeline.orchestrator - INFO - 
================================================================================
2025-12-06 23:03:34 - pipeline.orchestrator - INFO - MEDALLION ARCHITECTURE PIPELINE - STARTING
2025-12-06 23:03:34 - pipeline.orchestrator - INFO - ================================================================================
2025-12-06 23:03:34 - pipeline.orchestrator - INFO - Start Time: 2025-12-06 23:03:34.213383
2025-12-06 23:03:34 - pipeline.orchestrator - INFO - Layers to execute: bronze, silver, gold
2025-12-06 23:03:34 - pipeline.orchestrator - INFO - ================================================================================
2025-12-06 23:03:34 - medallionlayer.bronze_layer - INFO - Bronze Layer initialized - Run ID: 6ec4551f-ac0b-49b5-9fe9-8af7fda8cc31
2025-12-06 23:03:34 - medallionlayer.bronze_layer - INFO - ======================================================================
2025-12-06 23:03:34 - medallionlayer.bronze_layer - INFO - BRONZE LAYER - Starting
2025-12-06 23:03:34 - medallionlayer.bronze_layer - INFO - ======================================================================
2025-12-06 23:03:34 - medallionlayer.bronze_layer - INFO - 
Processing table: match_metadata
2025-12-06 23:03:34 - medallionlayer.bronze_layer - INFO - Read 1 rows from raw.match_metadata
2025-12-06 23:03:34 - medallionlayer.bronze_layer - INFO -   No duplicates found based on ['matchid']
2025-12-06 23:03:34 - medallionlayer.bronze_layer - INFO - After quality checks: 1 rows (removed 0)
2025-12-06 23:03:34 - medallionlayer.bronze_layer - INFO - match_metadata: 1 rows ingested
2025-12-06 23:03:34 - medallionlayer.bronze_layer - INFO - 
Processing table: match_events
2025-12-06 23:03:34 - medallionlayer.bronze_layer - INFO - Read 223 rows from raw.match_events
2025-12-06 23:03:34 - medallionlayer.bronze_layer - INFO -   No duplicates found based on ['matchid', 'ball', 'innings', 'commentary']
2025-12-06 23:03:34 - medallionlayer.bronze_layer - INFO - After quality checks: 223 rows (removed 0)
2025-12-06 23:03:34 - medallionlayer.bronze_layer - INFO - match_events: 223 rows ingested
2025-12-06 23:03:34 - medallionlayer.bronze_layer - INFO - 
Processing table: match_players
2025-12-06 23:03:34 - medallionlayer.bronze_layer - INFO - Read 32 rows from raw.match_players
2025-12-06 23:03:34 - medallionlayer.bronze_layer - INFO -   No duplicates found based on ['matchid', 'innings', 'player_name']
2025-12-06 23:03:34 - medallionlayer.bronze_layer - INFO - After quality checks: 32 rows (removed 0)
2025-12-06 23:03:34 - medallionlayer.bronze_layer - INFO - match_players: 32 rows ingested
2025-12-06 23:03:34 - medallionlayer.bronze_layer - INFO - 
Validating innings data...
2025-12-06 23:03:34 - medallionlayer.bronze_layer - INFO - All matches have complete innings data
2025-12-06 23:03:34 - medallionlayer.bronze_layer - INFO - 
======================================================================
2025-12-06 23:03:34 - medallionlayer.bronze_layer - INFO - DATA QUALITY REPORT
2025-12-06 23:03:34 - medallionlayer.bronze_layer - INFO - ======================================================================
2025-12-06 23:03:34 - medallionlayer.bronze_layer - INFO - 
DUPLICATES REMOVED:
2025-12-06 23:03:34 - medallionlayer.bronze_layer - INFO -   match_metadata: No duplicates found
2025-12-06 23:03:34 - medallionlayer.bronze_layer - INFO -   match_events: No duplicates found
2025-12-06 23:03:34 - medallionlayer.bronze_layer - INFO -   match_players: No duplicates found
2025-12-06 23:03:34 - medallionlayer.bronze_layer - INFO - 
NULL VALUES FOUND:
2025-12-06 23:03:34 - medallionlayer.bronze_layer - INFO -   match_metadata: No null values in required columns
2025-12-06 23:03:34 - medallionlayer.bronze_layer - INFO -   match_events: No null values in required columns
2025-12-06 23:03:34 - medallionlayer.bronze_layer - INFO -   match_players: No null values in required columns
2025-12-06 23:03:34 - medallionlayer.bronze_layer - INFO - 
INNINGS VALIDATION:
2025-12-06 23:03:34 - medallionlayer.bronze_layer - INFO - All matches have complete innings data
2025-12-06 23:03:34 - medallionlayer.bronze_layer - INFO - ======================================================================

2025-12-06 23:03:34 - medallionlayer.bronze_layer - INFO - 
======================================================================
2025-12-06 23:03:34 - medallionlayer.bronze_layer - INFO - BRONZE LAYER - Complete
2025-12-06 23:03:34 - medallionlayer.bronze_layer - INFO - Tables Processed: 3/3
2025-12-06 23:03:34 - medallionlayer.bronze_layer - INFO - Total Rows: 256
2025-12-06 23:03:34 - medallionlayer.bronze_layer - INFO - ======================================================================
2025-12-06 23:03:34 - medallionlayer.silver_layer - INFO - Silver Layer initialized
2025-12-06 23:03:34 - medallionlayer.silver_layer - INFO - ======================================================================
2025-12-06 23:03:34 - medallionlayer.silver_layer - INFO - SILVER LAYER - Starting
2025-12-06 23:03:34 - medallionlayer.silver_layer - INFO - ======================================================================
2025-12-06 23:03:34 - medallionlayer.silver_layer - INFO - 
Processing table: match_metadata
2025-12-06 23:03:34 - medallionlayer.silver_layer - INFO - Read 1 rows from bronze.match_metadata
2025-12-06 23:03:34 - medallionlayer.silver_layer - INFO -   Cleaned columns: ['venue', 'series', 'toss', 'player_of_the_match']
2025-12-06 23:03:34 - medallionlayer.silver_layer - INFO - After transformations: 1 rows (removed 0)
2025-12-06 23:03:34 - medallionlayer.silver_layer - INFO -   Removed Bronze audit columns: ['ingestion_timestamp', 'source_system', 'pipeline_run_id', 'is_active']
2025-12-06 23:03:34 - medallionlayer.silver_layer - INFO - match_metadata: 1 rows processed
2025-12-06 23:03:34 - medallionlayer.silver_layer - INFO - 
Processing table: match_events
2025-12-06 23:03:34 - medallionlayer.silver_layer - INFO - Read 223 rows from bronze.match_events
2025-12-06 23:03:34 - medallionlayer.silver_layer - INFO -   Cleaned columns: ['bowler', 'batsman', 'commentary', 'innings']
2025-12-06 23:03:34 - medallionlayer.silver_layer - INFO -   Converting 'score' column to numeric...
2025-12-06 23:03:34 - medallionlayer.silver_layer - INFO -   Score conversion: 212 converted, 11 not converted (set to 0)
2025-12-06 23:03:34 - medallionlayer.silver_layer - INFO -   Extracting dismissal information...
2025-12-06 23:03:34 - medallionlayer.silver_layer - INFO -   Extracted dismissal info for 7 wickets
2025-12-06 23:03:34 - medallionlayer.silver_layer - INFO -   Enriching player names for columns: ['batsman', 'bowler', 'fielder_name']
2025-12-06 23:03:35 - medallionlayer.silver_layer - INFO -   Loaded 32 player records for enrichment
2025-12-06 23:03:35 - medallionlayer.silver_layer - INFO -   Enriching column: batsman
2025-12-06 23:03:35 - medallionlayer.silver_layer - INFO -   Enriching column: bowler
2025-12-06 23:03:35 - medallionlayer.silver_layer - INFO -   Enriching column: fielder_name
2025-12-06 23:03:35 - medallionlayer.silver_layer - INFO -   Enrichment results:
2025-12-06 23:03:35 - medallionlayer.silver_layer - INFO -     batsman: 213 enriched, 10 not found, 0 null
2025-12-06 23:03:35 - medallionlayer.silver_layer - INFO -     bowler: 223 enriched, 0 not found, 0 null
2025-12-06 23:03:35 - medallionlayer.silver_layer - INFO -     fielder_name: 5 enriched, 1 not found, 217 null
2025-12-06 23:03:35 - medallionlayer.silver_layer - INFO - After transformations: 223 rows (removed 0)
2025-12-06 23:03:35 - medallionlayer.silver_layer - INFO -   Removed Bronze audit columns: ['ingestion_timestamp', 'source_system', 'pipeline_run_id', 'is_active']
2025-12-06 23:03:35 - medallionlayer.silver_layer - INFO - match_events: 223 rows processed
2025-12-06 23:03:35 - medallionlayer.silver_layer - INFO - 
Processing table: match_players
2025-12-06 23:03:35 - medallionlayer.silver_layer - INFO - Read 32 rows from bronze.match_players
2025-12-06 23:03:35 - medallionlayer.silver_layer - INFO -   Cleaned columns: ['player_name', 'team']
2025-12-06 23:03:35 - medallionlayer.silver_layer - INFO - After transformations: 32 rows (removed 0)
2025-12-06 23:03:35 - medallionlayer.silver_layer - INFO -   Removed Bronze audit columns: ['ingestion_timestamp', 'source_system', 'pipeline_run_id', 'is_active']
2025-12-06 23:03:35 - medallionlayer.silver_layer - INFO - match_players: 32 rows processed
2025-12-06 23:03:35 - medallionlayer.silver_layer - INFO - 
======================================================================
2025-12-06 23:03:35 - medallionlayer.silver_layer - INFO - SILVER LAYER - Complete
2025-12-06 23:03:35 - medallionlayer.silver_layer - INFO - Tables Processed: 3
2025-12-06 23:03:35 - medallionlayer.silver_layer - INFO - Total Rows: 256
2025-12-06 23:03:35 - medallionlayer.silver_layer - INFO - ======================================================================
2025-12-06 23:03:35 - medallionlayer.gold_layer - INFO - Gold Layer initialized
2025-12-06 23:03:35 - medallionlayer.gold_layer - INFO - ======================================================================
2025-12-06 23:03:35 - medallionlayer.gold_layer - INFO - GOLD LAYER - Starting
2025-12-06 23:03:35 - medallionlayer.gold_layer - INFO - ======================================================================
2025-12-06 23:03:35 - medallionlayer.gold_layer - INFO - 
Processing aggregation: match_summary
2025-12-06 23:03:35 - medallionlayer.gold_layer - INFO - Read 1 rows from silver.match_metadata
2025-12-06 23:03:35 - medallionlayer.gold_layer - INFO -   Selected 1 distinct rows (no aggregation)
2025-12-06 23:03:35 - medallionlayer.gold_layer - INFO -   Selected 7 columns for Gold: ['matchid', 'venue', 'series', 'season', 'player_of_the_match', 'first_innings', 'second_innings']
2025-12-06 23:03:35 - medallionlayer.gold_layer - INFO - Final DataFrame columns: ['matchid', 'venue', 'series', 'season', 'player_of_the_match', 'first_innings', 'second_innings', 'created_at', 'updated_at']
2025-12-06 23:03:35 - medallionlayer.gold_layer - INFO - Successfully wrote 1 rows to gold.match_summary
2025-12-06 23:03:35 - medallionlayer.gold_layer - INFO - Successfully created 1 rows for match_summary
2025-12-06 23:03:35 - medallionlayer.gold_layer - INFO - 
Processing aggregation: series_summary
2025-12-06 23:03:35 - medallionlayer.gold_layer - INFO - Read 1 rows from silver.match_metadata
2025-12-06 23:03:35 - medallionlayer.gold_layer - INFO -   Aggregated to 1 rows
2025-12-06 23:03:35 - medallionlayer.gold_layer - INFO -   Selected 3 columns for Gold: ['series', 'season', 'total_matches']
2025-12-06 23:03:35 - medallionlayer.gold_layer - INFO - Final DataFrame columns: ['series', 'season', 'total_matches', 'created_at', 'updated_at']
2025-12-06 23:03:35 - medallionlayer.gold_layer - INFO - Successfully wrote 1 rows to gold.series_summary
2025-12-06 23:03:35 - medallionlayer.gold_layer - INFO - Successfully created 1 rows for series_summary
2025-12-06 23:03:35 - medallionlayer.gold_layer - INFO - 
Processing aggregation: venue_statistics
2025-12-06 23:03:35 - medallionlayer.gold_layer - INFO - Read 1 rows from silver.match_metadata
2025-12-06 23:03:35 - medallionlayer.gold_layer - INFO -   Aggregated to 1 rows
2025-12-06 23:03:35 - medallionlayer.gold_layer - INFO -   Selected 3 columns for Gold: ['venue', 'season', 'total_matches']
2025-12-06 23:03:35 - medallionlayer.gold_layer - INFO - Final DataFrame columns: ['venue', 'season', 'total_matches', 'created_at', 'updated_at']
2025-12-06 23:03:35 - medallionlayer.gold_layer - INFO - Successfully wrote 1 rows to gold.venue_statistics
2025-12-06 23:03:35 - medallionlayer.gold_layer - INFO - Successfully created 1 rows for venue_statistics
2025-12-06 23:03:35 - medallionlayer.gold_layer - INFO - 
Processing aggregation: match_ball_statistics
2025-12-06 23:03:36 - medallionlayer.gold_layer - INFO - Read 218 rows from silver.match_events
2025-12-06 23:03:36 - medallionlayer.gold_layer - INFO -   Aggregated to 2 rows
2025-12-06 23:03:36 - medallionlayer.gold_layer - INFO - Final DataFrame columns: ['matchid', 'innings', 'total_balls', 'total_runs', 'created_at', 'updated_at']
2025-12-06 23:03:36 - medallionlayer.gold_layer - INFO - Successfully wrote 2 rows to gold.match_ball_statistics
2025-12-06 23:03:36 - medallionlayer.gold_layer - INFO - Successfully created 2 rows for match_ball_statistics
2025-12-06 23:03:36 - medallionlayer.gold_layer - INFO - 
Processing aggregation: batsman_statistics
2025-12-06 23:03:36 - medallionlayer.gold_layer - INFO - Read 218 rows from silver.match_events
2025-12-06 23:03:36 - medallionlayer.gold_layer - INFO -   Excluded 4 extras from aggregation
2025-12-06 23:03:36 - medallionlayer.gold_layer - INFO -   Filtered extras: 218 -> 214 rows (4 extras removed)
2025-12-06 23:03:36 - medallionlayer.gold_layer - INFO -   Aggregated to 15 rows
2025-12-06 23:03:36 - medallionlayer.gold_layer - INFO -   Selected 5 columns for Gold: ['matchid', 'batsman', 'innings', 'total_runs', 'balls_faced']
2025-12-06 23:03:36 - medallionlayer.gold_layer - INFO - Final DataFrame columns: ['matchid', 'batsman', 'innings', 'total_runs', 'balls_faced', 'created_at', 'updated_at']
2025-12-06 23:03:36 - medallionlayer.gold_layer - INFO - Successfully wrote 15 rows to gold.batsman_statistics
2025-12-06 23:03:36 - medallionlayer.gold_layer - INFO - Successfully created 15 rows for batsman_statistics
2025-12-06 23:03:36 - medallionlayer.gold_layer - INFO - 
Processing aggregation: bowler_statistics
2025-12-06 23:03:36 - medallionlayer.gold_layer - INFO - Read 218 rows from silver.match_events
2025-12-06 23:03:36 - medallionlayer.gold_layer - INFO -   Aggregated to 11 rows
2025-12-06 23:03:36 - medallionlayer.gold_layer - INFO - Final DataFrame columns: ['matchid', 'bowler', 'innings', 'balls_bowled', 'runs_conceded', 'created_at', 'updated_at']
2025-12-06 23:03:36 - medallionlayer.gold_layer - INFO - Successfully wrote 11 rows to gold.bowler_statistics
2025-12-06 23:03:36 - medallionlayer.gold_layer - INFO - Successfully created 11 rows for bowler_statistics
2025-12-06 23:03:36 - medallionlayer.gold_layer - INFO - 
======================================================================
2025-12-06 23:03:36 - medallionlayer.gold_layer - INFO - GOLD LAYER - Complete
2025-12-06 23:03:36 - medallionlayer.gold_layer - INFO - Aggregations Processed: 6
2025-12-06 23:03:36 - medallionlayer.gold_layer - INFO - Total Rows: 31
2025-12-06 23:03:36 - medallionlayer.gold_layer - INFO - ======================================================================
2025-12-06 23:03:36 - pipeline.orchestrator - INFO - 
================================================================================
2025-12-06 23:03:36 - pipeline.orchestrator - INFO - PIPELINE EXECUTION SUMMARY
2025-12-06 23:03:36 - pipeline.orchestrator - INFO - ================================================================================
2025-12-06 23:03:36 - pipeline.orchestrator - INFO - Status: SUCCESS
2025-12-06 23:03:36 - pipeline.orchestrator - INFO - Duration: 2.15 seconds
2025-12-06 23:03:36 - pipeline.orchestrator - INFO - 
BRONZE Layer:
2025-12-06 23:03:36 - pipeline.orchestrator - INFO -   Status: success
2025-12-06 23:03:36 - pipeline.orchestrator - INFO -   Tables Processed: 3
2025-12-06 23:03:36 - pipeline.orchestrator - INFO -   Total Rows: 256
2025-12-06 23:03:36 - pipeline.orchestrator - INFO - 
SILVER Layer:
2025-12-06 23:03:36 - pipeline.orchestrator - INFO -   Status: success
2025-12-06 23:03:36 - pipeline.orchestrator - INFO -   Tables Processed: 3
2025-12-06 23:03:36 - pipeline.orchestrator - INFO -   Total Rows: 256
2025-12-06 23:03:36 - pipeline.orchestrator - INFO - 
GOLD Layer:
2025-12-06 23:03:36 - pipeline.orchestrator - INFO -   Status: success
2025-12-06 23:03:36 - pipeline.orchestrator - INFO -   Aggregations: 6
2025-12-06 23:03:36 - pipeline.orchestrator - INFO -   Total Rows: 31
2025-12-06 23:03:36 - pipeline.orchestrator - INFO - ================================================================================

2025-12-06 23:03:36 - __main__ - INFO - Pipeline completed - Status: success, Duration: 2.15s
2025-12-06 23:03:36 - __main__ - INFO - Pipeline completed successfully
2025-12-06 23:06:20 - __main__ - INFO - Cricket Data Pipeline Started
2025-12-06 23:06:20 - __main__ - INFO - STEP 1: Initializing database and schemas
2025-12-06 23:06:21 - configs.db_config - INFO - Initializing Medallion Architecture schemas...
2025-12-06 23:06:21 - configs.db_config - INFO - Medallion schemas (Bronze, Silver, Gold) initialized
2025-12-06 23:06:21 - __main__ - INFO - Database initialization complete
2025-12-06 23:06:21 - __main__ - INFO - STEP 2: Loading configuration
2025-12-06 23:06:21 - __main__ - INFO - Configuration loaded successfully
2025-12-06 23:06:21 - __main__ - INFO - STEP 3: Scraping data from Cricinfo
2025-12-06 23:06:21 - __main__ - INFO - Initializing match tracker
2025-12-06 23:06:21 - __main__ - INFO - Current Status: 0 matches already downloaded
2025-12-06 23:06:21 - __main__ - INFO - Fetching match schedule from Cricinfo
2025-12-06 23:06:21 - scraping.schedule_scraper - INFO - Initializing WebDriver for schedule scraping
2025-12-06 23:06:24 - scraping.schedule_scraper - INFO - Loading schedule page - attempt 1
2025-12-06 23:06:34 - scraping.schedule_scraper - INFO - Schedule page loaded successfully
2025-12-06 23:06:34 - scraping.schedule_scraper - INFO - Parsing schedule page with BeautifulSoup
2025-12-06 23:08:12 - scraping.schedule_scraper - ERROR - WebDriver error fetching schedule: Message: target frame detached
  (failed to check if window was closed: disconnected: not connected to DevTools)
  (Session info: chrome=142.0.7444.176)
Stacktrace:
Symbols not available. Dumping unresolved backtrace:
	0x714103
	0x714144
	0x51e56b
	0x50e91d
	0x50daca
	0x52c714
	0x593475
	0x5ae749
	0x58c706
	0x55da30
	0x55ed54
	0x9857b4
	0x98098a
	0x73c392
	0x72c4c8
	0x73324d
	0x71c478
	0x71c63c
	0x7067ca
	0x759f5d49
	0x7728d6db
	0x7728d661

2025-12-06 23:08:12 - scraping.schedule_scraper - INFO - Closing WebDriver
2025-12-06 23:08:26 - __main__ - INFO - Cricket Data Pipeline Started
2025-12-06 23:08:26 - __main__ - INFO - STEP 1: Initializing database and schemas
2025-12-06 23:08:27 - configs.db_config - INFO - Initializing Medallion Architecture schemas...
2025-12-06 23:08:27 - configs.db_config - INFO - Medallion schemas (Bronze, Silver, Gold) initialized
2025-12-06 23:08:27 - __main__ - INFO - Database initialization complete
2025-12-06 23:08:27 - __main__ - INFO - STEP 2: Loading configuration
2025-12-06 23:08:27 - __main__ - INFO - Configuration loaded successfully
2025-12-06 23:08:27 - __main__ - INFO - STEP 3: Scraping data from Cricinfo
2025-12-06 23:08:27 - __main__ - INFO - Initializing match tracker
2025-12-06 23:08:27 - __main__ - INFO - Current Status: 0 matches already downloaded
2025-12-06 23:08:27 - __main__ - INFO - Fetching match schedule from Cricinfo
2025-12-06 23:08:27 - scraping.schedule_scraper - INFO - Initializing WebDriver for schedule scraping
2025-12-06 23:08:30 - scraping.schedule_scraper - INFO - Loading schedule page - attempt 1
2025-12-06 23:08:40 - scraping.schedule_scraper - INFO - Schedule page loaded successfully
2025-12-06 23:08:40 - scraping.schedule_scraper - INFO - Parsing schedule page with BeautifulSoup
2025-12-06 23:08:41 - scraping.schedule_scraper - INFO - Extracting match links from schedule
2025-12-06 23:08:41 - scraping.schedule_scraper - INFO - Successfully extracted 110 match links
2025-12-06 23:08:41 - scraping.schedule_scraper - INFO - Closing WebDriver
2025-12-06 23:08:43 - __main__ - INFO - Found 110 total links
2025-12-06 23:08:43 - __main__ - INFO - Found 1 match scorecards
2025-12-06 23:08:43 - __main__ - INFO - Starting match scraping process
2025-12-06 23:08:43 - __main__ - INFO - Processing match 1/1: https://www.espncricinfo.com/series/ipl-2025-1449924/kolkata-knight-riders-vs-royal-challengers-bengaluru-1st-match-1473438/full-scorecard
2025-12-06 23:08:43 - __main__ - INFO - Downloading match 1473438
2025-12-06 23:08:43 - scraping.player_extractor - INFO - PlayerExtractor initialized - Target: raw.match_players
2025-12-06 23:08:43 - scraping.match_scraper - INFO - Initializing WebDriver
2025-12-06 23:08:46 - scraping.match_scraper - INFO - Loading full scorecard - attempt 1
2025-12-06 23:08:57 - scraping.match_scraper - INFO - full scorecard loaded successfully
2025-12-06 23:08:57 - scraping.match_scraper - INFO - Scrolling full scorecard page
2025-12-06 23:08:57 - core.page_navigator - INFO - Scrolling page 5 times
2025-12-06 23:09:07 - core.page_navigator - INFO - Page scrolling completed
2025-12-06 23:09:10 - scraping.match_scraper - INFO - Extracting metadata
2025-12-06 23:09:11 - core.metadata_extractor - INFO - Found 14 metadata rows for match 1473438
2025-12-06 23:09:11 - core.metadata_extractor - INFO - Extracted 15 metadata fields for match 1473438
2025-12-06 23:09:11 - scraping.match_scraper - INFO - Extracting player rosters...
2025-12-06 23:09:11 - scraping.player_extractor - INFO - Extracting players for match 1473438
2025-12-06 23:09:11 - core.metadata_extractor - INFO - Extracting player names for match 1473438
2025-12-06 23:09:11 - core.metadata_extractor - INFO - Found 2 scorecard table(s)
2025-12-06 23:09:11 - core.metadata_extractor - INFO -   innings_1 (Kolkata Knight Riders): 10 batted, 1 did not bat
2025-12-06 23:09:11 - core.metadata_extractor - INFO -   innings_2 (Royal Challengers Bengaluru): 5 batted, 6 did not bat
2025-12-06 23:09:11 - core.metadata_extractor - INFO -   Found 12 impact players/substitutes
2025-12-06 23:09:11 - core.metadata_extractor - INFO - Created DataFrame with 34 player records from 2 innings
2025-12-06 23:09:11 - scraping.player_extractor - INFO - Stored 34 players for match 1473438
2025-12-06 23:09:11 - scraping.player_extractor - INFO -   Teams: Kolkata Knight Riders, Royal Challengers Bengaluru
2025-12-06 23:09:11 - scraping.player_extractor - INFO -   Batted: 15, Did not bat: 19
2025-12-06 23:09:11 - scraping.match_scraper - INFO - Stored 34 players
2025-12-06 23:09:11 - scraping.match_scraper - INFO -   - Kolkata Knight Riders
2025-12-06 23:09:11 - scraping.match_scraper - INFO -   - Royal Challengers Bengaluru
2025-12-06 23:09:11 - scraping.match_scraper - INFO - Loading commentary page - attempt 1
2025-12-06 23:09:21 - scraping.match_scraper - INFO - commentary page loaded successfully
2025-12-06 23:09:21 - scraping.match_scraper - INFO - Scrolling commentary page
2025-12-06 23:09:21 - core.page_navigator - INFO - Scrolling page 25 times
2025-12-06 23:10:12 - core.page_navigator - INFO - Page scrolling completed
2025-12-06 23:10:15 - scraping.match_scraper - INFO - Extracting first innings data
2025-12-06 23:10:15 - scraping.match_scraper - INFO - Default batting team: RCB
2025-12-06 23:10:16 - core.commentary_parser - INFO - Found 99 commentary blocks
2025-12-06 23:10:16 - core.commentary_parser - INFO - Parsed 99 commentary entries
2025-12-06 23:10:16 - core.commentary_parser - INFO - Created DataFrame with 99 rows
2025-12-06 23:10:16 - scraping.match_scraper - INFO - First innings: 99 events
2025-12-06 23:10:16 - core.page_navigator - INFO - Scrolling to top of page
2025-12-06 23:10:22 - scraping.match_scraper - INFO - Switching to second innings
2025-12-06 23:10:22 - core.page_navigator - INFO - Switching innings from: RCB
2025-12-06 23:10:57 - core.page_navigator - INFO - Switching to innings: KKR
2025-12-06 23:10:59 - core.page_navigator - INFO - Successfully switched to KKR
2025-12-06 23:10:59 - scraping.match_scraper - INFO - Switched batting team: KKR
2025-12-06 23:10:59 - scraping.match_scraper - INFO - Saving metadata to database
2025-12-06 23:11:04 - core.page_navigator - INFO - Scrolling page 25 times
2025-12-06 23:11:05 - scraping.match_scraper - INFO - Closing WebDriver
2025-12-06 23:28:42 - __main__ - INFO - Cricket Data Pipeline Started
2025-12-06 23:28:42 - __main__ - INFO - STEP 1: Initializing database and schemas
2025-12-06 23:28:43 - configs.db_config - INFO - Initializing Medallion Architecture schemas...
2025-12-06 23:28:43 - configs.db_config - INFO - Medallion schemas (Bronze, Silver, Gold) initialized
2025-12-06 23:28:43 - __main__ - INFO - Database initialization complete
2025-12-06 23:28:43 - __main__ - INFO - STEP 2: Loading configuration
2025-12-06 23:28:43 - __main__ - INFO - Configuration loaded successfully
2025-12-06 23:28:43 - __main__ - INFO - STEP 3: Scraping data from Cricinfo
2025-12-06 23:28:43 - __main__ - INFO - Initializing match tracker
2025-12-06 23:28:44 - __main__ - INFO - Current Status: 0 matches already downloaded
2025-12-06 23:28:44 - __main__ - INFO - Fetching match schedule from Cricinfo
2025-12-06 23:28:44 - scraping.schedule_scraper - INFO - Initializing WebDriver for schedule scraping
2025-12-06 23:28:46 - scraping.schedule_scraper - INFO - Loading schedule page - attempt 1
2025-12-06 23:28:57 - scraping.schedule_scraper - INFO - Schedule page loaded successfully
2025-12-06 23:28:57 - scraping.schedule_scraper - INFO - Parsing schedule page with BeautifulSoup
2025-12-06 23:28:58 - scraping.schedule_scraper - INFO - Extracting match links from schedule
2025-12-06 23:28:58 - scraping.schedule_scraper - INFO - Successfully extracted 110 match links
2025-12-06 23:28:58 - scraping.schedule_scraper - INFO - Closing WebDriver
2025-12-06 23:29:01 - __main__ - INFO - Found 110 total links
2025-12-06 23:29:01 - __main__ - INFO - Found 1 match scorecards
2025-12-06 23:29:01 - __main__ - INFO - Starting match scraping process
2025-12-06 23:29:01 - __main__ - INFO - Processing match 1/1: https://www.espncricinfo.com/series/ipl-2025-1449924/kolkata-knight-riders-vs-royal-challengers-bengaluru-1st-match-1473438/full-scorecard
2025-12-06 23:29:01 - __main__ - INFO - Downloading match 1473438
2025-12-06 23:29:01 - scraping.player_extractor - INFO - PlayerExtractor initialized - Target: raw.match_players
2025-12-06 23:29:01 - scraping.match_scraper - INFO - Initializing WebDriver
2025-12-06 23:29:03 - scraping.match_scraper - INFO - Loading full scorecard - attempt 1
2025-12-06 23:29:14 - scraping.match_scraper - INFO - full scorecard loaded successfully
2025-12-06 23:29:14 - scraping.match_scraper - INFO - Scrolling full scorecard page
2025-12-06 23:29:14 - core.page_navigator - INFO - Scrolling page 5 times
2025-12-06 23:29:24 - core.page_navigator - INFO - Page scrolling completed
2025-12-06 23:29:27 - scraping.match_scraper - INFO - Extracting metadata
2025-12-06 23:29:27 - core.metadata_extractor - INFO - Found 14 metadata rows for match 1473438
2025-12-06 23:29:27 - core.metadata_extractor - INFO - Extracted 15 metadata fields for match 1473438
2025-12-06 23:29:27 - scraping.match_scraper - INFO - Extracting player rosters...
2025-12-06 23:29:27 - scraping.player_extractor - INFO - Extracting players for match 1473438
2025-12-06 23:29:28 - core.metadata_extractor - INFO - Extracting player names for match 1473438
2025-12-06 23:29:28 - core.metadata_extractor - INFO - Found 2 scorecard table(s)
2025-12-06 23:29:28 - core.metadata_extractor - INFO -   innings_1 (Kolkata Knight Riders): 10 batted, 1 did not bat
2025-12-06 23:29:28 - core.metadata_extractor - INFO -   innings_2 (Royal Challengers Bengaluru): 5 batted, 6 did not bat
2025-12-06 23:29:28 - core.metadata_extractor - INFO -   Found 10 impact players/substitutes
2025-12-06 23:29:28 - core.metadata_extractor - INFO - Created DataFrame with 32 player records from 2 innings
2025-12-06 23:29:28 - scraping.player_extractor - INFO - Stored 32 players for match 1473438
2025-12-06 23:29:28 - scraping.player_extractor - INFO -   Teams: Kolkata Knight Riders, Royal Challengers Bengaluru
2025-12-06 23:29:28 - scraping.player_extractor - INFO -   Batted: 15, Did not bat: 17
2025-12-06 23:29:28 - scraping.match_scraper - INFO - Stored 32 players
2025-12-06 23:29:28 - scraping.match_scraper - INFO -   - Kolkata Knight Riders
2025-12-06 23:29:28 - scraping.match_scraper - INFO -   - Royal Challengers Bengaluru
2025-12-06 23:29:28 - scraping.match_scraper - INFO - Loading commentary page - attempt 1
2025-12-06 23:29:38 - scraping.match_scraper - INFO - commentary page loaded successfully
2025-12-06 23:29:38 - scraping.match_scraper - INFO - Scrolling commentary page
2025-12-06 23:29:38 - core.page_navigator - INFO - Scrolling page 25 times
2025-12-06 23:30:29 - core.page_navigator - INFO - Page scrolling completed
2025-12-06 23:30:32 - scraping.match_scraper - INFO - Extracting first innings data
2025-12-06 23:30:32 - scraping.match_scraper - INFO - Default batting team: RCB
2025-12-06 23:30:32 - core.commentary_parser - INFO - Found 99 commentary blocks
2025-12-06 23:30:32 - core.commentary_parser - INFO - Parsed 99 commentary entries
2025-12-06 23:30:32 - core.commentary_parser - INFO - Created DataFrame with 99 rows
2025-12-06 23:30:32 - scraping.match_scraper - INFO - First innings: 99 events
2025-12-06 23:30:32 - core.page_navigator - INFO - Scrolling to top of page
2025-12-06 23:30:38 - scraping.match_scraper - INFO - Switching to second innings
2025-12-06 23:30:38 - core.page_navigator - INFO - Switching innings from: RCB
2025-12-06 23:31:13 - core.page_navigator - INFO - Switching to innings: KKR
2025-12-06 23:31:16 - core.page_navigator - INFO - Successfully switched to KKR
2025-12-06 23:31:16 - scraping.match_scraper - INFO - Switched batting team: KKR
2025-12-06 23:31:16 - scraping.match_scraper - INFO - Saving metadata to database
2025-12-06 23:31:21 - core.page_navigator - INFO - Scrolling page 25 times
2025-12-06 23:31:42 - scraping.match_scraper - INFO - Closing WebDriver
2025-12-06 23:31:53 - __main__ - INFO - Cricket Data Pipeline Started
2025-12-06 23:31:53 - __main__ - INFO - STEP 1: Initializing database and schemas
2025-12-06 23:31:53 - configs.db_config - INFO - Initializing Medallion Architecture schemas...
2025-12-06 23:31:53 - configs.db_config - INFO - Medallion schemas (Bronze, Silver, Gold) initialized
2025-12-06 23:31:53 - __main__ - INFO - Database initialization complete
2025-12-06 23:31:53 - __main__ - INFO - STEP 2: Loading configuration
2025-12-06 23:31:53 - __main__ - INFO - Configuration loaded successfully
2025-12-06 23:31:53 - __main__ - INFO - STEP 3: Scraping data from Cricinfo
2025-12-06 23:31:53 - __main__ - INFO - Initializing match tracker
2025-12-06 23:31:54 - __main__ - INFO - Current Status: 0 matches already downloaded
2025-12-06 23:31:54 - __main__ - INFO - Fetching match schedule from Cricinfo
2025-12-06 23:31:54 - scraping.schedule_scraper - INFO - Initializing WebDriver for schedule scraping
2025-12-06 23:31:56 - scraping.schedule_scraper - INFO - Loading schedule page - attempt 1
2025-12-06 23:32:07 - scraping.schedule_scraper - INFO - Schedule page loaded successfully
2025-12-06 23:32:07 - scraping.schedule_scraper - INFO - Parsing schedule page with BeautifulSoup
2025-12-06 23:32:08 - scraping.schedule_scraper - INFO - Extracting match links from schedule
2025-12-06 23:32:08 - scraping.schedule_scraper - INFO - Successfully extracted 110 match links
2025-12-06 23:32:08 - scraping.schedule_scraper - INFO - Closing WebDriver
2025-12-06 23:32:10 - __main__ - INFO - Found 110 total links
2025-12-06 23:32:10 - __main__ - INFO - Found 1 match scorecards
2025-12-06 23:32:10 - __main__ - INFO - Starting match scraping process
2025-12-06 23:32:10 - __main__ - INFO - Processing match 1/1: https://www.espncricinfo.com/series/ipl-2025-1449924/kolkata-knight-riders-vs-royal-challengers-bengaluru-1st-match-1473438/full-scorecard
2025-12-06 23:32:10 - __main__ - INFO - Downloading match 1473438
2025-12-06 23:32:10 - scraping.player_extractor - INFO - PlayerExtractor initialized - Target: raw.match_players
2025-12-06 23:32:10 - scraping.match_scraper - INFO - Initializing WebDriver
2025-12-06 23:32:14 - scraping.match_scraper - INFO - Loading full scorecard - attempt 1
2025-12-06 23:32:24 - scraping.match_scraper - INFO - full scorecard loaded successfully
2025-12-06 23:32:24 - scraping.match_scraper - INFO - Scrolling full scorecard page
2025-12-06 23:32:24 - core.page_navigator - INFO - Scrolling page 5 times
2025-12-06 23:32:37 - core.page_navigator - INFO - Page scrolling completed
2025-12-06 23:32:40 - scraping.match_scraper - INFO - Extracting metadata
2025-12-06 23:32:40 - core.metadata_extractor - INFO - Found 14 metadata rows for match 1473438
2025-12-06 23:32:40 - core.metadata_extractor - INFO - Extracted 15 metadata fields for match 1473438
2025-12-06 23:32:40 - scraping.match_scraper - INFO - Extracting player rosters...
2025-12-06 23:32:40 - scraping.player_extractor - INFO - Extracting players for match 1473438
2025-12-06 23:32:40 - core.metadata_extractor - INFO - Extracting player names for match 1473438
2025-12-06 23:32:40 - core.metadata_extractor - INFO - Found 2 scorecard table(s)
2025-12-06 23:32:40 - core.metadata_extractor - INFO -   innings_1 (Kolkata Knight Riders): 10 batted, 1 did not bat
2025-12-06 23:32:40 - core.metadata_extractor - INFO -   innings_2 (Royal Challengers Bengaluru): 5 batted, 6 did not bat
2025-12-06 23:32:40 - core.metadata_extractor - INFO -   Found 10 impact players/substitutes
2025-12-06 23:32:40 - core.metadata_extractor - INFO - Created DataFrame with 32 player records from 2 innings
2025-12-06 23:32:40 - scraping.player_extractor - INFO - Stored 32 players for match 1473438
2025-12-06 23:32:40 - scraping.player_extractor - INFO -   Teams: Kolkata Knight Riders, Royal Challengers Bengaluru
2025-12-06 23:32:40 - scraping.player_extractor - INFO -   Batted: 15, Did not bat: 17
2025-12-06 23:32:40 - scraping.match_scraper - INFO - Stored 32 players
2025-12-06 23:32:40 - scraping.match_scraper - INFO -   - Kolkata Knight Riders
2025-12-06 23:32:40 - scraping.match_scraper - INFO -   - Royal Challengers Bengaluru
2025-12-06 23:32:40 - scraping.match_scraper - INFO - Loading commentary page - attempt 1
2025-12-06 23:32:50 - scraping.match_scraper - INFO - commentary page loaded successfully
2025-12-06 23:32:50 - scraping.match_scraper - INFO - Scrolling commentary page
2025-12-06 23:32:50 - core.page_navigator - INFO - Scrolling page 25 times
2025-12-06 23:33:42 - core.page_navigator - INFO - Page scrolling completed
2025-12-06 23:33:45 - scraping.match_scraper - INFO - Extracting first innings data
2025-12-06 23:33:45 - scraping.match_scraper - INFO - Default batting team: RCB
2025-12-06 23:33:45 - core.commentary_parser - INFO - Found 99 commentary blocks
2025-12-06 23:33:45 - core.commentary_parser - INFO - Parsed 99 commentary entries
2025-12-06 23:33:46 - core.commentary_parser - INFO - Created DataFrame with 99 rows
2025-12-06 23:33:46 - scraping.match_scraper - INFO - First innings: 99 events
2025-12-06 23:33:46 - core.page_navigator - INFO - Scrolling to top of page
2025-12-06 23:33:52 - scraping.match_scraper - INFO - Switching to second innings
2025-12-06 23:33:52 - core.page_navigator - INFO - Switching innings from: RCB
2025-12-06 23:34:26 - core.page_navigator - INFO - Switching to innings: KKR
2025-12-06 23:34:29 - core.page_navigator - INFO - Successfully switched to KKR
2025-12-06 23:34:29 - scraping.match_scraper - INFO - Switched batting team: KKR
2025-12-06 23:34:29 - scraping.match_scraper - INFO - Saving metadata to database
2025-12-06 23:34:34 - core.page_navigator - INFO - Scrolling page 25 times
2025-12-06 23:35:25 - core.page_navigator - INFO - Page scrolling completed
2025-12-06 23:35:28 - core.commentary_parser - INFO - Found 124 commentary blocks
2025-12-06 23:35:28 - core.commentary_parser - INFO - Parsed 124 commentary entries
2025-12-06 23:35:28 - core.commentary_parser - INFO - Created DataFrame with 124 rows
2025-12-06 23:35:28 - scraping.match_scraper - INFO - Second innings: 124 events
2025-12-06 23:35:28 - scraping.match_scraper - INFO - Saving commentary to database
2025-12-06 23:35:28 - scraping.match_scraper - INFO - Commentary saved: 223 total events
2025-12-06 23:35:28 - scraping.match_scraper - INFO - Successfully completed scraping match 1473438
2025-12-06 23:35:28 - scraping.match_scraper - INFO - Closing WebDriver
2025-12-06 23:35:31 - __main__ - INFO - Successfully downloaded match 1473438
2025-12-06 23:35:31 - __main__ - INFO - Scraping complete - Found: 1, Downloaded: 1, Skipped: 0, Failed: 0
2025-12-06 23:35:31 - __main__ - INFO - STEP 4: Processing through Medallion Architecture
2025-12-06 23:35:31 - __main__ - INFO - Starting Medallion Architecture pipeline
2025-12-06 23:35:31 - pipeline.orchestrator - INFO - Pipeline Orchestrator initialized
2025-12-06 23:35:31 - pipeline.orchestrator - INFO - 
================================================================================
2025-12-06 23:35:31 - pipeline.orchestrator - INFO - MEDALLION ARCHITECTURE PIPELINE - STARTING
2025-12-06 23:35:31 - pipeline.orchestrator - INFO - ================================================================================
2025-12-06 23:35:31 - pipeline.orchestrator - INFO - Start Time: 2025-12-06 23:35:31.376344
2025-12-06 23:35:31 - pipeline.orchestrator - INFO - Layers to execute: bronze, silver, gold
2025-12-06 23:35:31 - pipeline.orchestrator - INFO - ================================================================================
2025-12-06 23:35:31 - medallionlayer.bronze_layer - INFO - Bronze Layer initialized - Run ID: c3531a0c-bc03-4496-a121-3737212513ad
2025-12-06 23:35:31 - medallionlayer.bronze_layer - INFO - ======================================================================
2025-12-06 23:35:31 - medallionlayer.bronze_layer - INFO - BRONZE LAYER - Starting
2025-12-06 23:35:31 - medallionlayer.bronze_layer - INFO - ======================================================================
2025-12-06 23:35:31 - medallionlayer.bronze_layer - INFO - 
Processing table: match_metadata
2025-12-06 23:35:31 - medallionlayer.bronze_layer - INFO - Read 1 rows from raw.match_metadata
2025-12-06 23:35:31 - medallionlayer.bronze_layer - INFO -   No duplicates found based on ['matchid']
2025-12-06 23:35:31 - medallionlayer.bronze_layer - INFO - After quality checks: 1 rows (removed 0)
2025-12-06 23:35:31 - medallionlayer.bronze_layer - INFO - match_metadata: 1 rows ingested
2025-12-06 23:35:31 - medallionlayer.bronze_layer - INFO - 
Processing table: match_events
2025-12-06 23:35:31 - medallionlayer.bronze_layer - INFO - Read 223 rows from raw.match_events
2025-12-06 23:35:31 - medallionlayer.bronze_layer - INFO -   No duplicates found based on ['matchid', 'ball', 'innings', 'commentary']
2025-12-06 23:35:31 - medallionlayer.bronze_layer - INFO - After quality checks: 223 rows (removed 0)
2025-12-06 23:35:31 - medallionlayer.bronze_layer - INFO - match_events: 223 rows ingested
2025-12-06 23:35:31 - medallionlayer.bronze_layer - INFO - 
Processing table: match_players
2025-12-06 23:35:31 - medallionlayer.bronze_layer - INFO - Read 32 rows from raw.match_players
2025-12-06 23:35:31 - medallionlayer.bronze_layer - INFO -   No duplicates found based on ['matchid', 'innings', 'player_name']
2025-12-06 23:35:31 - medallionlayer.bronze_layer - INFO - After quality checks: 32 rows (removed 0)
2025-12-06 23:35:32 - medallionlayer.bronze_layer - INFO - match_players: 32 rows ingested
2025-12-06 23:35:32 - medallionlayer.bronze_layer - INFO - 
Validating innings data...
2025-12-06 23:35:32 - medallionlayer.bronze_layer - INFO - All matches have complete innings data
2025-12-06 23:35:32 - medallionlayer.bronze_layer - INFO - 
======================================================================
2025-12-06 23:35:32 - medallionlayer.bronze_layer - INFO - DATA QUALITY REPORT
2025-12-06 23:35:32 - medallionlayer.bronze_layer - INFO - ======================================================================
2025-12-06 23:35:32 - medallionlayer.bronze_layer - INFO - 
DUPLICATES REMOVED:
2025-12-06 23:35:32 - medallionlayer.bronze_layer - INFO -   match_metadata: No duplicates found
2025-12-06 23:35:32 - medallionlayer.bronze_layer - INFO -   match_events: No duplicates found
2025-12-06 23:35:32 - medallionlayer.bronze_layer - INFO -   match_players: No duplicates found
2025-12-06 23:35:32 - medallionlayer.bronze_layer - INFO - 
NULL VALUES FOUND:
2025-12-06 23:35:32 - medallionlayer.bronze_layer - INFO -   match_metadata: No null values in required columns
2025-12-06 23:35:32 - medallionlayer.bronze_layer - INFO -   match_events: No null values in required columns
2025-12-06 23:35:32 - medallionlayer.bronze_layer - INFO -   match_players: No null values in required columns
2025-12-06 23:35:32 - medallionlayer.bronze_layer - INFO - 
INNINGS VALIDATION:
2025-12-06 23:35:32 - medallionlayer.bronze_layer - INFO - All matches have complete innings data
2025-12-06 23:35:32 - medallionlayer.bronze_layer - INFO - ======================================================================

2025-12-06 23:35:32 - medallionlayer.bronze_layer - INFO - 
======================================================================
2025-12-06 23:35:32 - medallionlayer.bronze_layer - INFO - BRONZE LAYER - Complete
2025-12-06 23:35:32 - medallionlayer.bronze_layer - INFO - Tables Processed: 3/3
2025-12-06 23:35:32 - medallionlayer.bronze_layer - INFO - Total Rows: 256
2025-12-06 23:35:32 - medallionlayer.bronze_layer - INFO - ======================================================================
2025-12-06 23:35:32 - medallionlayer.silver_layer - INFO - Silver Layer initialized
2025-12-06 23:35:32 - medallionlayer.silver_layer - INFO - ======================================================================
2025-12-06 23:35:32 - medallionlayer.silver_layer - INFO - SILVER LAYER - Starting
2025-12-06 23:35:32 - medallionlayer.silver_layer - INFO - ======================================================================
2025-12-06 23:35:32 - medallionlayer.silver_layer - INFO - 
Processing table: match_metadata
2025-12-06 23:35:32 - medallionlayer.silver_layer - INFO - Read 1 rows from bronze.match_metadata
2025-12-06 23:35:32 - medallionlayer.silver_layer - INFO -   Cleaned columns: ['venue', 'series', 'toss', 'player_of_the_match']
2025-12-06 23:35:32 - medallionlayer.silver_layer - INFO - After transformations: 1 rows (removed 0)
2025-12-06 23:35:32 - medallionlayer.silver_layer - INFO -   Removed Bronze audit columns: ['ingestion_timestamp', 'source_system', 'pipeline_run_id', 'is_active']
2025-12-06 23:35:32 - medallionlayer.silver_layer - INFO - match_metadata: 1 rows processed
2025-12-06 23:35:32 - medallionlayer.silver_layer - INFO - 
Processing table: match_events
2025-12-06 23:35:32 - medallionlayer.silver_layer - INFO - Read 223 rows from bronze.match_events
2025-12-06 23:35:32 - medallionlayer.silver_layer - INFO -   Cleaned columns: ['bowler', 'batsman', 'commentary', 'innings']
2025-12-06 23:35:32 - medallionlayer.silver_layer - INFO -   Converting 'score' column to numeric...
2025-12-06 23:35:32 - medallionlayer.silver_layer - INFO -   Score conversion: 212 converted, 11 not converted (set to 0)
2025-12-06 23:35:32 - medallionlayer.silver_layer - INFO -   Extracting dismissal information...
2025-12-06 23:35:32 - medallionlayer.silver_layer - INFO -   Extracted dismissal info for 7 wickets
2025-12-06 23:35:32 - medallionlayer.silver_layer - INFO -   Enriching player names for columns: ['batsman', 'bowler', 'fielder_name']
2025-12-06 23:35:32 - medallionlayer.silver_layer - INFO -   Loaded 32 player records for enrichment
2025-12-06 23:35:32 - medallionlayer.silver_layer - INFO -   Enriching column: batsman
2025-12-06 23:35:32 - medallionlayer.silver_layer - INFO -   Enriching column: bowler
2025-12-06 23:35:33 - medallionlayer.silver_layer - INFO -   Enriching column: fielder_name
2025-12-06 23:35:33 - medallionlayer.silver_layer - INFO -   Enrichment results:
2025-12-06 23:35:33 - medallionlayer.silver_layer - INFO -     batsman: 213 enriched, 10 not found, 0 null
2025-12-06 23:35:33 - medallionlayer.silver_layer - INFO -     bowler: 223 enriched, 0 not found, 0 null
2025-12-06 23:35:33 - medallionlayer.silver_layer - INFO -     fielder_name: 5 enriched, 1 not found, 217 null
2025-12-06 23:35:33 - medallionlayer.silver_layer - INFO - After transformations: 223 rows (removed 0)
2025-12-06 23:35:33 - medallionlayer.silver_layer - INFO -   Removed Bronze audit columns: ['ingestion_timestamp', 'source_system', 'pipeline_run_id', 'is_active']
2025-12-06 23:35:33 - medallionlayer.silver_layer - INFO - match_events: 223 rows processed
2025-12-06 23:35:33 - medallionlayer.silver_layer - INFO - 
Processing table: match_players
2025-12-06 23:35:33 - medallionlayer.silver_layer - INFO - Read 32 rows from bronze.match_players
2025-12-06 23:35:33 - medallionlayer.silver_layer - INFO -   Cleaned columns: ['player_name', 'team']
2025-12-06 23:35:33 - medallionlayer.silver_layer - INFO - After transformations: 32 rows (removed 0)
2025-12-06 23:35:33 - medallionlayer.silver_layer - INFO -   Removed Bronze audit columns: ['ingestion_timestamp', 'source_system', 'pipeline_run_id', 'is_active']
2025-12-06 23:35:33 - medallionlayer.silver_layer - INFO - match_players: 32 rows processed
2025-12-06 23:35:33 - medallionlayer.silver_layer - INFO - 
======================================================================
2025-12-06 23:35:33 - medallionlayer.silver_layer - INFO - SILVER LAYER - Complete
2025-12-06 23:35:33 - medallionlayer.silver_layer - INFO - Tables Processed: 3
2025-12-06 23:35:33 - medallionlayer.silver_layer - INFO - Total Rows: 256
2025-12-06 23:35:33 - medallionlayer.silver_layer - INFO - ======================================================================
2025-12-06 23:35:33 - medallionlayer.gold_layer - INFO - Gold Layer initialized
2025-12-06 23:35:33 - medallionlayer.gold_layer - INFO - ======================================================================
2025-12-06 23:35:33 - medallionlayer.gold_layer - INFO - GOLD LAYER - Starting
2025-12-06 23:35:33 - medallionlayer.gold_layer - INFO - ======================================================================
2025-12-06 23:35:33 - medallionlayer.gold_layer - INFO - 
Processing aggregation: match_summary
2025-12-06 23:35:33 - medallionlayer.gold_layer - INFO - Read 1 rows from silver.match_metadata
2025-12-06 23:35:33 - medallionlayer.gold_layer - INFO -   Selected 1 distinct rows (no aggregation)
2025-12-06 23:35:33 - medallionlayer.gold_layer - INFO -   Selected 7 columns for Gold: ['matchid', 'venue', 'series', 'season', 'player_of_the_match', 'first_innings', 'second_innings']
2025-12-06 23:35:33 - medallionlayer.gold_layer - INFO - Final DataFrame columns: ['matchid', 'venue', 'series', 'season', 'player_of_the_match', 'first_innings', 'second_innings', 'created_at', 'updated_at']
2025-12-06 23:35:33 - medallionlayer.gold_layer - INFO - Successfully wrote 1 rows to gold.match_summary
2025-12-06 23:35:33 - medallionlayer.gold_layer - INFO - Successfully created 1 rows for match_summary
2025-12-06 23:35:33 - medallionlayer.gold_layer - INFO - 
Processing aggregation: series_summary
2025-12-06 23:35:33 - medallionlayer.gold_layer - INFO - Read 1 rows from silver.match_metadata
2025-12-06 23:35:33 - medallionlayer.gold_layer - INFO -   Aggregated to 1 rows
2025-12-06 23:35:33 - medallionlayer.gold_layer - INFO -   Selected 3 columns for Gold: ['series', 'season', 'total_matches']
2025-12-06 23:35:33 - medallionlayer.gold_layer - INFO - Final DataFrame columns: ['series', 'season', 'total_matches', 'created_at', 'updated_at']
2025-12-06 23:35:33 - medallionlayer.gold_layer - INFO - Successfully wrote 1 rows to gold.series_summary
2025-12-06 23:35:33 - medallionlayer.gold_layer - INFO - Successfully created 1 rows for series_summary
2025-12-06 23:35:33 - medallionlayer.gold_layer - INFO - 
Processing aggregation: venue_statistics
2025-12-06 23:35:33 - medallionlayer.gold_layer - INFO - Read 1 rows from silver.match_metadata
2025-12-06 23:35:33 - medallionlayer.gold_layer - INFO -   Aggregated to 1 rows
2025-12-06 23:35:33 - medallionlayer.gold_layer - INFO -   Selected 3 columns for Gold: ['venue', 'season', 'total_matches']
2025-12-06 23:35:33 - medallionlayer.gold_layer - INFO - Final DataFrame columns: ['venue', 'season', 'total_matches', 'created_at', 'updated_at']
2025-12-06 23:35:34 - medallionlayer.gold_layer - INFO - Successfully wrote 1 rows to gold.venue_statistics
2025-12-06 23:35:34 - medallionlayer.gold_layer - INFO - Successfully created 1 rows for venue_statistics
2025-12-06 23:35:34 - medallionlayer.gold_layer - INFO - 
Processing aggregation: match_ball_statistics
2025-12-06 23:35:34 - medallionlayer.gold_layer - INFO - Read 218 rows from silver.match_events
2025-12-06 23:35:34 - medallionlayer.gold_layer - INFO -   Aggregated to 2 rows
2025-12-06 23:35:34 - medallionlayer.gold_layer - INFO - Final DataFrame columns: ['matchid', 'innings', 'total_balls', 'total_runs', 'created_at', 'updated_at']
2025-12-06 23:35:34 - medallionlayer.gold_layer - INFO - Successfully wrote 2 rows to gold.match_ball_statistics
2025-12-06 23:35:34 - medallionlayer.gold_layer - INFO - Successfully created 2 rows for match_ball_statistics
2025-12-06 23:35:34 - medallionlayer.gold_layer - INFO - 
Processing aggregation: batsman_statistics
2025-12-06 23:35:34 - medallionlayer.gold_layer - INFO - Read 218 rows from silver.match_events
2025-12-06 23:35:34 - medallionlayer.gold_layer - INFO -   Excluded 4 extras from aggregation
2025-12-06 23:35:34 - medallionlayer.gold_layer - INFO -   Filtered extras: 218 -> 214 rows (4 extras removed)
2025-12-06 23:35:34 - medallionlayer.gold_layer - INFO -   Aggregated to 15 rows
2025-12-06 23:35:34 - medallionlayer.gold_layer - INFO -   Selected 5 columns for Gold: ['matchid', 'batsman', 'innings', 'total_runs', 'balls_faced']
2025-12-06 23:35:34 - medallionlayer.gold_layer - INFO - Final DataFrame columns: ['matchid', 'batsman', 'innings', 'total_runs', 'balls_faced', 'created_at', 'updated_at']
2025-12-06 23:35:34 - medallionlayer.gold_layer - INFO - Successfully wrote 15 rows to gold.batsman_statistics
2025-12-06 23:35:34 - medallionlayer.gold_layer - INFO - Successfully created 15 rows for batsman_statistics
2025-12-06 23:35:34 - medallionlayer.gold_layer - INFO - 
Processing aggregation: bowler_statistics
2025-12-06 23:35:34 - medallionlayer.gold_layer - INFO - Read 218 rows from silver.match_events
2025-12-06 23:35:34 - medallionlayer.gold_layer - INFO -   Aggregated to 11 rows
2025-12-06 23:35:34 - medallionlayer.gold_layer - INFO - Final DataFrame columns: ['matchid', 'bowler', 'innings', 'balls_bowled', 'runs_conceded', 'created_at', 'updated_at']
2025-12-06 23:35:34 - medallionlayer.gold_layer - INFO - Successfully wrote 11 rows to gold.bowler_statistics
2025-12-06 23:35:34 - medallionlayer.gold_layer - INFO - Successfully created 11 rows for bowler_statistics
2025-12-06 23:35:34 - medallionlayer.gold_layer - INFO - 
======================================================================
2025-12-06 23:35:34 - medallionlayer.gold_layer - INFO - GOLD LAYER - Complete
2025-12-06 23:35:34 - medallionlayer.gold_layer - INFO - Aggregations Processed: 6
2025-12-06 23:35:34 - medallionlayer.gold_layer - INFO - Total Rows: 31
2025-12-06 23:35:34 - medallionlayer.gold_layer - INFO - ======================================================================
2025-12-06 23:35:34 - pipeline.orchestrator - INFO - 
================================================================================
2025-12-06 23:35:34 - pipeline.orchestrator - INFO - PIPELINE EXECUTION SUMMARY
2025-12-06 23:35:34 - pipeline.orchestrator - INFO - ================================================================================
2025-12-06 23:35:34 - pipeline.orchestrator - INFO - Status: SUCCESS
2025-12-06 23:35:34 - pipeline.orchestrator - INFO - Duration: 3.41 seconds
2025-12-06 23:35:34 - pipeline.orchestrator - INFO - 
BRONZE Layer:
2025-12-06 23:35:34 - pipeline.orchestrator - INFO -   Status: success
2025-12-06 23:35:34 - pipeline.orchestrator - INFO -   Tables Processed: 3
2025-12-06 23:35:34 - pipeline.orchestrator - INFO -   Total Rows: 256
2025-12-06 23:35:34 - pipeline.orchestrator - INFO - 
SILVER Layer:
2025-12-06 23:35:34 - pipeline.orchestrator - INFO -   Status: success
2025-12-06 23:35:34 - pipeline.orchestrator - INFO -   Tables Processed: 3
2025-12-06 23:35:34 - pipeline.orchestrator - INFO -   Total Rows: 256
2025-12-06 23:35:34 - pipeline.orchestrator - INFO - 
GOLD Layer:
2025-12-06 23:35:34 - pipeline.orchestrator - INFO -   Status: success
2025-12-06 23:35:34 - pipeline.orchestrator - INFO -   Aggregations: 6
2025-12-06 23:35:34 - pipeline.orchestrator - INFO -   Total Rows: 31
2025-12-06 23:35:34 - pipeline.orchestrator - INFO - ================================================================================

2025-12-06 23:35:34 - __main__ - INFO - Pipeline completed - Status: success, Duration: 3.41s
2025-12-06 23:35:34 - __main__ - INFO - Pipeline completed successfully
2025-12-06 23:37:18 - __main__ - INFO - Cricket Data Pipeline Started
2025-12-06 23:37:18 - __main__ - INFO - STEP 1: Initializing database and schemas
2025-12-06 23:37:19 - configs.db_config - INFO - Initializing Medallion Architecture schemas...
2025-12-06 23:37:20 - configs.db_config - INFO - Medallion schemas (Bronze, Silver, Gold) initialized
2025-12-06 23:37:20 - __main__ - INFO - Database initialization complete
2025-12-06 23:37:20 - __main__ - INFO - STEP 2: Loading configuration
2025-12-06 23:37:20 - __main__ - INFO - Configuration loaded successfully
2025-12-06 23:37:20 - __main__ - INFO - STEP 3: Scraping data from Cricinfo
2025-12-06 23:37:20 - __main__ - INFO - Initializing match tracker
2025-12-06 23:37:20 - __main__ - INFO - Current Status: 0 matches already downloaded
2025-12-06 23:37:20 - __main__ - INFO - Fetching match schedule from Cricinfo
2025-12-06 23:37:20 - scraping.schedule_scraper - INFO - Initializing WebDriver for schedule scraping
2025-12-06 23:37:23 - scraping.schedule_scraper - INFO - Loading schedule page - attempt 1
2025-12-06 23:37:33 - scraping.schedule_scraper - INFO - Schedule page loaded successfully
2025-12-06 23:37:33 - scraping.schedule_scraper - INFO - Parsing schedule page with BeautifulSoup
2025-12-06 23:37:44 - scraping.schedule_scraper - INFO - Extracting match links from schedule
2025-12-06 23:37:45 - scraping.schedule_scraper - INFO - Successfully extracted 110 match links
2025-12-06 23:37:45 - scraping.schedule_scraper - INFO - Closing WebDriver
2025-12-06 23:37:47 - __main__ - INFO - Found 110 total links
2025-12-06 23:37:47 - __main__ - INFO - Found 1 match scorecards
2025-12-06 23:37:47 - __main__ - INFO - Starting match scraping process
2025-12-06 23:37:47 - __main__ - INFO - Processing match 1/1: https://www.espncricinfo.com/series/ipl-2025-1449924/kolkata-knight-riders-vs-royal-challengers-bengaluru-1st-match-1473438/full-scorecard
2025-12-06 23:37:47 - __main__ - INFO - Downloading match 1473438
2025-12-06 23:37:47 - scraping.player_extractor - INFO - PlayerExtractor initialized - Target: raw.match_players
2025-12-06 23:37:47 - scraping.match_scraper - INFO - Initializing WebDriver
2025-12-06 23:37:50 - scraping.match_scraper - INFO - Loading full scorecard - attempt 1
2025-12-06 23:38:02 - scraping.match_scraper - INFO - full scorecard loaded successfully
2025-12-06 23:38:02 - scraping.match_scraper - INFO - Scrolling full scorecard page
2025-12-06 23:38:02 - core.page_navigator - INFO - Scrolling page 5 times
2025-12-06 23:38:18 - core.page_navigator - INFO - Page scrolling completed
2025-12-06 23:38:21 - scraping.match_scraper - INFO - Extracting metadata
2025-12-06 23:38:21 - core.metadata_extractor - INFO - Found 14 metadata rows for match 1473438
2025-12-06 23:38:21 - core.metadata_extractor - INFO - Extracted 15 metadata fields for match 1473438
2025-12-06 23:38:21 - scraping.match_scraper - INFO - Extracting player rosters...
2025-12-06 23:38:21 - scraping.player_extractor - INFO - Extracting players for match 1473438
2025-12-06 23:38:21 - core.metadata_extractor - INFO - Extracting player names for match 1473438
2025-12-06 23:38:21 - core.metadata_extractor - INFO - Found 2 scorecard table(s)
2025-12-06 23:38:21 - core.metadata_extractor - INFO -   innings_1 (Kolkata Knight Riders): 10 batted, 1 did not bat
2025-12-06 23:38:21 - core.metadata_extractor - INFO -   innings_2 (Royal Challengers Bengaluru): 5 batted, 6 did not bat
2025-12-06 23:38:21 - core.metadata_extractor - INFO -   Found 10 impact players/substitutes
2025-12-06 23:38:21 - core.metadata_extractor - INFO - Created DataFrame with 32 player records from 2 innings
2025-12-06 23:38:22 - scraping.player_extractor - INFO - Stored 32 players for match 1473438
2025-12-06 23:38:22 - scraping.player_extractor - INFO -   Teams: Kolkata Knight Riders, Royal Challengers Bengaluru
2025-12-06 23:38:22 - scraping.player_extractor - INFO -   Batted: 15, Did not bat: 17
2025-12-06 23:38:22 - scraping.match_scraper - INFO - Stored 32 players
2025-12-06 23:38:22 - scraping.match_scraper - INFO -   - Kolkata Knight Riders
2025-12-06 23:38:22 - scraping.match_scraper - INFO -   - Royal Challengers Bengaluru
2025-12-06 23:38:22 - scraping.match_scraper - INFO - Loading commentary page - attempt 1
2025-12-06 23:38:31 - scraping.match_scraper - INFO - commentary page loaded successfully
2025-12-06 23:38:31 - scraping.match_scraper - INFO - Scrolling commentary page
2025-12-06 23:38:31 - core.page_navigator - INFO - Scrolling page 25 times
2025-12-06 23:39:22 - core.page_navigator - INFO - Page scrolling completed
2025-12-06 23:39:25 - scraping.match_scraper - INFO - Extracting first innings data
2025-12-06 23:39:25 - scraping.match_scraper - INFO - Default batting team: RCB
2025-12-06 23:39:25 - core.commentary_parser - INFO - Found 99 commentary blocks
2025-12-06 23:39:25 - core.commentary_parser - INFO - Parsed 99 commentary entries
2025-12-06 23:39:25 - core.commentary_parser - INFO - Created DataFrame with 99 rows
2025-12-06 23:39:25 - scraping.match_scraper - INFO - First innings: 99 events
2025-12-06 23:39:25 - core.page_navigator - INFO - Scrolling to top of page
2025-12-06 23:39:31 - scraping.match_scraper - INFO - Switching to second innings
2025-12-06 23:39:31 - core.page_navigator - INFO - Switching innings from: RCB
2025-12-06 23:40:06 - core.page_navigator - INFO - Switching to innings: KKR
2025-12-06 23:40:09 - core.page_navigator - INFO - Successfully switched to KKR
2025-12-06 23:40:09 - scraping.match_scraper - INFO - Switched batting team: KKR
2025-12-06 23:40:09 - scraping.match_scraper - INFO - Saving metadata to database
2025-12-06 23:40:14 - core.page_navigator - INFO - Scrolling page 25 times
2025-12-06 23:41:05 - core.page_navigator - INFO - Page scrolling completed
2025-12-06 23:41:08 - core.commentary_parser - INFO - Found 124 commentary blocks
2025-12-06 23:41:08 - core.commentary_parser - INFO - Parsed 124 commentary entries
2025-12-06 23:41:08 - core.commentary_parser - INFO - Created DataFrame with 124 rows
2025-12-06 23:41:08 - scraping.match_scraper - INFO - Second innings: 124 events
2025-12-06 23:41:08 - scraping.match_scraper - INFO - Saving commentary to database
2025-12-06 23:41:08 - scraping.match_scraper - INFO - Commentary saved: 223 total events
2025-12-06 23:41:08 - scraping.match_scraper - INFO - Successfully completed scraping match 1473438
2025-12-06 23:41:08 - scraping.match_scraper - INFO - Closing WebDriver
2025-12-06 23:41:11 - __main__ - INFO - Successfully downloaded match 1473438
2025-12-06 23:41:11 - __main__ - INFO - Scraping complete - Found: 1, Downloaded: 1, Skipped: 0, Failed: 0
2025-12-06 23:41:11 - __main__ - INFO - STEP 4: Processing through Medallion Architecture
2025-12-06 23:41:11 - __main__ - INFO - Starting Medallion Architecture pipeline
2025-12-06 23:41:11 - pipeline.orchestrator - INFO - Pipeline Orchestrator initialized
2025-12-06 23:41:11 - pipeline.orchestrator - INFO - 
================================================================================
2025-12-06 23:41:11 - pipeline.orchestrator - INFO - MEDALLION ARCHITECTURE PIPELINE - STARTING
2025-12-06 23:41:11 - pipeline.orchestrator - INFO - ================================================================================
2025-12-06 23:41:11 - pipeline.orchestrator - INFO - Start Time: 2025-12-06 23:41:11.420077
2025-12-06 23:41:11 - pipeline.orchestrator - INFO - Layers to execute: bronze, silver, gold
2025-12-06 23:41:11 - pipeline.orchestrator - INFO - ================================================================================
2025-12-06 23:41:11 - medallionlayer.bronze_layer - INFO - Bronze Layer initialized - Run ID: 028ab60b-38fc-49ca-9e31-4f0255b0be6b
2025-12-06 23:41:11 - medallionlayer.bronze_layer - INFO - ======================================================================
2025-12-06 23:41:11 - medallionlayer.bronze_layer - INFO - BRONZE LAYER - Starting
2025-12-06 23:41:11 - medallionlayer.bronze_layer - INFO - ======================================================================
2025-12-06 23:41:11 - medallionlayer.bronze_layer - INFO - 
Processing table: match_metadata
2025-12-06 23:41:11 - medallionlayer.bronze_layer - INFO - Read 1 rows from raw.match_metadata
2025-12-06 23:41:11 - medallionlayer.bronze_layer - INFO -   No duplicates found based on ['matchid']
2025-12-06 23:41:11 - medallionlayer.bronze_layer - INFO - After quality checks: 1 rows (removed 0)
2025-12-06 23:41:11 - medallionlayer.bronze_layer - INFO - match_metadata: 1 rows ingested
2025-12-06 23:41:11 - medallionlayer.bronze_layer - INFO - 
Processing table: match_events
2025-12-06 23:41:11 - medallionlayer.bronze_layer - INFO - Read 223 rows from raw.match_events
2025-12-06 23:41:11 - medallionlayer.bronze_layer - INFO -   No duplicates found based on ['matchid', 'ball', 'innings', 'commentary']
2025-12-06 23:41:11 - medallionlayer.bronze_layer - INFO - After quality checks: 223 rows (removed 0)
2025-12-06 23:41:11 - medallionlayer.bronze_layer - INFO - match_events: 223 rows ingested
2025-12-06 23:41:11 - medallionlayer.bronze_layer - INFO - 
Processing table: match_players
2025-12-06 23:41:11 - medallionlayer.bronze_layer - INFO - Read 32 rows from raw.match_players
2025-12-06 23:41:11 - medallionlayer.bronze_layer - INFO -   No duplicates found based on ['matchid', 'innings', 'player_name']
2025-12-06 23:41:12 - medallionlayer.bronze_layer - INFO - After quality checks: 32 rows (removed 0)
2025-12-06 23:41:12 - medallionlayer.bronze_layer - INFO - match_players: 32 rows ingested
2025-12-06 23:41:12 - medallionlayer.bronze_layer - INFO - 
Validating innings data...
2025-12-06 23:41:12 - medallionlayer.bronze_layer - INFO - All matches have complete innings data
2025-12-06 23:41:12 - medallionlayer.bronze_layer - INFO - 
======================================================================
2025-12-06 23:41:12 - medallionlayer.bronze_layer - INFO - DATA QUALITY REPORT
2025-12-06 23:41:12 - medallionlayer.bronze_layer - INFO - ======================================================================
2025-12-06 23:41:12 - medallionlayer.bronze_layer - INFO - 
DUPLICATES REMOVED:
2025-12-06 23:41:12 - medallionlayer.bronze_layer - INFO -   match_metadata: No duplicates found
2025-12-06 23:41:12 - medallionlayer.bronze_layer - INFO -   match_events: No duplicates found
2025-12-06 23:41:12 - medallionlayer.bronze_layer - INFO -   match_players: No duplicates found
2025-12-06 23:41:12 - medallionlayer.bronze_layer - INFO - 
NULL VALUES FOUND:
2025-12-06 23:41:12 - medallionlayer.bronze_layer - INFO -   match_metadata: No null values in required columns
2025-12-06 23:41:12 - medallionlayer.bronze_layer - INFO -   match_events: No null values in required columns
2025-12-06 23:41:12 - medallionlayer.bronze_layer - INFO -   match_players: No null values in required columns
2025-12-06 23:41:12 - medallionlayer.bronze_layer - INFO - 
INNINGS VALIDATION:
2025-12-06 23:41:12 - medallionlayer.bronze_layer - INFO - All matches have complete innings data
2025-12-06 23:41:12 - medallionlayer.bronze_layer - INFO - ======================================================================

2025-12-06 23:41:12 - medallionlayer.bronze_layer - INFO - 
======================================================================
2025-12-06 23:41:12 - medallionlayer.bronze_layer - INFO - BRONZE LAYER - Complete
2025-12-06 23:41:12 - medallionlayer.bronze_layer - INFO - Tables Processed: 3/3
2025-12-06 23:41:12 - medallionlayer.bronze_layer - INFO - Total Rows: 256
2025-12-06 23:41:12 - medallionlayer.bronze_layer - INFO - ======================================================================
2025-12-06 23:41:12 - medallionlayer.silver_layer - INFO - Silver Layer initialized
2025-12-06 23:41:12 - medallionlayer.silver_layer - INFO - ======================================================================
2025-12-06 23:41:12 - medallionlayer.silver_layer - INFO - SILVER LAYER - Starting
2025-12-06 23:41:12 - medallionlayer.silver_layer - INFO - ======================================================================
2025-12-06 23:41:12 - medallionlayer.silver_layer - INFO - 
Processing table: match_metadata
2025-12-06 23:41:12 - medallionlayer.silver_layer - INFO - Read 1 rows from bronze.match_metadata
2025-12-06 23:41:12 - medallionlayer.silver_layer - INFO -   Cleaned columns: ['venue', 'series', 'toss', 'player_of_the_match']
2025-12-06 23:41:12 - medallionlayer.silver_layer - INFO - After transformations: 1 rows (removed 0)
2025-12-06 23:41:12 - medallionlayer.silver_layer - INFO -   Removed Bronze audit columns: ['ingestion_timestamp', 'source_system', 'pipeline_run_id', 'is_active']
2025-12-06 23:41:12 - medallionlayer.silver_layer - INFO - match_metadata: 1 rows processed
2025-12-06 23:41:12 - medallionlayer.silver_layer - INFO - 
Processing table: match_events
2025-12-06 23:41:12 - medallionlayer.silver_layer - INFO - Read 223 rows from bronze.match_events
2025-12-06 23:41:12 - medallionlayer.silver_layer - INFO -   Cleaned columns: ['bowler', 'batsman', 'commentary', 'innings']
2025-12-06 23:41:12 - medallionlayer.silver_layer - INFO -   Converting 'score' column to numeric...
2025-12-06 23:41:12 - medallionlayer.silver_layer - INFO -   Score conversion: 212 converted, 11 not converted (set to 0)
2025-12-06 23:41:12 - medallionlayer.silver_layer - INFO -   Extracting dismissal information...
2025-12-06 23:41:12 - medallionlayer.silver_layer - INFO -   Extracted dismissal info for 7 wickets
2025-12-06 23:41:12 - medallionlayer.silver_layer - INFO -   Enriching player names for columns: ['batsman', 'bowler', 'fielder_name']
2025-12-06 23:41:12 - medallionlayer.silver_layer - INFO -   Loaded 32 player records for enrichment
2025-12-06 23:41:12 - medallionlayer.silver_layer - INFO -   Enriching column: batsman
2025-12-06 23:41:12 - medallionlayer.silver_layer - INFO -   Enriching column: bowler
2025-12-06 23:41:13 - medallionlayer.silver_layer - INFO -   Enriching column: fielder_name
2025-12-06 23:41:13 - medallionlayer.silver_layer - INFO -   Enrichment results:
2025-12-06 23:41:13 - medallionlayer.silver_layer - INFO -     batsman: 213 enriched, 10 not found, 0 null
2025-12-06 23:41:13 - medallionlayer.silver_layer - INFO -     bowler: 223 enriched, 0 not found, 0 null
2025-12-06 23:41:13 - medallionlayer.silver_layer - INFO -     fielder_name: 5 enriched, 1 not found, 217 null
2025-12-06 23:41:13 - medallionlayer.silver_layer - INFO - After transformations: 223 rows (removed 0)
2025-12-06 23:41:13 - medallionlayer.silver_layer - INFO -   Removed Bronze audit columns: ['ingestion_timestamp', 'source_system', 'pipeline_run_id', 'is_active']
2025-12-06 23:41:13 - medallionlayer.silver_layer - INFO - match_events: 223 rows processed
2025-12-06 23:41:13 - medallionlayer.silver_layer - INFO - 
Processing table: match_players
2025-12-06 23:41:13 - medallionlayer.silver_layer - INFO - Read 32 rows from bronze.match_players
2025-12-06 23:41:13 - medallionlayer.silver_layer - INFO -   Cleaned columns: ['player_name', 'team']
2025-12-06 23:41:13 - medallionlayer.silver_layer - INFO - After transformations: 32 rows (removed 0)
2025-12-06 23:41:13 - medallionlayer.silver_layer - INFO -   Removed Bronze audit columns: ['ingestion_timestamp', 'source_system', 'pipeline_run_id', 'is_active']
2025-12-06 23:41:13 - medallionlayer.silver_layer - INFO - match_players: 32 rows processed
2025-12-06 23:41:13 - medallionlayer.silver_layer - INFO - 
======================================================================
2025-12-06 23:41:13 - medallionlayer.silver_layer - INFO - SILVER LAYER - Complete
2025-12-06 23:41:13 - medallionlayer.silver_layer - INFO - Tables Processed: 3
2025-12-06 23:41:13 - medallionlayer.silver_layer - INFO - Total Rows: 256
2025-12-06 23:41:13 - medallionlayer.silver_layer - INFO - ======================================================================
2025-12-06 23:41:13 - medallionlayer.gold_layer - INFO - Gold Layer initialized
2025-12-06 23:41:13 - medallionlayer.gold_layer - INFO - ======================================================================
2025-12-06 23:41:13 - medallionlayer.gold_layer - INFO - GOLD LAYER - Starting
2025-12-06 23:41:13 - medallionlayer.gold_layer - INFO - ======================================================================
2025-12-06 23:41:13 - medallionlayer.gold_layer - INFO - 
Processing aggregation: match_summary
2025-12-06 23:41:13 - medallionlayer.gold_layer - INFO - Read 1 rows from silver.match_metadata
2025-12-06 23:41:13 - medallionlayer.gold_layer - INFO -   Selected 1 distinct rows (no aggregation)
2025-12-06 23:41:13 - medallionlayer.gold_layer - INFO -   Selected 7 columns for Gold: ['matchid', 'venue', 'series', 'season', 'player_of_the_match', 'first_innings', 'second_innings']
2025-12-06 23:41:13 - medallionlayer.gold_layer - INFO - Final DataFrame columns: ['matchid', 'venue', 'series', 'season', 'player_of_the_match', 'first_innings', 'second_innings', 'created_at', 'updated_at']
2025-12-06 23:41:13 - medallionlayer.gold_layer - INFO - Successfully wrote 1 rows to gold.match_summary
2025-12-06 23:41:13 - medallionlayer.gold_layer - INFO - Successfully created 1 rows for match_summary
2025-12-06 23:41:13 - medallionlayer.gold_layer - INFO - 
Processing aggregation: series_summary
2025-12-06 23:41:13 - medallionlayer.gold_layer - INFO - Read 1 rows from silver.match_metadata
2025-12-06 23:41:13 - medallionlayer.gold_layer - INFO -   Aggregated to 1 rows
2025-12-06 23:41:13 - medallionlayer.gold_layer - INFO -   Selected 3 columns for Gold: ['series', 'season', 'total_matches']
2025-12-06 23:41:13 - medallionlayer.gold_layer - INFO - Final DataFrame columns: ['series', 'season', 'total_matches', 'created_at', 'updated_at']
2025-12-06 23:41:13 - medallionlayer.gold_layer - INFO - Successfully wrote 1 rows to gold.series_summary
2025-12-06 23:41:13 - medallionlayer.gold_layer - INFO - Successfully created 1 rows for series_summary
2025-12-06 23:41:13 - medallionlayer.gold_layer - INFO - 
Processing aggregation: venue_statistics
2025-12-06 23:41:14 - medallionlayer.gold_layer - INFO - Read 1 rows from silver.match_metadata
2025-12-06 23:41:14 - medallionlayer.gold_layer - INFO -   Aggregated to 1 rows
2025-12-06 23:41:14 - medallionlayer.gold_layer - INFO -   Selected 3 columns for Gold: ['venue', 'season', 'total_matches']
2025-12-06 23:41:14 - medallionlayer.gold_layer - INFO - Final DataFrame columns: ['venue', 'season', 'total_matches', 'created_at', 'updated_at']
2025-12-06 23:41:14 - medallionlayer.gold_layer - INFO - Successfully wrote 1 rows to gold.venue_statistics
2025-12-06 23:41:14 - medallionlayer.gold_layer - INFO - Successfully created 1 rows for venue_statistics
2025-12-06 23:41:14 - medallionlayer.gold_layer - INFO - 
Processing aggregation: match_ball_statistics
2025-12-06 23:41:14 - medallionlayer.gold_layer - INFO - Read 218 rows from silver.match_events
2025-12-06 23:41:14 - medallionlayer.gold_layer - INFO -   Aggregated to 2 rows
2025-12-06 23:41:14 - medallionlayer.gold_layer - INFO - Final DataFrame columns: ['matchid', 'innings', 'total_balls', 'total_runs', 'created_at', 'updated_at']
2025-12-06 23:41:14 - medallionlayer.gold_layer - INFO - Successfully wrote 2 rows to gold.match_ball_statistics
2025-12-06 23:41:14 - medallionlayer.gold_layer - INFO - Successfully created 2 rows for match_ball_statistics
2025-12-06 23:41:14 - medallionlayer.gold_layer - INFO - 
Processing aggregation: batsman_statistics
2025-12-06 23:41:14 - medallionlayer.gold_layer - INFO - Read 218 rows from silver.match_events
2025-12-06 23:41:14 - medallionlayer.gold_layer - INFO -   Excluded 4 extras from aggregation
2025-12-06 23:41:14 - medallionlayer.gold_layer - INFO -   Filtered extras: 218 -> 214 rows (4 extras removed)
2025-12-06 23:41:14 - medallionlayer.gold_layer - INFO -   Aggregated to 15 rows
2025-12-06 23:41:14 - medallionlayer.gold_layer - INFO -   Selected 5 columns for Gold: ['matchid', 'batsman', 'innings', 'total_runs', 'balls_faced']
2025-12-06 23:41:14 - medallionlayer.gold_layer - INFO - Final DataFrame columns: ['matchid', 'batsman', 'innings', 'total_runs', 'balls_faced', 'created_at', 'updated_at']
2025-12-06 23:41:14 - medallionlayer.gold_layer - INFO - Successfully wrote 15 rows to gold.batsman_statistics
2025-12-06 23:41:14 - medallionlayer.gold_layer - INFO - Successfully created 15 rows for batsman_statistics
2025-12-06 23:41:14 - medallionlayer.gold_layer - INFO - 
Processing aggregation: bowler_statistics
2025-12-06 23:41:14 - medallionlayer.gold_layer - INFO - Read 218 rows from silver.match_events
2025-12-06 23:41:14 - medallionlayer.gold_layer - INFO -   Aggregated to 11 rows
2025-12-06 23:41:14 - medallionlayer.gold_layer - INFO - Final DataFrame columns: ['matchid', 'bowler', 'innings', 'balls_bowled', 'runs_conceded', 'created_at', 'updated_at']
2025-12-06 23:41:14 - medallionlayer.gold_layer - INFO - Successfully wrote 11 rows to gold.bowler_statistics
2025-12-06 23:41:14 - medallionlayer.gold_layer - INFO - Successfully created 11 rows for bowler_statistics
2025-12-06 23:41:14 - medallionlayer.gold_layer - INFO - 
======================================================================
2025-12-06 23:41:14 - medallionlayer.gold_layer - INFO - GOLD LAYER - Complete
2025-12-06 23:41:14 - medallionlayer.gold_layer - INFO - Aggregations Processed: 6
2025-12-06 23:41:14 - medallionlayer.gold_layer - INFO - Total Rows: 31
2025-12-06 23:41:14 - medallionlayer.gold_layer - INFO - ======================================================================
2025-12-06 23:41:14 - pipeline.orchestrator - INFO - 
================================================================================
2025-12-06 23:41:14 - pipeline.orchestrator - INFO - PIPELINE EXECUTION SUMMARY
2025-12-06 23:41:14 - pipeline.orchestrator - INFO - ================================================================================
2025-12-06 23:41:14 - pipeline.orchestrator - INFO - Status: SUCCESS
2025-12-06 23:41:14 - pipeline.orchestrator - INFO - Duration: 3.19 seconds
2025-12-06 23:41:14 - pipeline.orchestrator - INFO - 
BRONZE Layer:
2025-12-06 23:41:14 - pipeline.orchestrator - INFO -   Status: success
2025-12-06 23:41:14 - pipeline.orchestrator - INFO -   Tables Processed: 3
2025-12-06 23:41:14 - pipeline.orchestrator - INFO -   Total Rows: 256
2025-12-06 23:41:14 - pipeline.orchestrator - INFO - 
SILVER Layer:
2025-12-06 23:41:14 - pipeline.orchestrator - INFO -   Status: success
2025-12-06 23:41:14 - pipeline.orchestrator - INFO -   Tables Processed: 3
2025-12-06 23:41:14 - pipeline.orchestrator - INFO -   Total Rows: 256
2025-12-06 23:41:14 - pipeline.orchestrator - INFO - 
GOLD Layer:
2025-12-06 23:41:14 - pipeline.orchestrator - INFO -   Status: success
2025-12-06 23:41:14 - pipeline.orchestrator - INFO -   Aggregations: 6
2025-12-06 23:41:14 - pipeline.orchestrator - INFO -   Total Rows: 31
2025-12-06 23:41:14 - pipeline.orchestrator - INFO - ================================================================================

2025-12-06 23:41:14 - __main__ - INFO - Pipeline completed - Status: success, Duration: 3.19s
2025-12-06 23:41:14 - __main__ - INFO - Pipeline completed successfully
2025-12-06 23:41:38 - __main__ - INFO - Cricket Data Pipeline Started
2025-12-06 23:41:38 - __main__ - INFO - STEP 1: Initializing database and schemas
2025-12-06 23:41:39 - configs.db_config - INFO - Initializing Medallion Architecture schemas...
2025-12-06 23:41:39 - configs.db_config - INFO - Medallion schemas (Bronze, Silver, Gold) initialized
2025-12-06 23:41:39 - __main__ - INFO - Database initialization complete
2025-12-06 23:41:39 - __main__ - INFO - STEP 2: Loading configuration
2025-12-06 23:41:39 - __main__ - INFO - Configuration loaded successfully
2025-12-06 23:41:39 - __main__ - INFO - STEP 3: Scraping data from Cricinfo
2025-12-06 23:41:39 - __main__ - INFO - Initializing match tracker
2025-12-06 23:41:39 - __main__ - INFO - Current Status: 0 matches already downloaded
2025-12-06 23:41:39 - __main__ - INFO - Fetching match schedule from Cricinfo
2025-12-06 23:41:39 - scraping.schedule_scraper - INFO - Initializing WebDriver for schedule scraping
2025-12-06 23:41:42 - scraping.schedule_scraper - INFO - Loading schedule page - attempt 1
2025-12-06 23:41:52 - scraping.schedule_scraper - INFO - Schedule page loaded successfully
2025-12-06 23:41:52 - scraping.schedule_scraper - INFO - Parsing schedule page with BeautifulSoup
2025-12-06 23:42:05 - scraping.schedule_scraper - INFO - Extracting match links from schedule
2025-12-06 23:42:05 - scraping.schedule_scraper - INFO - Successfully extracted 110 match links
2025-12-06 23:42:05 - scraping.schedule_scraper - INFO - Closing WebDriver
2025-12-06 23:42:08 - __main__ - INFO - Found 110 total links
2025-12-06 23:42:08 - __main__ - INFO - Found 1 match scorecards
2025-12-06 23:42:08 - __main__ - INFO - Starting match scraping process
2025-12-06 23:42:08 - __main__ - INFO - Processing match 1/1: https://www.espncricinfo.com/series/ipl-2025-1449924/kolkata-knight-riders-vs-royal-challengers-bengaluru-1st-match-1473438/full-scorecard
2025-12-06 23:42:08 - __main__ - INFO - Downloading match 1473438
2025-12-06 23:42:08 - scraping.player_extractor - INFO - PlayerExtractor initialized - Target: raw.match_players
2025-12-06 23:42:08 - scraping.match_scraper - INFO - Initializing WebDriver
2025-12-06 23:42:11 - scraping.match_scraper - INFO - Loading full scorecard - attempt 1
2025-12-06 23:42:23 - scraping.match_scraper - INFO - full scorecard loaded successfully
2025-12-06 23:42:23 - scraping.match_scraper - INFO - Scrolling full scorecard page
2025-12-06 23:42:23 - core.page_navigator - INFO - Scrolling page 5 times
2025-12-06 23:42:48 - core.page_navigator - INFO - Page scrolling completed
2025-12-06 23:42:51 - scraping.match_scraper - INFO - Extracting metadata
2025-12-06 23:42:51 - core.metadata_extractor - INFO - Found 14 metadata rows for match 1473438
2025-12-06 23:42:51 - core.metadata_extractor - INFO - Extracted 15 metadata fields for match 1473438
2025-12-06 23:42:51 - scraping.match_scraper - INFO - Extracting player rosters...
2025-12-06 23:42:52 - scraping.player_extractor - INFO - Extracting players for match 1473438
2025-12-06 23:42:52 - core.metadata_extractor - INFO - Extracting player names for match 1473438
2025-12-06 23:42:52 - core.metadata_extractor - INFO - Found 2 scorecard table(s)
2025-12-06 23:42:52 - core.metadata_extractor - INFO -   innings_1 (Kolkata Knight Riders): 10 batted, 1 did not bat
2025-12-06 23:42:52 - core.metadata_extractor - INFO -   innings_2 (Royal Challengers Bengaluru): 5 batted, 6 did not bat
2025-12-06 23:42:52 - core.metadata_extractor - INFO -   Found 12 impact players/substitutes
2025-12-06 23:42:52 - core.metadata_extractor - INFO - Created DataFrame with 34 player records from 2 innings
2025-12-06 23:42:52 - scraping.player_extractor - INFO - Stored 34 players for match 1473438
2025-12-06 23:42:52 - scraping.player_extractor - INFO -   Teams: Kolkata Knight Riders, Royal Challengers Bengaluru
2025-12-06 23:42:52 - scraping.player_extractor - INFO -   Batted: 15, Did not bat: 19
2025-12-06 23:42:52 - scraping.match_scraper - INFO - Stored 34 players
2025-12-06 23:42:52 - scraping.match_scraper - INFO -   - Kolkata Knight Riders
2025-12-06 23:42:52 - scraping.match_scraper - INFO -   - Royal Challengers Bengaluru
2025-12-06 23:42:52 - scraping.match_scraper - INFO - Loading commentary page - attempt 1
2025-12-06 23:43:01 - scraping.match_scraper - INFO - commentary page loaded successfully
2025-12-06 23:43:01 - scraping.match_scraper - INFO - Scrolling commentary page
2025-12-06 23:43:01 - core.page_navigator - INFO - Scrolling page 25 times
2025-12-06 23:43:51 - core.page_navigator - INFO - Page scrolling completed
2025-12-06 23:43:54 - scraping.match_scraper - INFO - Closing WebDriver
2025-12-06 23:49:14 - __main__ - INFO - Cricket Data Pipeline Started
2025-12-06 23:49:14 - __main__ - INFO - STEP 1: Initializing database and schemas
2025-12-06 23:49:14 - configs.db_config - INFO - Initializing Medallion Architecture schemas...
2025-12-06 23:49:15 - configs.db_config - INFO - Medallion schemas (Bronze, Silver, Gold) initialized
2025-12-06 23:49:15 - __main__ - INFO - Database initialization complete
2025-12-06 23:49:15 - __main__ - INFO - STEP 2: Loading configuration
2025-12-06 23:49:15 - __main__ - INFO - Configuration loaded successfully
2025-12-06 23:49:15 - __main__ - INFO - STEP 3: Scraping data from Cricinfo
2025-12-06 23:49:15 - __main__ - INFO - Initializing match tracker
2025-12-06 23:49:15 - __main__ - INFO - Current Status: 0 matches already downloaded
2025-12-06 23:49:15 - __main__ - INFO - Fetching match schedule from Cricinfo
2025-12-06 23:49:15 - scraping.schedule_scraper - INFO - Initializing WebDriver for schedule scraping
2025-12-06 23:49:17 - scraping.schedule_scraper - INFO - Loading schedule page - attempt 1
2025-12-06 23:49:28 - scraping.schedule_scraper - INFO - Schedule page loaded successfully
2025-12-06 23:49:28 - scraping.schedule_scraper - INFO - Parsing schedule page with BeautifulSoup
2025-12-06 23:49:28 - scraping.schedule_scraper - INFO - Extracting match links from schedule
2025-12-06 23:49:28 - scraping.schedule_scraper - INFO - Successfully extracted 110 match links
2025-12-06 23:49:28 - scraping.schedule_scraper - INFO - Closing WebDriver
2025-12-06 23:49:31 - __main__ - INFO - Found 110 total links
2025-12-06 23:49:31 - __main__ - INFO - Found 1 match scorecards
2025-12-06 23:49:31 - __main__ - INFO - Starting match scraping process
2025-12-06 23:49:31 - __main__ - INFO - Processing match 1/1: https://www.espncricinfo.com/series/ipl-2025-1449924/kolkata-knight-riders-vs-royal-challengers-bengaluru-1st-match-1473438/full-scorecard
2025-12-06 23:49:31 - __main__ - INFO - Downloading match 1473438
2025-12-06 23:49:31 - scraping.player_extractor - INFO - PlayerExtractor initialized - Target: raw.match_players
2025-12-06 23:49:31 - scraping.match_scraper - INFO - Initializing WebDriver
2025-12-06 23:49:33 - scraping.match_scraper - INFO - Loading full scorecard - attempt 1
2025-12-06 23:49:47 - scraping.match_scraper - INFO - full scorecard loaded successfully
2025-12-06 23:49:47 - scraping.match_scraper - INFO - Scrolling full scorecard page
2025-12-06 23:49:47 - core.page_navigator - INFO - Scrolling page 5 times
2025-12-06 23:49:58 - core.page_navigator - INFO - Page scrolling completed
2025-12-06 23:50:01 - scraping.match_scraper - INFO - Extracting metadata
2025-12-06 23:50:01 - core.metadata_extractor - INFO - Found 14 metadata rows for match 1473438
2025-12-06 23:50:01 - core.metadata_extractor - INFO - Extracted 15 metadata fields for match 1473438
2025-12-06 23:50:01 - scraping.match_scraper - INFO - Extracting player rosters...
2025-12-06 23:50:01 - scraping.player_extractor - INFO - Extracting players for match 1473438
2025-12-06 23:50:01 - core.metadata_extractor - INFO - Extracting player names for match 1473438
2025-12-06 23:50:01 - core.metadata_extractor - INFO - Found 2 scorecard table(s)
2025-12-06 23:50:01 - core.metadata_extractor - INFO -   innings_1 (Kolkata Knight Riders): 10 batted, 1 did not bat
2025-12-06 23:50:01 - core.metadata_extractor - INFO -   innings_2 (Royal Challengers Bengaluru): 5 batted, 6 did not bat
2025-12-06 23:50:02 - core.metadata_extractor - INFO -   Found 10 impact players/substitutes
2025-12-06 23:50:02 - core.metadata_extractor - INFO - Created DataFrame with 32 player records from 2 innings
2025-12-06 23:50:02 - scraping.player_extractor - INFO - Stored 32 players for match 1473438
2025-12-06 23:50:02 - scraping.player_extractor - INFO -   Teams: Kolkata Knight Riders, Royal Challengers Bengaluru
2025-12-06 23:50:02 - scraping.player_extractor - INFO -   Batted: 15, Did not bat: 17
2025-12-06 23:50:02 - scraping.match_scraper - INFO - Stored 32 players
2025-12-06 23:50:02 - scraping.match_scraper - INFO -   - Kolkata Knight Riders
2025-12-06 23:50:02 - scraping.match_scraper - INFO -   - Royal Challengers Bengaluru
2025-12-06 23:50:02 - scraping.match_scraper - INFO - Loading commentary page - attempt 1
2025-12-06 23:50:12 - scraping.match_scraper - INFO - commentary page loaded successfully
2025-12-06 23:50:12 - scraping.match_scraper - INFO - Scrolling commentary page
2025-12-06 23:50:12 - core.page_navigator - INFO - Scrolling page 25 times
2025-12-06 23:50:42 - scraping.match_scraper - INFO - Closing WebDriver
2025-12-06 23:51:05 - __main__ - INFO - Cricket Data Pipeline Started
2025-12-06 23:51:05 - __main__ - INFO - STEP 1: Initializing database and schemas
2025-12-06 23:51:05 - configs.db_config - INFO - Initializing Medallion Architecture schemas...
2025-12-06 23:51:06 - configs.db_config - INFO - Medallion schemas (Bronze, Silver, Gold) initialized
2025-12-06 23:51:06 - __main__ - INFO - Database initialization complete
2025-12-06 23:51:06 - __main__ - INFO - STEP 2: Loading configuration
2025-12-06 23:51:06 - __main__ - INFO - Configuration loaded successfully
2025-12-06 23:51:06 - __main__ - INFO - STEP 3: Scraping data from Cricinfo
2025-12-06 23:51:06 - __main__ - INFO - Initializing match tracker
2025-12-06 23:51:06 - __main__ - INFO - Current Status: 0 matches already downloaded
2025-12-06 23:51:06 - __main__ - INFO - Fetching match schedule from Cricinfo
2025-12-06 23:51:06 - scraping.schedule_scraper - INFO - Initializing WebDriver for schedule scraping
2025-12-06 23:51:09 - scraping.schedule_scraper - INFO - Loading schedule page - attempt 1
2025-12-06 23:51:19 - scraping.schedule_scraper - INFO - Schedule page loaded successfully
2025-12-06 23:51:19 - scraping.schedule_scraper - INFO - Parsing schedule page with BeautifulSoup
2025-12-06 23:51:20 - scraping.schedule_scraper - INFO - Extracting match links from schedule
2025-12-06 23:51:20 - scraping.schedule_scraper - INFO - Successfully extracted 110 match links
2025-12-06 23:51:20 - scraping.schedule_scraper - INFO - Closing WebDriver
2025-12-06 23:51:23 - __main__ - INFO - Found 110 total links
2025-12-06 23:51:23 - __main__ - INFO - Found 1 match scorecards
2025-12-06 23:51:23 - __main__ - INFO - Starting match scraping process
2025-12-06 23:51:23 - __main__ - INFO - Processing match 1/1: https://www.espncricinfo.com/series/ipl-2025-1449924/kolkata-knight-riders-vs-royal-challengers-bengaluru-1st-match-1473438/full-scorecard
2025-12-06 23:51:23 - __main__ - INFO - Downloading match 1473438
2025-12-06 23:51:23 - scraping.player_extractor - INFO - PlayerExtractor initialized - Target: raw.match_players
2025-12-06 23:51:23 - scraping.match_scraper - INFO - Initializing WebDriver
2025-12-06 23:51:26 - scraping.match_scraper - INFO - Loading full scorecard - attempt 1
2025-12-06 23:51:38 - scraping.match_scraper - INFO - full scorecard loaded successfully
2025-12-06 23:51:38 - scraping.match_scraper - INFO - Scrolling full scorecard page
2025-12-06 23:51:38 - core.page_navigator - INFO - Scrolling page 5 times
2025-12-06 23:51:49 - core.page_navigator - INFO - Page scrolling completed
2025-12-06 23:51:52 - scraping.match_scraper - INFO - Extracting metadata
2025-12-06 23:51:52 - core.metadata_extractor - INFO - Found 14 metadata rows for match 1473438
2025-12-06 23:51:52 - core.metadata_extractor - INFO - Extracted 15 metadata fields for match 1473438
2025-12-06 23:51:52 - scraping.match_scraper - INFO - Extracting player rosters...
2025-12-06 23:51:53 - scraping.player_extractor - INFO - Extracting players for match 1473438
2025-12-06 23:51:53 - core.metadata_extractor - INFO - Extracting player names for match 1473438
2025-12-06 23:51:53 - core.metadata_extractor - INFO - Found 2 scorecard table(s)
2025-12-06 23:51:53 - core.metadata_extractor - INFO -   innings_1 (Kolkata Knight Riders): 10 batted, 1 did not bat
2025-12-06 23:51:53 - core.metadata_extractor - INFO -   innings_2 (Royal Challengers Bengaluru): 5 batted, 6 did not bat
2025-12-06 23:51:53 - core.metadata_extractor - INFO -   Found 10 impact players/substitutes
2025-12-06 23:51:53 - core.metadata_extractor - INFO - Created DataFrame with 32 player records from 2 innings
2025-12-06 23:51:53 - scraping.player_extractor - INFO - Stored 32 players for match 1473438
2025-12-06 23:51:53 - scraping.player_extractor - INFO -   Teams: Kolkata Knight Riders, Royal Challengers Bengaluru
2025-12-06 23:51:53 - scraping.player_extractor - INFO -   Batted: 15, Did not bat: 17
2025-12-06 23:51:53 - scraping.match_scraper - INFO - Stored 32 players
2025-12-06 23:51:53 - scraping.match_scraper - INFO -   - Kolkata Knight Riders
2025-12-06 23:51:53 - scraping.match_scraper - INFO -   - Royal Challengers Bengaluru
2025-12-06 23:51:53 - scraping.match_scraper - INFO - Loading commentary page - attempt 1
2025-12-06 23:52:03 - scraping.match_scraper - INFO - commentary page loaded successfully
2025-12-06 23:52:03 - scraping.match_scraper - INFO - Scrolling commentary page
2025-12-06 23:52:03 - core.page_navigator - INFO - Scrolling page 25 times
2025-12-06 23:52:59 - core.page_navigator - INFO - Page scrolling completed
2025-12-06 23:53:02 - scraping.match_scraper - INFO - Extracting first innings data
2025-12-06 23:53:03 - scraping.match_scraper - INFO - Default batting team: RCB
2025-12-06 23:53:03 - core.commentary_parser - INFO - Found 99 commentary blocks
2025-12-06 23:53:03 - core.commentary_parser - INFO - Parsed 99 commentary entries
2025-12-06 23:53:03 - core.commentary_parser - INFO - Created DataFrame with 99 rows
2025-12-06 23:53:03 - scraping.match_scraper - INFO - First innings: 99 events
2025-12-06 23:53:03 - core.page_navigator - INFO - Scrolling to top of page
2025-12-06 23:53:09 - scraping.match_scraper - INFO - Switching to second innings
2025-12-06 23:53:09 - core.page_navigator - INFO - Switching innings from: RCB
2025-12-06 23:53:44 - core.page_navigator - INFO - Switching to innings: KKR
2025-12-06 23:53:47 - core.page_navigator - INFO - Successfully switched to KKR
2025-12-06 23:53:47 - scraping.match_scraper - INFO - Switched batting team: KKR
2025-12-06 23:53:47 - scraping.match_scraper - INFO - Saving metadata to database
2025-12-06 23:53:49 - scraping.match_scraper - INFO - Closing WebDriver
2025-12-06 23:54:00 - __main__ - INFO - Cricket Data Pipeline Started
2025-12-06 23:54:00 - __main__ - INFO - STEP 1: Initializing database and schemas
2025-12-06 23:54:00 - configs.db_config - INFO - Initializing Medallion Architecture schemas...
2025-12-06 23:54:00 - configs.db_config - INFO - Medallion schemas (Bronze, Silver, Gold) initialized
2025-12-06 23:54:00 - __main__ - INFO - Database initialization complete
2025-12-06 23:54:00 - __main__ - INFO - STEP 2: Loading configuration
2025-12-06 23:54:00 - __main__ - INFO - Configuration loaded successfully
2025-12-06 23:54:00 - __main__ - INFO - STEP 3: Scraping data from Cricinfo
2025-12-06 23:54:00 - __main__ - INFO - Initializing match tracker
2025-12-06 23:54:00 - __main__ - INFO - Current Status: 0 matches already downloaded
2025-12-06 23:54:00 - __main__ - INFO - Fetching match schedule from Cricinfo
2025-12-06 23:54:00 - scraping.schedule_scraper - INFO - Initializing WebDriver for schedule scraping
2025-12-06 23:54:03 - scraping.schedule_scraper - INFO - Loading schedule page - attempt 1
2025-12-06 23:54:14 - scraping.schedule_scraper - INFO - Schedule page loaded successfully
2025-12-06 23:54:14 - scraping.schedule_scraper - INFO - Parsing schedule page with BeautifulSoup
2025-12-06 23:54:15 - scraping.schedule_scraper - INFO - Extracting match links from schedule
2025-12-06 23:54:15 - scraping.schedule_scraper - INFO - Successfully extracted 110 match links
2025-12-06 23:54:15 - scraping.schedule_scraper - INFO - Closing WebDriver
2025-12-06 23:54:17 - __main__ - INFO - Found 110 total links
2025-12-06 23:54:17 - __main__ - INFO - Found 1 match scorecards
2025-12-06 23:54:17 - __main__ - INFO - Starting match scraping process
2025-12-06 23:54:17 - __main__ - INFO - Processing match 1/1: https://www.espncricinfo.com/series/ipl-2025-1449924/kolkata-knight-riders-vs-royal-challengers-bengaluru-1st-match-1473438/full-scorecard
2025-12-06 23:54:18 - __main__ - INFO - Downloading match 1473438
2025-12-06 23:54:18 - scraping.player_extractor - INFO - PlayerExtractor initialized - Target: raw.match_players
2025-12-06 23:54:18 - scraping.match_scraper - INFO - Initializing WebDriver
2025-12-06 23:54:21 - scraping.match_scraper - INFO - Loading full scorecard - attempt 1
2025-12-06 23:54:33 - scraping.match_scraper - INFO - full scorecard loaded successfully
2025-12-06 23:54:33 - scraping.match_scraper - INFO - Scrolling full scorecard page
2025-12-06 23:54:33 - core.page_navigator - INFO - Scrolling page 5 times
2025-12-06 23:54:45 - core.page_navigator - INFO - Page scrolling completed
2025-12-06 23:54:48 - scraping.match_scraper - INFO - Extracting metadata
2025-12-06 23:54:48 - core.metadata_extractor - INFO - Found 14 metadata rows for match 1473438
2025-12-06 23:54:48 - core.metadata_extractor - INFO - Extracted 15 metadata fields for match 1473438
2025-12-06 23:54:48 - scraping.match_scraper - INFO - Extracting player rosters...
2025-12-06 23:54:48 - scraping.player_extractor - INFO - Extracting players for match 1473438
2025-12-06 23:54:48 - core.metadata_extractor - INFO - Extracting player names for match 1473438
2025-12-06 23:54:48 - core.metadata_extractor - INFO - Found 2 scorecard table(s)
2025-12-06 23:54:48 - core.metadata_extractor - INFO -   innings_1 (Kolkata Knight Riders): 10 batted, 1 did not bat
2025-12-06 23:54:48 - core.metadata_extractor - INFO -   innings_2 (Royal Challengers Bengaluru): 5 batted, 6 did not bat
2025-12-06 23:54:48 - core.metadata_extractor - INFO -   Found 10 impact players/substitutes
2025-12-06 23:54:48 - core.metadata_extractor - INFO - Created DataFrame with 32 player records from 2 innings
2025-12-06 23:54:48 - scraping.player_extractor - INFO - Stored 32 players for match 1473438
2025-12-06 23:54:48 - scraping.player_extractor - INFO -   Teams: Kolkata Knight Riders, Royal Challengers Bengaluru
2025-12-06 23:54:48 - scraping.player_extractor - INFO -   Batted: 15, Did not bat: 17
2025-12-06 23:54:48 - scraping.match_scraper - INFO - Stored 32 players
2025-12-06 23:54:48 - scraping.match_scraper - INFO -   - Kolkata Knight Riders
2025-12-06 23:54:48 - scraping.match_scraper - INFO -   - Royal Challengers Bengaluru
2025-12-06 23:54:48 - scraping.match_scraper - INFO - Loading commentary page - attempt 1
2025-12-06 23:54:57 - scraping.match_scraper - INFO - commentary page loaded successfully
2025-12-06 23:54:57 - scraping.match_scraper - INFO - Scrolling commentary page
2025-12-06 23:54:57 - core.page_navigator - INFO - Scrolling page 25 times
2025-12-06 23:55:48 - core.page_navigator - INFO - Page scrolling completed
2025-12-06 23:55:51 - scraping.match_scraper - INFO - Extracting first innings data
2025-12-06 23:55:51 - scraping.match_scraper - INFO - Default batting team: RCB
2025-12-06 23:55:51 - core.commentary_parser - INFO - Found 99 commentary blocks
2025-12-06 23:55:51 - core.commentary_parser - INFO - Parsed 99 commentary entries
2025-12-06 23:55:52 - core.commentary_parser - INFO - Created DataFrame with 99 rows
2025-12-06 23:55:52 - scraping.match_scraper - INFO - First innings: 99 events
2025-12-06 23:55:52 - core.page_navigator - INFO - Scrolling to top of page
2025-12-06 23:55:58 - scraping.match_scraper - INFO - Switching to second innings
2025-12-06 23:55:58 - core.page_navigator - INFO - Switching innings from: RCB
2025-12-06 23:56:01 - scraping.match_scraper - INFO - Closing WebDriver
2025-12-06 23:56:14 - __main__ - INFO - Cricket Data Pipeline Started
2025-12-06 23:56:14 - __main__ - INFO - STEP 1: Initializing database and schemas
2025-12-06 23:56:14 - configs.db_config - INFO - Initializing Medallion Architecture schemas...
2025-12-06 23:56:15 - configs.db_config - INFO - Medallion schemas (Bronze, Silver, Gold) initialized
2025-12-06 23:56:15 - __main__ - INFO - Database initialization complete
2025-12-06 23:56:15 - __main__ - INFO - STEP 2: Loading configuration
2025-12-06 23:56:15 - __main__ - INFO - Configuration loaded successfully
2025-12-06 23:56:15 - __main__ - INFO - STEP 3: Scraping data from Cricinfo
2025-12-06 23:56:15 - __main__ - INFO - Initializing match tracker
2025-12-06 23:56:15 - __main__ - INFO - Current Status: 0 matches already downloaded
2025-12-06 23:56:15 - __main__ - INFO - Fetching match schedule from Cricinfo
2025-12-06 23:56:15 - scraping.schedule_scraper - INFO - Initializing WebDriver for schedule scraping
2025-12-06 23:56:18 - scraping.schedule_scraper - INFO - Loading schedule page - attempt 1
2025-12-06 23:56:28 - scraping.schedule_scraper - INFO - Schedule page loaded successfully
2025-12-06 23:56:28 - scraping.schedule_scraper - INFO - Parsing schedule page with BeautifulSoup
2025-12-06 23:56:29 - scraping.schedule_scraper - INFO - Extracting match links from schedule
2025-12-06 23:56:29 - scraping.schedule_scraper - INFO - Successfully extracted 110 match links
2025-12-06 23:56:29 - scraping.schedule_scraper - INFO - Closing WebDriver
2025-12-06 23:56:31 - __main__ - INFO - Found 110 total links
2025-12-06 23:56:31 - __main__ - INFO - Found 1 match scorecards
2025-12-06 23:56:31 - __main__ - INFO - Starting match scraping process
2025-12-06 23:56:31 - __main__ - INFO - Processing match 1/1: https://www.espncricinfo.com/series/ipl-2025-1449924/kolkata-knight-riders-vs-royal-challengers-bengaluru-1st-match-1473438/full-scorecard
2025-12-06 23:56:31 - __main__ - INFO - Downloading match 1473438
2025-12-06 23:56:31 - scraping.player_extractor - INFO - PlayerExtractor initialized - Target: raw.match_players
2025-12-06 23:56:31 - scraping.match_scraper - INFO - Initializing WebDriver
2025-12-06 23:56:34 - scraping.match_scraper - INFO - Loading full scorecard - attempt 1
2025-12-06 23:56:46 - scraping.match_scraper - INFO - full scorecard loaded successfully
2025-12-06 23:56:46 - scraping.match_scraper - INFO - Scrolling full scorecard page
2025-12-06 23:56:46 - core.page_navigator - INFO - Scrolling page 5 times
2025-12-06 23:56:57 - core.page_navigator - INFO - Page scrolling completed
2025-12-06 23:57:00 - scraping.match_scraper - INFO - Extracting metadata
2025-12-06 23:57:00 - core.metadata_extractor - INFO - Found 14 metadata rows for match 1473438
2025-12-06 23:57:00 - core.metadata_extractor - INFO - Extracted 15 metadata fields for match 1473438
2025-12-06 23:57:00 - scraping.match_scraper - INFO - Extracting player rosters...
2025-12-06 23:57:00 - scraping.player_extractor - INFO - Extracting players for match 1473438
2025-12-06 23:57:00 - core.metadata_extractor - INFO - Extracting player names for match 1473438
2025-12-06 23:57:00 - core.metadata_extractor - INFO - Found 2 scorecard table(s)
2025-12-06 23:57:00 - core.metadata_extractor - INFO -   innings_1 (Kolkata Knight Riders): 10 batted, 1 did not bat
2025-12-06 23:57:00 - core.metadata_extractor - INFO -   innings_2 (Royal Challengers Bengaluru): 5 batted, 6 did not bat
2025-12-06 23:57:00 - core.metadata_extractor - INFO -   Found 10 impact players/substitutes
2025-12-06 23:57:00 - core.metadata_extractor - INFO - Created DataFrame with 32 player records from 2 innings
2025-12-06 23:57:00 - scraping.player_extractor - INFO - Stored 32 players for match 1473438
2025-12-06 23:57:00 - scraping.player_extractor - INFO -   Teams: Kolkata Knight Riders, Royal Challengers Bengaluru
2025-12-06 23:57:00 - scraping.player_extractor - INFO -   Batted: 15, Did not bat: 17
2025-12-06 23:57:00 - scraping.match_scraper - INFO - Stored 32 players
2025-12-06 23:57:00 - scraping.match_scraper - INFO -   - Kolkata Knight Riders
2025-12-06 23:57:00 - scraping.match_scraper - INFO -   - Royal Challengers Bengaluru
2025-12-06 23:57:00 - scraping.match_scraper - INFO - Loading commentary page - attempt 1
2025-12-06 23:57:09 - scraping.match_scraper - INFO - commentary page loaded successfully
2025-12-06 23:57:09 - scraping.match_scraper - INFO - Scrolling commentary page
2025-12-06 23:57:09 - core.page_navigator - INFO - Scrolling page 25 times
2025-12-06 23:58:30 - scraping.match_scraper - INFO - Closing WebDriver
2025-12-06 23:58:41 - __main__ - INFO - Cricket Data Pipeline Started
2025-12-06 23:58:41 - __main__ - INFO - STEP 1: Initializing database and schemas
2025-12-06 23:58:41 - configs.db_config - INFO - Initializing Medallion Architecture schemas...
2025-12-06 23:58:41 - configs.db_config - INFO - Medallion schemas (Bronze, Silver, Gold) initialized
2025-12-06 23:58:41 - __main__ - INFO - Database initialization complete
2025-12-06 23:58:41 - __main__ - INFO - STEP 2: Loading configuration
2025-12-06 23:58:41 - __main__ - INFO - Configuration loaded successfully
2025-12-06 23:58:41 - __main__ - INFO - STEP 3: Scraping data from Cricinfo
2025-12-06 23:58:41 - __main__ - INFO - Initializing match tracker
2025-12-06 23:58:41 - __main__ - INFO - Current Status: 0 matches already downloaded
2025-12-06 23:58:41 - __main__ - INFO - Fetching match schedule from Cricinfo
2025-12-06 23:58:41 - scraping.schedule_scraper - INFO - Initializing WebDriver for schedule scraping
2025-12-06 23:58:44 - scraping.schedule_scraper - INFO - Loading schedule page - attempt 1
2025-12-06 23:58:54 - scraping.schedule_scraper - INFO - Schedule page loaded successfully
2025-12-06 23:58:54 - scraping.schedule_scraper - INFO - Parsing schedule page with BeautifulSoup
2025-12-06 23:58:55 - scraping.schedule_scraper - INFO - Extracting match links from schedule
2025-12-06 23:58:55 - scraping.schedule_scraper - INFO - Successfully extracted 110 match links
2025-12-06 23:58:55 - scraping.schedule_scraper - INFO - Closing WebDriver
2025-12-06 23:58:57 - __main__ - INFO - Found 110 total links
2025-12-06 23:58:57 - __main__ - INFO - Found 1 match scorecards
2025-12-06 23:58:57 - __main__ - INFO - Starting match scraping process
2025-12-06 23:58:57 - __main__ - INFO - Processing match 1/1: https://www.espncricinfo.com/series/ipl-2025-1449924/kolkata-knight-riders-vs-royal-challengers-bengaluru-1st-match-1473438/full-scorecard
2025-12-06 23:58:57 - __main__ - INFO - Downloading match 1473438
2025-12-06 23:58:57 - scraping.player_extractor - INFO - PlayerExtractor initialized - Target: raw.match_players
2025-12-06 23:58:57 - scraping.match_scraper - INFO - Initializing WebDriver
2025-12-06 23:59:01 - scraping.match_scraper - INFO - Loading full scorecard - attempt 1
2025-12-06 23:59:12 - scraping.match_scraper - INFO - full scorecard loaded successfully
2025-12-06 23:59:12 - scraping.match_scraper - INFO - Scrolling full scorecard page
2025-12-06 23:59:12 - core.page_navigator - INFO - Scrolling page 5 times
2025-12-06 23:59:23 - core.page_navigator - INFO - Page scrolling completed
2025-12-06 23:59:26 - scraping.match_scraper - INFO - Extracting metadata
2025-12-06 23:59:26 - core.metadata_extractor - INFO - Found 14 metadata rows for match 1473438
2025-12-06 23:59:26 - core.metadata_extractor - INFO - Extracted 15 metadata fields for match 1473438
2025-12-06 23:59:26 - scraping.match_scraper - INFO - Extracting player rosters...
2025-12-06 23:59:26 - scraping.player_extractor - INFO - Extracting players for match 1473438
2025-12-06 23:59:26 - core.metadata_extractor - INFO - Extracting player names for match 1473438
2025-12-06 23:59:26 - core.metadata_extractor - INFO - Found 2 scorecard table(s)
2025-12-06 23:59:26 - core.metadata_extractor - INFO -   innings_1 (Kolkata Knight Riders): 10 batted, 1 did not bat
2025-12-06 23:59:26 - core.metadata_extractor - INFO -   innings_2 (Royal Challengers Bengaluru): 5 batted, 6 did not bat
2025-12-06 23:59:26 - core.metadata_extractor - INFO -   Found 10 impact players/substitutes
2025-12-06 23:59:26 - core.metadata_extractor - INFO - Created DataFrame with 32 player records from 2 innings
2025-12-06 23:59:26 - scraping.player_extractor - INFO - Stored 32 players for match 1473438
2025-12-06 23:59:26 - scraping.player_extractor - INFO -   Teams: Kolkata Knight Riders, Royal Challengers Bengaluru
2025-12-06 23:59:26 - scraping.player_extractor - INFO -   Batted: 15, Did not bat: 17
2025-12-06 23:59:26 - scraping.match_scraper - INFO - Stored 32 players
2025-12-06 23:59:26 - scraping.match_scraper - INFO -   - Kolkata Knight Riders
2025-12-06 23:59:26 - scraping.match_scraper - INFO -   - Royal Challengers Bengaluru
2025-12-06 23:59:26 - scraping.match_scraper - INFO - Loading commentary page - attempt 1
2025-12-06 23:59:35 - scraping.match_scraper - INFO - commentary page loaded successfully
2025-12-06 23:59:35 - scraping.match_scraper - INFO - Scrolling commentary page
2025-12-06 23:59:35 - core.page_navigator - INFO - Scrolling page 25 times
2025-12-07 00:00:01 - scraping.match_scraper - INFO - Closing WebDriver
